Fp1_delta_abs,Fp1_delta_rel,Fp1_theta_abs,Fp1_theta_rel,Fp1_alpha_abs,Fp1_alpha_rel,Fp1_beta_abs,Fp1_beta_rel,Fp1_gamma_abs,Fp1_gamma_rel,Fp2_delta_abs,Fp2_delta_rel,Fp2_theta_abs,Fp2_theta_rel,Fp2_alpha_abs,Fp2_alpha_rel,Fp2_beta_abs,Fp2_beta_rel,Fp2_gamma_abs,Fp2_gamma_rel,F3_delta_abs,F3_delta_rel,F3_theta_abs,F3_theta_rel,F3_alpha_abs,F3_alpha_rel,F3_beta_abs,F3_beta_rel,F3_gamma_abs,F3_gamma_rel,F4_delta_abs,F4_delta_rel,F4_theta_abs,F4_theta_rel,F4_alpha_abs,F4_alpha_rel,F4_beta_abs,F4_beta_rel,F4_gamma_abs,F4_gamma_rel,F7_delta_abs,F7_delta_rel,F7_theta_abs,F7_theta_rel,F7_alpha_abs,F7_alpha_rel,F7_beta_abs,F7_beta_rel,F7_gamma_abs,F7_gamma_rel,F8_delta_abs,F8_delta_rel,F8_theta_abs,F8_theta_rel,F8_alpha_abs,F8_alpha_rel,F8_beta_abs,F8_beta_rel,F8_gamma_abs,F8_gamma_rel,Fz_delta_abs,Fz_delta_rel,Fz_theta_abs,Fz_theta_rel,Fz_alpha_abs,Fz_alpha_rel,Fz_beta_abs,Fz_beta_rel,Fz_gamma_abs,Fz_gamma_rel,C3_delta_abs,C3_delta_rel,C3_theta_abs,C3_theta_rel,C3_alpha_abs,C3_alpha_rel,C3_beta_abs,C3_beta_rel,C3_gamma_abs,C3_gamma_rel,C4_delta_abs,C4_delta_rel,C4_theta_abs,C4_theta_rel,C4_alpha_abs,C4_alpha_rel,C4_beta_abs,C4_beta_rel,C4_gamma_abs,C4_gamma_rel,Cz_delta_abs,Cz_delta_rel,Cz_theta_abs,Cz_theta_rel,Cz_alpha_abs,Cz_alpha_rel,Cz_beta_abs,Cz_beta_rel,Cz_gamma_abs,Cz_gamma_rel,P3_delta_abs,P3_delta_rel,P3_theta_abs,P3_theta_rel,P3_alpha_abs,P3_alpha_rel,P3_beta_abs,P3_beta_rel,P3_gamma_abs,P3_gamma_rel,P4_delta_abs,P4_delta_rel,P4_theta_abs,P4_theta_rel,P4_alpha_abs,P4_alpha_rel,P4_beta_abs,P4_beta_rel,P4_gamma_abs,P4_gamma_rel,Pz_delta_abs,Pz_delta_rel,Pz_theta_abs,Pz_theta_rel,Pz_alpha_abs,Pz_alpha_rel,Pz_beta_abs,Pz_beta_rel,Pz_gamma_abs,Pz_gamma_rel,T3_delta_abs,T3_delta_rel,T3_theta_abs,T3_theta_rel,T3_alpha_abs,T3_alpha_rel,T3_beta_abs,T3_beta_rel,T3_gamma_abs,T3_gamma_rel,T4_delta_abs,T4_delta_rel,T4_theta_abs,T4_theta_rel,T4_alpha_abs,T4_alpha_rel,T4_beta_abs,T4_beta_rel,T4_gamma_abs,T4_gamma_rel,T5_delta_abs,T5_delta_rel,T5_theta_abs,T5_theta_rel,T5_alpha_abs,T5_alpha_rel,T5_beta_abs,T5_beta_rel,T5_gamma_abs,T5_gamma_rel,T6_delta_abs,T6_delta_rel,T6_theta_abs,T6_theta_rel,T6_alpha_abs,T6_alpha_rel,T6_beta_abs,T6_beta_rel,T6_gamma_abs,T6_gamma_rel,O1_delta_abs,O1_delta_rel,O1_theta_abs,O1_theta_rel,O1_alpha_abs,O1_alpha_rel,O1_beta_abs,O1_beta_rel,O1_gamma_abs,O1_gamma_rel,O2_delta_abs,O2_delta_rel,O2_theta_abs,O2_theta_rel,O2_alpha_abs,O2_alpha_rel,O2_beta_abs,O2_beta_rel,O2_gamma_abs,O2_gamma_rel,subject_id,label,split
623.3526401519775,0.8572934430004466,67.71677529811859,0.09313050704342558,15.590264439582825,0.021441204573127027,14.360423013567924,0.019749810452784747,6.0969014801084995,0.008385034930216062,636.8890743255615,0.8544923988311415,68.91650390625,0.09246292818614898,16.898412436246872,0.022672024943083645,15.63414840400219,0.020975804911655585,7.0038618594408035,0.009396843127970289,521.8142995834351,0.8833499431349249,42.55310928821564,0.07203575429030422,12.278339743614197,0.020785307575839372,10.647275887429714,0.01802417173544522,3.429037165828049,0.005804823263486334,516.8469066619873,0.8869891657887614,39.803903460502625,0.06830964966702828,12.062672644853592,0.02070141043417125,10.516472354531288,0.018047891784881465,3.468150556087494,0.005951882325157625,557.9738745689392,0.8745606002164443,50.22876298427582,0.0787278743786961,13.341701954603195,0.020911600705930632,12.09876911342144,0.01896344481341251,4.361707089468837,0.00683647988551637,561.3680601119995,0.8761353068339697,49.004566073417664,0.07648213994296962,14.186495244503021,0.022141069731437014,12.027559019625187,0.01877158652385849,4.1454710038378835,0.006469896967765147,517.5704226493835,0.890093049625703,40.513508677482605,0.0696732095029442,11.823540180921555,0.020333563272679097,9.293261297047138,0.015982109732071755,2.278274212498218,0.003918067866601942,506.7582416534424,0.9025813874136499,34.15300524234772,0.060829532353348086,10.175879389047623,0.018124143984621425,8.48526331037283,0.015113006758919129,1.8819553758949041,0.003351929489461439,509.43234872817993,0.902403758617165,34.42784780263901,0.06098517170290287,10.259460419416428,0.018173513454689046,8.51466590538621,0.01508280056335753,1.8938540979288518,0.0033547556618855516,511.3836350440979,0.9008074933311857,35.2258358001709,0.062050669347116644,10.219985544681549,0.01800260886250625,8.692219272255898,0.015311432978199735,2.1730191875249147,0.0038277954809916638,512.8278193473816,0.8990424602807435,36.883178651332855,0.0646601889107087,10.498184382915497,0.01840444913481548,8.352608684450388,0.014643023599981155,1.8537810607813299,0.003249878073751193,522.213613986969,0.8960050222567651,39.02843534946442,0.06696430952260887,11.087236255407333,0.019023286834571405,8.641097288578749,0.014826244205439416,1.8540444555692375,0.0031811371806151345,519.5963506698608,0.8944419709418991,40.53566813468933,0.06977878665447936,10.825879037380219,0.01863585179320356,8.22594340518117,0.014160278498302281,1.7329398859292269,0.0029831121121156787,513.3489184379578,0.8892129236055784,39.18364894390106,0.06787314784057911,11.448039561510086,0.019830069495457618,10.216354943811893,0.01769656956874881,3.110120376572013,0.005387289489636124,517.0601720809937,0.8864335407555382,39.27767491340637,0.06733655061075165,11.588666915893555,0.019867287409796788,10.992299869656563,0.0188448923754661,4.385120816528797,0.007517728848447352,525.8203024864197,0.8779554796652027,41.776193618774414,0.06975317981014006,13.302496135234833,0.022211008817895988,12.827844150364399,0.021418488428172684,5.187703885138035,0.008661843278588563,526.3004999160767,0.8897500509113805,40.477787375450134,0.06843070334120854,12.22545912861824,0.02066804588602445,9.94745571911335,0.016816912075764964,2.5637962324544787,0.004334287785621571,527.2052292823792,0.8832917535771512,42.642603278160095,0.07144439723773376,12.467748910188675,0.020888752968232834,10.946454137563705,0.018339940754725878,3.602168260142207,0.006035155462156396,533.8018579483032,0.8863587735419678,43.15078365802765,0.07165032326322152,12.519408881664276,0.020788027873250754,10.130531258881092,0.016821382556559072,2.6387158883735538,0.004381492765000822,Alzheimer_patient1,1,test
501.1069989204407,0.8924518913765291,31.868387579917908,0.056756347111674495,12.279958009719849,0.021870123098278276,11.927689366042614,0.021242746474124788,4.311657056212425,0.007678891939393295,491.9857602119446,0.8929855090388956,31.651439130306244,0.057449379167832125,11.865307003259659,0.02153628838697303,11.4375534132123,0.020759888360299284,4.004782270640135,0.007268935045999936,440.3733491897583,0.8915604448702937,29.92347687482834,0.06058175047076251,10.87537106871605,0.022017796231297238,9.763135708868504,0.019766013615363197,3.0001616310328245,0.006073994812283294,438.2160482406616,0.8903249394871033,30.087171971797943,0.061128203023769374,10.8189737200737,0.02198094332991477,9.933653116226196,0.020182234642244036,3.142033528536558,0.0063836795169684305,442.31313610076904,0.8775326072800822,31.085853219032288,0.061673162287923994,13.168347895145416,0.02612550638642009,12.644438661634922,0.025086090194277353,4.830048246309161,0.009582633851296323,435.8156328201294,0.8697628376538403,30.82370364665985,0.061515259967245564,13.129702419042587,0.0262031152018132,13.888487838208675,0.027717432976679796,7.416575264185667,0.01480135420042111,442.28120851516724,0.8925796571098252,30.295637786388397,0.061140445188890925,11.251482039690018,0.02270691991341855,9.228678654879332,0.018624645747449778,2.451942812651396,0.004948332040415483,431.05661964416504,0.894926399555386,29.19552057981491,0.06061348074693141,9.854959279298782,0.02046010390205403,8.922973684966564,0.018525187525960028,2.6370447538793087,0.005474828269668528,429.81193256378174,0.8936794182516107,29.29620796442032,0.06091366038735133,9.964174598455429,0.020717846769374427,9.02467242628336,0.01876440227176671,2.84945004619658,0.005924672319896794,436.21514558792114,0.8959481554384079,30.054564714431763,0.06172947475747853,10.364297538995743,0.02128737013466777,8.363147139549255,0.017177180410002327,1.878277420066297,0.0038578192594434495,433.87271213531494,0.8879175451245721,29.55820107460022,0.06049065682718535,12.58874624967575,0.025762783308488333,10.012502692639828,0.020490518446408427,2.6086069345474243,0.005338496293345837,433.14736223220825,0.8808359046199683,29.789593935012817,0.0605792536442633,15.302542686462402,0.031118806682215804,11.119434993714094,0.022612160284379974,2.3868725625798106,0.004853874769172575,433.1877269744873,0.8902401470151379,29.645002365112305,0.06092317399688473,12.131428211927414,0.024931187479200936,9.642033770680428,0.01981525566637535,1.9902943866327405,0.004090235842401157,438.56214904785156,0.8733719828483302,31.24459856748581,0.062221869952593115,14.952432066202164,0.029776931890761655,12.804069325327873,0.02549858769040494,4.584928013384342,0.009130627617910144,439.73599767684937,0.8505149843594378,31.272422909736633,0.06048552864098771,17.852251708507538,0.03452891658371821,18.57483747601509,0.03592650519596931,9.587712351232767,0.018544065219886895,437.17815351486206,0.8677726980001896,30.455605924129486,0.06045257090165635,20.38394123315811,0.04046091401768454,12.496294148266315,0.0248044025092768,3.2794000655412674,0.006509414571192659,437.96297121047974,0.8454906845406666,30.846851885318756,0.05955007073853425,29.344882607460022,0.0566505081810286,16.45305759459734,0.031762746722616655,3.39081340841949,0.006545989817153896,435.26116037368774,0.8669974932206888,30.104773581027985,0.059965752989123156,21.56716400384903,0.04295967301829338,12.470077838748693,0.024839170619266576,2.629602586850524,0.005237910152628137,436.1100425720215,0.8592504505182859,30.590735375881195,0.06027172178469319,23.69676125049591,0.046688795929184033,14.576163455843925,0.028718841103489826,2.573360380716622,0.0050701906643470665,Alzheimer_patient10,1,train
43.560813903808594,0.5064036083131452,24.42910760641098,0.2839935054261006,10.894657712429762,0.12665268351261683,5.850500270724297,0.06801329410589323,1.284872159245424,0.014936908642244085,37.25460088253021,0.5232094703762938,21.870066434144974,0.30714665048174333,7.258973523974419,0.10194616511742507,4.173248722217977,0.058609760995295294,0.6470984990010038,0.009087953029242478,37.171267330646515,0.36878264759471446,28.992843568325043,0.2876430743487468,14.139340668916702,0.1402788729462464,15.94767852127552,0.15821970921116443,4.5433828118257225,0.045075695899127854,36.58322495222092,0.3974983412862013,34.4258599281311,0.3740572963880395,13.75824186205864,0.14949142199260043,6.6621809639036655,0.07238853015169851,0.6041466577444226,0.006564410181460269,41.52305340766907,0.3107200487415342,25.4073104262352,0.19012476410448687,13.284594416618347,0.09940959264524576,33.303348779678345,0.2492113972082494,20.116627618670464,0.15053419730048376,64.81024968624115,0.6503585636892846,23.41544607281685,0.2349695603671463,7.293531134724617,0.07318920164582515,3.557496963068843,0.0356988073095114,0.5763802994042635,0.005783866988232511,47.30796426534653,0.42283007026766256,39.552557200193405,0.35351363771266725,14.703355520963669,0.13141594538350304,9.30174502171576,0.08313732290579563,1.0184836690314114,0.009103023730371545,35.39533704519272,0.3811496757935346,25.327779412269592,0.27273860676141937,20.541783198714256,0.22120128412435594,9.971610832959414,0.10737787950059861,1.6281547411344945,0.017532553820091473,27.27711695432663,0.3214272193945039,27.97130310535431,0.32960734798509556,21.002150416374207,0.24748446915939587,8.162813725881279,0.09618870362064186,0.4491143932682462,0.0052922598403628,47.58757674694061,0.4404276422112827,29.278883635997772,0.2709789102091658,21.631574511528015,0.20020232192307333,8.711086605675519,0.08062195213759457,0.8394480855786242,0.007769173518883527,57.95370787382126,0.4782457621015058,34.91144156455994,0.2880963028881048,20.914066538214684,0.17258712267361578,6.632687244564295,0.054734281591850696,0.7678592908196151,0.006336530744922898,39.645519971847534,0.4117902351453079,34.96064156293869,0.36312932256296127,15.448132827877998,0.16045672384332663,5.7827933938242495,0.0600647400546289,0.43892024029628374,0.004558978393775342,63.54594075679779,0.4921815103859054,41.056764006614685,0.31799639567334,17.910939395427704,0.13872535521679247,6.008976433426142,0.04654124341625412,0.5881635714322329,0.004555495307708029,22.55138373374939,0.3262850862817219,31.86276924610138,0.4610070288981903,9.838709488511086,0.14235153870205125,4.10544556658715,0.05939971031197066,0.7572742637712508,0.010956635806065871,18.676268219947815,0.3341678508739116,26.866410970687866,0.48071117361555704,7.008976899087429,0.12540914060611427,2.6919380202889442,0.04816589333220886,0.6452897880226374,0.01154594157220822,35.25759309530258,0.4208830083995825,32.339319348335266,0.3860464887699777,11.2849662899971,0.1347128418262521,4.1536908792331815,0.04958415364565784,0.7349613700062037,0.008773507358529884,20.885552287101746,0.31759394571144123,30.058793902397156,0.45708587580348226,10.914044968783855,0.16596327248903084,3.543767328374088,0.05388792372020152,0.35965016594855115,0.0054689822758441165,59.601351499557495,0.5443536354713489,35.8784236907959,0.3276863675014336,9.663359642028809,0.08825781328204527,3.7974806847050786,0.03468331446086057,0.5495166613254696,0.0050188692843117525,45.805589854717255,0.5270928307457505,27.84599405527115,0.3204286611759605,9.669713854789734,0.11127106679312045,3.185451558791101,0.03665554105191271,0.39557069074362516,0.004551900233255849,Alzheimer_patient101,1,train
38.06585896015167,0.49374196276384735,23.161306977272034,0.3004190494980156,9.062108650803566,0.11754216072493863,5.7983869425952435,0.0752093090267109,1.0090039967908524,0.013087517986487522,22.737627804279327,0.375824127825808,22.84866189956665,0.377659380490663,8.975948840379715,0.14836104159071042,5.3244636515155435,0.08800662607356237,0.6140110921987798,0.010148824019256224,26.739947259426117,0.2579130267201188,39.73106372356415,0.3832153743737138,18.385096833109856,0.1773285461173942,16.425002362579107,0.15842297788095172,2.397046754602343,0.0231200749078215,25.052219033241272,0.2851194667527574,37.098373889923096,0.42221683304198593,15.442197859287262,0.17574775365361756,9.671145996078849,0.11006737509484836,0.6017544650821947,0.00684857145679075,48.49651765823364,0.3822757460030537,28.812379375100136,0.22711473630662676,12.690559953451157,0.10003384794739743,24.278338193893433,0.19137497480108925,12.584863947704434,0.0992006949418329,69.75703358650208,0.6145683144530873,31.31861126422882,0.2759209379481547,8.06550195813179,0.07105809534576119,3.8347030114382505,0.03378421995604757,0.5298938797786832,0.004668432296949141,26.248454213142395,0.26777852194874924,42.45664703845978,0.4331294368247462,17.700730592012405,0.18057731845286618,10.856756778433919,0.11075723772832627,0.7604119611205533,0.007757485045312102,23.984844028949738,0.206924378578866,59.705363273620605,0.5150959155001175,17.040967032313347,0.14701748776386722,14.04991547204554,0.12121279690747788,1.1300666922470555,0.00974942124967139,24.248251497745514,0.25899860412993214,43.5266877412796,0.4649139905382038,15.997416734695435,0.17087040706238796,9.311044467613101,0.09945242939796027,0.5396967919659801,0.005764568871515842,27.47137278318405,0.24175131872983593,54.630746841430664,0.48075701190280773,18.43517103791237,0.16223167821280024,12.399389215745032,0.10911608669901485,0.6981616089178715,0.006143904455541261,31.20707529783249,0.22676995303689526,77.92134141921997,0.566224766837913,18.36797235906124,0.13347307267645847,9.499383934773505,0.069028411929318,0.619792366749607,0.004503795519415322,26.598710745573044,0.26801965242996256,50.97482144832611,0.5136434640740488,14.889330811798573,0.15003107884682593,6.301581140607595,0.06349734779329312,0.47719916014466435,0.004808456855869595,34.38421827554703,0.2632873920795949,71.26177978515625,0.5456668522816864,17.359872668981552,0.13292829766324749,7.06130141671747,0.05406991137028878,0.5285924436175264,0.004047546605182337,21.44821560382843,0.2719357236590873,44.04219561815262,0.5583982629687678,7.368539024144411,0.09342357559494459,4.995588842779398,0.06333762640944333,1.01783308503218,0.012904811367756954,30.477958887815475,0.4449060976916225,30.667307645082474,0.44767014160310953,5.031817890703678,0.07345263737273594,1.9871844537556171,0.02900819191889261,0.3399818981415592,0.004962931413639473,20.120436817407608,0.21259827226482308,59.489609360694885,0.6285841745170677,8.755808055400848,0.09251636441859712,5.5958623783662915,0.059127477413568344,0.6789246457628906,0.00717371138594369,24.717042565345764,0.30242887603710145,43.625485837459564,0.5337858125022338,9.296839952468872,0.11375280234634533,3.6700701555237174,0.04490566333645917,0.41900914680445567,0.005126845777860305,42.17426437139511,0.4089865525070303,46.985485434532166,0.45564355400522955,9.33768892288208,0.0905525978431262,4.156081258319318,0.04030375801722301,0.4654312665807083,0.004513537627390929,39.24771338701248,0.4044589766135073,44.957404375076294,0.4632989847189436,9.364603847265244,0.09650493650692968,3.0812675235792994,0.03175334820070605,0.3865737754967995,0.003983753959913352,Alzheimer_patient102,1,val
42.72717559337616,0.49692359709755946,20.347747683525085,0.23664742242635697,15.525672234594822,0.18056594631002482,6.172929219901562,0.07179211239644062,1.2098655582522042,0.014070921769618109,57.676683485507965,0.5826972813344132,22.048045456409454,0.22274748424838636,12.488160565495491,0.12616566644665428,6.085120793431997,0.061476893757513945,0.6842319938587025,0.006912674213032197,35.62370723485947,0.39580521357692233,26.029346019029617,0.2892049048238332,12.22231974452734,0.1357988332038111,13.579388488084078,0.15087685078184768,2.5483663473278284,0.028314197613585675,50.924522787332535,0.48441341473129995,29.619423061609268,0.28175120908966544,14.80955395102501,0.14087410558608038,9.221108851023018,0.08771469189386684,0.5515526787494309,0.005246578699087356,34.04922306537628,0.2993505524266106,24.907392263412476,0.21897831910122662,12.911451779305935,0.11351360985076454,28.528514191508293,0.250814136544059,13.347064033150673,0.1173433820773392,59.80335342884064,0.5978096142152236,24.28463864326477,0.24275545811925994,9.59866352379322,0.09595069522260745,5.833301306702197,0.05831117159525487,0.5174998508300632,0.005173060847654096,59.08170533180237,0.514794365629416,30.603660106658936,0.26665770227971747,14.045170173048973,0.12237924462041537,10.319891733117402,0.08991991832799655,0.7171561341965571,0.0062487691424545815,24.796364039182663,0.2628647435386807,44.98468178510666,0.4768798692391271,14.670395180583,0.15551996496991902,8.78994230274111,0.09318164249721199,1.0898826711345464,0.011553779755061144,27.50962382555008,0.2935863375611403,43.15998709201813,0.46060908065791484,15.56896910071373,0.166154093813375,6.961681012995541,0.07429597892123926,0.5017281487234868,0.005354509046330596,36.91405928134918,0.3321012744563443,48.43807756900787,0.4357783350315635,15.185572609305382,0.13661862485678242,9.977789293974638,0.08976624639219939,0.6375202818308026,0.005735519263110396,33.205154836177826,0.2536904490650048,69.21287941932678,0.5287927897821596,20.959657579660416,0.16013371929347225,6.8756178906187415,0.052530355569070125,0.6351606859243475,0.004852686290293233,40.130490362644196,0.3353197285749559,56.58281624317169,0.47279099789740986,18.306662887334824,0.15296561729054986,4.215687390416861,0.03522516517334436,0.44262907112715766,0.00369849106373999,39.51147711277008,0.277596180327238,76.31380617618561,0.5361586720810172,20.522053956985474,0.14418199994571784,5.450298730283976,0.03829221835597313,0.5367328403517604,0.0037709292900538725,16.598109930753708,0.287394380265129,30.831944167613983,0.5338515965605556,6.153551574796438,0.10654804364148616,3.4511598274111748,0.059756438771200814,0.7190079567953944,0.012449540761628497,30.56448394060135,0.5108889262053257,21.534165501594543,0.3599460966269778,5.062063306570053,0.08461298061183861,2.398400766775012,0.04008954951534535,0.2669707325985655,0.004462447040512563,27.684117197990417,0.3114940083253899,43.21284645795822,0.48621896295526923,13.56525044888258,0.15263243563233278,3.6605961695313454,0.04118801280723729,0.7524696927284822,0.008466580279770803,33.736910939216614,0.37703967200739846,39.191321671009064,0.4379975124277583,13.207638546824455,0.14760698496252422,3.0085600335150957,0.033623306244452485,0.3339803505805321,0.003732524357866529,39.633830070495605,0.37206569878944734,46.21864676475525,0.4338811837020186,16.78291567414999,0.15755094163042876,3.3314707707613707,0.031274444032162355,0.556877552298829,0.005227731845942941,39.71721863746643,0.39394457670460586,42.75297296047211,0.4240554201317814,15.117998201400042,0.14995142173559423,2.819905322045088,0.02796989433172909,0.4112104004889261,0.0040786870962894566,Alzheimer_patient103,1,train
42.897581696510315,0.46781316343999196,34.378233432769775,0.37490668470411304,6.771848529577255,0.07384938165909956,6.55693881586194,0.07150571590799912,1.093504908727482,0.01192505428879637,46.27622056007385,0.5239126132763963,29.61166888475418,0.335246194289946,6.768222466111183,0.0766259015222108,5.182467971928418,0.058672905987850396,0.48954848700668663,0.0055423849235964875,50.658015727996826,0.4009649697070142,45.55176532268524,0.360548314817181,12.281792044639587,0.09721202665277574,15.55662078782916,0.12313273414473874,2.2920591444708407,0.018141954678290297,56.36834669113159,0.45305749564674386,45.062251687049866,0.3621853770061005,12.673492714762688,0.1018625027608091,9.807185147888958,0.07882471286221994,0.5063688323716633,0.004069911724126641,53.721002757549286,0.412381938431997,30.49025958776474,0.23405431221832995,11.001848191022873,0.08445418459190997,23.568330951035023,0.18091907269599217,11.488577034324408,0.08819049206177089,64.04660242795944,0.697332072446756,16.821902483701706,0.18315494775310723,6.405869700014591,0.06974637567636194,4.122062905691564,0.04488054884745861,0.4487607154296711,0.004886055276316267,65.63165044784546,0.4397605532953425,59.85682570934296,0.401066720291622,12.532543390989304,0.08397348197420303,10.552468489855528,0.07070612044745363,0.6705720670288429,0.004493123991378859,51.016884207725525,0.3858131447736412,58.23620840907097,0.4404089950792104,12.615042209625244,0.09540075176936653,9.573471462354064,0.07239899473775019,0.7904985495842993,0.005978113640031678,56.48969876766205,0.4492212146875275,48.01475703716278,0.38182620813528306,13.697966039180756,0.10892989477918491,7.1141453282907605,0.056573589088916305,0.43372448958689347,0.0034490933090882184,74.53662168979645,0.4615011076032946,62.09574639797211,0.3844721573159305,14.763420149683952,0.09140922403818363,9.532006785273552,0.05901839376881849,0.5812901382741984,0.003599117273772801,74.29235625267029,0.43907871939272713,72.89483588933945,0.4308191691185425,15.008823186159134,0.08870434586510718,6.407832304015756,0.03787122853610474,0.5966919781640172,0.00352653708751838,77.94986790418625,0.4913228624641626,64.10412240028381,0.40405226795476107,11.418926447629929,0.07197420315597439,4.701094806194305,0.029631292765420453,0.4790328232338652,0.003019373659681494,98.98557412624359,0.4827464012734746,84.03547096252441,0.4098356911557749,16.199938654899597,0.07900607897197043,5.332076053135097,0.026004198578315835,0.4936766783357598,0.002407630020464223,46.03359669446945,0.5159049182736778,33.66504669189453,0.37728885877709417,4.90295572578907,0.054948106484075006,3.947475377470255,0.04423990537862574,0.6797641275916249,0.007618211086527331,22.58372527360916,0.47123661937420597,17.001702547073364,0.35476099424797375,5.807421680539846,0.12117884568920428,2.272788436850533,0.04742446724614573,0.25874727545306087,0.005399073442470227,37.977497696876526,0.4223040722903494,40.890885800123215,0.45470051057028704,6.330463856458664,0.07039380760173772,4.140319553669542,0.04603973179206626,0.5901048872619867,0.006561877745559587,37.91429179906845,0.4117128796735486,46.31601703166962,0.5029475652130299,5.183177798986435,0.056284344404743496,2.2930491492152214,0.024900316573487343,0.3826206961530261,0.004154894135190749,60.45752292871475,0.5165625015066819,44.914463102817535,0.38375914675792056,8.097269997000694,0.06918487298855333,3.078057426493615,0.0262996061860744,0.49084311339538544,0.004193872560769807,63.681223690509796,0.5101124265762783,50.59763300418854,0.40530755935566376,7.544887647032738,0.0604376097510014,2.625914392527193,0.021034639178160817,0.387966018228326,0.003107765138895742,Alzheimer_patient104,1,val
46.4295671582222,0.6642500231499369,17.76843997836113,0.2542062609962219,2.849390409886837,0.040765136562238236,2.4769903311971575,0.035437351359165294,0.3733396949246526,0.005341227932437751,38.31261456012726,0.6750643002078992,12.736050635576248,0.22440789302501446,2.931491795927286,0.051652581806368836,2.3205941622145474,0.04088862877586645,0.45327146048657596,0.007986596184851093,18.07655245065689,0.4106992765419394,19.394726365804672,0.44064818824871654,3.2502919137477875,0.07384663315475418,3.058329105260782,0.06948523809428693,0.2341841504094191,0.005320663960303008,15.775963127613068,0.43597118075565366,13.638932675123215,0.37691401371321553,3.7738553788512945,0.10429107701444085,2.6705222413875163,0.07380029513216202,0.32652009729645215,0.009023433384527914,21.662758767604828,0.2904627368146961,45.20456683635712,0.6061205011176376,4.239287734031677,0.056842026935794515,3.1823720971588045,0.042670488963104186,0.29117932252120227,0.0039042461687675816,12.060943841934204,0.45644013814888124,9.379141747951508,0.3549487346312345,2.9620449393987656,0.11209704804707461,1.7212417563423514,0.06513949781616202,0.3005611809785478,0.011374581356647663,22.18390065431595,0.4478302446725339,19.885875523090363,0.40143961333961875,3.973148748278618,0.08020664191515019,3.2263142885640264,0.06513016532811698,0.26716641761595383,0.005393334744580171,17.34060525894165,0.4493441046107892,13.7004674077034,0.35501784211882337,4.1645469926297665,0.10791518586399039,3.0726415957324207,0.07962083018482355,0.3126651219208725,0.008102037221573457,16.895906567573547,0.47387569011762437,12.410799026489258,0.3480828880100362,3.3603886365890503,0.09424806404192536,2.6410449487157166,0.0740727934721327,0.34658403164939955,0.009720564358281383,26.194668292999268,0.47593272055333496,18.18984192609787,0.3304924825727441,4.845522291958332,0.08803862607147023,5.357158777303994,0.09733458438181027,0.4514037940389244,0.008201586420640405,20.525792598724365,0.47372107903778465,15.163673892617226,0.349967092575716,4.512265935540199,0.10413997304164453,2.7637673744466156,0.06378583708936254,0.3633565806085244,0.008386018255492237,19.530203938484192,0.5056364297334974,12.904156431555748,0.3340882464579533,3.08436787314713,0.079854197338395,2.72638285625726,0.07058597533680085,0.37988265106105246,0.009835151133353438,26.751688361167908,0.5097755668386337,17.143658578395844,0.3266866057760926,4.655141845345497,0.08870758140147687,3.5166669925674796,0.06701300064937415,0.41022858809446916,0.007817245334422719,10.320876628160477,0.20486724335655443,33.3942728638649,0.6628693348440845,3.7476521506905556,0.07439011169616888,2.537322062533349,0.050365312481370335,0.37824063969310373,0.007507997621821883,4.8593906089663506,0.24408041952911255,6.850517302751541,0.34409193905132707,2.5813367664813995,0.12965694911336273,4.510597913525999,0.22656104842223213,1.1071309274993837,0.05560964388396551,18.03849272429943,0.45754916197228185,10.31210571527481,0.26156815873188843,6.200223989784718,0.1572696418667438,4.257130511105061,0.10798277481016097,0.6162100206129253,0.015630262618924917,10.496262416243553,0.44458386715009723,8.658685967326164,0.366750747945746,2.318891666829586,0.09821989807970045,1.8356875339522958,0.07775311157052917,0.299656625429634,0.01269237525392711,10.9195157289505,0.4328884037193653,9.092339247465134,0.36045263550239987,2.488858627155423,0.09866719962095181,2.1794825410470366,0.08640243226416022,0.5445861205807887,0.021589328893122754,13.946658670902252,0.5087453508112106,8.754987955093384,0.31936390813483356,2.1033364459872246,0.07672537654630576,2.24323169933632,0.0818284669295527,0.36561544582946226,0.01333689757809737,Alzheimer_patient105,1,train
33.57162523269653,0.5667674779522862,19.246788516640663,0.3249307625307738,3.584525056183338,0.060515158609931445,2.4387084618210793,0.041171097162763515,0.3918594857095741,0.0066155037442450415,37.82268822193146,0.7070865432859945,10.652774676680565,0.19915119671930043,2.546367734670639,0.047603764938083666,2.0201237313449383,0.03776575313275696,0.4489352316595614,0.008392741923864402,13.778768599033356,0.36936042312518624,16.705569624900818,0.4478176856554152,3.937769401818514,0.10555777622443957,2.578084141947329,0.06910938685687792,0.30420723219867796,0.00815472813808109,11.67131969332695,0.36296599519402084,14.647475570440292,0.4555213709504235,3.3202057667076588,0.10325497219059109,2.229988823644817,0.06935035059561971,0.28641822229838,0.008907311069344859,29.29875236749649,0.4304185617402203,30.443857342004776,0.4472409311704017,4.956772163510323,0.07281834798736772,3.0383631547447294,0.04463561733640641,0.3326287243398838,0.004886541765603874,27.470253139734268,0.6986441569931565,7.198968812823296,0.18308959411007483,2.6143815889954567,0.06649092063371603,1.8221405737567693,0.04634205074848608,0.21363308804575354,0.005433277514566582,13.299618780612946,0.3784488759573358,14.97946584224701,0.4262499627961831,3.9596181213855743,0.11267338199520975,2.578249058686197,0.07336567117398841,0.32549312300398014,0.009262108077282945,11.151653409004211,0.3583186842627566,12.64511826634407,0.4063058609663113,4.308124493807554,0.13842624440021226,2.6836446712259203,0.08622936818014827,0.33362470325664617,0.01071984219057152,9.682377733290195,0.3302456452830461,13.95344153046608,0.4759226947224405,3.07672505825758,0.1049406540636498,2.3121151346713305,0.07886140942352608,0.2940548748592846,0.01002959650733751,15.01930969953537,0.31982523625431286,19.65102854371071,0.4184543079784119,5.654415600001812,0.12040665259113714,6.1876884596422315,0.13176230885860105,0.4485476284753531,0.009551494317537075,14.365699172019958,0.39431133856207706,14.231645494699478,0.3906318180381919,4.522443987429142,0.12413255497709685,2.930384574458003,0.08043352782346516,0.38220334064681083,0.010490760599168985,14.748730957508087,0.38611837025117185,16.776191860437393,0.43919682844818136,3.473065074533224,0.09092404154761312,2.727056310046464,0.07139370438392091,0.4723897810326889,0.012367055369112747,19.58566938340664,0.4207139673133523,18.974754601716995,0.4075910876984859,4.222736164927483,0.09070734576829687,3.3523073196411133,0.07200992136090532,0.41794150904752314,0.008977677858959605,10.37051773071289,0.334462995661282,15.09405580163002,0.4868033835129167,3.1537445336580276,0.10171245753273948,2.1509837470948696,0.06937208790853923,0.23717084678355604,0.007649075384522594,5.352601155638695,0.38383358182943683,5.288717195391655,0.3792524803107408,2.1554095298051834,0.15456383468117882,1.0252112080343068,0.07351761856886133,0.12316996106528677,0.008832484609782221,9.770058169960976,0.4222745473989258,6.936113756150007,0.29978780536752997,3.6174145117402077,0.1563493327394901,2.4092305824160576,0.10413006105709344,0.403927143313922,0.017458253436960728,9.02035042643547,0.3442138861930875,10.430447742342949,0.3980227798693788,3.336136730387807,0.12730598419689929,2.9677920206449926,0.11325005975879053,0.4509283086808864,0.01720728998184386,13.402703553438187,0.4555618639433441,7.423962756991386,0.25234269324365993,3.1237408742308617,0.10617687763268975,4.4650894943624735,0.1517697145665659,1.0046646958217025,0.03414885061374035,14.040766105055809,0.4268766202587053,9.414738684892654,0.2862330873084428,3.9446090310811996,0.11992660221179689,4.461093759164214,0.1356291111411298,1.0306525937048718,0.03133457907992518,Alzheimer_patient107,1,train
27.521997213363647,0.4799248376772601,23.066577553749084,0.40223183668072154,4.037438295781612,0.07040429892181246,2.377567074727267,0.0414596907179116,0.34289383643772453,0.005979336002294273,26.97595852613449,0.5288667752271669,18.53941833972931,0.36346743276688387,2.6401096247136593,0.05175965340085345,2.3971942090429366,0.04699726868654276,0.4544155857292935,0.008908869918553101,12.572359263896942,0.3131272207010564,18.635043874382973,0.4641244633204285,5.452416554093361,0.13579790442279238,3.161040583392605,0.07872888704694639,0.3301021213992499,0.008221524508776328,16.93461811542511,0.42317683777092163,15.868644699454308,0.3965393750160039,3.838633544743061,0.09592308452152978,3.0385962943546474,0.07593106395096062,0.33733583736466244,0.008429638740584038,37.48873192071915,0.4564156519185963,33.0108038187027,0.40189803104391203,7.909985825419426,0.09630203936507031,3.347166233463213,0.0407508864732152,0.38057406625011936,0.0046333911992061634,21.534007370471954,0.5569842298334989,11.44192722439766,0.2959492357019844,3.424020543694496,0.08856342494239423,2.011098324554041,0.05201772397260132,0.2507366146892309,0.006485385549521118,13.289180427789688,0.3123723894389155,20.582313299179077,0.48380307727632316,5.176730528473854,0.12168302578533918,3.1572597892954946,0.07421381550357023,0.33726581756491214,0.00792769199585197,18.662448525428772,0.4524846215655206,13.4856718480587,0.32696991042794804,5.301240973174572,0.12853243840464484,3.4471272570081055,0.08357810446202786,0.3478932735743001,0.00843492513985866,25.903810873627663,0.5853762192354867,9.748476773500443,0.2202967935805301,4.724210299551487,0.1067580510649981,3.5494015619624406,0.0802096369922705,0.32566046668216586,0.0073592991267146845,32.13412369787693,0.4989717038662847,19.059949427843094,0.2959587611920604,7.306084468960762,0.11344729516645284,5.487011558841914,0.08520112551973019,0.4135242102202028,0.006421114255471879,32.90500092506409,0.5405302843060019,18.12756136059761,0.29778135908073183,6.339536190032959,0.10413952903300304,3.1702962024137378,0.052078439734053836,0.333012085291557,0.0054703878462094065,30.93839779496193,0.5449652103464486,16.012954533100128,0.282060602919136,5.977239683270454,0.10528624342062932,3.438880247529596,0.06057424530744093,0.4038540709298104,0.007113698006345145,43.18530371785164,0.5759324510090339,21.06014972925186,0.2808646138378639,6.32754310965538,0.08438605493708079,4.01437768433243,0.053536971607723666,0.39590486080851406,0.005279908608297755,23.167765080928802,0.4047563301725586,24.02547788619995,0.4197411457640003,6.693627893924713,0.11694215011338603,3.0711882254108787,0.053655709605315294,0.28073708270676434,0.004904664344739831,12.669743970036507,0.5041133332578956,5.7713712602853775,0.22963567459389636,4.306408178061247,0.1713466180647107,1.9743997044861317,0.07855890526010685,0.4108062441518996,0.016345468823390462,16.309716939926147,0.471477526721154,9.416420891880989,0.2722077181978092,5.002404905855656,0.14460836453249148,3.4702194198034704,0.10031630072152968,0.3940148373367265,0.01139008982701565,18.123330675065517,0.42558969443093864,16.991732597351074,0.3990164067308075,4.546236976981163,0.10675916256971639,2.5707997870631516,0.060370023338183865,0.3519449068699032,0.008264712930353559,20.514895975589752,0.4790566596451042,12.277099907398224,0.2866905334916442,4.221240155398846,0.09857292041896487,4.62158471159637,0.1079216261607484,1.1887066189665347,0.02775826028353835,23.34734743833542,0.4707746938718398,16.05160853266716,0.3236637957727569,5.295458078384399,0.1067773400103355,3.866854265332222,0.07797104736702302,1.0321948477067053,0.020813122978044808,Alzheimer_patient108,1,train
611.9342517852783,0.862744099444717,45.943512320518494,0.06477410611786018,23.16829004883766,0.03266413912204435,19.069310158491135,0.026885134753810526,9.172884866595268,0.012932520561567944,677.3653826713562,0.8822339144797842,45.45514118671417,0.05920300648408365,21.47719469666481,0.027972952314978566,16.46651403605938,0.021446795935418112,7.020106181502342,0.009143330785735534,491.27963876724243,0.870685723669702,38.57456338405609,0.06836497787607708,16.739256888628006,0.02966667219170722,12.771867468953133,0.022635342058390358,4.879182631149888,0.00864728420412331,501.80531787872314,0.862671581362098,38.8493230342865,0.06678726937073765,17.08769401907921,0.029376069754671996,16.243245035409927,0.027924347116097537,7.701969176530838,0.013240732396394788,515.9402098655701,0.8400269319463035,51.790568590164185,0.08432270174849467,24.11629092693329,0.03926488668629766,15.823113039135933,0.02576236712305897,6.524660915136337,0.010623112495845211,567.5648670196533,0.8478416351152871,54.041595220565796,0.08072859529985038,27.11102920770645,0.04049908771453996,15.484757855534554,0.02313149242048855,5.220958419144154,0.007799189449833976,487.117938041687,0.8894611067683089,35.38755428791046,0.06461649375772893,14.742389619350433,0.026919111704145224,8.451116815209389,0.015431457412765444,1.9561312184669077,0.0035718303570514737,483.19227743148804,0.8838301934459128,37.93146324157715,0.0693822605623973,14.381606429815292,0.02630608680356841,9.061003621667624,0.016573916756954223,2.1362636629492044,0.003907542431167235,482.5721368789673,0.8844567973137795,37.61619710922241,0.06894285575109996,14.292506158351898,0.026195263373802857,8.958997249603271,0.016420023886531247,2.174304916523397,0.003985059674786426,480.6437277793884,0.899025056707533,34.007850885391235,0.06361033818540404,10.751863211393356,0.02011093430469409,7.571101989597082,0.014161446414755278,1.6531889135949314,0.0030922243876136224,488.4817109107971,0.8387289513631777,48.26479649543762,0.08287123396472038,31.69294172525406,0.0544171607351965,11.770867001265287,0.02021071969756821,2.196801347658038,0.0037719342393371805,495.7848610877991,0.8514818051761918,44.55759525299072,0.07652509105881679,28.96929234266281,0.04975308298943619,10.842187255620956,0.018620829115715054,2.1073150634765625,0.00361919165984022,489.11338329315186,0.8636623650270587,40.20598816871643,0.07099457920420751,24.830999553203583,0.04384586587206948,10.086153380572796,0.017809839968067644,2.0882375705987215,0.003687349928596613,509.3413872718811,0.8034704601726733,68.41654849052429,0.1079250127179726,33.10038310289383,0.05221484196684307,17.058351755142212,0.026909028162628745,6.010041709989309,0.009480656979882256,508.12802028656006,0.7916619773479796,72.0365891456604,0.11223279631832955,33.273225128650665,0.05183958795115631,19.74012391269207,0.030755055627522312,8.67176378890872,0.013510582755012195,502.6637291908264,0.7677700434368481,83.04831647872925,0.12684824037905681,45.52476757764816,0.06953466254032085,18.68309447169304,0.028536612890604968,4.786190139129758,0.007310440753169288,558.5224614143372,0.7931066274725209,81.46027255058289,0.11567427722062015,42.54869097471237,0.060419501691787066,17.38151589781046,0.024681899845467148,4.308209342882037,0.006117693769604711,497.0725917816162,0.7918831401783399,62.58890986442566,0.09970998864800719,48.3942591547966,0.0770965821485916,16.86935056000948,0.026874453581014358,2.7844161707907915,0.004435835444046924,515.0848999023438,0.7827504096682768,66.92202425003052,0.10169826742634702,56.048382580280304,0.08517410320954177,17.19019055366516,0.0261231278585496,2.799383355304599,0.004254091837284822,Alzheimer_patient11,1,train
33.83478355407715,0.45521805047229974,12.470478475093842,0.16777961327330357,7.935726284980774,0.1067684042593919,15.187494337558746,0.2043347359634426,4.8980593625456095,0.06589919603156222,46.54628998041153,0.5583871378321226,20.033498972654343,0.24032953339161756,7.331082254648209,0.08794647305096956,8.134861025959253,0.09758891131514646,1.3127243402414024,0.015747944410143884,21.701461255550385,0.17787440910708022,23.67324334383011,0.19403597397640335,9.887014798820019,0.08103817961674241,36.57754009217024,0.2998050801220256,30.1651444286108,0.24724635717774843,40.44559717178345,0.3465648297793323,35.13735592365265,0.3010802813185298,13.627906650304794,0.11677298590627419,16.86739708483219,0.14453109876699866,10.626018088310957,0.09105080422886505,21.873727202415466,0.33988991299761584,11.73874807357788,0.18240522177622856,8.374587960541248,0.13013045042387292,14.616056978702545,0.22711494428397258,7.752208866178989,0.12045947051831007,58.09728288650513,0.4368595455518971,36.65032112598419,0.2755902141362897,8.995197460055351,0.06763892697402099,16.8759892731905,0.12689813771544153,12.369679983705282,0.09301317562235065,33.26239538192749,0.365685987758207,33.95992821455002,0.3733546472147036,11.531616389751434,0.12677831772230644,9.647293036803603,0.10606211136775814,2.557667496614158,0.028118935937024806,19.06587615609169,0.21911488766102094,25.484067738056183,0.29287605740509953,26.207693323493004,0.3011923360572594,12.885649748146534,0.14808853649782475,3.3698610663414,0.03872818237879533,39.148475766181946,0.3133649249630468,44.671608567237854,0.35757497559441587,16.89579999446869,0.1352428413581041,17.06923221051693,0.13663108374313915,7.144231475889683,0.057186174341294096,36.373120963573456,0.3641911319333355,32.101410150527954,0.32142000987721847,15.49709102511406,0.15516686422818698,12.988862900994718,0.13005286753307616,2.9132289914414287,0.02916912642818288,32.11082762479782,0.28905801910851947,31.134809970855713,0.28027201916607086,36.90033583343029,0.33217262741036674,9.124575063586235,0.08213838721024982,1.8172799088060856,0.01635894710479314,36.266811430454254,0.32065947193337424,46.98998284339905,0.41547030164526166,16.51274698972702,0.14600039322588332,11.775072202086449,0.10411139786961694,1.5560886960010976,0.013758435325863854,35.6106695830822,0.3587446502701658,34.49448776245117,0.34750014794633344,18.494504511356354,0.18631507440114464,9.086497072130442,0.09153807700012874,1.5785117950290442,0.015902050382227403,9.491624511778355,0.26665009976390985,11.830473929643631,0.33235586275870943,4.799196273088455,0.1348247777203583,5.051768018864095,0.1419203261299109,4.4227406065911055,0.12424893362711152,37.50156784057617,0.39389790144105113,42.59754037857056,0.44742347394645854,7.133876085281372,0.07493070239299256,7.095126274973154,0.07452369357068057,0.8782048220746219,0.00922422864881722,11.862300127744675,0.2935234011495025,15.206638187170029,0.37627644830098206,9.441321812570095,0.23361817353540903,2.998882781714201,0.07420502467971107,0.9043303651269525,0.022376952334395357,19.09495037794113,0.3309687496329876,25.394428551197052,0.440156276862771,6.365115091204643,0.11032519809214639,6.13709987513721,0.10637305841828194,0.7025249574799091,0.012176716993813081,19.61023211479187,0.3736464002351855,17.87549477815628,0.34059333092967004,9.746747147291899,0.18571105962795656,4.442163523286581,0.08463940661263793,0.8087587771005929,0.015409802594549991,18.166577398777008,0.3573925491724597,19.23914083838463,0.3784931766278193,7.416361391544342,0.1459026785907774,5.356918949633837,0.10538710055801595,0.6518803553190082,0.012824495050927613,Alzheimer_patient110,1,val
91.36554706096649,0.6285034473504023,31.47924843430519,0.21654569799443693,12.373595863580704,0.08511794551169061,6.783109377138317,0.04666099820363922,3.3685007272288203,0.023171910939830967,111.59761881828308,0.6697870679009676,36.11170434951782,0.21673538225358238,12.315168291330338,0.07391322994076066,5.727215212769806,0.03437362486062695,0.8648557648994029,0.005190695044062336,83.19434535503387,0.45962150175748157,29.20609951019287,0.16135413122210543,18.974707901477814,0.10482904461678161,29.61105938255787,0.16359140184300655,20.0199963003397,0.11060392056062486,84.94795942306519,0.4917058790325913,46.78891396522522,0.27082915500857374,16.382244735956192,0.09482565682717517,16.304074611514807,0.09437318321846713,8.338539522141218,0.04826612591319273,42.17809748649597,0.4842673502304503,24.58520781993866,0.2822747860933862,9.807222872972488,0.11260151872270734,6.288741363212466,0.07220411298121204,4.2374497931450605,0.04865223197224411,53.05652678012848,0.4014476302973058,45.38846433162689,0.3434278976510358,10.283668518066406,0.07781049020508025,12.417722560465336,0.09395762591559767,11.016626819968224,0.08335635593098048,109.97805380821228,0.6155303483288197,36.27394235134125,0.20301970800208274,22.859604597091675,0.1279417110330446,8.326699137687683,0.04660326167971762,1.23372514359653,0.006904970956335377,78.19615960121155,0.6055213060794961,24.831039428710938,0.192282121051269,12.456016167998314,0.09645464965362313,10.951786424964666,0.08480646688748064,2.7035750318318605,0.02093545632813122,58.11371874809265,0.46645681558714475,39.77934890985489,0.31929377121869135,12.385903120040894,0.09941695441293333,10.1931531149894,0.08181658040884181,4.113297106698155,0.0330158783723888,96.9580774307251,0.6360308854354263,25.21287202835083,0.16539277330472688,17.165540724992752,0.11260345043553079,11.4121951200068,0.0748623400884352,1.6937190680764616,0.011110550735880867,95.64341878890991,0.6284921862487532,31.96976125240326,0.21007974618430733,13.312437698245049,0.08747871185717693,9.804430536925793,0.06442688959787612,1.4491209822008386,0.009522466111886318,67.9328145980835,0.5205271000070584,42.68078526854515,0.327036433177414,11.489278227090836,0.08803522586403405,7.37052264995873,0.056475751861863724,1.0343376568052918,0.007925489089629797,79.36488270759583,0.5872549132691317,33.79436847567558,0.2500590721123631,11.87171457707882,0.08784392386748985,8.977745773270726,0.06643020358083163,1.1368290388491005,0.008411887170183692,18.073036819696426,0.5191877818160741,8.835834190249443,0.2538287947673915,3.2783058770000935,0.0941765555714099,3.005228267516941,0.08633179988670502,1.6178069743327796,0.04647506795841955,44.473259925842285,0.48358631032171046,34.478220611810684,0.37490383029994845,7.690696120262146,0.08362587691580443,4.314915606286377,0.046918847884616276,1.008414154406637,0.010965134577920362,37.47440040111542,0.6057535252956046,15.382699638605118,0.24865306542359303,5.036884516477585,0.08141852890786554,3.2662934958934784,0.05279787744725829,0.7038281168788671,0.011377002925678578,29.698357224464417,0.4142052416119447,29.01274809241295,0.40464299902571843,7.775157056748867,0.10844070542085549,4.598919561365619,0.06414148007150244,0.6144351651892066,0.008569573869978938,53.18038713932037,0.5526281813197875,29.314419507980347,0.30462309905154084,8.524713575839996,0.08858523250962487,4.568475402891636,0.047473671951468475,0.6437727436423302,0.006689815167578287,34.21944963932037,0.43717438625190136,30.631091743707657,0.3913309207022956,8.452051639556885,0.10798012612823671,4.458023312501609,0.05695397284531742,0.5135248667793348,0.006560594072248904,Alzheimer_patient111,1,val
35.55393183231354,0.4315440457249426,20.975673973560333,0.2545970794749254,11.452098578214645,0.13900248714523183,10.99253948405385,0.13342448267362528,3.4134803619235754,0.04143190498127494,51.80977404117584,0.4972204099846528,28.933351278305054,0.27767449387822724,13.016816914081573,0.12492289654787912,9.44278884679079,0.09062281063160695,0.9960769347380847,0.009559388957633955,27.727531671524048,0.20400510769396712,32.13186311721802,0.23640994349193623,22.086196571588516,0.1624990267260016,35.02965412288904,0.25773041922666046,18.94062439352274,0.13935550286143458,46.84292984008789,0.30949524000508727,45.2566112279892,0.2990142973900106,23.289887934923172,0.1538782796190937,22.055765867233276,0.14572432966679197,13.907471617683768,0.0918878533190165,20.475584089756012,0.37820408620196094,13.710748255252838,0.2532509447492308,7.821701668202877,0.14447448820016898,9.171024527400732,0.16939780255922826,2.9599231276661158,0.05467267828941103,43.42542803287506,0.354217423109422,32.80382692813873,0.2675779507300683,12.448560059070587,0.10154181697895215,18.744117364287376,0.15289412797985646,15.173471454530954,0.1237686812017011,36.412991762161255,0.28906892665440975,45.3138382434845,0.35972936992360277,26.73432967066765,0.2122337003562474,15.680314749479294,0.12448006974657487,1.8249937919899821,0.014487933319165234,30.61985456943512,0.30572598463056827,34.01390087604523,0.33961406684262113,17.722208321094513,0.1769485735638693,15.372028845362365,0.15348304949851388,2.4265775219537318,0.024228325464427415,44.07422161102295,0.34725876587736093,42.21414840221405,0.3326033345771069,18.84422528743744,0.14847278472625083,15.182723466306925,0.11962398020543559,6.605081642977893,0.052041134613845755,34.45770716667175,0.2836494276042204,42.63857901096344,0.35099284092863503,22.914689019322395,0.1886294521170637,19.551926085725427,0.16094781396657032,1.9170095273293555,0.015780465383510602,47.14937448501587,0.3794469405356976,44.880409955978394,0.361186854200917,20.049148619174957,0.16135077478724866,11.015390221960843,0.0886492379630235,1.1638257451122627,0.00936619251311321,41.764649510383606,0.3619249607825,43.93539345264435,0.3807362383912404,18.252863436937332,0.15817604028831692,9.871198964305222,0.08554203949788175,1.5717750969342887,0.013620721040060934,35.884544134140015,0.3437167368612537,39.9055233001709,0.3822313082814416,16.176721930503845,0.15494721221147578,11.146592853590846,0.10676659311695708,1.2881213622167706,0.012338149528871868,10.58649668097496,0.36882011819252086,8.637430876493454,0.3009171374391497,4.5733596086502075,0.1593300486676136,3.1977918623015285,0.11140701292889969,1.7086064778268337,0.05952568277181611,24.87048649787903,0.370890170157589,26.7656569480896,0.39915258837832535,8.267754629254341,0.12329589618308608,5.918323990888894,0.08825915778590492,1.2339808181859553,0.018402187495094653,19.329403072595596,0.43739428180456885,15.036652684211731,0.3402560274031455,6.109393984079361,0.1382460691564809,3.0935144778341055,0.07000141381513386,0.6232071851845831,0.014102207820670894,21.593957781791687,0.36168456355919504,23.3034086227417,0.3903167387066452,8.093248769640923,0.13555658386494698,5.925429876893759,0.09924704589040435,0.7877962444908917,0.01319506797880845,21.38723796606064,0.37542941462249946,20.94902867078781,0.3677371329231287,9.447630450129509,0.16584275048000213,4.529396529309452,0.07950856909575225,0.6541072666877881,0.01148213287861741,18.211822986602783,0.35179569863493787,19.570594787597656,0.3780429378799099,8.281732186675072,0.15997727205354778,5.014132456853986,0.09685742234616958,0.6898974016075954,0.013326669085434917,Alzheimer_patient112,1,train
30.10433727502823,0.25391753412638435,28.34114307165146,0.23904572611356556,47.83491909503937,0.40346759972765767,11.100020004436374,0.09362404103205355,1.1790860192850232,0.009945099000338875,30.822965651750565,0.25839714074448744,28.723218739032745,0.2407944024271077,47.94461676478386,0.4019325079255233,10.54712152807042,0.08841933241369467,1.2473200359381735,0.010456616489186867,10.74814686179161,0.08098333778945722,34.63553777337074,0.26096605220305286,62.57941932976246,0.47151293329141153,22.991112055256963,0.17322958251947226,1.7662565507926047,0.013308094196606111,12.69633001089096,0.08652835932434653,43.56883527338505,0.2969314621347158,68.87499010562897,0.4693986283602012,21.061768188141286,0.14354071170379817,0.5283520221128128,0.0036008384769382934,16.00464689731598,0.21061535211903581,23.30099192261696,0.30663260801634984,26.17031043022871,0.344391799562379,9.824053200893104,0.12928097929415955,0.6899324529804289,0.009079261008075854,13.608329892158508,0.15442835640654293,30.629758149385452,0.34758881109026646,32.445331901311874,0.36819207928458164,10.012807684019208,0.11362609856694378,1.4244401624891907,0.016164654651665205,12.325093150138855,0.07124235308880562,49.79486581683159,0.2878277161331188,87.09797275066376,0.5034497064188154,23.256452695466578,0.13442855111442864,0.5279465847997926,0.0030516732448315933,8.771421939134598,0.06273301266284503,27.873577266931534,0.19935119844636323,76.50293263792992,0.5471472556242735,25.899588679894805,0.1852332764165966,0.7739477399736643,0.00553525684992169,12.215645432472229,0.08082845032686221,43.79215928912163,0.289763843537692,67.70447903871536,0.4479868174906058,26.85231053084135,0.1776762971634756,0.5659220440429635,0.003744591481364364,12.227851033210754,0.04760465900289925,59.34791958332062,0.23104938607954417,128.59423887729645,0.5006345657028872,55.72894873470068,0.21696024868965658,0.9635272787418216,0.003751140525012749,11.185292288661003,0.05134633875170309,25.90190002322197,0.11890326140635099,151.0077685713768,0.69320459752893,28.988345835357904,0.13307166113331767,0.7568073107395321,0.003474141179698157,10.899053245782852,0.06267248072655304,32.460418701171875,0.18665611769647905,104.4152193069458,0.6004155289456367,25.570543016307056,0.14703748373530318,0.5596936891088262,0.0032183888960280746,31.021908849477768,0.10865076070106168,40.051543831825256,0.1402760457357538,179.60533571243286,0.6290475691167502,34.13925928808749,0.11956893140971027,0.7014337218133733,0.0024566930367240394,4.754369288682938,0.07011566598186968,12.603227943181992,0.1858677075970921,24.63593089580536,0.36332152530819267,20.447869896888733,0.30155756288089025,5.366120054386556,0.07913753823195531,5.695650860667229,0.11107513233239055,13.481611631810665,0.26291495611123905,19.56107072532177,0.3814750188398724,9.827203374356031,0.19164761709709824,2.7119252579286695,0.052887275619399786,5.927281990647316,0.05666694106649443,18.682268530130386,0.17860918570363235,64.51834911108017,0.6168185506534027,13.717660438269377,0.13114575227771477,1.7530273795127869,0.016759570298755692,10.314219653606415,0.11413647699643663,12.614152789115906,0.1395873859580889,54.927073538303375,0.6078193868204171,11.955080871935934,0.13229413942654863,0.5568992760963738,0.006162610798508741,65.05838310718536,0.3094015136284738,15.114747673273087,0.07188198637704304,111.78756964206696,0.5316339201839764,17.43549633398652,0.08291889067872228,0.8755060035036877,0.004163689131784451,25.842837035655975,0.14181341646768558,14.024586796760559,0.07696038037356781,125.10767531394958,0.6865324746707233,16.3088994063437,0.08949562079621348,0.9472576947882771,0.0051981076918097705,Alzheimer_patient113,1,train
128.45125484466553,0.5831910808199071,42.006138920784,0.1907151906605181,41.211013436317444,0.18710518240303348,7.761871533468366,0.03524024934020856,0.82558434153907,0.0037482967763327905,151.26348567008972,0.6331437087058773,41.263046741485596,0.17271477204610064,38.585593432188034,0.1615077533090553,7.028675956651568,0.02941993530541894,0.7678118210751563,0.003213830633547701,48.48998701572418,0.23848917877035195,56.68868178129196,0.2788129672876593,80.95961391925812,0.3981851311056752,15.986963015049696,0.07862896888907839,1.1962939114309847,0.005883753947235137,58.798136591911316,0.28723199423670653,59.203249990940094,0.2892109945288868,72.76773118972778,0.35547419964634425,13.284168135374784,0.06489386103817986,0.652797577495221,0.003188950549882524,52.68619525432587,0.40546842855067616,28.005666077136993,0.21552919811341598,39.18032497167587,0.30152841213307885,9.340143049135804,0.07188093781094713,0.7267523233313113,0.005593023391881862,84.46312642097473,0.5407956819033928,29.161783814430237,0.18671540388928604,31.999518513679504,0.2048846895500206,9.423249359242618,0.060334642807063056,1.135385564994067,0.007269581850237523,48.80164033174515,0.21205314395756186,73.07409501075745,0.3175219415484467,94.39115971326828,0.41014896308677257,13.280022228136659,0.05770442235464878,0.5918084192671813,0.0025715290525701274,24.85177832841873,0.13285602508426,53.42579197883606,0.28561088327308964,93.24953165650368,0.4985060607387215,14.871020106598735,0.07949952692325205,0.6598477330990136,0.003527503980676806,40.177051186561584,0.2112599968804118,51.756150633096695,0.2721455133807166,74.94444435834885,0.39407479179668403,22.616616209968925,0.11892326910148264,0.6839624526910484,0.003596428840704964,42.73573911190033,0.15066557374561942,87.28203094005585,0.3077142818293862,126.38956022262573,0.4455885402271134,26.159906908869743,0.0922271959129243,1.0791064999066293,0.003804408284956649,29.15786111354828,0.12337176491224919,48.575750052928925,0.20553208593141686,141.9324637055397,0.6005398845102496,15.99911043792963,0.0676948999814056,0.6762590577127412,0.0028613646646786753,34.921651154756546,0.17216211782582105,42.529282450675964,0.20966738668436663,106.40078943967819,0.5245509488396342,18.385273662395775,0.09063854502464497,0.6046713421819732,0.0029810016255331314,38.350898653268814,0.12253666443140487,59.951677083969116,0.19155427369137057,197.22859394550323,0.6301738650527821,16.802785774692893,0.05368732922274906,0.640931130386889,0.0020478676016934773,30.970933228731155,0.26779501237806763,20.571834325790405,0.17787757918782926,35.482996463775635,0.3068092720051697,23.18080323934555,0.20043643646667134,5.4450759664177895,0.047081699962262004,29.348827555775642,0.35209657351864787,15.236115872859955,0.18278700170805837,24.212611213326454,0.29047761543284345,11.93891779333353,0.14323066359515624,2.618009724188596,0.0314081457452941,22.69744247198105,0.1654884280983841,38.32490348815918,0.279429193095524,60.70800217986107,0.44262572164861275,14.051982048898935,0.10245385240251827,1.3719272585585713,0.010002804754960893,22.945225030183792,0.17484182885166105,30.763655483722687,0.23441800112489122,63.02688580751419,0.48026271117038216,13.981961297802627,0.10654206620441126,0.5164580495329574,0.003935392648654304,27.924765288829803,0.15086817106731945,23.823001384735107,0.12870771199236883,118.8734399676323,0.6422334544588403,13.723973758518696,0.07414604202785645,0.7486342284828424,0.004044620453615035,26.441153466701508,0.11326137519263874,26.82670432329178,0.1149128924110198,161.8294141292572,0.6932005448998753,17.524882931262255,0.07506829622181294,0.8303652317263186,0.0035568912746532064,Alzheimer_patient114,1,train
44.62351357936859,0.28647861642057226,23.1933516561985,0.14889906149603452,78.53545820713043,0.504190002141305,8.603906583040953,0.05523624331682002,0.8093699932796881,0.005196076625268148,50.41480612754822,0.3229639078815448,24.016488760709763,0.1538527995947931,72.80029517412186,0.46636830785146555,7.999350555241108,0.051244896376252604,0.8694931993959472,0.005570088295944003,30.252172470092773,0.1579167398265768,32.543606132268906,0.16987805380551363,112.82916402816772,0.5889697263329029,14.568786891177297,0.07604925997818207,1.3766670259647071,0.007186220056824542,40.91901624202728,0.20840897207649658,35.83139055967331,0.18249664729092777,104.63843557238579,0.5329450900859,14.32117779739201,0.0729407062483021,0.629973420582246,0.0032085842983735338,33.451982617378235,0.2994301746463346,26.19382867217064,0.2344621179460282,43.19835144281387,0.38667035269341105,8.219598308205605,0.07357398767958628,0.6550483843311667,0.005863367034639843,31.314025044441223,0.3157456014771625,24.380341291427612,0.24583187611159035,34.35668072104454,0.3464253095419537,7.6296745557338,0.07693154036430129,1.4941359243821353,0.015065672504992142,34.7996683716774,0.1444986186748116,42.82799005508423,0.17783460857963168,148.52508601546288,0.6167205255685452,14.097679382190108,0.05853777615032631,0.5800331780337729,0.0024084710266852835,18.73839694261551,0.10864917218747613,30.996083676815033,0.17972182160794972,106.47390449047089,0.6173581239571795,15.722059674561024,0.09115981340102439,0.5365567153930897,0.003111068846370238,27.77125585079193,0.14391479941807928,37.09929350018501,0.19225408499051821,99.87841153144836,0.5175848596467011,27.490070122294128,0.14245765293779744,0.7310871699592099,0.003788603006904011,29.85696303844452,0.08987859190618529,52.41499572992325,0.15778517074587395,211.40235817432404,0.6363857654875928,37.44382815063,0.1127173766944227,1.0740088470629416,0.0032330951659252116,17.653334498405457,0.060039075025869325,34.69167736172676,0.11798656056067482,218.9777034521103,0.7447442163258925,22.140826147049665,0.07530105557663992,0.5672125254932325,0.001929092510923476,19.65392428636551,0.09273421489412227,42.169580549001694,0.19897110051141245,124.17667555809021,0.5859097831179813,25.381959728896618,0.11976112625845102,0.5560782451066189,0.0026237752180330435,23.516040295362473,0.06802191322081523,40.57520031929016,0.11736681517679835,256.87179827690125,0.7430209742714173,24.113223974592984,0.06974931187702164,0.6364520794595592,0.001840985453947498,9.49042558670044,0.10133358608729713,22.599040240049362,0.241300220810384,37.42366123199463,0.399589434900426,19.670238699764013,0.2100280760257476,4.471916296985,0.0477486821761453,7.069369822740555,0.11355804520961597,16.445017337799072,0.2641627286652197,25.685718178749084,0.4125997110521927,10.583865577355027,0.17001276151370606,2.469388673081994,0.03966675355926559,9.377181977033615,0.06280852787418519,41.19515925645828,0.275925892744513,85.72867178916931,0.5742121337598535,11.582965657114983,0.07758290530379329,1.4139318813104182,0.009470540317654982,9.195484846830368,0.07917766304733943,26.810414969921112,0.23085090541794231,68.21865606307983,0.5873962986483203,11.267925626598299,0.09702240103335133,0.6448796244803816,0.005552731853046613,11.93805804848671,0.06484774701988198,15.99935382604599,0.08690877906432441,143.3223955631256,0.7785298422919938,12.113846386782825,0.06580263244970422,0.7199900893028826,0.0039109991740954924,12.291935324668884,0.08586881103534683,16.518744438886642,0.11539638855056805,99.57404696941376,0.6956028320521337,13.944247992709279,0.09741151122988209,0.818871115683578,0.005720457132069309,Alzheimer_patient115,1,train
48.60819697380066,0.3576197351789641,26.655293822288513,0.19610805813229812,49.61579233407974,0.3650328055733418,10.221610471606255,0.07520232918593148,0.8205676382640377,0.006037071929464499,66.00843179225922,0.44339115719439814,29.399619966745377,0.1974828239997581,43.02456080913544,0.289004136092511,9.629663166590035,0.06468427409795448,0.8095064855879173,0.0054376086153782605,28.424511909484863,0.174802187778923,33.07431346178055,0.20339706696866555,79.6671615242958,0.4899290504241459,20.008255671709776,0.12304474659731451,1.4353464238811284,0.008826948230951055,37.75067412853241,0.22099659678949252,51.73639953136444,0.3028705709372064,61.725098729133606,0.3613455142334504,19.03365611610934,0.11142511553038591,0.5743319722241722,0.0033622025094647953,27.29428720474243,0.2719104838565789,28.07395601272583,0.27967768148428657,35.42923054099083,0.3529522184185578,9.009135942906141,0.0897505948768528,0.5730697343824431,0.00570902136372393,42.133015871047974,0.3654390362069293,32.977553486824036,0.28602949761705926,29.2947039604187,0.2540864488321388,9.79189786594361,0.08492963640957889,1.0970686111832038,0.009515380934293716,26.813042551279068,0.14781396447652737,47.68188226222992,0.2628589440159225,86.00768101215363,0.4741400115830016,20.289534992538393,0.11185140958534238,0.6050813335459679,0.003335670339206132,22.608689546585083,0.1419085193740307,34.70856416225433,0.21785610084632337,81.64705413579941,0.5124760787125182,19.66307811625302,0.1234197274487693,0.6913754941197112,0.00433957361835845,19.73347008228302,0.1161671313706082,54.948412239551544,0.3234707021432203,72.82212942838669,0.4286898270157725,21.576055479235947,0.12701407612877166,0.7913055887911469,0.004658263341627279,23.157391786575317,0.08209522725918206,67.40184438228607,0.2389461552168226,146.95278179645538,0.5209620379158049,43.408746000379324,0.15388826603534653,1.158871595398523,0.00410831357284396,19.439922153949738,0.0819181522974502,39.96978148818016,0.16842920569922634,157.68681818246841,0.6644786272740948,19.6459933007136,0.0827865183048358,0.5665746032027528,0.0023874964243928583,15.630304992198944,0.07547274510883714,55.94024693965912,0.2701139869445589,113.86431950330734,0.5498071065889876,21.03820344246924,0.10158541159329998,0.6255932529456913,0.0030207497643164024,20.16391670703888,0.06761602132352232,52.69415205717087,0.17670023938746093,201.0330014526844,0.6741275472642326,23.570646656677127,0.07903986958995614,0.7503978345775977,0.0025163224348279385,11.573245108127594,0.1518941094113879,22.82469469308853,0.2995647841726581,25.79221412539482,0.33851226321763245,12.58849835023284,0.1652188930477685,3.414197814418003,0.04480995015055306,12.01486074924469,0.2039749975143312,18.050089120864868,0.3064344198740149,16.78379002213478,0.28493659639469515,9.982224237173796,0.16946714626659506,2.0726313879713416,0.03518683995036365,13.115035891532898,0.09284080628740678,64.32611930370331,0.45536198534929917,51.94942185282707,0.367747846888841,10.39020100235939,0.07355181080137482,1.4829228585585952,0.010497550673078209,8.510263919830322,0.07714900834120826,57.7094879001379,0.5231600107019201,33.992732495069504,0.30815796401938916,9.487616827711463,0.08600911048994746,0.6093390277819708,0.005523906447534976,15.248439311981201,0.0725711823999001,42.34916806221008,0.20155041031063786,136.37924814224243,0.6490633624855859,15.53561323042959,0.07393791576780857,0.6045337287941948,0.0028771290360675656,12.511792957782745,0.07960908801036118,36.90357679128647,0.2348072816252287,91.04166328907013,0.5792729954727166,15.928537603467703,0.10134889189978445,0.7798142470419407,0.0049617429919090374,Alzheimer_patient116,1,train
617.4048986434937,0.8949872942715636,38.45376789569855,0.055742404634516,16.284121811389923,0.023605387893075157,15.388280242681503,0.02230678008572554,2.3166003013029695,0.003358133115119693,670.4351110458374,0.8984555124097328,39.03686547279358,0.05231361901156552,16.98205640912056,0.022757791084399577,16.557537458837032,0.022188889807123614,3.196897128596902,0.004284187687178509,530.4112510681152,0.890618248126643,35.5487380027771,0.05969020208261108,14.043078392744064,0.023579857801403772,13.594895295798779,0.022827309578043926,1.9560270491056144,0.003284382411298159,552.8418073654175,0.8874977202601468,36.65315246582031,0.058840682488872795,15.526129007339478,0.024924678117497743,14.856275096535683,0.023849336472156576,3.0445825047791004,0.004887582661326066,584.5499224662781,0.875504833221932,42.3002735376358,0.06335488639286645,20.974687457084656,0.03141466543442474,16.570918932557106,0.024818957387201614,3.27603708114475,0.004906657563575267,568.3802227973938,0.8679781146912472,39.74697291851044,0.060697929369703855,21.125868320465088,0.03226148732931759,19.18697340786457,0.029300584955655407,6.392398048192263,0.009761883654075956,529.2804045677185,0.8950169159703918,35.55280411243439,0.06012004377301531,12.919311434030533,0.021846647214515583,11.956432562321424,0.020218412217011768,1.6546239480376244,0.002797980825065503,516.9377775192261,0.8976380411265906,34.26846396923065,0.05950556954335436,13.040680468082428,0.022644525858611556,10.070461239665747,0.017486880420687797,1.569281400181353,0.0027249830507556443,518.7948513031006,0.896479666824709,34.93293523788452,0.060364257788232,13.232552915811539,0.02286590662843026,10.115934636443853,0.01748037724299119,1.6260328320786357,0.0028097915156375442,545.0211310386658,0.9028757995806942,34.98851811885834,0.057961580705146454,12.118736386299133,0.020075760702773993,9.902913197875023,0.01640505324017484,1.618872513063252,0.0026818057712105427,529.852861404419,0.8866342302741623,35.78710687160492,0.05988468925267559,18.10562354326248,0.030297214119716746,12.170484486967325,0.020365593792518327,1.6842004624195397,0.002818272560927012,521.9438638687134,0.8911485609343696,35.03205990791321,0.0598125046285745,16.087975293397903,0.027468042108577066,11.074462775141,0.01890814750084031,1.559564122930169,0.002662744827638543,530.25981092453,0.8927146807241942,35.49967956542969,0.059765202748081246,15.915492624044418,0.026794400827152735,10.733975607901812,0.01807109912969282,1.5768044497817755,0.0026546165708790067,548.3642325401306,0.8673712051976141,39.32546257972717,0.06220276934315806,25.86173564195633,0.040906615495977204,14.767021223902702,0.023357630268523902,3.89556348323822,0.00616177969472667,594.3351984024048,0.8735194431173647,41.27746033668518,0.06066721988453992,24.81037789583206,0.03646485609695451,16.132413409650326,0.023710486633833263,3.8360433392226696,0.005637994267307565,522.273181438446,0.8593544160001326,39.44398057460785,0.06490158808854644,30.123725175857544,0.04956593058243894,13.947640750557184,0.022949611616592952,1.9620947539806366,0.003228453712289031,529.1558780670166,0.8610617949198707,38.684998989105225,0.06294964498497672,31.143550038337708,0.050677923477194395,13.766093544661999,0.02240069081326597,1.7882745889946818,0.0029099458046922422,548.4075989723206,0.8707207559449259,38.52646601200104,0.06116945438523943,28.13800549507141,0.04467543021169488,12.989168096333742,0.020623234041850447,1.7705361098051071,0.00281112541628932,545.9146461486816,0.866395924826268,38.86065316200256,0.061673948067105466,30.435522735118866,0.048302812635077165,13.126653268933296,0.020832705220577244,1.760878689121455,0.0027946092509720695,Alzheimer_patient12,1,train
631.6435232162476,0.8761903081940952,53.70309805870056,0.0744947621712908,14.593772768974304,0.020243890406811783,15.430721700191498,0.021404872060279717,5.526521800085902,0.00766616716752253,596.8526015281677,0.8792440216443601,50.1036981344223,0.07380947479188535,14.905809968709946,0.02195825949187324,12.789375215768814,0.018840466926406764,4.17326327227056,0.006147777145474502,563.5413022041321,0.8867314421218424,46.3476676940918,0.07292798957702483,12.845024555921555,0.02021162797476192,10.138424463570118,0.015952796556814603,2.654049903154373,0.0041761437695562705,560.3614993095398,0.8826101021144729,46.86994290351868,0.07382356772038473,13.741156488656998,0.021643320511077858,10.81652307510376,0.017036810251246957,3.1022056248039007,0.0048861994028176255,615.0522356033325,0.8753001104362451,52.458038687705994,0.07465467873891439,14.257347524166107,0.02029007804546691,14.53414711356163,0.02068400021523017,6.374065645039082,0.009071132564143393,569.9959897994995,0.8738157825009767,47.21941125392914,0.07238834576468058,15.084733843803406,0.023125212709266,14.055000312626362,0.02154660965342788,5.9516795836389065,0.009124049371648903,558.6266222000122,0.8915551619726927,45.5617960691452,0.07271557219063138,11.898928016424179,0.01899041376367873,8.766024503856897,0.013990372255467775,1.7221301184035838,0.002748479817529409,541.9882411956787,0.9010256680882996,38.38118535280228,0.06380661155717571,11.417869836091995,0.01898158117695351,8.178508032113314,0.013596320184629085,1.557837352156639,0.002589818992942083,540.5732431411743,0.9002853455925592,38.67977732419968,0.06441835058910994,11.437360942363739,0.019048091224103884,8.181447878479958,0.013625605270294988,1.574735558591783,0.002622607323931959,542.624098777771,0.903794784625244,37.41753131151199,0.06232264606210607,10.898185580968857,0.01815201962489984,7.905300624668598,0.013167069968995733,1.5390726919285953,0.0025634797187543985,553.9120378494263,0.8942050292230183,42.14905047416687,0.06804310131497875,12.870724648237228,0.020777787669830315,8.835122611373663,0.014262934424689212,1.6794103300198913,0.0027111473674834687,545.1096067428589,0.893029889091123,40.83509695529938,0.0668984029155417,13.662806034088135,0.022383194143652092,9.10369647294283,0.01491419881614091,1.6934548276476562,0.0027743150335422426,547.5181660652161,0.8942410159740332,41.39695596694946,0.06761210541771834,13.118645548820496,0.02142619487511787,8.64239202439785,0.014115296812677572,1.5952038019895554,0.0026053869204530965,566.4782552719116,0.8754263763583591,46.335219979286194,0.07160570303755708,14.167916864156723,0.021894870642442818,14.515679359436035,0.02243229720426129,5.591330897063017,0.008640752757379697,552.8923406600952,0.8817313364572239,43.538995146751404,0.06943430674571553,14.160261929035187,0.02258223845236509,12.283513203263283,0.019589272117918118,4.17795817553997,0.006662846226777404,566.9427399635315,0.8835038754277896,46.89803874492645,0.07308427476074643,15.815217435359955,0.02464588557174657,9.97220291569829,0.015540334678487065,2.069880294147879,0.0032256295612302895,564.6408758163452,0.8731176504602798,48.556312084198,0.0750837832289006,19.93958216905594,0.03083305137878195,11.2579350695014,0.01740841344988737,2.300359974615276,0.0035571014821502885,603.9320297241211,0.8795041600389235,49.02222120761871,0.07139089394901647,20.266422867774963,0.02951392266685759,11.374058693647385,0.016564002975896837,2.078574086073786,0.0030270203693056144,568.4998044967651,0.8575573797927895,49.52012896537781,0.07469897387236842,30.24083387851715,0.04561699064534639,12.502186387777328,0.018859007717467756,2.1662191674113274,0.0032676479720280117,Alzheimer_patient13,1,train
1035.8373975753784,0.9002718833008406,60.5221666097641,0.052601310826156544,17.553243041038513,0.015255957361245152,25.728759735822678,0.02236150098131434,10.941292271018028,0.009509347530443388,1107.0631837844849,0.8558259611707693,63.02622413635254,0.04872303554171737,18.53792130947113,0.014330920362242618,61.96791535615921,0.047904899646412646,42.96586948633194,0.03321518327885812,633.0210008621216,0.8839610510527466,42.89418125152588,0.05989814791532405,13.390825897455215,0.01869917193688344,19.12912529706955,0.026712228631100853,7.68352385237813,0.01072940046394507,641.9328827857971,0.8872360465702689,42.00863575935364,0.058061484171354226,12.951072484254837,0.01790009307501,18.485008880496025,0.025548724235427922,8.142240460962057,0.011253651947938962,669.9104480743408,0.8918067424750561,48.06392681598663,0.0639842745064455,14.18618556857109,0.018885115132060308,13.771414697170258,0.01833295855537042,5.251455252990127,0.00699090933106769,674.743890285492,0.8908311582453944,48.48357021808624,0.06401047217333854,14.303529530763626,0.018884246248596727,14.137397803366184,0.01866491070325944,5.763459982350469,0.007609212629410959,610.1332674026489,0.904235756980859,42.55393099784851,0.06306619891774767,11.627603560686111,0.01723245636535945,8.546845342963934,0.01266668051291997,1.8885632380843163,0.0027989072231139576,568.631679058075,0.9109244189224797,35.461625158786774,0.05680805604310255,10.270355969667435,0.016452685258924588,8.074112579226494,0.012934394231657665,1.7980773728340864,0.002880445543835533,576.081681728363,0.9123299958869888,35.33820116519928,0.055964461197538756,10.24090000987053,0.01621832556080084,7.97400089725852,0.012628279003721243,1.8052481235936284,0.002858938350950313,573.1479115486145,0.9081964295301143,37.785413682460785,0.05987385996401467,10.74827989935875,0.017031466453070965,7.880689136683941,0.012487550930500142,1.5213489984162152,0.0024106931222999447,576.1784067153931,0.9055235705063719,37.92167675495148,0.059597811605762066,11.22276920080185,0.017637734977976802,8.824605327099562,0.013868774030700345,2.1456496380269527,0.003372108879188866,579.1963257789612,0.9045197418734835,38.76278781890869,0.06053509884597663,11.326804280281067,0.017688851996898236,8.81294858083129,0.013763011988649874,2.2368818568065763,0.0034932952949917654,579.4456815719604,0.904747386358357,38.93743395805359,0.06079696980307057,11.409389287233353,0.017814638137548126,8.702922020107508,0.013588755946910976,1.9548140903934836,0.0030522497541132375,606.8665037155151,0.8895821014139061,42.7664350271225,0.06268966059007135,13.416044503450394,0.019666059980197197,13.32240154594183,0.019528792395954103,5.821414221078157,0.008533385619871226,606.9325847625732,0.8925473477147569,40.84762263298035,0.06006999485088135,12.432950526475906,0.01828373907625327,13.949213698506355,0.020513536432021796,5.838063444942236,0.008585381926086683,591.8727216720581,0.8905797271350541,41.72471296787262,0.06278238906625168,13.43606150150299,0.020216988463287105,12.713108755648136,0.019129175094703285,4.846023520454764,0.00729172024070391,595.3036437034607,0.890606459045965,41.96228039264679,0.06277784177750671,13.313333928585052,0.01991746785635324,12.777737334370613,0.01911618637370871,5.068028574809432,0.007582044946466296,601.2437963485718,0.8824920791414992,43.9179892539978,0.06446183375837272,14.68933054804802,0.02156066796076877,14.95807296037674,0.021955122010273803,6.493012415245175,0.009530297129085536,599.5470080375671,0.8895116729418165,43.37901163101196,0.06435881872342893,13.713471472263336,0.02034584909540321,12.590102940797806,0.01867917507592168,4.788551239296794,0.007104484163429609,Alzheimer_patient14,1,test
603.8266639709473,0.8842415025956086,40.1399712562561,0.05878082339782892,18.390280604362488,0.026930657960375814,14.908990770578384,0.021832670181313144,5.609373735263944,0.008214345864873534,625.0849146842957,0.8778688207954334,41.15267550945282,0.05779478895328408,17.973184764385223,0.02524152822183873,20.059218257665634,0.028171152213501926,7.778207924216986,0.010923709815941924,568.8266892433167,0.8952501546716495,37.81356859207153,0.05951303581723915,15.901554495096207,0.025026724994552996,10.415239609777927,0.016392066420089366,2.4259036225266755,0.003818018096468982,569.4496006965637,0.8919474369886897,38.54943084716797,0.06038122776703124,16.00171571969986,0.025064007958121734,11.369495049118996,0.017808410009441736,3.063792117871344,0.004798917276715522,575.6926212310791,0.8895272434945389,39.53781700134277,0.061091568788544486,19.172456920146942,0.029624181596641617,10.365516103804111,0.016016201401883375,2.4210092378780246,0.0037408047183916083,579.2439136505127,0.8891726686610403,40.10597085952759,0.06156496822498205,19.752463340759277,0.030321165449360518,9.95224068313837,0.01527726092383653,2.386840185150504,0.0036639367407806456,566.1176462173462,0.8928258215257895,38.6893755197525,0.06101712906062807,17.622963547706604,0.02779322816084669,9.571125537157059,0.015094650516083628,2.0728961885906756,0.0032691707366521586,564.1206192970276,0.9059693997209668,35.830294609069824,0.057542925020637375,12.792287200689316,0.020544224692068035,8.385349854826927,0.013466748270776912,1.5421700039878488,0.0024767022955509152,561.3837413787842,0.9049262985172314,36.282533168792725,0.05848587342523472,12.774702697992325,0.02059226795339671,8.362999081611633,0.013480792630079947,1.5600713291205466,0.0025147674740572147,564.6371717453003,0.9026264515955866,35.96662986278534,0.057496093267380616,14.788689970970154,0.023641133492828946,8.51365702971816,0.013609893962671591,1.6429594936780632,0.002626427681532207,567.6543302536011,0.8721460601974756,38.89079308509827,0.05975194790105895,32.41876608133316,0.04980830341180844,10.085082095116377,0.015494754725282136,1.8217440219596028,0.0027989337643748065,568.3331732749939,0.8824690309713901,37.912558794021606,0.058868038315999814,26.44240465760231,0.041057964433578814,9.607032410800457,0.014917145401202356,1.7310270559974015,0.0026878208778289116,567.0582432746887,0.8755489617541149,37.616108894348145,0.058080004088261396,31.28700953722,0.048307751525683174,9.934753008186817,0.015339451960648004,1.7641168031841516,0.0027238306712925545,564.468469619751,0.8790793719568494,39.63560771942139,0.061726822694965704,26.507865369319916,0.041282230797543035,9.483349200338125,0.014768967812669172,2.0179092725738883,0.0031426067379726804,560.8519864082336,0.8803214169283842,39.40612208843231,0.06185242109010093,19.943873524665833,0.03130419330902554,12.789179883897305,0.020074082341841878,4.10794260725379,0.006447886330647482,568.7036409378052,0.8168466731819454,44.12236177921295,0.06337431631850916,69.051937520504,0.09918143894309939,11.843918323516846,0.017011787130551296,2.4964889073744416,0.0035857844258947863,572.7000694274902,0.8413387696565721,42.181899070739746,0.06196833030146365,52.269094944000244,0.07678716727799444,11.481941267848015,0.016867821142779436,2.0679092169739306,0.0030379116211904185,571.3333840370178,0.8446170899637705,41.0964732170105,0.06075399160304706,50.180611193180084,0.07418331045021004,11.731236632913351,0.017342594050001586,2.0990049480460584,0.0031030139329707896,571.2685685157776,0.8366011062611395,41.53538203239441,0.06082698834203499,55.664698243141174,0.08151883491664261,12.232853893190622,0.01791454958980736,2.1431221198290586,0.003138520890375558,Alzheimer_patient15,1,train
689.8231840133667,0.905599473766113,45.80165922641754,0.06012839152743646,12.030679941177368,0.015793869612198544,10.863029852509499,0.014260979256602597,3.2124373177066445,0.004217285837649362,700.8982710838318,0.9089146298486075,45.05175793170929,0.05842246096742184,11.726398199796677,0.015206621729490291,10.422839440405369,0.013516185790126492,3.0383606487885118,0.003940101664353912,615.8824510574341,0.8999267246097279,44.290457248687744,0.06471716486619258,12.213895440101624,0.017846929879661928,9.747710824012756,0.014243343773207363,2.2350393226370215,0.0032658368712102,579.6447367668152,0.9078161761362458,38.30643856525421,0.05999399696731273,10.48375490307808,0.016419233513183223,8.235628690570593,0.01289830903607332,1.8339665541425347,0.002872284347184914,632.0062203407288,0.8967804971364549,44.999212861061096,0.0638512963662534,12.930068224668503,0.018347023553463033,11.093288362026215,0.01574073851173901,3.721394184976816,0.005280444432089644,637.0264039039612,0.9046749302977312,42.88121271133423,0.0608978809715979,12.15941858291626,0.017268234238873283,9.647043325006962,0.013700277090783862,2.435425978153944,0.003458677401013774,569.9948892593384,0.8993257702369936,43.41839337348938,0.06850461433751599,10.837082922458649,0.017098518127112525,7.922833040356636,0.012500476865216206,1.6292655649594963,0.002570620433161724,564.5294752120972,0.9098768365414978,36.54253840446472,0.05889720679360209,10.09572747349739,0.016271725356270736,7.736297350376844,0.01246892867207798,1.5419961656443775,0.0024853026365514396,568.5465359687805,0.9106338826624134,36.315434217453,0.058165977224116976,10.19165250658989,0.016323842474931006,7.764615744352341,0.01243648801872137,1.5232744291424751,0.0024398096198172126,599.6456232070923,0.9128085268245546,37.68291687965393,0.05736269308429468,10.285593628883362,0.01565721019972251,7.775478530675173,0.01183619596017692,1.5341626587323844,0.002335373931251245,568.8459997177124,0.9078676386858752,37.751333475112915,0.060250426295169066,10.443103581666946,0.016666999142025896,7.9255173951387405,0.012648978399178487,1.6077615111134946,0.0025659574777514137,573.6268081665039,0.9080015466138922,37.8689181804657,0.059943217065400844,10.600922733545303,0.016780342376884718,8.059324529021978,0.012757212586359996,1.590536410920322,0.0025176813574622156,576.4174919128418,0.9094177276735758,37.58171206712723,0.0592929181880853,10.428900271654129,0.016453745627511444,7.819983921945095,0.012337640874046431,1.5832902705296874,0.002497967636781064,569.5739245414734,0.8983392455720799,41.61666297912598,0.065638330711843,11.621402353048325,0.018329423754311708,8.990402814000845,0.014179777783578186,2.227487837895751,0.0035132221781872443,605.4173431396484,0.8996369715112125,42.33699989318848,0.06291185873410479,12.136182188987732,0.018034102118033985,10.225978530943394,0.015195581131864856,2.840880515985191,0.004221486504783864,575.0643086433411,0.9035119721363645,40.166359305381775,0.06310735332394121,11.025498688220978,0.017322706197994517,8.392554394900799,0.013185957220136615,1.827968129888177,0.002872011121563132,582.7173881530762,0.8997632098059852,41.69709312915802,0.064383715187189,12.320062011480331,0.019023181332537015,9.031468149274588,0.013945323988027497,1.868145857937634,0.0028845696862612974,575.1316070556641,0.9013803485115622,41.2270770072937,0.0646135190364364,11.360243141651154,0.017804446489421567,8.539349339902401,0.01338337450008765,1.7982419999316335,0.002818311462492142,593.2584948539734,0.8981056974802736,43.55535161495209,0.06593636632337405,12.449990332126617,0.018847445671400738,9.370204351842403,0.014185104786431282,1.9324116804637015,0.0029253857385203802,Alzheimer_patient16,1,train
826.5042781829834,0.9001158246490496,61.35995852947235,0.06682490475864136,16.138915985822678,0.01757630789698627,11.764385640621185,0.01281216560146197,2.452379086986184,0.0026707970938608266,803.0622363090515,0.8995880902242035,57.99562430381775,0.06496653752344271,15.739349842071533,0.017631176047918168,12.679911591112614,0.01420400180300717,3.222820334136486,0.0036101944014284774,632.4133195877075,0.8771212540170237,60.24857139587402,0.083561336959087,15.501391887664795,0.02149954763821541,10.608170729130507,0.014712928593641362,2.238688032142818,0.0031049327920325146,608.3620219230652,0.8890329284839588,49.40838027000427,0.07220318728023079,13.801223009824753,0.02016848729363378,10.485596746206284,0.015323180024805242,2.239166217856109,0.0032722169173714693,710.1189851760864,0.8829793507861017,59.69071877002716,0.07422090270469964,16.404285788536072,0.02039749100931238,13.510256581008434,0.01679898416163935,4.506322093307972,0.005603271338246899,720.5000343322754,0.886357699512723,57.366872787475586,0.0705726120322381,15.979903429746628,0.019658445201258208,13.985627137124538,0.017205090499395576,5.044840559363365,0.006206152754385074,591.706796169281,0.879613293058622,55.42441952228546,0.08239225320290669,14.248896330595016,0.021181975101431643,9.608320131897926,0.01428343592924066,1.7012609629891813,0.002529042707798944,574.8567571640015,0.9005585825227576,41.552616119384766,0.06509546005372897,11.56924456357956,0.018124136761367045,8.627358611673117,0.013515439708099831,1.7275737626478076,0.0027063809540465505,571.4154229164124,0.8973913531428127,42.87180054187775,0.06732891965636059,11.803884625434875,0.01853765854323145,8.859656881541014,0.013913834241170188,1.8008829252794385,0.0028282344164251016,562.7486300468445,0.8952033726522567,39.582180976867676,0.06296612735329862,12.434838443994522,0.019780962083414056,12.0707413777709,0.01920176756519898,1.790184118784964,0.0028477703458316826,592.1350259780884,0.8974460993837202,42.474687695503235,0.06437508528043338,14.261956542730331,0.021615571968085362,9.12019095942378,0.013822657743729583,1.8082386683672667,0.0027405856240314123,572.9457445144653,0.8893813686645569,45.40305161476135,0.07047897392257264,15.106354236602783,0.02344953276137337,9.084430288523436,0.014101724501665695,1.6674656150862575,0.0025884001498313962,575.0425071716309,0.8956884962727941,41.17663025856018,0.06413688306152077,15.00418996810913,0.023370585970118374,9.083386473357677,0.014148318898029026,1.7050006524659693,0.002655715797537684,635.4237985610962,0.883689391785001,54.628323554992676,0.07597208371147295,14.717337965965271,0.020467529647597335,11.453675456345081,0.015928725868688397,2.8347194818779826,0.003942268987240317,602.9526281356812,0.8741979537551584,52.6074343919754,0.07627350699170478,14.585593044757843,0.021147093484703273,13.975425131618977,0.020262434365192775,5.599852118641138,0.008119011403240745,615.5313954353333,0.8885297925573167,49.15630376338959,0.07095794091035543,15.079967260360718,0.021768183200700952,10.606475539505482,0.015310623602254823,2.3785384306684136,0.003433459729372069,616.9010124206543,0.8789238266540885,53.72134757041931,0.07653897696541762,18.182711899280548,0.025905645151652255,10.825385894626379,0.015423365181680568,2.2517687659710646,0.003208186047161008,607.7747449874878,0.8838592563162272,48.00824689865112,0.06981621686462335,19.262275248765945,0.028012253580367564,10.486262626945972,0.01524969631171483,2.1059426572173834,0.0030625769270671084,592.1333808898926,0.8758491605367401,50.742249965667725,0.07505497658210832,20.750027537345886,0.030692230477508037,10.467873387038708,0.015483467770156974,1.974229165352881,0.002920164633486525,Alzheimer_patient17,1,train
668.3871688842773,0.8507329674750425,60.419466495513916,0.076902780929786,27.725269973278046,0.03528912925989648,24.636791080236435,0.03135806813846996,4.491662854328752,0.005717054196805072,632.7857971191406,0.8432381842123471,55.029109477996826,0.07333073303210033,26.167944252490997,0.034870899278236944,29.34841561317444,0.03910913425021615,7.092289973050356,0.009451049227099537,618.1110653877258,0.8355529139370494,61.91437268257141,0.0836948849589941,31.44913339614868,0.042512448848434435,25.099488705396652,0.033929098022163776,3.1888621728867292,0.004310654233358184,600.0749368667603,0.8390018822677505,57.038872957229614,0.07974957598366178,27.98512601852417,0.039127735491901315,26.97590258717537,0.03771667779475512,3.149941811338067,0.004404128461931298,670.1522378921509,0.826421134760438,77.80766534805298,0.09595118161844683,31.190934777259827,0.03846416717780207,25.243633285164833,0.03113004909245656,6.514410022646189,0.008033467350856532,614.3100399971008,0.8197496828750512,59.3470664024353,0.07919411322528694,33.05790340900421,0.04411323936065439,31.192397266626358,0.04162386433982138,11.479939855635166,0.015319100199186069,604.1880798339844,0.8450518937147624,57.97150707244873,0.08108225479478587,26.10426115989685,0.03651090788361289,24.083656549453735,0.03368477507911778,2.6240661572664976,0.0036701685277210016,595.9357080459595,0.8720392142693416,47.28064429759979,0.0691862819206118,21.02817279100418,0.030770754345824547,17.01283920556307,0.02489507296341723,2.1244128718972206,0.0031086765008047725,589.6262550354004,0.8701100130068387,47.90850031375885,0.07069845597130014,20.622921645641327,0.030433194702720018,17.321154907345772,0.02556078565534575,2.166806260123849,0.003197550663795436,593.2944588661194,0.8557282282888342,46.31330180168152,0.06679920755151046,19.742705523967743,0.028475557401869182,31.274142138659954,0.04510772997057049,2.696517761796713,0.003889276787215659,614.1396226882935,0.842307765245815,66.08799934387207,0.09064133460927543,30.228535652160645,0.04145918838515973,16.45184901356697,0.022564120054850367,2.2074639508500695,0.0030275917048995546,602.1911745071411,0.86509299267844,54.496952056884766,0.07828897755821368,22.778768599033356,0.03272341729849407,14.557205520570278,0.02091252250438936,2.075832622591406,0.002982089960462944,603.4532308578491,0.8498465458872706,59.8447585105896,0.08427970670963704,29.557196617126465,0.041625564611639236,15.201814100146294,0.021408799462162485,2.0161699214950204,0.0028393833292906395,646.9959344863892,0.8166329192295395,92.41379070281982,0.11664392255976232,28.513963520526886,0.03599008900582562,19.865665405988693,0.02507427862867213,4.483305057510734,0.005658790576200398,604.6012811660767,0.8340680883889692,60.34503698348999,0.0832480366953698,31.95142537355423,0.044078081063977835,20.940101385116577,0.02888758406080492,7.0445592775940895,0.009718209790878217,630.3806505203247,0.8109480299185806,92.07916283607483,0.11845448561410042,32.79800474643707,0.04219272484399622,18.530545443296432,0.023838468563643616,3.5495511703193188,0.004566291059679084,605.4172716140747,0.8121312851253699,77.33890914916992,0.10374554975951798,40.836571753025055,0.05477983376569333,17.700851567089558,0.023744640275405817,4.173640809953213,0.005598691074012948,618.711413860321,0.83298243844503,68.98386073112488,0.09287422736658503,34.54169088602066,0.04650410717774087,17.468920148909092,0.02351872517083527,3.0605705492198467,0.004120501839808858,616.1962299346924,0.8188904788508501,73.3673803806305,0.09750116331983164,40.72775709629059,0.054124921398232634,18.43358450382948,0.024497207395894626,3.7520225383341312,0.004986229035191042,Alzheimer_patient18,1,test
609.9077129364014,0.8954440593118551,38.08641040325165,0.0559170661605671,14.954412758350372,0.021955518484086778,13.52380222082138,0.019855148739864745,4.650850331410766,0.00682820730362629,579.2874455451965,0.8926609573902391,37.10451400279999,0.057176711230236356,14.629686772823334,0.022543817065907554,13.409102439880371,0.020662940848756077,4.513781353831291,0.006955573464860947,515.1184101104736,0.882625306311431,35.06238776445389,0.060077353348668545,11.958106100559235,0.02048951629907216,14.35460677742958,0.024595780223020454,7.127201713621616,0.012212043817807883,524.0145406723022,0.8892964810336138,35.44694948196411,0.060156436493620305,12.625694960355759,0.02142685980515518,12.597108639776707,0.021378346429430848,4.561870880424976,0.007741876238179887,536.4441595077515,0.816107785510335,36.665167570114136,0.05577976417614223,17.032034635543823,0.025911319608556846,37.905289113521576,0.05766639641663972,29.27358190715313,0.04453473428832613,563.7767028808594,0.8775132363553674,37.5518844127655,0.058449161616478146,17.162947356700897,0.02671396920698605,16.00030793249607,0.02490433167028933,7.979039363563061,0.012419301150879119,517.2644929885864,0.8970687818997498,35.11040526628494,0.060890412760126904,11.695170998573303,0.02028241440115807,10.100332364439964,0.017516556759194963,2.4459107825532556,0.004241834179770246,508.1976399421692,0.8990866802730918,34.327695071697235,0.06073143788497599,10.982694268226624,0.01943022429462257,9.050652235746384,0.016012118580222934,2.6789658553898335,0.004739538967086704,510.8619451522827,0.8994450704944462,34.33924889564514,0.0604591288052646,10.943575739860535,0.019267720655657822,9.173762738704681,0.016151713298499713,2.6560574853792787,0.0046763667461316525,511.8184413909912,0.9021937065632111,34.356194615364075,0.06056042544931232,10.675819396972656,0.0188185033860402,8.461331985890865,0.014914977362023402,1.9925926653668284,0.003512387239412998,509.8514199256897,0.8938789380903189,34.868356585502625,0.061131710807329674,13.284077793359756,0.023289838740016222,9.875047244131565,0.01731307671058873,2.5019388534128666,0.004386435651746465,513.9381928443909,0.8956399782323713,34.80016499757767,0.060646240063249195,13.123682498931885,0.02287063867080761,9.647456303238869,0.016812620026561854,2.312803984619677,0.004030523007010096,515.5429639816284,0.8958690329696991,34.69979214668274,0.06029850353229921,13.440904378890991,0.023356520890438073,9.365742430090904,0.016275032732650806,2.417484530247748,0.004200909874912839,512.5445580482483,0.8796395385444631,35.72063148021698,0.061304484260697296,14.018155068159103,0.024058246764644083,14.32761961221695,0.024589356195924575,6.064706437289715,0.010408374234270913,520.3504595756531,0.8281656458499373,35.85962963104248,0.057072522540962865,16.080076783895493,0.02559230405198721,33.11790895462036,0.0527089271353185,22.908810913562775,0.036460600421794095,513.6131801605225,0.8873021098994006,35.64278757572174,0.06157536807904699,14.786871552467346,0.025545338075660562,11.657717354595661,0.020139508885092756,3.1475881207734346,0.0054376750607990415,516.5493621826172,0.8854238953596566,35.6454199552536,0.06110027211175516,15.528451085090637,0.026617517424795546,12.077731855213642,0.020702595277955305,3.5911987088620663,0.006155719825837438,517.6421341896057,0.8755199951975104,36.14298987388611,0.06113086286986382,21.3902048766613,0.03617856977621649,12.755538143217564,0.02157422658681974,3.308781387284398,0.00559634556958949,531.0909714698792,0.8760787006127158,36.66727304458618,0.06048571459425497,22.283223867416382,0.0367580299043656,12.871350668370724,0.021232362767282274,3.3009504415094852,0.0054451921213814385,Alzheimer_patient19,1,val
591.3795289993286,0.8686017764575874,42.462730050086975,0.06236807489287712,31.07744398713112,0.04564568391580884,13.31989024579525,0.019563883703067747,2.601207448169589,0.0038205810306588713,517.0185899734497,0.8460567570148166,40.97266495227814,0.06704826617077585,33.30239808559418,0.05449652966358742,15.51664151251316,0.025391658351225862,4.28179319575429,0.007006788799594255,459.2752151489258,0.8644906121770497,35.44005274772644,0.06670857012289316,21.557922214269638,0.04057833028554789,12.498842343688011,0.023526485890808583,2.494829995557666,0.004696001523700679,454.02352380752563,0.8484770367944203,36.32873511314392,0.06789097018760869,26.13576102256775,0.048842387902782544,14.194925628602505,0.026527410592891824,4.421133995056152,0.008262194522296564,467.33027362823486,0.8366320339887668,44.716840744018555,0.08005375113999398,30.013409197330475,0.05373112122343505,13.855829074978828,0.024805220452766875,2.6688492633402348,0.004777873195037241,454.078164100647,0.8494309629119076,40.44301080703735,0.07565557723067239,25.07118844985962,0.046899951219829664,12.399761095643044,0.02319587648133436,2.5753494519740343,0.004817632156255982,457.14266633987427,0.8576105835682213,36.03803551197052,0.06760821717545618,26.540425568819046,0.04979047360086346,11.59983066469431,0.021761559963962847,1.7212817128747702,0.003229165691496249,450.8959422111511,0.8902649469132676,32.53197538852692,0.06423228650101252,12.685914516448975,0.025047519740694153,8.77598936855793,0.017327624797412525,1.5840588747523725,0.003127622047613173,447.7877926826477,0.8905977225674367,32.55123591423035,0.06474061384811909,12.028704673051834,0.023923691450089362,8.848308827728033,0.017598254841513238,1.5786331365816295,0.0031397172928416227,452.60531425476074,0.8819463282829164,33.21732532978058,0.0647272517297248,15.879756599664688,0.030943280129533672,9.930668286979198,0.01935089173117189,1.5561169339343905,0.0030322481266532534,458.2100534439087,0.8402422227148888,39.6633597612381,0.07273264590254706,34.791575372219086,0.06379901619964023,11.02162940055132,0.02021090178151812,1.64428905909881,0.0030152134014058344,454.36495065689087,0.8472895586546787,38.31310749053955,0.07144542264850463,31.50568535923958,0.05875109469722569,10.462543696165085,0.019510316581225855,1.610705481376499,0.003003607418365178,456.57726287841797,0.8424354906226301,39.388604044914246,0.07267632593950256,33.39436489343643,0.061616292488320186,11.000751197338104,0.020297601272831745,1.6119846026413143,0.0029742896767154196,457.46370220184326,0.8366473091103044,43.815136194229126,0.08013273100961582,29.5546435713768,0.05405196717617725,13.187556870281696,0.024118490529751655,2.760976977646351,0.005049502174150885,452.9214334487915,0.860800115496086,38.129180669784546,0.07246643832772504,20.25974413752556,0.03850466947591457,12.018325239419937,0.02284143560040173,2.8346211966127157,0.005387341099872584,462.16890048980713,0.7985366246297821,48.684529066085815,0.08411725555510433,52.76230841875076,0.09116285329396365,13.277069576084614,0.02294015523983792,1.8770149406045675,0.0032431112813119693,460.57479906082153,0.800440066804232,46.24267363548279,0.08036585772706197,54.23687341809273,0.09425910117218078,12.468751817941666,0.021669636633333544,1.8788817557506263,0.003265337663191774,460.8491678237915,0.7921971271434766,45.595438718795776,0.07837830267643528,61.157922208309174,0.10513012425360736,12.363442245870829,0.021252687674436825,1.7694986653514206,0.003041758252043964,458.7234420776367,0.8031582842510684,44.223851680755615,0.07742955685460266,54.69569218158722,0.09576423234340255,11.757802691310644,0.020586208965787726,1.748698428273201,0.003061717585138678,Alzheimer_patient2,1,train
781.0466537475586,0.9071498172184227,47.429739594459534,0.055087464234547134,13.913756489753723,0.016160189146116274,13.002502463757992,0.0151018094460622,5.597052957862616,0.006500719954851704,812.0421571731567,0.9076215835845911,48.52572000026703,0.05423732061466517,14.37559175491333,0.016067635452549304,14.017368912696838,0.015667248871068688,5.731588892638683,0.006406211477125684,615.8336129188538,0.9043549866134049,39.13762950897217,0.05747382031147869,12.000440835952759,0.01762271218051073,10.402528129518032,0.015276168740980124,3.5902572441846132,0.005272312153625632,630.5866947174072,0.9044366207922482,39.942906975746155,0.05728923257087194,12.609088659286499,0.018084938413401846,10.673589445650578,0.015308894480043219,3.402627494186163,0.004880313743434865,683.589075088501,0.8706951991723795,48.04155707359314,0.061191079010921794,15.769655883312225,0.02008599050302668,21.75378942489624,0.027708049625590994,15.953128516674042,0.020319681688081046,655.2311210632324,0.8889655453776049,45.53583014011383,0.06177939779331972,15.142186909914017,0.0205437165785694,14.562759354710579,0.019757595290889406,6.599549755454063,0.008953744959616613,619.8584299087524,0.9079728350055463,39.00889778137207,0.05714049821700076,12.200805962085724,0.017871823378087,9.269471406936646,0.01357798462722863,2.3462881268933415,0.0034368587721373815,586.2185392379761,0.910061869222327,36.61895310878754,0.05684827531805404,10.440366119146347,0.01620791303889262,8.579359482973814,0.013318834880170657,2.295184281654656,0.0035631075405556318,587.4928112030029,0.9107424882385842,36.15588963031769,0.056049545217357444,10.53612345457077,0.01633329822667223,8.591420944780111,0.013318583546123452,2.2939242059364915,0.0035560847712627127,592.299654006958,0.9106826636830186,36.96148931980133,0.05682965931135374,10.821865290403366,0.016639018851372766,8.410514913499355,0.012931478302503564,1.8973070266656578,0.0029171798517513424,585.9499502182007,0.906906647152194,37.76487386226654,0.05845075184629623,11.551778346300125,0.01787931642418791,8.723388623446226,0.013501663623913848,2.107324542477727,0.0032616209534079127,591.8430504798889,0.9062597901920965,37.670910477638245,0.057683589252468144,12.336847603321075,0.01889080037613374,9.030549097806215,0.013828030123968453,2.1797809740528464,0.0033377900553332304,587.2869653701782,0.9087899556033144,37.280884861946106,0.05768984448204934,11.172900766134262,0.017289367191753093,8.464012529700994,0.013097531572566816,2.0248319348320365,0.003133301150316353,607.6862106323242,0.8817161193824056,44.712398648262024,0.06487499952220847,13.85888683795929,0.020108410735551044,14.14489445835352,0.020523390580009578,8.806071504950523,0.012777079779825345,609.250723361969,0.8886573287966419,41.09120321273804,0.05993591387560295,13.678421586751938,0.01995144055367087,14.206255733966827,0.02072134310006958,7.359058450907469,0.010733973674014694,595.0421872138977,0.8942828483224936,41.571136474609375,0.06247683800132498,14.473639190196991,0.021752285062686942,11.034527637064457,0.016583679304102966,3.263279336504638,0.00490434930939153,590.7915282249451,0.8917086941295703,40.92239439487457,0.061766042881736934,15.999248445034027,0.02414839796508353,11.490299686789513,0.017342835229288023,3.3352396078407764,0.005034029794321185,595.0380005836487,0.8945936123514355,40.96676301956177,0.06159035974184478,15.544479668140411,0.023369922937367612,10.719818279147148,0.0161164176887642,2.879886941984296,0.0043296872805878685,592.2998857498169,0.8925534614894916,40.97417378425598,0.061745142152968856,16.405340373516083,0.024721671723367568,10.949989080429077,0.01650084845894659,2.9721892988309264,0.004478876175225378,Alzheimer_patient20,1,train
642.7737445831299,0.8669405103946327,49.22836697101593,0.0663967157143695,15.809668809175491,0.021323276599428842,23.14349177479744,0.031214763733962685,10.472469300031662,0.014124733557606262,619.5820579528809,0.8704609740659793,45.76579201221466,0.06429711025764244,15.269289135932922,0.021452074223185544,21.807306364178658,0.03063744163644228,9.361695915460587,0.013152399816750426,557.8324193954468,0.882678528949313,40.485933899879456,0.06406236592812915,13.539270639419556,0.021423680437937315,14.477922663092613,0.022908943679448002,5.6413295809179544,0.008926481005172552,559.3835172653198,0.8768172428232509,40.5477294921875,0.0635573757158451,13.72597187757492,0.02151505799742103,17.37606430053711,0.027236470723341125,6.9371970519423485,0.010873852740141833,591.151505947113,0.8656439594369864,45.571911334991455,0.06673255395658682,21.2061208486557,0.031052869240887696,17.889885261654854,0.026196788735166926,7.084326472133398,0.010373828630372214,619.5776562690735,0.8641618415757899,47.95869219303131,0.06689084305373634,19.42819321155548,0.02709765766132919,19.49357497692108,0.027188849501758112,10.511351868510246,0.014660808207386515,549.0039734840393,0.8849438805766174,41.68041181564331,0.06718498801036311,13.929935872554779,0.02245377465851881,11.78852565586567,0.019002018462589625,3.9799656122922897,0.00641533829191097,546.7320666313171,0.8990559946027842,37.79293882846832,0.062147384946241765,11.426324844360352,0.018789653057844736,9.721949949860573,0.01598694848009436,2.4446455631405115,0.004020018913034944,545.1145420074463,0.8977723620136797,38.07110011577606,0.06270091667254156,11.701169729232788,0.01927115491626857,9.830146186053753,0.016189686534307662,2.468744119629264,0.004065879863202532,545.2593579292297,0.898249835074211,38.01134932041168,0.06261916968775727,11.449020624160767,0.01886089754877428,9.812174052000046,0.01616438781977301,2.4922651136294007,0.004105709869484497,549.6589460372925,0.887700327103185,39.6652535200119,0.06405946592554211,13.518063962459564,0.021831701071709612,12.45361316204071,0.02011261084216033,3.8983820732682943,0.006295895057402865,546.028811454773,0.8889124558801117,39.70946645736694,0.06464537879651922,13.291527509689331,0.021638060324248354,11.726847745478153,0.01909082599761049,3.5094737643375993,0.005713279001510254,546.4220519065857,0.8919868937431693,39.24146068096161,0.06405830163080538,12.310303568840027,0.02009550932853324,11.208590172231197,0.018297057185162665,3.407370202243328,0.005562238112329429,560.9479804039001,0.8695380528632158,43.32386064529419,0.06715728863289887,19.99105805158615,0.030988587712421106,15.289810121059418,0.023701077792884516,5.557620977982879,0.00861499299857965,557.9712138175964,0.8704736010371908,43.404420614242554,0.06771389164417332,17.660646080970764,0.02755182670726724,15.455511778593063,0.024111665011777247,6.505491431802511,0.010149015599591377,553.3795466423035,0.8611287308895229,42.36832797527313,0.06593048969849465,19.6785569190979,0.030622329372851788,18.356760695576668,0.028565446874462046,8.83797089010477,0.01375300316466859,551.7245440483093,0.8670777493595735,42.825613260269165,0.06730376011223146,17.721362054347992,0.027850489689878227,16.346892327070236,0.02569040431657551,7.685016065835953,0.012077596521741365,559.9839062690735,0.8603318589736344,42.749561190605164,0.06567833296221227,16.87458860874176,0.025925291824723095,19.441273242235184,0.02986862044079838,11.843579545617104,0.01819589579863183,552.0043830871582,0.8672591504800605,42.61717748641968,0.0669562385284439,16.144508063793182,0.025364784732357846,16.890993803739548,0.02653759532681493,8.835942886769772,0.013882230932322753,Alzheimer_patient21,1,train
732.2874393463135,0.8727183928548096,59.2377986907959,0.07059784681796127,19.751393139362335,0.02353912296053448,21.276567369699478,0.025356780251381338,6.534696634858847,0.007787857115313302,711.1272201538086,0.8690850812622608,58.790894865989685,0.07184971717302366,20.951302468776703,0.025605073034173444,20.900642663240433,0.025543160509995708,6.47804407402873,0.007916968020546407,595.7129335403442,0.8604854663163523,53.138495564460754,0.07675660634626416,18.497860074043274,0.026719479896250706,18.872705817222595,0.027260930813220792,6.076662981882691,0.00877751662791206,575.2578191757202,0.8615163796843921,50.60211622714996,0.07578263262696569,18.23949819803238,0.027315798118736932,17.687296018004417,0.02648881027583688,5.940353395417333,0.00889637929406841,637.1295928955078,0.8199280663262006,58.532453536987305,0.07532596504865402,20.712587416172028,0.026655223581083277,38.19557476043701,0.04915424445004423,22.48526620864868,0.02893650059401779,611.3665437698364,0.797211368166027,56.9160361289978,0.07421752383307964,21.744236707687378,0.028354107486109812,46.6032190322876,0.060769789227553835,30.251331314444542,0.039447211287229715,577.9239935874939,0.8710305812377511,50.05590629577637,0.07544283614968429,17.75350284576416,0.02675757378882886,14.749597802758217,0.02223017367285434,3.0114921256899834,0.0045388351508813705,521.2992649078369,0.87369081784073,44.12259542942047,0.07394889860971009,14.387711137533188,0.02411361756443285,13.366751082241535,0.02240250173186366,3.48699845187366,0.00584416425326338,541.2883467674255,0.8781099287703207,43.450438499450684,0.07048786785019319,14.710247308015823,0.02386383208317192,13.428219981491566,0.021784051627710674,3.547102792188525,0.005754319668603506,521.0508732795715,0.868210696296655,45.294344425201416,0.07547254275611714,16.836307048797607,0.028053809360104088,14.431582041084766,0.024046891647429753,2.5302403238601983,0.004216059939693924,550.0146079063416,0.8554280083512229,53.498778343200684,0.0832057053567214,22.489607751369476,0.03497768984824885,13.746790632605553,0.021380140750867922,3.2202871162444353,0.005008455692938913,566.7722797393799,0.8707656704288571,49.12983238697052,0.07548105820589822,19.688584834337234,0.030248733725916375,12.654227375984192,0.019441435614802653,2.64463066868484,0.004063102024525613,589.5514621734619,0.8670843365830997,54.00789213180542,0.07943224692669772,19.734925866127014,0.02902519321903171,13.559360846877098,0.01994246500731437,3.0703724827617407,0.004515758263856458,585.271858215332,0.8602126997561915,54.24687206745148,0.07973021019114625,20.15455198287964,0.029622476000188493,16.11027332395315,0.023678332582171054,4.596841469407082,0.006756281470302712,608.3723158836365,0.8610860029500953,53.566776752471924,0.07581804838984256,20.835252463817596,0.029490073423979385,17.106862157583237,0.02421293535833589,6.6362762451171875,0.009392939877746873,613.8309268951416,0.8140825097777137,69.50765609741211,0.0921833108194199,48.780165791511536,0.06469384003799206,17.511146269738674,0.023223850867958508,4.385723169893026,0.0058164884969158495,610.6361017227173,0.8568877732618541,56.99099016189575,0.07997378883764464,26.555533230304718,0.03726460272050834,14.833000399172306,0.02081471542049525,3.605234272778034,0.00505911975949777,653.8982095718384,0.8348287679574171,67.20401453971863,0.0857990492078599,42.19148474931717,0.053865670093560615,16.082458451390266,0.020532399046468825,3.896085238084197,0.004974113694693605,591.4766144752502,0.8647810976262931,52.247223138809204,0.0763891756126157,24.17564594745636,0.035346522798393364,13.14593018591404,0.019220289792148765,2.9156673848629,0.004262914170549051,Alzheimer_patient22,1,train
833.2996978759766,0.8636824844059531,73.51193678379059,0.07619224194698707,22.085755348205566,0.02289101999885673,26.399836361408234,0.027362395923879547,9.524583637714386,0.009871857724323564,812.0197610855103,0.8623309008320492,72.100630402565,0.07656784298264778,22.120274484157562,0.023490802978829328,24.780490785837173,0.02631584102564838,10.635648421943188,0.011294612180825272,546.7457857131958,0.8627313164707637,45.078726410865784,0.07113146547721619,17.345406115055084,0.027369987009303327,18.21046507358551,0.02873499698947951,6.357809882611036,0.010032234053237199,558.1886258125305,0.8588896012950454,49.20069205760956,0.07570552467508189,17.593363344669342,0.027071058294220626,18.799492344260216,0.02892693927721457,6.1134882010519505,0.009406876458437505,573.4318237304688,0.8504043513966207,48.74934482574463,0.07229569977098711,19.24362349510193,0.028538459987119468,21.856549814343452,0.032413452304961565,11.02356119453907,0.016348036540311132,588.5861248970032,0.8507040420514627,53.227177143096924,0.07693109440958269,19.551826298236847,0.02825893604662997,20.3875535428524,0.029466841763353065,10.128508053719997,0.014639085728971567,543.4336919784546,0.8680333318353537,51.15777027606964,0.08171493677606749,16.15935018658638,0.02581152915213976,12.602257266640663,0.02012974080422326,2.6985714538022876,0.004310461432215808,528.687126159668,0.8887379188473068,37.74846851825714,0.06345623657281377,13.725660413503647,0.023073220941298354,11.543136663734913,0.019404337173891312,3.16965935472399,0.005328286464689779,529.562747001648,0.8899521175491688,37.417563915252686,0.06288176505702518,13.28214818239212,0.02232119983410564,11.548503421247005,0.019407738048897557,3.23537374753505,0.0054371795108028005,531.1207208633423,0.8941011607531818,38.680160880088806,0.06511509602711527,12.087022006511688,0.020347578208781664,9.892552673816681,0.016653356724802486,2.247092333622277,0.003782808286118823,534.3807845115662,0.8692582921477082,43.22949969768524,0.07031989578733891,21.484538078308105,0.03494813701919009,12.483127363026142,0.020305861076506518,3.1769389007240534,0.005167813969256293,535.0604467391968,0.8780058801439399,40.62344777584076,0.06666092819283619,19.37809094786644,0.03179842184538062,11.615180268883705,0.019059896198947865,2.727006654255092,0.004474873618895408,535.2992429733276,0.876254645082494,43.794184923172,0.07168860869927157,17.643086314201355,0.028880736409299633,11.48668359220028,0.018803052659575468,2.671415968798101,0.004372957149359398,549.834490776062,0.8485383072701145,45.43591809272766,0.07011949536532279,18.597100734710693,0.028700186405712907,21.762975424528122,0.033585958388724226,12.34791036695242,0.01905605257012565,552.8120946884155,0.819935983157429,45.24199104309082,0.06710333721411182,19.357593834400177,0.02871136121057031,31.775376200675964,0.04712953022488273,25.02667072415352,0.037119788193006174,537.3955807685852,0.829264403357384,50.32732939720154,0.07766097131921292,38.932161927223206,0.0600768915624829,16.396238923072815,0.025301319501736273,4.987575728446245,0.007696414259183887,537.4175710678101,0.8588230006348995,44.43290162086487,0.0710062341674562,26.645135700702667,0.04258040046836163,13.484616443514824,0.02154916284821074,3.7803459372371435,0.006041201881071917,558.1434960365295,0.8504326327846777,48.325493931770325,0.07363263627876376,31.206144213676453,0.047548208607913776,14.701344512403011,0.022400159113095175,3.928882271051407,0.005986363215549524,568.5513525009155,0.8521050394463308,48.237024903297424,0.0722942823496875,32.429194271564484,0.04860261037535687,14.455380626022816,0.021664714408588207,3.5585815832018852,0.005333353420036663,Alzheimer_patient23,1,val
662.5815467834473,0.8471979323934923,77.75051784515381,0.09941429591679539,21.64207124710083,0.027672243669123752,15.723156690597534,0.020104130432909175,4.38859486207366,0.00561139758767938,669.7321424484253,0.8504792065949333,79.30411958694458,0.10070668619762153,21.201924979686737,0.02692389269102142,14.255819134414196,0.018103174356352652,2.982204033061862,0.003787040160071126,540.93687915802,0.8500844425966946,63.27149748802185,0.09943140825983703,18.61221730709076,0.02924917302664595,11.73769498616457,0.018445834041144964,1.7748234579339623,0.0027891420756775394,538.2148723602295,0.8580883521353125,58.3137092590332,0.09297088812419636,17.613880306482315,0.028082214563521023,11.290668975561857,0.018000973279052555,1.7923418846912682,0.002857571897917472,615.0700778961182,0.8481279210248254,73.78829956054688,0.10174762088298724,21.186032831668854,0.02921368901857354,13.122944697737694,0.01809539466183528,2.0417351154610515,0.002815374411778538,579.8603496551514,0.8497310515434828,67.79278182983398,0.09934397450279431,19.714697688817978,0.028890043625062246,12.80728593468666,0.01876787842309175,2.2294511385262012,0.0032670519055688534,534.6494936943054,0.8525625641191135,61.9778413772583,0.09883108089760045,18.051759392023087,0.028785689420149568,10.810792438685894,0.017239101561658768,1.6189215248450637,0.0025815640014777656,517.5836291313171,0.8839687834105249,44.597341537475586,0.076166740065544,12.593829065561295,0.02150870145612713,9.238171096891165,0.015777652935358356,1.5095485663041472,0.0025781221324456295,508.37878131866455,0.8832423619607801,43.81314766407013,0.07611967582001243,12.667888045310974,0.02200881659374718,9.213147543370724,0.01600665192239635,1.5094612874090672,0.0026224937030639925,512.6152381896973,0.8914710595487112,39.20521092414856,0.0681803979253691,12.195162177085876,0.021208175913319183,9.574199255555868,0.016650151846485654,1.4319276232272387,0.002490214766114829,520.9853138923645,0.8758668433694522,47.60630965232849,0.08003447899160587,14.830188691616058,0.024932124206830684,9.738804295659065,0.01637262231617155,1.661893118172884,0.0027939311159397213,518.9824810028076,0.8744153298041074,49.15172588825226,0.08281401429961693,14.46542301774025,0.024372282498577903,9.347227551043034,0.015748814961935326,1.5725643909536302,0.002649558435762449,519.1709637641907,0.8834552335607999,44.3525710105896,0.07547323274222957,13.69118908047676,0.02329782189496929,8.891461297869682,0.015130291495219553,1.5534313637763262,0.002643420306781697,564.3166828155518,0.8486022446740695,67.74234223365784,0.10186887155655931,19.164295941591263,0.028818684701100824,11.806788753718138,0.01775468942156472,1.9654006459750235,0.0029555096467056064,533.1586289405823,0.8512838943002867,61.70733571052551,0.09852688899536792,17.560751050710678,0.028038905739914126,11.686799295246601,0.0186600825269061,2.18592812679708,0.0034902284375251677,528.9710488319397,0.8534050521557112,58.26438307762146,0.09399969807227672,18.14480310678482,0.029273561711730907,12.02704056352377,0.019403589671036666,2.428577858954668,0.0039180983892445325,517.4440865516663,0.8511966462085939,59.01697087287903,0.09708304526419394,17.515303134918213,0.0288127116982341,11.584306843578815,0.01905620991751538,2.3412655480206013,0.0038513869114627027,524.686173915863,0.8655196040540517,50.48929798603058,0.08328688533127561,16.98485815525055,0.028018134336819878,11.443643055856228,0.01887737451269083,2.6054893396794796,0.004298001765161924,523.5191326141357,0.8616566246480077,52.728169322013855,0.08678493978817446,17.17785981297493,0.028272924107310794,11.485652640461922,0.01890415854840273,2.6619908772408962,0.004381352908104291,Alzheimer_patient24,1,val
616.6263885498047,0.8753777967930935,42.816468834877014,0.060783299013982266,25.173833906650543,0.035737385994565066,14.32445663958788,0.020335346534407748,5.470582420006394,0.007766171663951478,605.3249292373657,0.8759891605550385,43.210188150405884,0.06253113760404302,25.1837075650692,0.03644431904924555,12.977046683430672,0.018779587097170997,4.322872081771493,0.00625579569450197,541.0863852500916,0.8782471498714702,40.03604316711426,0.06498322959539536,18.879892081022263,0.030644296108790214,11.377268239855766,0.018466650940326602,4.718494050204754,0.007658673484017613,548.5799655914307,0.8761048984561716,40.71414852142334,0.06502217943310229,19.64888709783554,0.03138008552147332,12.273283265531063,0.019600941090656354,4.941572371870279,0.007891895498596499,558.5580477714539,0.8096377338552637,41.00996255874634,0.059444516615645315,19.757796227931976,0.028639203083333432,39.15566095709801,0.05675668040482944,31.404915511608124,0.04552186604092807,564.9475431442261,0.8328526898600932,42.31357944011688,0.06237920472788635,19.430928140878677,0.028645315773109904,32.094789773225784,0.047314537991187115,19.541452154517174,0.02880825164772341,539.2626519203186,0.8801880460259627,40.11966276168823,0.0654835773396908,21.46549102663994,0.035036115585690086,9.77684610709548,0.015957832497126935,2.0428961645811796,0.0033344285515295316,533.8662691116333,0.8941962139565987,39.08239996433258,0.0654608393570115,11.861292362213135,0.019867002911745087,9.319622866809368,0.015609848318140699,2.905228389427066,0.004866095456504091,536.2290706634521,0.8940467676046686,39.62716519832611,0.06606978415225705,11.940613895654678,0.019908408254362596,9.209013432264328,0.01535405136047029,2.7715646736323833,0.004620988628241501,535.7282404899597,0.8949292095872007,39.62595283985138,0.06619479798502895,12.999140352010727,0.021714947096868734,8.554349169135094,0.01428996338416935,1.7187054161913693,0.002871081946732299,538.2006125450134,0.8444232542404925,40.364075899124146,0.06333022209687272,44.8924295604229,0.07043509534654024,11.272515408694744,0.017686293777842907,2.6291908994317055,0.004125134538251611,543.6107749938965,0.827398723976914,41.45145297050476,0.06309087470749597,57.45903781056404,0.0874550997741642,11.795997887849808,0.017954010570432284,2.694596811197698,0.004101290970993482,539.9787731170654,0.8554928301100422,39.98880422115326,0.0633545928081402,39.275606751441956,0.06222466816634623,9.76984204724431,0.015478441447758786,2.177270393818617,0.0034494674677126263,547.3214635848999,0.8276130733017467,41.89478123188019,0.0633497331230503,21.792241483926773,0.032952378352779144,28.226046234369278,0.04268103194451086,22.090766981244087,0.03340378327791303,563.6785340309143,0.8460014708588187,42.763023018836975,0.06418122775333766,22.940088361501694,0.0344298165067207,23.681000500917435,0.03554182046266431,13.22287893295288,0.019845664418458607,544.1494727134705,0.7839549600414735,45.56857740879059,0.06565055021281999,78.41876530647278,0.11297774436089367,19.13054285943508,0.027561331426369424,6.840722467750311,0.009855413958443495,549.7660818099976,0.7633276872192006,46.862473011016846,0.06506662437795592,101.2793253660202,0.1406221950620149,17.650073915719986,0.02450640471849035,4.664947561919689,0.006477088622338232,550.8642358779907,0.7226467310919681,45.26331281661987,0.059378305787432244,145.3307820558548,0.19065099481783007,16.96000161767006,0.022248839060661624,3.8687052354216576,0.005075129242107953,561.0135478973389,0.7163453298546356,46.38481402397156,0.05922770497572408,154.08804881572723,0.1967514948066068,17.905526533722878,0.022863156084365725,3.7688156738877296,0.004812314278667766,Alzheimer_patient25,1,test
912.5684089660645,0.837962610013697,99.3207278251648,0.09120089573463425,25.46419769525528,0.02338240657135697,29.15997141599655,0.02677603729824262,22.519066259264946,0.020678050382069223,1069.0201263427734,0.852257763532617,109.9377133846283,0.08764593615053273,25.214593768119812,0.020101897769425957,28.959741979837418,0.02308765225651518,21.206795766949654,0.016906750290909205,568.462751865387,0.828074093070617,52.58164644241333,0.07659516660868566,15.190513581037521,0.022127871554675292,26.88508939743042,0.03916324499159364,23.36778600513935,0.03403962377442841,583.3092856407166,0.8061665166169479,53.038634181022644,0.07330240065845953,16.231956243515015,0.022433484164990986,37.18732789158821,0.05139499631953281,33.79210248589516,0.04670260224006871,627.7044630050659,0.6402322785575573,64.43132174015045,0.06571725128524167,26.756042003631592,0.02729004292108803,127.38083696365356,0.12992312194719963,134.1597262620926,0.13683730528891347,686.5675525665283,0.7763428004814145,65.06165719032288,0.07356908866182194,21.042034447193146,0.023793480902925976,55.12195235490799,0.062329672731024785,56.56813472509384,0.06396495722281285,553.0055565834045,0.8655726134007325,48.80754601955414,0.07639430500993595,14.070049285888672,0.02202265273120629,14.850540414452553,0.023244289182856006,8.156157054007053,0.012766139675269161,542.571123123169,0.8712021754274616,38.3999981880188,0.06165857439157915,11.976955622434616,0.019231303231179345,17.121650859713554,0.027492099819152637,12.714671082794666,0.02041584713062725,537.2858281135559,0.8711793924680707,37.91233289241791,0.061472760694673105,11.87816795706749,0.019259795444082878,16.79498127102852,0.027232137559963485,12.86254820972681,0.020855913833209765,542.0247168540955,0.8758617291431295,39.75941824913025,0.06424753656904197,13.401724487543106,0.021655945233064026,15.257901221513748,0.02465535487852564,8.403596960008144,0.013579434176238832,557.3585453033447,0.8705122022707543,43.43321919441223,0.06783631041676844,13.531935304403305,0.02113489584412908,15.905768990516663,0.024842475475474586,10.035588778555393,0.01567411599287361,547.5393481254578,0.8596262665310691,45.13468325138092,0.07086058634375432,13.816456496715546,0.02169157149275625,17.765297919511795,0.027891176728476744,12.69467680156231,0.019930398903943537,551.5061469078064,0.8672127395195768,42.43963611125946,0.06673396715995573,13.376964151859283,0.02103453206030777,16.84916077554226,0.02649436811663753,11.780634924769402,0.01852439314352213,562.112904548645,0.8149824116840765,45.52195715904236,0.0660002539166844,16.10194855928421,0.02334549654254156,35.611639469861984,0.05163172662345513,30.37552036345005,0.044040111233242404,548.7043743133545,0.8332190369164462,45.40874969959259,0.06895413352521847,15.315505683422089,0.023256914821206898,26.479188829660416,0.04020920052366602,22.62775255739689,0.03436071421346243,555.1422348022461,0.8552333785406602,45.60714387893677,0.0702608256045722,14.785499215126038,0.02277804075142466,19.68163786828518,0.030320866606921737,13.895467855036259,0.021406888496421275,568.4940114021301,0.8268128723985863,57.93754708766937,0.08426387748418904,18.154677629470825,0.026404009289862654,24.411179274320602,0.035503412260504644,18.575347900390625,0.027015828566857397,567.8703565597534,0.825638497043887,53.93791723251343,0.07842145729761123,19.105600893497467,0.02777802965872504,26.952424436807632,0.03918668926215248,19.929096311330795,0.028975326737624235,593.7494449615479,0.8221051216712332,59.633013129234314,0.08256783384009114,20.23629379272461,0.028019160121859284,27.798118889331818,0.03848925856802365,20.813692338764668,0.028818625798792755,Alzheimer_patient26,1,train
954.0789575576782,0.8755712049322959,96.07149362564087,0.08816611326255196,15.746096044778824,0.014450405993859454,16.804585576057434,0.01542179619900797,6.9634794890880585,0.006390479612284676,927.2024803161621,0.8573085321109788,111.06390500068665,0.10269173712109207,16.403229594230652,0.015166728933376129,18.063773721456528,0.016702098691804834,8.793792758136988,0.008130903142748166,714.4082641601562,0.8259981384924826,114.0701003074646,0.13188773876010745,14.901409804821014,0.017228995487846784,15.451353520154953,0.017864839875335055,6.071867587044835,0.0070202873842281485,697.7508516311646,0.8248033009594476,106.22089970111847,0.1255625106003838,15.094072669744492,0.017842530659508242,17.1165584474802,0.020233287964526545,9.777922049164772,0.01155836981613375,736.106107711792,0.8282582524287708,82.10039782524109,0.09237843744813112,20.13588285446167,0.02265666725139673,30.170656740665436,0.03394768113571456,20.22679603844881,0.022758961735986728,805.7661905288696,0.8177030009438062,100.83896970748901,0.10233282199117168,19.861934006214142,0.020156173381721505,33.430978536605835,0.03392623293852527,25.503949224948883,0.02588177074477533,689.3823547363281,0.7993023261013037,140.64925909042358,0.1630753662071883,15.117050915956497,0.01752741983878795,13.035322204232216,0.015113765659563275,4.296118795871735,0.004981122193156788,569.7041645050049,0.8795109680357659,48.60286843776703,0.07503325152301905,11.715270221233368,0.018086068691511244,12.712626554071903,0.0196257903372773,5.016133327037096,0.007743921412426512,576.7122917175293,0.8786799078076014,49.37567627429962,0.07522887113682244,12.076215624809265,0.01839934432517592,12.760361798107624,0.01944171069245141,5.414909480139613,0.008250166037948802,563.0289926528931,0.8748020723515617,47.860827922821045,0.07436340223629903,12.39041742682457,0.019251518098943394,16.47826647758484,0.02560298288624625,3.8487873263657093,0.005980024426949638,588.1635837554932,0.8600216793883702,63.10582900047302,0.09227429670100727,14.437582671642303,0.021110851536051564,13.236802503466606,0.01935505263021516,4.950105968862772,0.007238119744355893,605.6339960098267,0.8580561868606928,71.62818121910095,0.101482090591941,13.154593050479889,0.01863729583703191,11.633677832782269,0.016482478371641733,3.770458821207285,0.005341948338692487,603.4147806167603,0.857811018614727,69.88245022296906,0.099344493596571,13.706505864858627,0.01948509074564842,12.174986273050308,0.017307891208483132,4.256844440475106,0.006051505834570476,621.6265468597412,0.8461383047237117,63.78937220573425,0.08682806667477834,15.602356225252151,0.021237431562119307,21.309261679649353,0.029005489941858503,12.335512071847916,0.01679070709753218,655.954662322998,0.7618770534646273,77.69473206996918,0.09024073909248963,18.34919947385788,0.021312195539657183,59.1145358979702,0.06866024591909578,49.85867577791214,0.057909765984130085,598.5653839111328,0.8417208352728611,67.46260285377502,0.09486796254858511,16.16658452153206,0.02273394251110514,18.830618679523468,0.02648018831303892,10.095835946500301,0.014197071354409736,615.6775932312012,0.834929588764347,83.14797532558441,0.11275821242873854,16.73345798254013,0.02269249254085032,15.280507951974869,0.020722125282317577,6.561081700026989,0.00889758098374661,620.7812185287476,0.8319258489911628,83.36970698833466,0.11172601908091222,20.535754919052124,0.02752052548592969,16.086072370409966,0.02155738449272507,5.425023451447487,0.007270221949270229,637.5435571670532,0.832321895001967,89.1190505027771,0.11634614790062325,18.88047170639038,0.024648715860328605,15.062773764133453,0.019664658614163395,5.37610767967999,0.0070185826229177935,Alzheimer_patient27,1,val
600.2979259490967,0.8474641668546453,70.63332629203796,0.09971584180240885,19.085854411125183,0.02694425052637082,14.344180427491665,0.020250243070517853,3.98479931242764,0.005625497746057196,569.4680337905884,0.8475351630991688,67.88358640670776,0.10103065152577567,18.607039391994476,0.027692722383230162,13.211490735411644,0.01966256627380394,2.7406547777354717,0.0040788967180214325,488.9783339500427,0.8517178817230873,57.00915217399597,0.09930033900730204,15.600801020860672,0.02717396718037075,10.653675608336926,0.018556908132098756,1.8663710542023182,0.0032509039571411566,484.32761001586914,0.860353732648975,50.63455605506897,0.08994661547702179,15.170674741268158,0.026949003877821308,10.904741395264864,0.0193710512656516,1.9025104967877269,0.0033795967305302816,517.2396793365479,0.8396058697244795,67.54993295669556,0.10964997944992187,17.589576601982117,0.028552163244582363,11.514461793005466,0.018690773531771728,2.1569249304011464,0.0035012140492445493,515.9953384399414,0.8483558000520144,60.49379301071167,0.09945876705581248,17.20300167798996,0.028283717244329327,12.128041416406631,0.019939897732384602,2.4096959978342056,0.0039618179154591645,493.20616340637207,0.8589892034304879,53.92220425605774,0.09391324504386492,15.24370265007019,0.02654909238416431,10.163381930440664,0.017700985908799066,1.634934808127582,0.0028474732326837443,470.908314704895,0.8838156496503946,40.65081739425659,0.0762947424418263,11.699271082878113,0.021957562756201875,8.207328122109175,0.015403773536429492,1.3470955463126302,0.0025282716151477512,471.34220027923584,0.8808944691537787,41.30689775943756,0.07719872685414654,11.972947835922241,0.022376319204778047,8.939275659620762,0.016706669765906436,1.5109451040625572,0.0028238150213903547,473.32496643066406,0.8869088003028437,37.68280100822449,0.0706094336968615,11.752739310264587,0.022022096152127985,9.47633045911789,0.01775659742216601,1.4425741010345519,0.0027030724260008535,479.157395362854,0.8727134059872537,44.6373256444931,0.08130020088256731,13.88567966222763,0.025290685085417052,9.711060520261526,0.017687241779849608,1.6517780632711947,0.0030084662649123876,477.6754422187805,0.8800757481910629,42.41287672519684,0.07814206240848984,12.278128832578659,0.02262139198223384,8.882203560322523,0.01636469295475293,1.5176312252879143,0.002796104463460459,474.2601728439331,0.8851646451006285,39.17097568511963,0.07310915985765093,12.07656317949295,0.022539836513594234,8.762598868459463,0.016354615381358416,1.5172126470133662,0.002831743146767909,500.9908242225647,0.8453472907927905,62.0921528339386,0.1047712465774493,16.77270057797432,0.028301430499993275,10.86034494638443,0.018325212226686823,1.9289526608772576,0.003254819903080153,481.8518853187561,0.8624001497638337,50.05711007118225,0.0895903088426744,14.580047190189362,0.026094813081545147,10.296825759112835,0.018428866519587646,1.9476678860373795,0.003485861792359089,474.3676619529724,0.8579241168059425,50.37313485145569,0.09110302133636192,15.187526941299438,0.027467609372732734,10.819856517016888,0.01956839934685301,2.176784382201731,0.0039368531381098444,475.238676071167,0.869044414407604,45.80818247795105,0.08376705668346358,13.939803570508957,0.025490998609456327,9.99612482264638,0.018279397027739272,1.8692130157724023,0.0034181332717367905,477.2490291595459,0.8651986895558353,45.9008127450943,0.08321299910560338,15.0794338285923,0.027337313625797728,10.90903615951538,0.019776852780929628,2.467966434545815,0.00447414493183389,475.88946294784546,0.8725758912025128,43.40855383872986,0.07959255352496232,13.670336335897446,0.02506549701152153,10.211235962808132,0.018722999801958094,2.20502186473459,0.0040430584590453,Alzheimer_patient28,1,train
667.2720108032227,0.8672676863091039,64.52791941165924,0.08386831526640103,16.392337322235107,0.021305470981077382,15.77584770321846,0.020504206254156564,5.4275642447173595,0.0070543211892611125,659.9379758834839,0.862210622502219,66.81752824783325,0.08729726842510947,17.060566008090973,0.022289672326226945,16.292416900396347,0.0212860835883107,5.29379247315228,0.006916353158133842,559.3521242141724,0.8664032462087874,55.71303033828735,0.08629617775928668,15.260258138179779,0.023637234251104023,12.178385771811008,0.018863596846268354,3.0987274535000324,0.0047997449345535065,567.7010793685913,0.851977051102861,59.64925789833069,0.08951858767155532,16.260148376226425,0.024402407829627975,16.19213066995144,0.024300330298122494,6.53115245886147,0.009801623097833152,651.0844202041626,0.87309258570765,60.865947246551514,0.08162014880708296,15.988054811954498,0.021439696117790386,13.543142594397068,0.018161112475463207,4.240516468882561,0.005686456892013461,835.9981451034546,0.8853314048974906,71.55880165100098,0.07578157292516674,18.431166529655457,0.01951881191743573,14.196286514401436,0.015034026519959545,4.092670323327184,0.004334183739947332,529.598876953125,0.8675694349709453,54.9220290184021,0.08997125136874182,13.908175319433212,0.02278386214256552,10.06581250578165,0.016489444461071628,1.9448653804138303,0.003186007056675695,529.0579442977905,0.8864555463931788,44.73006761074066,0.07494683134701119,12.062747746706009,0.020211566162194418,9.27121016010642,0.015534244890909675,1.7020293693058193,0.002851811206705905,522.7974543571472,0.885260747449332,45.07889926433563,0.07633277424047452,11.84098494052887,0.02005051687154522,9.1469307243824,0.015488634580080225,1.6933216420002282,0.0028673268585680495,517.9026861190796,0.8862525670694369,40.33642506599426,0.06902505281257013,13.386883854866028,0.022908087753589157,10.97963185608387,0.018788716835684345,1.7680667471140623,0.003025575528719429,545.4534664154053,0.8755842310781297,51.45689857006073,0.08260071984549304,14.154352605342865,0.02272114617550046,10.033936221152544,0.016106885136547944,1.8607909278944135,0.0029870177643288942,555.8359661102295,0.8723818786987521,54.040895104408264,0.08481692526603532,14.966796278953552,0.023490314862686785,10.331523071974516,0.016215275831145532,1.9723573215305805,0.003095605341380265,538.266695022583,0.8777677559807439,47.86639893054962,0.07805718236827722,15.069371849298477,0.024574079790768328,10.18209196254611,0.016604244876749608,1.8376657161861658,0.0029967369834609627,551.5175867080688,0.8621721786101629,58.88137078285217,0.09204761724901443,14.15774780511856,0.02213241529107115,11.811807289719582,0.018465071413382626,3.315300451591611,0.005182717436368884,557.7065467834473,0.8561340054628342,63.865833044052124,0.09804028977528907,14.80892550945282,0.022733146645186345,11.623134955763817,0.01784264707507017,3.419919941574335,0.005249911041620137,546.2197732925415,0.8688487000373998,55.46153223514557,0.08822031449744033,14.53971242904663,0.023127705844015602,10.36605504155159,0.01648884549359688,2.083687824662775,0.003314434127547411,545.8569321632385,0.8556707220953141,61.77822387218475,0.09684189082473715,16.330189257860184,0.02559876775559142,11.34754903614521,0.017788114257870507,2.615829966031015,0.004100505066486833,558.8227734565735,0.8590461031799312,56.79764759540558,0.0873117563459711,19.000284790992737,0.029208044811866687,13.132321320474148,0.020187562125072774,2.7624357296153903,0.004246533537158223,580.4519639015198,0.8597889812352872,57.752007603645325,0.08554461500668681,19.86785328388214,0.029429069753615932,13.739205837249756,0.02035106869204263,3.298765579238534,0.004886265312367402,Alzheimer_patient29,1,train
387.8225555419922,0.7815606565291194,55.902626276016235,0.11265794799615386,40.14636069536209,0.08090508294050125,10.15388073772192,0.020462640922474795,2.190132511779666,0.0044136716117506615,387.7521414756775,0.7835005805756357,57.29561376571655,0.1157727884597439,37.687387734651566,0.07615197187074929,10.07532238215208,0.02035841995832799,2.0866043935529888,0.00421623913554321,376.6728410720825,0.8143780316676454,45.01358723640442,0.0973207318784838,28.755489766597748,0.06217023528723062,9.790936276316643,0.02116829923335043,2.2953898115083575,0.004962701933289689,377.6286687850952,0.8221014636161225,46.58712029457092,0.1014206360524574,23.80726194381714,0.05182865207684406,9.415594357997179,0.020497844952895434,1.9069287329912186,0.004151403301680665,387.59898805618286,0.7841215439609164,54.72979426383972,0.11071961512088561,39.35538622736931,0.07961683895652974,10.414620451629162,0.02106901338739996,2.2110422272235155,0.004472988574268364,385.0865435600281,0.7839507204542469,57.333919525146484,0.11671913306209301,36.09500455856323,0.07348141684435157,10.445667937397957,0.021265061171560917,2.251556125935167,0.004583668467747688,377.44046783447266,0.8010585189382422,51.33452272415161,0.10894951720398077,31.347250044345856,0.06652964860228744,9.262467041611671,0.01965814151470819,1.7924397313036025,0.0038041737407813396,360.6232433319092,0.845539465409814,35.806739926338196,0.08395468760042987,19.98415783047676,0.046856087179867945,8.565357211977243,0.02008286401937117,1.521283844485879,0.0035668957905170056,364.52872467041016,0.8450470745958732,35.92056345939636,0.08327071370478005,20.87076762318611,0.048382417985002535,8.525544319301844,0.01976383697300521,1.5253088735044003,0.0035359567413389323,373.05922842025757,0.8461535092604506,39.176300168037415,0.08885764334901412,17.98666849732399,0.04079642456068687,8.874998185783625,0.020129808586644163,1.7911593089811504,0.004062614243204245,376.8030467033386,0.7978693104873378,49.566985845565796,0.10495662698469048,33.927542984485626,0.07184056913656907,10.229245360940695,0.02166012460447347,1.7347910646349192,0.003673368786929168,370.39578342437744,0.7676775303608663,46.30607724189758,0.09597337931093701,53.98156914114952,0.11188150496789545,10.157318003475666,0.021051926476884867,1.6480170357972383,0.00341565888341642,370.31204080581665,0.7972046886055856,47.624237298965454,0.10252506287233833,35.43983581662178,0.0762945844670446,9.470471169799566,0.020387951748582867,1.6665394534356892,0.0035877123064485916,374.3473873138428,0.8004072867022561,48.81721806526184,0.10437806801950587,33.08152115345001,0.07073293813111935,9.627935376018286,0.02058587796260678,1.822064217645675,0.0038958291845118875,371.01017808914185,0.8039865681059599,49.33540105819702,0.10691081303268381,29.510869801044464,0.06395065239278387,9.574508838355541,0.020748154516666988,2.0321969562210143,0.004403811951905393,391.95813035964966,0.7222435056193848,72.69257426261902,0.13394731631094708,64.82874247431755,0.11945698941513154,11.136459097266197,0.02052064910916935,2.0793583672493696,0.0038315395453671877,387.3274998664856,0.6711937928045617,70.19842004776001,0.12164574892561278,106.03882223367691,0.18375302374368968,11.660309344530106,0.020205968481265654,1.847478108946234,0.003201466044870204,391.42653465270996,0.7473595636839295,64.8897111415863,0.12389539776443566,54.70986634492874,0.10445878912381232,10.919056884944439,0.020848003052762853,1.8007675679400563,0.0034382463750596776,388.52553844451904,0.7358352825457583,61.21550631523132,0.11593711333877268,64.78969699144363,0.12270633529682594,11.607029665261507,0.021982755592974548,1.868356667459011,0.00353851322566862,Alzheimer_patient3,1,train
1356.020076751709,0.856698184198306,137.33887720108032,0.0867671273716275,35.64621412754059,0.02252035013357669,35.975943475961685,0.022728664552302637,17.863467507064342,0.01128567374418719,1229.535873413086,0.8306073719330369,127.4691514968872,0.08611120603863202,32.12665182352066,0.02170301364698531,60.952021300792694,0.041175861006902674,30.201590731739998,0.02040254737444307,927.6266994476318,0.8436618458417187,125.01315450668335,0.11369749140296126,27.865855991840363,0.025343556320699404,15.388933353126049,0.013995992057973809,3.6296554701402783,0.003301114376646844,777.3206386566162,0.8334649832755021,98.83859896659851,0.10597751704758356,23.653051257133484,0.025361464741900503,25.065972983837128,0.02687643903275664,7.759166527539492,0.008319595902257206,1091.345615386963,0.8466103053698946,135.15423488616943,0.10484576696488852,39.6235613822937,0.030737939410524863,17.638362884521484,0.013682942944334786,5.31492162682116,0.004123045310357209,858.3079223632812,0.8310459581774511,112.53292751312256,0.10895860580449584,31.479113519191742,0.030479259687015814,20.75141590833664,0.020092300056602844,9.733020883053541,0.009423876274434357,851.429141998291,0.8198781273931083,149.76804876327515,0.14421816368084828,22.474521338939667,0.021641693431093872,12.239762753248215,0.011786199544822726,2.571091702207923,0.002475815950126854,652.4518899917603,0.8797961298680446,58.117807388305664,0.07836872388750918,18.538593292236328,0.0249982916470871,10.527006935328245,0.014195100210243576,1.9591102804988623,0.002641754387115601,645.5732412338257,0.883004622173707,54.97760248184204,0.07519747413123043,18.415260523557663,0.025188095048296454,10.21257708966732,0.013968597516908746,1.931015067268163,0.002641211129857343,584.9305548667908,0.8759842717962686,56.99180817604065,0.08535017903930668,14.561557829380035,0.021807196641135704,9.633848268538713,0.014427523899881597,1.6231637727469206,0.002430828623407447,664.5279974937439,0.8730218569912944,63.250531911849976,0.08309521500016295,19.8322711288929,0.02605459248459116,10.951042175292969,0.014386901999496654,2.6195551808923483,0.003441433524454828,727.7105450630188,0.8652929636959518,68.65912675857544,0.08163995929529771,22.485062301158905,0.026736133383601066,15.801590621471405,0.01878907111175513,6.342707484960556,0.0075418725133943685,625.598340511322,0.8736287436721085,58.40976524353027,0.0815674315666837,16.896575689315796,0.023595545633565345,11.505470857024193,0.016067034388170972,3.681602969765663,0.0051412447394714135,1040.8953552246094,0.8570383545057807,122.13387441635132,0.10056093941990785,34.01932853460312,0.028010375108645204,14.655575297772884,0.012066909583652141,2.8218556521460414,0.002323421382014158,803.3672904968262,0.8488587730877579,88.64345693588257,0.09366298203442731,27.251977264881134,0.02879514794655915,18.355431631207466,0.019394826448967242,8.790499582886696,0.00928827048228836,826.3077020645142,0.8524205802899685,93.82340669631958,0.09678840289281755,29.778213322162628,0.030719260895978567,15.052685528993607,0.015528378715929408,4.404196314513683,0.004543377205305999,752.6975250244141,0.8594571310012918,73.67955827713013,0.08412997208706217,24.09816336631775,0.027516150459700402,17.52215152978897,0.020007423409920025,7.785113662481308,0.008889323042025573,716.7799863815308,0.8318243208804542,81.75103092193604,0.09487220216793246,25.925047397613525,0.03008605897910032,23.50501674413681,0.027277609534242856,13.735274851322174,0.015939808438270097,852.2022371292114,0.8036880187277504,85.39140224456787,0.08053023554304013,31.627080380916595,0.029826612113936782,51.044638216495514,0.048138766090413364,40.09913331270218,0.03781636752485929,Alzheimer_patient30,1,val
572.7768597602844,0.8817968728018063,41.19227373600006,0.06341600144112428,17.497266739606857,0.026937252842270307,13.052976474165916,0.020095214461862493,5.037088533863425,0.007754658452936657,618.6507458686829,0.8867938739688564,43.518306612968445,0.062380540179725934,17.25255972146988,0.024730373920100066,13.055416584014893,0.018714053973311294,5.149290055036545,0.007381157958006303,520.0083589553833,0.8847129462108122,37.93910551071167,0.06454745819934882,15.170337826013565,0.025809958709177874,11.14686818420887,0.018964653976112595,3.506042253226042,0.005964982904548547,529.3078832626343,0.8876803597410647,37.87302303314209,0.06351528056471419,14.708087533712387,0.024666325301168163,10.65611757338047,0.017870934063318942,3.7369595635682344,0.006267100329734003,544.9700937271118,0.8780286343888887,39.65119540691376,0.0638840284187276,16.12869906425476,0.025985755506334553,13.21190032362938,0.021286354852064992,6.712736863642931,0.010815226833984217,539.7258977890015,0.8868448623975418,38.62081789970398,0.0634593857294084,14.995901852846146,0.02464035646555812,11.125014178454876,0.01827994859738889,4.123476684093475,0.006775446810102782,524.1711688041687,0.8832210437368369,38.74605333805084,0.06528655467256644,17.43076318502426,0.029370590695648197,10.458779953420162,0.017622897054310853,2.6700008371844888,0.004498913840637695,516.8811163902283,0.8979823460815989,35.32850635051727,0.06137654096893976,11.712923526763916,0.02034897041991581,8.960149936378002,0.015566551390585335,2.720063299871981,0.004725591138960159,518.3015260696411,0.8981400310581047,35.18122386932373,0.06096386738095569,11.738330841064453,0.02034079449101869,9.061224043369293,0.015701763615186912,2.8008984038606286,0.004853543454734059,519.0406198501587,0.8950614525801802,35.44087493419647,0.06111614348887014,13.947680592536926,0.024052127663697097,9.337143816053867,0.016101471035850502,2.127517541870475,0.003668805231402005,522.8176317214966,0.8748421569857788,37.94647836685181,0.06349667067493789,23.801124691963196,0.03982694155826883,10.470690712332726,0.017520835358490233,2.5777440667152405,0.0043133954225242155,522.179039478302,0.8865295851897759,36.657575368881226,0.06223540707092591,18.368006885051727,0.031184287942382052,9.631887037307024,0.016352538447942416,2.1782835191115737,0.003698181348973797,523.4889841079712,0.8815716828225755,36.85625219345093,0.062067071619624214,20.55134806036949,0.03460910743847786,10.387093804776669,0.017492188074819667,2.5296149645000696,0.004259950044502835,524.9434504508972,0.8768024664969282,38.46000850200653,0.0642389771452277,19.393438577651978,0.03239246963484592,11.231703117489815,0.018760087373063585,4.673467958346009,0.007805999349934627,527.2195830345154,0.8760600390219284,38.064969420433044,0.06325106211703435,16.379599303007126,0.027217335748350904,13.356970444321632,0.02219475229147756,6.7864703722298145,0.011276810821208795,525.9655237197876,0.8296749601761566,42.076443672180176,0.06637273766762866,50.65591308474541,0.07990626909162914,12.050989523530006,0.01900961907599246,3.192792657762766,0.005036413988593127,571.0090079307556,0.8515890479563203,42.13891553878784,0.06284496123034855,41.150867223739624,0.061371409828776285,12.666198447346687,0.018890062551009383,3.5567951649427414,0.005304518433545518,531.8860116004944,0.836465086310888,41.83180546760559,0.06578636024984054,45.18847721815109,0.07106519568506588,13.823305681347847,0.021739080042840645,3.143935347907245,0.004944277711364879,561.2928404808044,0.8206173320971886,42.47470664978027,0.06209856591560323,62.74638241529465,0.09173601589552069,14.021906539797783,0.020500207210461453,3.4526912420988083,0.00504787888122608,Alzheimer_patient31,1,test
1207.2470951080322,0.8558058614328509,101.13263130187988,0.0716919502237702,38.445643067359924,0.02725374682360084,48.8350251019001,0.034618679883165575,14.994929850101471,0.010629761636612512,1001.638747215271,0.8297451743813492,99.99623727798462,0.08283564864915116,37.6773476600647,0.031211449728100606,50.89606174826622,0.0421616693124621,16.955899596214294,0.014046057928936899,681.5606098175049,0.8044422014541668,78.59878587722778,0.09276971032646944,31.645403385162354,0.03735089381395075,42.72291827201843,0.05042562309534201,12.718496963381767,0.015011571310071019,657.3739290237427,0.7964829908530556,80.3794617652893,0.09738882435610584,31.538965106010437,0.038213029368765965,43.15969932079315,0.052292865417396785,12.893792182207108,0.015622290004675785,717.521577835083,0.7982769225511099,84.4166967868805,0.093917594961095,36.79233372211456,0.04093322325689503,46.34805637598038,0.05156441973727906,13.759266786277294,0.015307839493621,818.9934301376343,0.8054737652784351,93.83716440200806,0.09228813242278995,40.623608350753784,0.03995300764742304,49.31296522915363,0.04849892357927195,14.017568320035934,0.013786171072080031,678.4030418395996,0.7970956030259474,84.60649156570435,0.0994091391919497,32.53104496002197,0.03822263654531762,42.932623356580734,0.05044406229533216,12.62049301713705,0.014828558941453157,641.7039747238159,0.8087708951968847,68.65681314468384,0.08653153855294386,29.267817735671997,0.036887661730202755,41.39601258933544,0.0521734187073842,12.406474016606808,0.01563648581258442,636.823805809021,0.8079036680313705,68.95081686973572,0.08747414489640563,28.9037127494812,0.036668565680212456,41.22702839970589,0.05230248486681816,12.336887083947659,0.015651136525193263,648.6894674301147,0.8122292317451202,68.57457625865936,0.08586277130793495,28.137827575206757,0.035231597277088536,40.78989839553833,0.05107335558880318,12.461420938372612,0.015603044081053103,640.9051523208618,0.8020141870047934,70.99350905418396,0.08883966877239823,31.83374810218811,0.039836031136647694,42.80788952112198,0.05356882307366047,12.57917133718729,0.015741290012500145,643.6706953048706,0.793141060698786,74.65527319908142,0.09199139094538336,36.295273780822754,0.04472360192076118,44.4066154807806,0.054718523557744675,12.518444903194904,0.01542542287732481,648.6582460403442,0.8029401723535604,72.08588743209839,0.08923135600651635,32.35208594799042,0.040046957894467224,42.26901739835739,0.05232260951314849,12.488534078001976,0.015458904232307473,661.02099609375,0.7876216594708293,81.89846086502075,0.09758389224518056,37.60596489906311,0.044808368652182816,45.66056688129902,0.054405611428304766,13.0760962292552,0.015580468203502519,674.481951713562,0.7873998235619062,85.12755918502808,0.09937912335868222,38.174882650375366,0.044565900965971884,45.84877759218216,0.053524515066556984,12.960812665522099,0.015130637046882773,651.2418098449707,0.7850053847212557,81.06142163276672,0.0977112518160191,37.88711094856262,0.045669036687360935,46.43557724356651,0.05597333836339074,12.975790739059448,0.01564098841197355,662.1834859848022,0.7612354516781075,92.69865798950195,0.10656488160475279,51.43378150463104,0.059127445374090024,50.419149458408356,0.057961040744042916,13.144913606345654,0.015111180599006799,656.5922746658325,0.7767597265210405,85.63087606430054,0.10130276952666752,42.22843158245087,0.04995694624048234,47.90771186351776,0.056675630526256224,12.93720131367445,0.01530492718555335,665.5794506072998,0.7639318635455142,89.356436252594,0.10256060159902028,52.70580184459686,0.06049411739810389,50.6225480735302,0.05810302203883901,12.990756459534168,0.014910395418522588,Alzheimer_patient32,1,train
547.0829796791077,0.8365515260936626,40.097782373428345,0.061314027822869294,19.381352841854095,0.029636272557999957,33.397260665893555,0.05106817505781022,14.014662636443973,0.021429998467657977,564.2157173156738,0.8359667169023964,40.85838806629181,0.06053757717385935,18.6143559217453,0.027579844959277986,37.272521644830704,0.05522460043889502,13.965070813894272,0.020691260525571253,484.4202389717102,0.8450675605410108,37.10270667076111,0.06472540016553653,16.093103885650635,0.028074301914074364,25.273420706391335,0.044089297400565615,10.343087244778872,0.018043439978812633,482.76011848449707,0.842662390804131,37.691162109375,0.06579028291520306,14.905494034290314,0.026017681987653953,27.778870075941086,0.04848828263924117,9.762972527183592,0.017041361653770837,514.2755131721497,0.8331014140438987,42.994152307510376,0.06964844361745003,31.957442224025726,0.05176950802468,22.147874012589455,0.03587848280806231,5.927431294694543,0.009602151505909,504.55473232269287,0.8385081960964782,39.31635916233063,0.0653389757074019,21.09648907184601,0.03505978214527799,28.851077884435654,0.04794695941300773,7.9103820994496346,0.01314608663783424,482.62062072753906,0.8462780801304902,41.31298112869263,0.0724425539492125,15.510466516017914,0.027197693719171197,21.97921323776245,0.038540678915858204,8.862812357023358,0.015540993285267904,472.2420721054077,0.8841233805571171,33.66163223981857,0.06302072146654475,13.294179558753967,0.024889131374545077,12.551750473678112,0.023499168575180855,2.3863046672195196,0.004467598026612142,476.25951051712036,0.8836454054112689,33.88048231601715,0.06286138517036521,13.747117578983307,0.025506214612128802,12.669223636388779,0.023506304880436306,2.414963262155652,0.004480689925800738,477.1531672477722,0.8801240005457797,35.991655111312866,0.06638773806228053,12.561488509178162,0.02317006001087032,13.575395226478577,0.025040242789615873,2.8614089116454124,0.005277958591453662,476.62450218200684,0.8716964811282594,34.719229102134705,0.06349784725137701,17.050672948360443,0.031183901670835457,14.860631786286831,0.02717854490515116,3.523014025762677,0.006443225044377004,483.85020446777344,0.8691573619359534,35.833715319633484,0.0643693795889488,18.276849031448364,0.03283135512187923,14.885686576366425,0.026739689176222728,3.842385610565543,0.006902214176995868,480.961142539978,0.8847455929791853,34.83546984195709,0.06408111944192876,13.292157858610153,0.0244514099922562,11.497371137142181,0.02114983424796547,3.0290473913773894,0.005572043338664273,488.63996171951294,0.8220719908238221,40.6196254491806,0.0683371377200082,35.70549660921097,0.06006976706857243,22.443613931536674,0.03775840666214354,6.99175282754004,0.011762697725453762,485.7300281524658,0.8316408646722729,40.6603467464447,0.06961646175079293,30.133046627044678,0.05159218392868087,21.25015340745449,0.03638337127604283,6.288667298853397,0.010767118372210394,483.84736490249634,0.8422491928956856,38.34616482257843,0.06675044386977291,27.95453280210495,0.04866138455687058,19.34596474468708,0.0336761639598567,4.976532015949488,0.008662814717814266,485.5225319862366,0.8504279682492455,38.2142094373703,0.06693496253845377,23.382197678089142,0.04095561699934302,18.008253648877144,0.03154276383359647,5.788334622979164,0.010138688379361301,487.69345474243164,0.8512343585090082,38.28966724872589,0.06683190028704886,23.164061665534973,0.04043122781448558,18.967087410390377,0.03310570672533409,4.810740555636585,0.008396806664123325,489.41987228393555,0.8643498304129644,37.80981409549713,0.06677478429488233,18.319705724716187,0.03235388555532014,15.70104718953371,0.027729150866408064,4.9784822184592485,0.008792348870425005,Alzheimer_patient33,1,val
674.9350924491882,0.8965435739876211,49.69466257095337,0.06601142967362533,12.904776275157928,0.017141936124934504,12.091559678316116,0.01606170763731368,3.1929710684344172,0.004241352576505386,657.6966090202332,0.8974054843512761,46.750645875930786,0.06378972527853491,12.833255797624588,0.01751055726443136,12.107068687677383,0.016519698734534672,3.499193085357547,0.004774534371223011,540.7521553039551,0.8934434674931153,40.2192165851593,0.0664511384249651,11.541083335876465,0.01906845014503276,10.533789187669754,0.01740417499100501,2.1987150935456157,0.0036327689458817707,524.1263394355774,0.8942425184788245,38.696489334106445,0.06602233750680192,11.51748725771904,0.019650656791989733,9.760282970964909,0.01665258806573381,2.011477541178465,0.003431899156650027,557.5180077552795,0.8775410825816181,47.30567216873169,0.0744597845984228,12.54536747932434,0.01974658254271654,12.984041333198547,0.020437061277527195,4.965324066579342,0.007815488999715339,552.1968908309937,0.8854686813742362,44.56947326660156,0.07146884268676668,13.188254475593567,0.021147866809894496,11.057046890258789,0.017730394524816506,2.609364219941199,0.004184214604286145,522.1152305603027,0.897030907687378,37.797231674194336,0.06493831831028476,11.06519028544426,0.01901077981355539,9.381598956882954,0.01611825079077003,1.6889545391313732,0.0029017433980117343,517.1093363761902,0.8960681707229645,37.18386501073837,0.06443371944138067,11.077219188213348,0.019195057672404245,9.876602154225111,0.017114579456861033,1.8400263050571084,0.0031884727063894794,531.5396499633789,0.896663141371222,37.70965778827667,0.06361305354134825,11.514641761779785,0.019424242113627952,10.173124309629202,0.01716121384671967,1.860405451618135,0.0031383491270820414,515.3372449874878,0.8998148005101573,36.58054679632187,0.06387218804432429,10.554357051849365,0.018428644111204092,8.66256707906723,0.015125446770970314,1.5800746125169098,0.0027589205633440825,536.8105306625366,0.8897108047668901,40.0619797706604,0.06639880223347612,12.655018091201782,0.020974451295443758,12.02432994544506,0.01992914755107496,1.8020940576680005,0.0029867941531150047,525.5932774543762,0.8893479298788273,38.96485376358032,0.06593180224927715,12.83268454670906,0.021713979089837947,11.677131451666355,0.01975868628640115,1.91929163178429,0.0032476024956565063,517.2923517227173,0.8937164178408472,38.12664955854416,0.0658707064859142,11.414633423089981,0.01972085081072035,10.247756280004978,0.017704858776611772,1.7290027784183621,0.0029871660859065244,525.9712562561035,0.8772859780298368,43.51049184799194,0.07257268138021354,12.357595086097717,0.02061166796142415,13.113758012652397,0.021872898731512887,4.590570334345102,0.007656773897012675,523.7166185379028,0.8799820271016622,45.3961923122406,0.07627757439729066,13.258762508630753,0.022278217448545603,10.546986877918243,0.01772171927359495,2.2261159140616655,0.0037404617789066393,519.6766061782837,0.8803946655219027,42.457008481025696,0.07192727811166806,13.797897964715958,0.023375298443555518,12.471763167530298,0.021128666620369912,1.873592674266547,0.003174091302503802,518.4239072799683,0.8744549378920857,44.91832101345062,0.07576627362368453,15.187127858400345,0.02561698787746047,12.225779004395008,0.020621913206246335,2.098635593429208,0.0035398874005229896,520.8300385475159,0.8762515047259302,42.982701778411865,0.07231467911404503,15.373311877250671,0.02586426793398736,13.222971469163895,0.02224650613300954,1.9751636739820242,0.003323042093027912,538.1922850608826,0.8776724379980557,43.73418581485748,0.07132077243293028,15.845876932144165,0.025841116317152052,13.269672326743603,0.02163989708832578,2.162020188756287,0.003525776163536214,Alzheimer_patient34,1,train
542.0851640701294,0.8797473400101585,42.76650786399841,0.06940555475155702,16.35384491086006,0.026540574272950465,11.43925341963768,0.018564707973314738,3.538012469187379,0.005741822992019201,545.9197344779968,0.8720309006741581,42.77372717857361,0.0683250842221122,16.9687482714653,0.02710521694664136,14.574707865715027,0.023281070136354394,5.795639144256711,0.009257728020733946,477.103609085083,0.8808059834570334,38.90055453777313,0.07181635297702574,13.32493680715561,0.024599864359517953,9.853694178164005,0.018191421372657883,2.4842899097129703,0.004586377833765023,469.382878780365,0.8789861641632685,38.211095571517944,0.07155570823579348,13.562626272439957,0.02539794564763033,10.217279054224491,0.01913330743420839,2.6309749111533165,0.004926874519099287,514.7087225914001,0.8524202816270844,53.147138595581055,0.08801812920758113,18.94134032726288,0.03136916463134686,13.134993769228458,0.021753148133112278,3.888166204094887,0.0064392764008753016,504.3955388069153,0.8531569858715871,52.54876446723938,0.08888331092339005,17.343828856945038,0.029336121382168366,13.358325146138668,0.022594863636046188,3.5642426991835237,0.006028718186808306,470.6886053085327,0.8826966149097464,37.933491468429565,0.07113782686313848,13.899424880743027,0.026066012971318813,8.83402667939663,0.016566718118902448,1.8838425907306373,0.003532827136893929,455.03726863861084,0.8910830062900589,35.08386564254761,0.06870346370214901,10.57525247335434,0.02070913398901623,8.097474824637175,0.01585699173978276,1.8625704552978277,0.003647404278993166,455.0025553703308,0.8923438330345062,34.34429049491882,0.06735548067008681,10.542798668146133,0.020676370414639784,8.151887219399214,0.01598735260267514,1.8544730450958014,0.003636963278092099,456.1032853126526,0.892793342769961,34.14639592170715,0.06683941102855678,11.256240248680115,0.022033378583870764,7.81735560297966,0.015301979321682568,1.5489073968492448,0.0030318882959289102,464.3319854736328,0.8873310737197295,35.718870878219604,0.06825819680739344,11.400729656219482,0.021786613895923495,9.097895219922066,0.017385933742747644,2.741091170348227,0.005238181834205945,467.1680951118469,0.891614957273847,35.12969434261322,0.06704687509285796,11.33787515759468,0.021638932923693652,8.354468751698732,0.015944944393747953,1.9670875202864408,0.0037542903158534545,462.1541953086853,0.8925103256322046,34.66945397853851,0.06695351026556964,11.212732821702957,0.021653984586769245,7.9280371479690075,0.015310593495384972,1.8494166573509574,0.0035715860200715697,487.2047905921936,0.8478912741810045,45.686208605766296,0.07950853188483208,15.207807958126068,0.02646642216190503,17.332296311855316,0.030163707517077108,9.176520679146051,0.015970064255181302,473.1825385093689,0.8487685112104668,45.01066708564758,0.0807376303682403,15.305213660001755,0.027453640730025753,16.517518535256386,0.029628205766479843,7.477103315293789,0.013412011924787245,475.85563135147095,0.8729626036148149,38.76284301280975,0.07111087928889367,12.880089581012726,0.023628671795896283,12.4634308218956,0.02286430653211914,5.142262140288949,0.009433538768275953,481.36787700653076,0.8812912386463978,38.347660422325134,0.07020713007055071,12.771867036819458,0.023382811895761402,10.518072485923767,0.01925655111624034,3.202014848589897,0.005862268271049718,480.20284605026245,0.8809378969915838,37.453967571258545,0.06870975400833414,12.352097064256668,0.022660070636239493,10.86463713645935,0.019931307507426492,4.230536915361881,0.007760970856416107,476.2764916419983,0.8855855135995376,37.14330542087555,0.06906402853209813,12.175599336624146,0.022639232842949907,9.32899072021246,0.017346266681864,2.885326711460948,0.005364958343550311,Alzheimer_patient35,1,train
572.4643111228943,0.8101546579666465,46.840797424316406,0.0662893554739615,46.37823700904846,0.06563473741701181,35.819886073470116,0.050692500801201225,5.107914147898555,0.007228748341178908,541.333836555481,0.8123395353001044,44.49706947803497,0.06677345161352893,41.15195715427399,0.0617536896716165,34.98438115417957,0.05249846584573381,4.421393699012697,0.006634857569016334,478.68933153152466,0.814728817916104,40.58436906337738,0.0690745601684645,34.986730456352234,0.05954738422152614,30.210286751389503,0.051417881269921674,3.0736540239304304,0.0052313564239837235,481.80259799957275,0.8162017115690791,40.82367670536041,0.06915769017809957,34.521594762802124,0.05848159567524423,30.171308554708958,0.05111195702322486,2.979263123124838,0.005047045554352301,523.9152088165283,0.7798720151274906,51.38055348396301,0.07648232979229351,58.15569043159485,0.08656743443365293,34.72059564292431,0.051683212158776165,3.6243472564965487,0.005395008487786784,515.9610013961792,0.795493533562864,47.77803993225098,0.07366278015115,48.99081373214722,0.07553259921282583,32.80259543657303,0.050574079209983074,3.072446497157216,0.004737007863177112,475.58656883239746,0.808880824604381,42.41413593292236,0.0721382467392495,35.14945197105408,0.05978242355443388,31.618540212512016,0.05377702516425914,3.1875932314433157,0.0054214799376764294,470.9177803993225,0.8218625872750028,38.2015585899353,0.06667072913245856,37.429667949676514,0.06532359792378238,24.466522961854935,0.0426998527131474,1.9729327578097582,0.0034432329556088833,476.93006896972656,0.8235730931352128,38.24829947948456,0.06604798556217797,37.900712966918945,0.06544776570205438,24.098953634500504,0.04161459106355375,1.920618056319654,0.0033165645370011707,477.6910800933838,0.8265912072148561,39.15812969207764,0.06775878186405068,30.675406098365784,0.053080373520261855,26.97092480957508,0.0466701812679641,3.4093244005925953,0.0058994561328672614,475.360547542572,0.7871955251783922,40.91578137874603,0.06775640127695229,49.40264844894409,0.08181062562304287,35.57423060387373,0.05891081051593929,2.612708863802254,0.004326637405673348,480.09536504745483,0.7804810646614958,44.5855917930603,0.07248187065453326,55.36704158782959,0.09000904968402515,31.372449159622192,0.05100153907697132,3.7070510601624846,0.006026475922974506,477.60365438461304,0.8182487689542517,40.5130535364151,0.06940850615027734,37.07709074020386,0.06352188383832078,25.937906719744205,0.04443780956832786,2.5583318127319217,0.004383031488822368,501.2994713783264,0.7546138844078218,52.13458800315857,0.07847900548726937,69.40334272384644,0.10447393032298621,37.45110194385052,0.05637572574233564,4.024042719975114,0.006057454039586933,496.92701148986816,0.7738988385646437,49.89133834838867,0.07769923531927163,59.76830172538757,0.09308131419457306,32.45756710320711,0.050548416373051436,3.0642672581598163,0.004772195548460135,478.35799741744995,0.784484878054196,44.886451721191406,0.07361169415979305,51.27705693244934,0.0840919896224216,31.965629413723946,0.05242214623343534,3.2862467681989074,0.005389291930154051,482.9275789260864,0.7323211339563671,51.57719612121582,0.07821270185846993,74.44829940795898,0.11289490479048438,41.84107081592083,0.0634486448133738,8.653679642826319,0.013122614581304827,478.0687460899353,0.7789679146467692,44.14304327964783,0.07192692400611475,52.44758105278015,0.08545838475135505,35.54993622750044,0.057925266848028005,3.511409057304263,0.005721509747733046,482.05118560791016,0.7819189420800973,46.78104901313782,0.07588195910693692,52.17195200920105,0.08462636072524718,31.595513746142387,0.05125001539350105,3.897943644784391,0.0063227226942176315,Alzheimer_patient36,1,test
48.23828196525574,0.5835200380951667,20.80828706920147,0.2517098861866822,10.21245501935482,0.12353616047584932,3.1116351108066738,0.03764025923858465,0.2970794150605798,0.003593656003717095,55.237239956855774,0.6081400189842724,19.70592188835144,0.2169543539946051,12.236888773739338,0.13472327322985003,3.145539816003293,0.03463114096421474,0.504215584252961,0.0055512128270576964,13.24206805229187,0.26288903624159293,22.31675958633423,0.4430449531386703,11.632885053753853,0.23094262379668792,2.964489731937647,0.058852729460358216,0.21511865322827362,0.004270657362690603,15.381550967693329,0.254010583643105,20.484055176377296,0.33827322235954266,21.229004949331284,0.35057530600574194,3.178941578604281,0.05249696909268834,0.28121141335577704,0.004643918898922023,15.699031591415405,0.4186776178549506,12.290875136852264,0.32778546203218367,6.851995058357716,0.1827359192114637,2.3734664518851787,0.06329799862797372,0.2813378711871337,0.007503002273428275,24.903643488883972,0.47051022833548534,10.420928791165352,0.1968849894268532,14.74750678986311,0.2786280164255824,2.3698701611720026,0.04477449860524252,0.48706694989232346,0.009202267206836548,12.728607952594757,0.19545693625856023,29.175003796815872,0.4480031813922773,19.592781260609627,0.30086125774674577,3.3509958484210074,0.05145695306092026,0.27492501921369694,0.004221671541496476,7.760861873626709,0.21416570826731857,14.745567917823792,0.4069129238926691,9.327208265662193,0.2573899905576922,4.090095411520451,0.11286867295833541,0.31391604311647825,0.008662704323984775,6.671757534146309,0.12778822304580262,18.29992800951004,0.35050963261671153,22.540046963840723,0.43172320548766807,4.44734354596585,0.08518267129830799,0.25041066703852266,0.004796267551509796,8.429708138108253,0.14663215129321536,26.489698946475983,0.46078007446922986,14.511970788240433,0.25243121841482036,7.504685788415372,0.130541675216518,0.5527480609016493,0.009614880606216455,8.15568596124649,0.2707761430414136,9.857126295566559,0.32726549948934974,8.824697360396385,0.29298792598319595,3.0298508796840906,0.10059378684881376,0.25230170687427744,0.008376644637226904,5.604949325323105,0.11502338724474453,17.782593250274658,0.364929991498935,19.92394082248211,0.40887419807914577,5.135805633850396,0.105395736151827,0.2814909108565189,0.005776687025347684,6.6955811232328415,0.19352943950117166,12.767632782459259,0.36903634959665593,11.49956414103508,0.33238402489069485,3.363511836156249,0.09721912832154314,0.2709328471100889,0.007831057689934398,4.518929310142994,0.37809862163582925,3.2714360505342484,0.2737209140891872,2.4685810804367065,0.20654607316259832,1.4712152117863297,0.12309651369352219,0.22155954246409237,0.018537877418863074,3.237527199089527,0.12653775928657474,5.6276218965649605,0.21995387872066566,11.250551395118237,0.4397243565017975,4.348202794790268,0.16994817486973257,1.1215600365540013,0.04383583062122954,6.373321235179901,0.29794333356877584,7.3197313994169235,0.34218660781324306,4.175611183047295,0.19520364181502822,2.8661071248352528,0.13398626550078963,0.6562807009322569,0.030680151302163262,3.1775467842817307,0.15127984160895386,7.856637857854366,0.37404671320481764,7.5809949189424515,0.36092362707261866,2.210851887241006,0.10525645915809186,0.17839816032210365,0.00849335895551798,3.750673532485962,0.20634082535358705,6.6501874178647995,0.36585566530200225,4.875579051673412,0.26822675897684695,2.4458013949915767,0.13455414717447295,0.4548378409817815,0.025022603193090798,3.994971066713333,0.18965801496432427,7.918265447020531,0.3759132373086279,6.981105912476778,0.33142234762299,1.9600954535417259,0.09305394373360454,0.2096393092069775,0.009952456370453253,Alzheimer_patient37,1,test
43.12901246547699,0.6276491025181224,17.043631613254547,0.2480330402712458,5.983995795249939,0.0870840618798598,2.189356680959463,0.03186133132531638,0.3691697576432489,0.005372464005455529,39.02896451950073,0.5804149513402995,17.595658093690872,0.26167189322041434,7.530352309346199,0.11198680577396977,2.5428863558918238,0.037816254637793936,0.5453488238854334,0.00811009502752246,12.147113785147667,0.2984019789421171,16.52154791355133,0.40586288066377824,9.272833168506622,0.2277933521348702,2.5056814092677087,0.06155374061270207,0.26003963479888625,0.006388047646532339,12.478504240512848,0.24406609557466236,21.58895993232727,0.4222567910899223,13.895809896290302,0.2717870668524886,2.7835061149671674,0.05444237998354145,0.38078102481085807,0.007447666499385285,19.331187069416046,0.5523178951436394,8.611887246370316,0.24605314821327676,5.045722216367722,0.14416303892857127,1.689156195614487,0.04826145394902608,0.3221572440234013,0.009204463765486481,18.041517585515976,0.39705157647650424,13.649526327848434,0.3003941282068581,10.49424996972084,0.23095388038539,2.702317307703197,0.059471679257441526,0.5511142907198519,0.012128735673806098,12.50530132651329,0.22195161685598042,26.2459574341774,0.4658290541226905,14.329923044890165,0.2543361016412983,2.935444821137935,0.052100041992729544,0.32583892345428467,0.005783185387301244,7.054142117500305,0.2597356241328769,9.745715036988258,0.35884014463977076,6.848703891038895,0.2521713271451073,3.223476929590106,0.1186893853623838,0.2868938851170242,0.01056351871986125,9.131357163190842,0.18176859161196582,20.004009276628494,0.39819936158699865,16.613543808460236,0.3307088317518261,4.123799921944737,0.08208826908261015,0.3634559474303387,0.007234945966599316,10.071452677249908,0.2113645998796105,19.49613255262375,0.4091556986107375,11.075267851352692,0.23243117283850281,6.499132480472326,0.13639408140223822,0.50768085825257,0.010654447268911005,8.968647681176662,0.34478008619402023,9.97283174097538,0.38338375075971753,4.506860643625259,0.1732564213036062,2.3293277341872454,0.08954592102583686,0.23499372054357082,0.00903382071681916,9.189030393958092,0.2078517318508374,18.992706030607224,0.4296064624610664,11.44177121669054,0.25880771538136216,4.272442828398198,0.09664073390160402,0.31359405582770705,0.0070933564051300245,9.689507439732552,0.3281887618897634,11.185298770666122,0.37885200849934336,5.435286946594715,0.1840960548937613,2.927391871344298,0.09915231706031498,0.2867052088258788,0.009710857656816908,4.484971322119236,0.35293552748186624,3.8243618607521057,0.3009502343859562,2.583076100796461,0.20326982285577347,1.4456746680662036,0.11376437325802652,0.3695381857105531,0.029080042018377595,6.825572222471237,0.22363815298924533,9.721604198217392,0.31852591051987694,8.791776057332754,0.28806032591434527,4.205953656695783,0.13780701114627628,0.9757010659668595,0.031968599430256164,6.2103864923119545,0.28678343927376565,8.777450770139694,0.40532542105599784,3.1612932197749615,0.14598230613218974,2.490569857880473,0.11500961984873807,1.0156173729337752,0.04689921368930871,5.1613000482320786,0.19598550265823508,14.818618059158325,0.5626943370632644,4.013631511479616,0.15240609573390457,2.1541165998205543,0.08179637313372028,0.18744519632309675,0.007117691410875675,6.666745059192181,0.34199276688403196,7.167455017566681,0.3676783424610937,2.9887219816446304,0.15331639216358844,2.0581608610227704,0.10558017762852454,0.612735970178619,0.03143232086276136,6.5277628898620605,0.26975538494167495,11.069137901067734,0.45742463472629397,4.642638802528381,0.19185390744909003,1.7279993132688105,0.07140840251010219,0.23128437635023147,0.009557670372838908,Alzheimer_patient38,1,train
103.50246715545654,0.8047114826870085,17.87847103178501,0.1390016231261013,3.7884616926312447,0.0294545503074948,3.0752471978776157,0.023909446801072716,0.37594475207151845,0.002922897078322664,93.00510382652283,0.8013748526495184,15.910192757844925,0.13708955586701263,3.492711052298546,0.030094808668821593,3.2357242959551513,0.027880492297736207,0.4131963812978938,0.0035602905169112332,24.30001974105835,0.5186088387719556,14.054493099451065,0.29994972940369014,5.419089317321777,0.11565371748687127,2.8348360448144376,0.060500816253496105,0.2477237528655678,0.00528689808398681,23.035621345043182,0.493350473808743,12.904672011733055,0.27637743979086893,7.259189501404762,0.15546898112023896,3.2064285777742043,0.06867160361702986,0.28629333118442446,0.00613150166311932,45.269535541534424,0.7255779286067979,11.672224014997482,0.18708184260618402,2.798162354156375,0.04484881102814794,2.305211898870766,0.03694782494615584,0.3458703220821917,0.005543592812714254,34.92941132187843,0.6600637415558348,8.797085404396057,0.16623919176029262,5.55720154941082,0.10501486021284381,3.2266629370860755,0.060974494856675346,0.4078785310848616,0.007707711614353459,22.344316482543945,0.43424015855765136,16.678491175174713,0.32413032898403016,8.41552072018385,0.16354749784951933,3.7159046111628413,0.07221500862633454,0.30189340136712417,0.005867005982464644,11.511472463607788,0.34754022616485886,12.282704338431358,0.3708243108941662,5.736572191119194,0.17319153592343878,3.3202578271739185,0.10024114289719785,0.27169840040733106,0.008202784120338355,10.368867099285126,0.29264639652607144,9.965036913752556,0.2812488689588882,11.214311100542545,0.3165078404102953,3.596551680006087,0.10150751080087957,0.2866180530108977,0.008089383303865532,11.85456296801567,0.29462473309230724,13.19258514046669,0.32787896831747626,9.238702535629272,0.22961203007002312,5.503444578498602,0.13677863067607207,0.44684803526615724,0.011105637844121278,8.354266420006752,0.2805136525763405,13.282960340380669,0.4460058531511185,5.58769453316927,0.18761965733179176,2.311708956491202,0.07762092929258815,0.24540118862933014,0.008239907648161078,5.918822735548019,0.14947301480078665,14.449116244912148,0.36489570018083506,15.58868782222271,0.39367426085961277,3.329714125022292,0.08408807476234774,0.3115941473079147,0.00786894939641778,7.1915313601493835,0.21643408850874424,15.024869725108147,0.452183800787717,8.439203292131424,0.25398363447232714,2.2155479779466987,0.0666784420647127,0.3561983346589841,0.010720034166498924,5.738305106759071,0.42819741133926825,3.6634733118116856,0.2733716244506625,2.1920964922755957,0.16357618250250885,1.4857097789645195,0.1108649800800413,0.32148910185787827,0.02398980162751908,8.158388271927834,0.2998422337839568,5.005957275629044,0.18398210059656503,8.688506662845612,0.31932547939628936,4.272200640290976,0.1570146137277919,1.0838835588656366,0.03983557249539693,3.9691826850175858,0.24678805137404897,6.132165312767029,0.3812737402976466,2.933111008256674,0.18236921997159963,2.4606955074705184,0.15299629609032098,0.5882120146416128,0.03657269226638381,3.6366694420576096,0.1605410148489791,11.46492026746273,0.5061196691717185,5.245260883122683,0.2315523912032333,2.0664906254969537,0.09122536636309632,0.23924662976060063,0.010561558412972839,4.142697170376778,0.20136084493212855,10.931855544447899,0.5313561620787743,3.0472994931042194,0.148117705798154,1.960919110570103,0.09531286326488649,0.4907278231694363,0.023852423926056562,4.976438999176025,0.18673012867201713,16.184534162282944,0.607289699948124,3.761838100850582,0.14115485244196377,1.4290143828839064,0.05362067929181028,0.2986085111333523,0.011204639646084815,Alzheimer_patient39,1,train
690.9515891075134,0.881868163106716,49.36257612705231,0.06300193099144244,13.389479637145996,0.017089121725324532,18.679634228348732,0.023840996944137584,11.125660233199596,0.014199787232379456,627.7498559951782,0.8768002028339161,47.12322974205017,0.0658186648733157,13.130412250757217,0.01833970651654804,18.200632989406586,0.02542146134230246,9.751287333667278,0.013619964433917671,528.0116443634033,0.8403974490034836,43.57924151420593,0.06936188583909153,12.855668753385544,0.020461426070640318,24.457806959748268,0.038927699410821394,19.383652597665787,0.030851539675963137,519.090826511383,0.8766619406549904,41.34100556373596,0.06981839076159974,12.093964606523514,0.02042478491369597,13.595795467495918,0.022961138649638467,6.000413425266743,0.010133745020075495,574.0938057899475,0.8421465593521248,54.07890045642853,0.07932912617000193,14.315816700458527,0.02100007987722124,22.941432401537895,0.033653121090516366,16.273008838295937,0.023871113510135704,529.4196453094482,0.862287812639729,48.55346727371216,0.07908105311629006,14.259505420923233,0.02322505001027172,14.99779636412859,0.024427535199759095,6.740509897470474,0.010978549033950121,532.5541353225708,0.8872441743618357,42.98626255989075,0.07161583866164174,11.720997482538223,0.0195273795551185,10.05637451261282,0.01675408960276346,2.916247669607401,0.004858517818640597,503.0228524208069,0.8915284435018797,38.492247462272644,0.06822142036247106,10.443094313144684,0.01850873290057329,9.255363449454308,0.016403667806395027,3.0116850677877665,0.005337735428680932,500.87847995758057,0.8927923836795537,37.82960319519043,0.06742949230549104,10.35197365283966,0.01845190720529534,9.12916025519371,0.016272299712132367,2.835371761582792,0.0050539170975274885,518.7242884635925,0.8974609560089704,36.83083164691925,0.06372216245811971,10.629768997430801,0.01839089253916501,9.44793301448226,0.01634616150440984,2.3581032659858465,0.004079827489335058,513.1857061386108,0.8938058519939311,38.60256111621857,0.06723335162088528,10.85831692814827,0.01891172551591357,8.92429318279028,0.015543272885961931,2.5870395842939615,0.0045057979833080875,516.3038697242737,0.8904421919835603,39.278504490852356,0.06774157562551066,10.824045777320862,0.018667663779539663,9.912716276943684,0.017095941610638425,3.5094863772392273,0.006052627000750954,510.1402015686035,0.8956915700902832,37.312097668647766,0.06551165981710771,10.53184512257576,0.01849155362541838,8.854788236320019,0.015547018552584837,2.7100266702473164,0.004758197914605897,535.2497043609619,0.8633546096370343,50.46566843986511,0.08140082492523741,12.336606234312057,0.019898872942650997,14.796555697917938,0.02386675688835801,7.116539161652327,0.011478935606719276,514.032591342926,0.8577167451616351,43.78826904296875,0.07306527296581698,12.496625781059265,0.020851917506690666,18.975430577993393,0.03166247593538124,10.010517917573452,0.016703588430476066,519.6866664886475,0.8888498844392413,40.30497884750366,0.0689359148522859,11.012021005153656,0.018834490528702345,9.994219042360783,0.017093685510318753,3.675269877538085,0.006286024669451691,518.3207535743713,0.8863040967667197,40.22315502166748,0.06877970221092354,11.137077182531357,0.01904387787835005,10.677646331489086,0.018258272743591812,4.452783593907952,0.007614050400414825,535.9647102355957,0.8898062744633998,40.560617208480835,0.0673385597950091,11.667368322610855,0.019370114005026813,10.336447894573212,0.01716052571485965,3.80950646661222,0.006324526021704709,537.1504287719727,0.8898285532130424,40.37487483024597,0.06688390166324676,11.297534257173538,0.01871518298127076,10.57490736246109,0.01751809924123752,4.258348789066076,0.007054262901202565,Alzheimer_patient4,1,train
18.522361904382706,0.3907446180095056,16.296751111745834,0.3437935086695594,7.817302361130714,0.16491249014209491,4.390808276832104,0.09262774972978882,0.37550705717876554,0.007921633449051233,16.906116366386414,0.35225710575502556,18.027970105409622,0.3756321342136305,7.555796809494495,0.15743314774985695,5.104433962143958,0.10635636801823435,0.39936717110686004,0.008321244263252644,6.7324796468019485,0.12898709223615304,28.674187779426575,0.5493666966610989,11.734553676098585,0.22482146798438638,4.704466057941318,0.09013252607837835,0.3493001837050542,0.0066922170399833425,8.37781597673893,0.14519600474881975,29.12694627046585,0.5047993702353156,14.023252941668034,0.2430371240387275,5.849918234162033,0.10138498602331693,0.3221113628533203,0.005582514953820276,15.51106870174408,0.3909815505383088,15.14875990152359,0.3818489717838898,5.885040819644928,0.148341963335337,2.846784037537873,0.07175779170645497,0.2804709157207981,0.007069722636009394,23.870898485183716,0.3729734210097376,24.594641983509064,0.3842816291474207,9.77168146520853,0.15267868812556018,5.468637798912823,0.08544531951278078,0.29574772907653823,0.004620942204500711,6.61604505777359,0.09756323064231436,37.427045583724976,0.5519163561703682,17.36698154360056,0.25610146410781925,6.022390651516616,0.088808930867493,0.3804315726447385,0.005610018212005224,6.949715405702591,0.167202275670677,19.918245911598206,0.4792104207684011,10.65456498414278,0.2563367573538335,3.6936724074184895,0.08886557161687447,0.34851910269935615,0.008384974590213961,6.635546058416367,0.12024685691584902,27.26984268426895,0.49417377899349413,15.342709958553314,0.2780347891259815,5.501796314958483,0.09970147271087569,0.432803547475487,0.007843102253799644,10.452312052249908,0.18511408947679353,23.634559869766235,0.4185762928437237,14.891063041985035,0.2637259165798855,6.848830720409751,0.12129517913851796,0.6373969397973269,0.011288521961079283,10.76760745048523,0.2941683638020004,15.155400782823563,0.4140417889069552,7.846885100007057,0.21437495390002828,2.536808559205383,0.06930498038417335,0.2968516348482808,0.008109913006842804,5.599546015262604,0.1306205866356919,18.420056015253067,0.4296845701448931,13.305036917328835,0.31036654089707066,5.142805389128625,0.11996619994731397,0.40134196606231853,0.009362102375030393,9.380687803030014,0.28863254265529703,11.054352134466171,0.3401291921203672,8.871394127607346,0.2729621854723168,2.8537749480456114,0.0878072415067833,0.3402419641788583,0.010468838245235668,3.416488103568554,0.194749707837813,7.158737987279892,0.408068779766567,4.5606034360826015,0.2599675923980254,1.9230477730743587,0.10961928758751009,0.4840917832334526,0.027594632410084453,5.622994959354401,0.1697073380736619,13.540102005004883,0.40865316172701266,7.92597309499979,0.23921340945863373,4.897244535386562,0.1478034997370267,1.1471669811289757,0.03462259100366498,4.759295724332333,0.25273748909981686,7.170032009482384,0.38075715227721246,3.116911742836237,0.1655203822705674,3.1056499425321817,0.1649223359846351,0.6790950195863843,0.03606264036776819,2.8332418352365494,0.1003896149298426,16.38130283355713,0.5804349854846181,6.356249503791332,0.2252195460859201,2.381398676428944,0.0843795588318279,0.2702665878168773,0.009576294667791228,7.7159514129161835,0.3152337994918329,8.72812008857727,0.35658576767830324,5.159691080451012,0.21079824592622293,2.415182052180171,0.09867182593954313,0.45797194447368383,0.01871036096409778,6.169934555888176,0.20657839618434767,13.506089895963669,0.4522035629643987,7.752503022551537,0.259565093649922,2.1342939948663116,0.07145927180452867,0.304457345220726,0.010193675396802984,Alzheimer_patient40,1,train
9.778790540993214,0.30894138350217565,7.347104251384735,0.23211710514120232,4.386892378330231,0.13859511510703004,8.065710496157408,0.25482003619619387,2.074078074656427,0.06552636005339814,8.485156521201134,0.251204105339819,8.576593562960625,0.2539111102386351,4.60672490298748,0.13638265893035298,9.714354701340199,0.2875946690678594,2.3951076176017523,0.07090745642333351,6.846912227571011,0.20505544081363777,9.969046413898468,0.29855899111164186,5.665030159056187,0.16965972658596803,9.23589413240552,0.27660210612928626,1.6736586708575487,0.050123735359466084,6.026421874761581,0.17355666604814424,11.652682214975357,0.33558896436032176,6.186310440301895,0.17816134307724701,9.09008957631886,0.2617881180127809,1.767575173638761,0.05090490850150608,14.381564497947693,0.4056859728871856,5.910536557435989,0.16672885442546082,4.8760411366820335,0.1375470306207004,7.90409542247653,0.22296466018826627,2.3777543967589736,0.06707348187838692,8.483989268541336,0.2552722319822073,8.67122370004654,0.2609058731528155,5.574272491037846,0.16772262852106368,9.015724770724773,0.2712714634958373,1.4898549495264888,0.044827802848076234,7.719745561480522,0.2017942125476989,12.91439425945282,0.3375823722896129,6.051991984248161,0.15819912030521976,10.034526146948338,0.2623025961135939,1.5348770506680012,0.0401216987438745,6.053488090634346,0.1597524071095502,13.718058541417122,0.36202150562609986,8.590995848178864,0.2267175958168785,7.8351196851581335,0.20676991693961838,1.695276039186865,0.04473857450785306,5.4280597269535065,0.17312302635158655,9.685759216547012,0.30891847776747083,7.530844151973724,0.2401894224004005,7.452756650745869,0.23769889259549232,1.2563512763008475,0.040070180885049794,7.727566510438919,0.19383339990464912,12.050278067588806,0.30226156765935036,9.512990027666092,0.23861783626587083,8.889072176069021,0.22296787475820914,1.6871466478332877,0.042319321411920546,10.154841884970665,0.19898516666012064,18.025180459022522,0.3532052569942804,13.970516666769981,0.2737537047602439,7.277031544595957,0.1425941783333404,1.6055896314792335,0.031461693252014616,4.960323259234428,0.1284144608192109,11.161937668919563,0.28896387040572996,15.437770903110504,0.39965803097264363,5.8407699558883905,0.1512077510791533,1.2266489500179887,0.03175588672326218,7.945982992649078,0.19580206697689415,10.044112831354141,0.24750343099748187,14.554547786712646,0.3586479537130534,6.689754182472825,0.164846526566603,1.3473137042019516,0.033200021745967576,6.534624069929123,0.16279719002288545,11.599186807870865,0.2889707194575281,7.592396326363087,0.18914948652668173,11.250568320974708,0.2802855817281989,3.162885786034167,0.07879702226470582,3.757116213440895,0.07403039333701993,11.466632977128029,0.22593907170377336,13.638102382421494,0.26872580627910747,15.120088286697865,0.29792692574967633,6.769056374207139,0.13337780293042292,7.742447942495346,0.14744051050003287,24.628945142030716,0.46901241981718317,9.977874889969826,0.1900100560454617,8.278021655976772,0.15763951504130846,1.8850620714947581,0.035897498596013794,2.843716025352478,0.06638150658409038,13.222063601016998,0.30864562219336966,12.00731772184372,0.28028953429379017,11.467552199959755,0.267689665591934,3.298330337740481,0.07699367133681578,4.190602622926235,0.10949898654018504,5.0955382362008095,0.133144638837442,7.4496815502643585,0.1946575834554907,16.603138223290443,0.4338342172771827,4.9317371640354395,0.12886457388969963,2.313211176544428,0.07188637458894247,4.346319191157818,0.13506813931507025,7.719718739390373,0.23990139709167912,12.905696339905262,0.40106313285563316,4.893769779242575,0.152080956148675,Alzheimer_patient41,1,train
12.56005409359932,0.29239458585327344,16.11711011826992,0.37520186641430814,4.2531925439834595,0.09901314621614771,8.580549089238048,0.19975280987205266,1.4449308949988335,0.03363759164421808,7.972208142280579,0.20900383758406554,16.172386646270752,0.4239842728186664,3.2124955020844936,0.08422056677074377,9.087597575038671,0.2382455066030668,1.699148316634819,0.044545816223457484,11.040891468524933,0.17307762961120168,32.58094024658203,0.510740633983969,9.006469085812569,0.14118591102746023,9.699999179691076,0.1520577274070268,1.4632569833192974,0.022938097970342325,13.283549919724464,0.2512274168082216,24.88823762536049,0.4707030639636576,5.183786295354366,0.09803924765125975,8.117600869387388,0.1535255191135435,1.4014282634016126,0.026504752463317585,20.962673485279083,0.3834746558847998,17.4230597615242,0.3187237472931447,5.612218350172043,0.10266550695901996,9.06463235616684,0.16582125252031146,1.6024979853536934,0.02931483734272414,14.140919148921967,0.25909665383974156,24.121590554714203,0.44196726762950356,7.649988733232021,0.14016673610945896,7.393302284181118,0.1354636047687947,1.2719753303099424,0.023305737652501216,14.940226644277573,0.2248381924692002,34.006076008081436,0.5117636328198405,7.266659155488014,0.10935727741690444,8.877269480377436,0.13359564560518564,1.3585623095277697,0.020445251688869275,11.304756343364716,0.15883123832992802,33.738697588443756,0.4740269453712535,15.84465879201889,0.2226166314790735,8.728021930903196,0.12262825392692318,1.5585061919409782,0.021896930892821798,17.140132695436478,0.273628531071797,25.89454135298729,0.413385674375923,11.570093259215355,0.18470729947882572,6.913700617849827,0.11037170936466012,1.121683773235418,0.017906785708794195,21.285930693149567,0.24287241896468062,37.724780440330505,0.4304396557771015,17.188807100057602,0.1961242484385145,10.007846806198359,0.11418950843580432,1.435072022024542,0.016374168383899046,19.108273923397064,0.2202543324750957,34.67196249961853,0.3996514801163887,23.681356132030487,0.27296663779656055,7.858952935785055,0.09058737799990675,1.4349507968872786,0.016540171612048262,18.422529578208923,0.22457265016146577,28.83024986088276,0.35144389854767893,27.34139121323824,0.3332945488181586,6.379001513123512,0.07776072602324044,1.0605463882675394,0.01292817644945627,19.65639054775238,0.23626176749265002,29.066789031028748,0.3493709048527262,25.728131145238876,0.3092416038381926,7.544358026236296,0.09068009498212591,1.2018403362017125,0.01444562883430527,13.115406692028046,0.21096706407451846,25.006586998701096,0.4022419102601407,8.959029369056225,0.14410991342693286,12.020307995378971,0.19335192164479006,3.066698582842946,0.04932919059361787,13.231939613819122,0.16896881149464968,24.7204647064209,0.3156746223869573,16.363092482089996,0.20895291013784845,18.263802841305733,0.23322454224663158,5.730652925558388,0.07317911373391298,10.890938878059387,0.12469356571192351,48.6956052929163,0.5575303218996762,17.549490690231323,0.2009292858122325,8.330117005854845,0.09537396214298254,1.8754749111831188,0.021472864433185274,12.249574840068817,0.13654277611253668,39.865310817956924,0.4443680928310813,20.95014388859272,0.23352572181921324,13.638664558529854,0.15202659240039948,3.0086670231539756,0.0335368168367693,9.386135876178741,0.16606633017002734,14.599868133664131,0.2583114663913222,11.00482277572155,0.1947053139486013,16.10065969079733,0.2848645601810466,5.428916344419122,0.09605232930900257,9.608556658029556,0.14911396965262186,16.894259572029114,0.26217986725632486,16.663930393755436,0.2586054180105567,16.21351482346654,0.25161547601723966,5.05740780942142,0.07848526906325692,Alzheimer_patient42,1,train
6.769613765180111,0.1899620737100053,12.565576076507568,0.35260252233765405,6.675416260957718,0.18731879835322923,8.28769290074706,0.23256087929201294,1.3383606359129772,0.03755572630709846,8.396505743265152,0.21310787666927225,13.83473128080368,0.3511329948064242,5.469433542340994,0.1388171942509416,10.083222603425384,0.2559176667893262,1.616366804111749,0.04102426748403579,7.3843235820531845,0.14364960857072653,21.87211048603058,0.4254851612367149,11.626739352941513,0.22617867952903603,8.937221609055996,0.17385863059562304,1.5847125474829227,0.030827920067899476,8.483189105987549,0.17346523659604957,20.441011548042297,0.4179801794045899,7.842404715716839,0.1603624029238743,10.582241516560316,0.21638690419986586,1.5554135433631018,0.03180527687562035,14.087925374507904,0.27297856754043487,14.377166897058487,0.2785831355942907,13.1049764752388,0.2539321873705442,8.464013151824474,0.16400528285089333,1.5740919644013047,0.03050082664383695,9.759347155690193,0.20094304645692443,18.179947435855865,0.3743215569555457,9.86894940957427,0.20319973539755412,9.62804627045989,0.19823958694679883,1.1314373894128948,0.02329607424317696,11.03375768661499,0.19592519861385868,23.462708234786987,0.41662468050174634,10.303445920348167,0.18295713443120556,10.053397808223963,0.17851705812878815,1.4628649139776826,0.025975928324401286,15.131702810525894,0.2316997301477266,19.098255455493927,0.2924363960050904,18.83429653942585,0.2883946030628899,10.587632663547993,0.1621199981102502,1.6554946366231889,0.02534927267404286,12.626497864723206,0.25056284433182013,15.873834878206253,0.31500367403136625,10.0125070810318,0.19869026867101236,10.60545159317553,0.21045678263913029,1.274247422348708,0.025286430326670915,19.212278306484222,0.2769309403031483,15.88817173242569,0.2290163752246684,17.104958534240723,0.2465554670387491,15.342702843248844,0.22115384013246775,1.8275902854511514,0.02634337730096645,23.057732224464417,0.2590528645047861,29.232177436351776,0.3284225537394539,23.320724919438362,0.26200757879817826,11.76960913091898,0.1322311721632056,1.627582041081041,0.018285830794376127,17.65103182196617,0.243363778606164,22.759362429380417,0.3137949381853309,22.170659124851227,0.3056781854587359,8.849204387515783,0.12200849441130274,1.0991544728167355,0.015154603338466499,22.200093626976013,0.2962043479876638,20.29717366397381,0.27081467277346266,20.283600822091103,0.2706335773759495,10.826081288978457,0.14444679393454055,1.3416250459849834,0.01790060792838344,6.433230832219124,0.1282330255016798,14.62024500966072,0.29142406048531666,14.495677053928375,0.28894105835765826,11.540967559441924,0.23004509335373516,3.078163472004235,0.06135676230161013,10.28997752070427,0.1711802706637269,19.450803011655807,0.323576384638612,16.44862847775221,0.27363331641914,10.155627366155386,0.16894527104656376,3.7668998930603266,0.06266475723195727,9.90389296412468,0.1117366232142273,45.34105369448662,0.5115419008614723,21.363911367952824,0.24102959548837066,10.112401116639376,0.11408903119753473,1.9147912333719432,0.021602849238394995,10.15022636950016,0.12444525305776086,31.219536691904068,0.38276221657915316,21.944771096110344,0.26905041256578105,15.380972880870104,0.1885759974955805,2.8682820182293653,0.035166120301724446,10.318814307451248,0.14684021285485552,13.093366608023643,0.18632302921862934,18.626029014587402,0.2650546839638097,22.619633227586746,0.32188502078568804,5.6145577523857355,0.07989705317701741,10.526735544204712,0.14580980574112823,15.287362486124039,0.21175105473444858,18.701951384544373,0.25904782037216617,21.421788327395916,0.29672131322466366,6.257139068096876,0.08667000592759332,Alzheimer_patient43,1,train
46.47185352444649,0.6146109463317035,16.208929777145386,0.21437031049589733,6.0860466957092285,0.0804906762993878,5.829628206789494,0.07709942765790637,1.0153638791525736,0.013428639215104897,47.634935319423676,0.5873272618596387,21.28480213880539,0.26243647599351877,4.344699863344431,0.053569101274700846,6.624202134087682,0.08167481440521802,1.2159480763366446,0.014992346466923615,20.612276434898376,0.3174246546960338,24.041387498378754,0.3702322326788669,9.874206878244877,0.15206067697682393,9.112405233085155,0.1403290943481201,1.2956894828239456,0.019953341300155202,20.439971685409546,0.31392847483812275,29.132583498954773,0.4474344508240882,6.882074996829033,0.10569874267576942,7.253567513078451,0.11140433174579752,1.4020848181680776,0.0215339999162221,28.092393338680267,0.4105721855139177,21.191047444939613,0.3097085591072929,11.061494715511799,0.16166447641700593,6.807119302451611,0.09948649854668554,1.270488979644142,0.018568280415097872,23.360607981681824,0.3931007184875956,21.37026709318161,0.35960824971631217,7.67291559278965,0.12911601593526406,5.900189528241754,0.0992854614307791,1.1225404972210526,0.018889554430049114,18.402115285396576,0.252709187850184,35.75433111190796,0.4910005093048795,8.692459523677826,0.11937021111874212,8.62249762751162,0.11840945124486767,1.3479325506195892,0.018510640481326737,17.183174327015877,0.22838252031682715,28.127785354852676,0.3738479507928965,17.756040573120117,0.23599651727686655,10.739147568121552,0.14273460426958626,1.432422550744377,0.019038407343823532,20.817337334156036,0.30448461650131076,28.398300290107727,0.4153675099905887,10.17470745742321,0.14882027650594015,7.840018982067704,0.11467197436442275,1.1387298279441893,0.016655622637737632,32.714792370796204,0.32096452888550725,29.004343152046204,0.28456134551966067,21.93067939579487,0.2151616950714301,16.650525406003,0.16335815254644867,1.6261637796997093,0.015954277976953278,22.863686501979828,0.22577916252981117,46.113960176706314,0.4553758777583068,21.552178740501404,0.21282800856729053,9.154321786016226,0.0903990310659733,1.5815597174223512,0.015617920078618227,29.87406587600708,0.2822379058615464,52.505449801683426,0.4960499270454968,15.351148098707199,0.14503134290231665,7.036520063877106,0.06647815183993531,1.0799233539728448,0.010202672350704867,32.072189688682556,0.3429760489733645,34.456855952739716,0.3684773764881181,17.432123571634293,0.1864169838682498,8.170059259980917,0.08736960812673497,1.3802274571498856,0.014759982543532621,13.426921993494034,0.19040718801933143,31.66282792389393,0.44901057983727444,12.785201475024223,0.18130694900138303,10.308925855904818,0.14619088311332476,2.333008869085461,0.03308440002868633,9.93795058131218,0.15514383256837386,33.559386402368546,0.523903976227961,11.526586085557938,0.17994441883274379,7.227897919714451,0.11283652253072632,1.804547973908484,0.028171249840194958,12.269824534654617,0.12250770126339976,61.78768053650856,0.6169172743706267,14.702711001038551,0.14679878444798264,9.342432582750916,0.0932792426402305,2.052887757192366,0.02049699727776037,15.594578206539154,0.15455838286982823,61.2375972867012,0.6069278618576246,10.702947452664375,0.10607726790141062,10.820584569126368,0.10724317327217667,2.541946284007281,0.025193314098959824,16.034543097019196,0.22751356979630727,17.119904041290283,0.24291371817936352,9.687434941530228,0.1374546747220224,20.562248781323433,0.2917570269993121,7.07317346567288,0.10036101030299467,15.913011461496353,0.21344715919979518,26.606425344944,0.356881908875701,9.919972360134125,0.13306028998561478,15.822378732264042,0.2122314685913915,6.2906752079725266,0.08437917334749757,Alzheimer_patient44,1,train
39.712530970573425,0.3205441831179663,36.313973784446716,0.29311234459289454,9.511836290359497,0.07677586190374928,29.503829050809145,0.23814349150779351,8.848803635686636,0.07142411887759634,37.897958159446716,0.4057990820031727,22.8475444316864,0.2446441182239249,8.706015959382057,0.09322120388012449,17.17313937842846,0.183884423682116,6.766283155418932,0.0724511722106619,20.946978718042374,0.24525640375079868,47.55067849159241,0.556744175842095,7.571936771273613,0.0886555530011325,7.638951061293483,0.08944018566780101,1.699943371117115,0.019903681738172738,24.721338093280792,0.3483261083838157,32.51957929134369,0.45820410117328725,6.613574787974358,0.09318592544254564,5.653076183050871,0.07965240472863183,1.464252298232168,0.020631460271719537,17.453592598438263,0.3008107099447499,31.70800206065178,0.546483857520985,5.282764546573162,0.09104785417460819,2.7268936317414045,0.046997705754937086,0.8505928663071245,0.014659872604719829,19.21709144115448,0.4155104468798546,16.349739491939545,0.35351278748231235,5.076679155230522,0.10976755930598583,4.527733271941543,0.09789829438747756,1.0781147135421634,0.0233109119443696,25.92031854391098,0.3115789970522741,41.83452695608139,0.5028780772524186,7.330855794250965,0.08812162906246931,6.575258068740368,0.07903885559690646,1.52923891460523,0.018382441035931514,16.008383989334106,0.27147702530418893,29.612991631031036,0.5021897827854737,9.50955069065094,0.1612670295263638,3.2403128650039434,0.05495061201881851,0.596491044969298,0.010115550365155133,23.58390435576439,0.3032237139856467,29.263493567705154,0.3762475063475146,19.829744458198547,0.2549556117298108,4.397053815424442,0.056533938078911605,0.7030463733244687,0.009039229858116315,26.724032521247864,0.3712652371314401,28.111836671829224,0.3905453901789984,12.616887554526329,0.17528087297706993,3.810276915319264,0.05293450235767052,0.717938021174632,0.009973997354821,21.403822481632233,0.28491588873496015,32.74097713828087,0.43582984335669606,16.59159179776907,0.22085812600276047,3.839302329812199,0.05110667668634241,0.5476087003480643,0.0072894652192409285,37.435713052749634,0.2863113189897845,38.6969188451767,0.2959571214735928,46.47159904241562,0.3554184956661631,7.41463103890419,0.05670768951508803,0.7329126443946734,0.005605374355371524,31.926502466201782,0.28858679422625017,32.882964849472046,0.29723235173065166,37.72878089547157,0.3410341593231228,7.329057727940381,0.06624807326278555,0.7631979680736549,0.006898621457189844,4.953075334429741,0.11515151605826807,7.336500734090805,0.17056255458517422,2.5178659725934267,0.05853657867068152,19.185007248073816,0.44602242466374875,9.021099328994751,0.20972692602212742,11.504528105258942,0.3053590153024994,10.35518679022789,0.27485261564896385,7.250883638858795,0.19245662818823547,6.624789670109749,0.17583852477409814,1.9400283666327596,0.05149321608620313,11.825679063796997,0.3424888694006332,13.080423951148987,0.3788281067109876,6.200564317405224,0.1795773630636793,2.862709643319249,0.08290823587156418,0.5592752532102168,0.01619742495313571,19.574782609939575,0.3322986458856076,18.070917010307312,0.3067692434748755,16.601179525256157,0.281819194944486,4.018987463787198,0.0682257432258575,0.6413328400813043,0.010887172469173399,12.316641889512539,0.3622789992513484,7.0694679915905,0.20793977873251362,8.111496210098267,0.23858976787558514,5.062456602230668,0.14890598655556866,1.437607375672087,0.04228546758498419,17.38299396634102,0.27441639303833437,13.761848151683807,0.21725122488328502,22.741895228624344,0.3590146134537506,7.511822909116745,0.11858528811860632,1.946758782491088,0.03073248050602374,Alzheimer_patient45,1,train
102.7310516834259,0.6615141631248053,14.952482640743256,0.09628324521791361,6.783435225486755,0.04368044912191977,22.828240156173706,0.14699746508055728,8.001619009301066,0.05152467745480409,94.84535938501358,0.7045906366765019,15.982851058244705,0.118733982095214,7.464763209223747,0.05545450295438864,11.327751312404871,0.08415200871263255,4.9898623009212315,0.037068869561262846,50.983415603637695,0.5545380071878542,22.50694566965103,0.24480424961255565,9.727531254291534,0.10580471576383575,6.985942658036947,0.07598491929285373,1.7347063440829515,0.01886810814290072,53.72385096549988,0.556902967522455,21.128312826156616,0.21901669184484693,12.123423583805561,0.12567175377447765,8.275798559188843,0.08578716330647987,1.2175756234209985,0.012621423551740509,44.299566984176636,0.6299995017957098,16.958584010601044,0.2411739031592686,4.287192225456238,0.06096964710974749,3.8051530392840505,0.05411440070873954,0.9663323378190398,0.013742547226534561,44.60364127159119,0.5702450152716989,17.564441084861755,0.2245564417866312,10.557151600718498,0.13497021552838342,4.538096979260445,0.05801829419005425,0.9550490179099143,0.012210033223232218,65.96714663505554,0.6333652495819556,19.885974764823914,0.19092966745677045,9.580290973186493,0.09198250481968737,7.537577264010906,0.07236995608548231,1.1824142299592495,0.011352622056104267,27.743798047304153,0.45294582277359347,20.305145829916,0.33150223227503567,8.539362877607346,0.13941381558376711,3.9850902017205954,0.0650606653482584,0.6785158603452146,0.01107746401934536,28.803950309753418,0.2857075703211449,30.64770781993866,0.30399587705794745,34.48361134529114,0.34204436222852724,6.149111956357956,0.06099329494013328,0.7318142241565511,0.007258895452247147,39.0050462782383,0.527803749724371,16.988341838121414,0.22988078157370356,12.580762714147568,0.17023883749688895,4.627180082723498,0.06261351366922913,0.6993306463118643,0.009463117535807244,32.908500134944916,0.3816963759613475,38.633100509643555,0.4480943949500394,10.253438159823418,0.11892672624701306,3.7959129037335515,0.044027719065855175,0.6254815814318135,0.007254783775744854,26.76038020849228,0.22766176711376515,38.487890124320984,0.3274326078297907,44.80480372905731,0.38117323867115954,6.670286135748029,0.056746919026843035,0.8211030109087005,0.006985467358441544,33.736222207546234,0.3250440554733073,35.76987946033478,0.3446380751244238,25.82954317331314,0.24886424485900482,7.6177370604127645,0.07339589277106472,0.8363094939850271,0.008057731772199353,7.597078576683998,0.16372070239265984,8.256850570440292,0.1779391066314027,2.8248651549220085,0.06087720465966933,18.16773946210742,0.3915235357380447,9.556141436100006,0.20593945057822344,14.517695724964142,0.3181178991840725,12.261060565710068,0.2686695535452818,10.045672416687012,0.2201250298690738,6.6940016113221645,0.14668179923807179,2.1177811683155596,0.046405718163500115,12.79585176706314,0.31480239020929324,20.95496815443039,0.515532235122817,3.9948513880372047,0.09828097326995389,2.277464155573398,0.05602996758964858,0.6241155248135328,0.015354433808287339,16.275225400924683,0.31759244044235796,16.50127136707306,0.32200346936962154,14.539427056908607,0.28372031771522527,3.1913084611296654,0.06227474074287979,0.7383999407757074,0.014409031729915442,13.40764456987381,0.3448197152278831,11.157442927360535,0.2869487084650565,8.137356862425804,0.20927770432653517,4.6300130896270275,0.1190753369651407,1.5505993417464197,0.03987853501538456,14.572639375925064,0.26250663146681275,11.986067831516266,0.21591300037124034,21.227919548749924,0.3823926133104566,5.724200366996229,0.1031138229265271,2.00258712656796,0.0360739319249632,Alzheimer_patient46,1,train
67.96616578102112,0.5621439483646452,24.035345643758774,0.19879485542885278,6.805173367261887,0.056285167509725176,15.693336255848408,0.1297986123610359,6.405248818919063,0.0529774163357409,66.78981900215149,0.660749014674042,11.453864216804504,0.11331262172188329,7.060252375900745,0.06984679507180888,12.780528396368027,0.12643725752036789,2.9975164867937565,0.029654311011897933,25.871817588806152,0.3310805132424016,37.326700031757355,0.47766814069941255,8.24060832709074,0.10545470278606381,5.470359927974641,0.07000395570808775,1.234097192529589,0.015792687564034315,26.834025263786316,0.4673944443820649,16.384186670184135,0.2853793923976582,7.083608880639076,0.12338213907304782,5.825203375890851,0.10146326048822021,1.2849232263397425,0.022380763659008852,21.578639090061188,0.4052049845055074,22.671702325344086,0.42573059177238765,4.938607681542635,0.09273747249426696,3.1927267648279667,0.05995321548652708,0.8719609768595546,0.01637373574131088,28.06197190284729,0.5968661678027509,6.667875722050667,0.14182287130013024,5.424734883010387,0.11538179612530326,5.60770873632282,0.11927357190687667,1.253226499306038,0.02665559286493889,29.714922308921814,0.40789806745235363,29.505847185850143,0.4050280838876417,7.4089255183935165,0.10170265193470725,5.306208330206573,0.07283855905424963,0.912988769588992,0.012532637671047793,15.010034322738647,0.28325579309497884,24.660346686840057,0.4653677605650895,9.617388024926186,0.18149064911702215,3.1782523849979043,0.05997710468954699,0.5250724562210962,0.009908692533362493,19.693633198738098,0.3243841185509457,15.357496231794357,0.25296134177107016,19.268507331609726,0.3173816483469977,5.488425800576806,0.0904027280078749,0.9027801465708762,0.014870163323111548,21.668219923973083,0.3731897751495917,22.44623500108719,0.3865894578512599,9.396690800786018,0.16183834848453826,3.7309796563349664,0.06425832227662029,0.8200761218322441,0.014124096237989823,15.19974935054779,0.25316833057866367,29.181367576122284,0.486047364523348,11.931928157806396,0.19873922014296425,3.2322140485048294,0.05383603478325652,0.4928558864048682,0.008209049971767537,21.092108964920044,0.23447322850802402,22.208639562129974,0.24688528907016216,38.45162570476532,0.4274526001820618,7.285868469625711,0.08099432377289696,0.9170545371016487,0.010194558466855056,18.735259860754013,0.2439489891650756,24.46990378201008,0.3186189215924639,26.24876070022583,0.3417811488737123,6.530101520940661,0.08502746569935675,0.8158818744705059,0.01062347466939147,4.779302924871445,0.12476017651833032,6.3039666675031185,0.16456039856994725,2.824150934815407,0.07372237639685816,17.385571144521236,0.4538375070504247,7.01492883823812,0.18311954146443954,10.83215044438839,0.3628659262418496,5.252475388348103,0.17595253653837775,5.456265740096569,0.18277930423570682,6.315755270421505,0.2115713216765373,1.995013676583767,0.06683091130752854,10.483655169606209,0.36805917216568507,10.713128380477428,0.3761154959059322,4.2572076469659805,0.14946164261701672,2.509373379871249,0.08809884280891621,0.5202488266513683,0.01826484650244979,20.578019320964813,0.44281371479369064,9.4829421043396,0.20406127309434538,11.528319105505943,0.24807527531259105,4.226374371908605,0.090946388306042,0.6553974461276084,0.014103348493330939,9.676990002393723,0.3291288518919573,6.962368384003639,0.23680052496790271,6.569172032177448,0.22342733104989218,4.730818728916347,0.16090219545251683,1.4624791843816638,0.04974109663773102,19.025701344013214,0.33998726703744786,8.955211460590363,0.16002867989865754,19.067709654569626,0.34073795109585336,7.234545066952705,0.12928055376767889,1.676873300690204,0.029965548200362364,Alzheimer_patient47,1,train
36.67495399713516,0.42786196610020827,17.597706198692322,0.2053005757993445,5.152264311909676,0.06010799464216943,19.14401337504387,0.22334029927712487,7.147851415909827,0.08338916418115296,31.478646755218506,0.4911172435557254,13.566241577267647,0.2116550695666179,4.325865309685469,0.06749041861317824,9.936262864619493,0.15502159502800292,4.788975169882178,0.07471567323647554,20.446859031915665,0.34991105993798155,24.507728800177574,0.4194055110252937,6.88557106629014,0.1178341116512383,4.895483513362706,0.08377735780326201,1.6988038602285087,0.029071959582224402,21.49236673116684,0.38709898804803966,20.047038942575455,0.36106719120781045,6.63699297606945,0.11953887149118772,6.139901265501976,0.11058575336629095,1.2053299384424463,0.021709195886671237,18.272600412368774,0.4551852553139261,13.37509086728096,0.33318433139648607,4.09131420776248,0.1019179460067029,3.3145853765308857,0.08256900259553314,1.089625989086926,0.027143464687351796,16.663129597902298,0.4315425980482655,10.810670405626297,0.27997530512364094,4.062257118523121,0.1052045463949471,5.472477467730641,0.14172650643504411,1.6044080797582865,0.04155104399810234,23.870964229106903,0.3811605583893764,25.235708087682724,0.40295215952457253,6.755995184183121,0.10787661831184941,5.501584209501743,0.0878467618313848,1.2628058475675061,0.020163901942816857,18.932535886764526,0.3597264466577266,21.35920199751854,0.40583416209887485,7.846330538392067,0.1490837054665761,3.728372946381569,0.07084071356517278,0.7639283540192991,0.014514972211649725,21.45089626312256,0.29292546619735316,28.67034387588501,0.3915115593710642,16.925146229565144,0.23112350593373515,5.595266887918115,0.07640688489364976,0.5882251203875057,0.008032583604197716,23.348360300064087,0.36780352338507527,24.856645703315735,0.39156333685620426,10.462354205548763,0.16481203348968934,3.965800216421485,0.06247270788592005,0.8473633205285296,0.013348398383111066,26.3346087038517,0.3636605078321949,28.8433957695961,0.39830491013303526,12.051719546318054,0.16642489355933335,4.375832714140415,0.06042685368551874,0.8098090720595792,0.011182834789917806,21.982648372650146,0.21468237875330531,38.921371936798096,0.38010582574435375,33.925568252801895,0.33131684452227306,6.77991483733058,0.06621259733353434,0.7866434118477628,0.007682353646533554,26.18923771381378,0.3038063959846624,29.103456497192383,0.33761258444130726,22.644650787115097,0.26268766655762477,7.3697239542379975,0.08549196041540047,0.8966386059764773,0.010401392601005059,4.176798351109028,0.11559959612256969,4.709652967751026,0.13034720261391639,1.2835083901882172,0.035523154113075946,17.584933137521148,0.48669123995418234,8.376707013696432,0.23183880719625566,10.52304220199585,0.3041488962339835,9.791944414377213,0.28301787909322346,5.506261847913265,0.1591482226594585,7.1650649048388,0.2070928292807043,1.6120111104100943,0.046592172732630235,14.745384730398655,0.4334621947035772,11.705459862947464,0.34409914796917374,3.8702463433146477,0.11377156342066538,2.79444242361933,0.08214673052359686,0.9021616326645017,0.02652036338298681,14.637747794389725,0.3178977756291115,15.027057349681854,0.32635267206515756,11.887290358543396,0.25816424878468675,3.806792411953211,0.0826746612279748,0.6865673121064901,0.014910642293069428,10.478842198848724,0.32955353700427104,6.936805009841919,0.21815851246939402,6.775954358279705,0.21309985234780224,5.325268238782883,0.1674766114695587,2.2802163190208375,0.07171148670897401,9.690635621547699,0.23023822939562272,9.784327685832977,0.23246424385245543,14.239555791020393,0.3383152809310883,6.122042695060372,0.14545261275338195,2.2530409931205213,0.053529633067451614,Alzheimer_patient48,1,train
43.80824303627014,0.5527368784858114,17.193223237991333,0.21693014567621344,7.55049916356802,0.09526607436013819,8.423392090946436,0.1062795293286935,2.2815995179116726,0.02878737214914344,43.77245536446571,0.4902921327133536,20.93372130393982,0.2344771107372605,9.025975238531828,0.10109930120827039,12.3267179466784,0.13807068351799992,3.219444938469678,0.03606077182311559,19.188875436782837,0.2319471451459576,36.18425929546356,0.4373802764238995,14.76401698589325,0.17846129660105314,10.50012706965208,0.1269211687521338,2.0922388560138643,0.02529011307695593,25.808454751968384,0.2817889079859566,37.63832902908325,0.41095306702593604,14.754361517727375,0.1610950930641565,10.890767108649015,0.11891054308245708,2.4959891051985323,0.02725238884149375,14.938175559043884,0.3173880543410391,14.148347973823547,0.30060676538462466,5.85832542181015,0.12447052185025861,9.124788984656334,0.19387233806870485,2.9963286423590034,0.06366232035537277,26.461492598056793,0.3818657261874387,21.55725684762001,0.31109271369408953,8.351269230246544,0.1205171430665668,10.222610335797071,0.14752246136323513,2.702651458326727,0.039001955688669834,32.61238968372345,0.2577144807959189,64.29325485229492,0.508067729891271,16.192429963499308,0.12795823063987927,11.215140214189887,0.08862595060906875,2.2314388230443,0.017633608063862074,16.76246926188469,0.25289802838230896,17.720311790704727,0.26734915030562373,12.329667329788208,0.18601964362156367,17.057306244969368,0.25734628063866655,2.4117793533951044,0.03638689705183709,24.743597507476807,0.3188665056005216,27.85247629880905,0.3589300944229691,12.562480211257935,0.16189053210347024,10.39083437807858,0.13390490398215155,2.0492212823592126,0.02640796389088752,26.437588572502136,0.2950072555215498,29.258239924907684,0.3264818588869185,16.57280994206667,0.18492984577173271,15.294239852577448,0.17066275586458163,2.0538618988357484,0.022918283955217344,21.629594326019287,0.30437987573801345,21.85134208202362,0.3075003944773126,11.125153481960297,0.15655738999838248,14.414531573653221,0.20284676924949582,2.0405624387785792,0.02871557053679564,23.08040577173233,0.3167416073922393,30.959213718771935,0.4248656290477202,7.839135594666004,0.1075795821519417,9.19652341119945,0.12620755616226068,1.7929687849245965,0.024605625245838203,22.40825355052948,0.3200897418396883,22.97108280658722,0.3281294523358724,12.38869833946228,0.17696583289127218,10.405348315834999,0.14863475409438864,1.832776578143239,0.026180218838778482,10.494976282119751,0.045562292091629764,16.60925841331482,0.07210648818159703,24.890569001436234,0.10805849815043565,125.10570803284645,0.543126793095659,53.24295433238149,0.23114592848067858,20.773725152015686,0.24266129261611655,31.92357847094536,0.37290455900442926,6.155088223516941,0.07189859563247049,21.466955564916134,0.25075903083322704,5.288558687083423,0.061776521913756696,11.973066285252571,0.18682161034658068,23.67364901304245,0.3693915264499877,15.956042498350143,0.24896993662950975,10.108864339068532,0.1577335554323349,2.376607609447092,0.03708337114158698,16.78363788127899,0.2318991426259089,32.80362321436405,0.453246915373432,5.793258022516966,0.08004531424804404,13.336009357124567,0.1842633377724314,3.6582017252221704,0.05054528998018367,20.170406579971313,0.22223296765405465,38.60595655441284,0.4253516784698779,19.522955760359764,0.21509950128182997,10.68900099862367,0.1177689901174352,1.7741209492087364,0.01954686247680222,21.010831117630005,0.3037430170064526,24.082712411880493,0.34815165971922973,13.124000146985054,0.18972706874472373,9.287553925067186,0.13426549544929361,1.6679531065747142,0.024112759080300295,Alzheimer_patient49,1,train
614.2422471046448,0.881116680532737,44.47315979003906,0.06379574689255349,14.834810078144073,0.021280201213774597,16.80338191986084,0.02410407321987611,6.764343231916428,0.009703298141058815,713.0668992996216,0.8908511198034045,44.77272653579712,0.05593561222690684,14.848673462867737,0.018550794315348805,18.80754165351391,0.023496700743280356,8.93745642900467,0.011165772911059555,504.6439938545227,0.8858030637105915,38.16167378425598,0.06698529649827349,12.849745899438858,0.02255519618629766,11.070517525076866,0.019432111468667978,2.9763137456029654,0.005224332136169393,534.3490529060364,0.8873047272492253,39.51760113239288,0.06562031710101573,13.214719891548157,0.021943490617745958,11.954265654087067,0.01985046360235568,3.180303255096078,0.0052810014296573865,549.246898651123,0.8705299521464339,44.82959806919098,0.07105275962005088,14.94034394621849,0.02367972751870586,15.018638610839844,0.023803820801368964,6.898467678576708,0.010933739913440335,575.1702299118042,0.8756212614258784,46.69793510437012,0.07109148338282796,16.74908283352852,0.025498282553096687,13.84983853250742,0.021084563240066256,4.4039322305470705,0.006704409398130722,510.05379343032837,0.8926106519840683,37.01819336414337,0.06478303688678254,12.286676853895187,0.021502082287269627,10.067132379859686,0.017617807597825347,1.9922038540244102,0.0034864212440541475,490.7447929382324,0.8948550337577297,35.57027244567871,0.06486108015445775,11.41666316986084,0.02081786430192917,8.79695476591587,0.016040922628820793,1.8783484622836113,0.0034250991570625605,489.2877616882324,0.893381427928257,36.199831366539,0.06609659911667175,11.555104315280914,0.02109825015329809,8.825328931212425,0.01611400402760725,1.8126690797507763,0.0033097187741658886,498.1665782928467,0.8985256277935141,34.93324041366577,0.06300786351648656,11.001949340105057,0.019843831096912998,8.700742945075035,0.015693225635056204,1.624166315421462,0.002929451958030126,519.0160613059998,0.8905540158039168,37.351224064826965,0.06408911990589111,14.195714861154556,0.024357725741660764,10.181191854178905,0.017469404065442815,2.057133937254548,0.0035297344830884964,497.5492606163025,0.8893243670895088,36.25275456905365,0.06479852461732019,13.373310595750809,0.023903584876652555,10.256124280393124,0.018331895867263404,2.0373770939186215,0.003641627549255116,496.8089747428894,0.893152466146231,35.36572289466858,0.06357973431692632,12.67839002609253,0.022792936308021865,9.46331450715661,0.017012942840572757,1.9256657557561994,0.0034619203882480017,509.5093569755554,0.8562863261748812,44.24555265903473,0.0743595013855649,14.930824041366577,0.025092886499744428,17.015957847237587,0.028597182430266457,9.320489026606083,0.015664103509543045,500.33572340011597,0.8725354003165927,42.261143922805786,0.07369920316689892,15.062355637550354,0.026267239957621303,12.083894945681095,0.021073102760207713,3.68430202268064,0.006425053798679328,508.0866708755493,0.870808353526192,41.56661283969879,0.07124090389189675,17.785070836544037,0.030481784192112938,12.912796825170517,0.022131207109542972,3.1143939616158605,0.00533775128025531,503.78827953338623,0.8735449032880357,39.36494791507721,0.06825694645231586,16.76894611120224,0.029076554584636156,13.713296465575695,0.02377820350619653,3.0816256124526262,0.005343392168815764,516.1691455841064,0.8772070104225872,39.17742717266083,0.06658033332714693,16.887584686279297,0.028699715592542127,13.18299026042223,0.022403918509481608,3.0062682647258043,0.00510902214824214,502.4965524673462,0.8712684328023924,38.58082318305969,0.06689449546644399,17.585120260715485,0.03049047818331213,14.739901214838028,0.02555721142375111,3.3389761969447136,0.00578938212410036,Alzheimer_patient5,1,test
5.718727990984917,0.12922319629153564,24.16904988884926,0.5461357635631814,8.720728565007448,0.19705788086750284,5.130068731028587,0.11592156151924322,0.5160799874574877,0.011661597758536946,9.697278261184692,0.20577149036316172,18.9583677649498,0.40228726914659624,11.14814418554306,0.23655815395384586,6.850430319085717,0.1453627727719806,0.4722217381349765,0.010020313764415563,8.660283528268337,0.11287946118049894,49.20828127861023,0.6413882707439053,10.581292405724525,0.1379181849477297,7.547501162625849,0.09837528548753506,0.724158875993453,0.009438797640331013,10.17172634601593,0.14118068989120552,38.19117295742035,0.5300826981051101,15.306725665926933,0.21245303068317548,7.99556525144726,0.11097618829586497,0.38238479709252715,0.005307393024643909,5.582735016942024,0.1535361450207592,20.16417759656906,0.5545543691928594,5.942114746198058,0.16341979130902592,4.137938343454152,0.11380140731371106,0.5340815029339865,0.014688287163644391,9.763250589370728,0.30636180229726545,10.72679141163826,0.3365968249666873,7.598760098218918,0.23844208622990373,3.5019924184307456,0.10988929343981459,0.2775732623995282,0.008709993066328966,10.406233675777912,0.11911246903064271,51.5300407409668,0.5898263073020347,16.586591079831123,0.18985445434682008,8.40696747135371,0.09622834579470292,0.4349388352711685,0.004978423525799606,11.048857152462006,0.14537536443179225,30.418870866298676,0.4002363662386941,21.392667144536972,0.2814740691630808,10.148483615368605,0.13352869746221083,2.9933874625712633,0.03938550270422203,8.492478340864182,0.15509347574436239,21.3445965051651,0.3898046633122368,17.186886951327324,0.31387469328953715,6.725180093199015,0.12281827680880406,1.0080185902770609,0.018408890845059613,15.162104964256287,0.15169851633126114,37.832680463790894,0.37852010052176005,35.6800194978714,0.3569824924215628,10.702528685331345,0.10707996853899662,0.5716001749387942,0.00571892218641936,14.547396510839462,0.152663733379308,24.270286828279495,0.25469798631191515,45.92018863558769,0.48189704799531546,9.693728845566511,0.10172822572260225,0.8588534927694127,0.00901300659085912,11.920348912477493,0.13558743893020314,25.827971532940865,0.2937790276631936,42.413675740361214,0.48243232739874914,7.48379328334704,0.0851240489873536,0.2705323268310167,0.003077157020500552,14.178998172283173,0.13999170382598378,28.3728209733963,0.28012977377905757,51.23273283243179,0.5058296413983281,7.152958797290921,0.07062240062822243,0.34704955760389566,0.0034264803684081447,5.227989822626114,0.1943356805665582,10.232522428035736,0.38036497342797304,6.051115185022354,0.2249330292455034,4.224448186345398,0.15703186906726072,1.165776921901852,0.043334447692704677,6.414858959615231,0.2712125232513111,7.211717963218689,0.3049027637388093,6.355075053870678,0.26868493160372,3.190518812276423,0.134891298936706,0.48034673754591495,0.020308482469453545,9.980568677186966,0.24036601010710723,11.814465120434761,0.2845324684794301,13.353871524333954,0.3216066059566214,5.453835171181709,0.1313468843589224,0.91963895119261,0.022148031097918915,7.01237128674984,0.17231703186140876,10.824670940637589,0.26599777608633274,19.771833330392838,0.48585899043729697,2.8023175303824246,0.06886216080445244,0.28339879866689444,0.006964040810509117,15.600667357444763,0.1751599036308512,18.90930426120758,0.2123083478566049,48.485390082001686,0.5443803178211387,5.78145646257326,0.0649125664708847,0.28847037634113804,0.0032388642205204475,13.97469037771225,0.15891796355655138,19.028980016708374,0.2163945440706546,50.053262546658516,0.5691977666970365,4.666643465636298,0.053068329684511764,0.21292910192278214,0.0024213959912458153,Alzheimer_patient53,1,train
15.695986300706863,0.3060459326028024,18.63721215724945,0.3633950021684731,13.1145229190588,0.25571163993838497,3.3210039976984262,0.06475411905828929,0.5176490829326212,0.01009330623205022,16.150229513645172,0.27591702915686106,22.760846972465515,0.38885548173978707,13.866492941975594,0.23690075327672197,5.206963196396828,0.08895785752549713,0.5483878081431612,0.009368878301132736,19.204232573509216,0.25521828719325473,29.999328434467316,0.3986817588615358,19.498503237962723,0.2591290529406267,5.819242045283318,0.07733591966642134,0.7249967253301293,0.009634981338161482,17.237626791000366,0.22227538862549046,33.29555678367615,0.42933884770365216,19.21927799284458,0.24782834300550177,7.453971365001053,0.09611731371420033,0.3443336979835294,0.004440106951155283,12.101074695587158,0.33832225783234976,11.419448643922806,0.31926533350144476,8.980724439024925,0.2510833992528835,2.722111538052559,0.07610488694539427,0.5445348004577681,0.01522412246792773,12.052688777446747,0.30064944862748705,13.179449379444122,0.3287560362927706,11.013001024723053,0.27471485798361023,3.6244530582334846,0.09041051616409093,0.21925153641495854,0.005469140932041123,21.927151024341583,0.24397140020144664,40.328908801078796,0.4487176805538093,20.37573394179344,0.22670963201708313,6.863217790611088,0.07636326545131483,0.38089605362620205,0.004238021776346123,12.945832401514053,0.14885328540450424,22.227790236473083,0.255578745449711,34.22003263235092,0.39346749795548486,14.425833359360695,0.16587057700419472,3.1509290290996432,0.03622989418610523,10.373208343982697,0.15256277578625962,16.660209357738495,0.24502812442509275,33.2407203912735,0.4888840948585952,6.840248646680266,0.10060217494919024,0.8786626167129725,0.01292282998086219,18.72547087073326,0.15665223235472603,32.93489795923233,0.2755244620178047,51.6022709608078,0.43169066328890954,15.602744708769023,0.13052834859868312,0.6699109077453613,0.005604293739876586,16.086293905973434,0.13713801218961896,23.48301061987877,0.20019610579426428,66.01028415560722,0.562747342929644,10.670582976192236,0.09096828311187317,1.0498653571121395,0.008950255974599561,12.731339693069458,0.11252508507260008,18.44413462281227,0.16301723679969338,75.17338973283768,0.6644149224521938,6.539186570327729,0.05779615836755109,0.2541850420529954,0.0022465973079616964,14.121731877326965,0.10941439151676802,26.816509187221527,0.20777281857577987,79.68188011646271,0.6173707661064216,8.008410256821662,0.06204871632449124,0.4379622981650755,0.0033933074765393075,8.739583373069763,0.24371571764953162,10.223937928676605,0.2851090564762777,10.847215816378593,0.3024900472182905,5.05241971462965,0.14089391267916881,0.9965876981150359,0.027791265976731355,6.60847681760788,0.19149018853605618,9.423145741224289,0.2730492978021735,14.3964152187109,0.4171569849695241,3.5497890822589397,0.10286028072518115,0.5329586176667362,0.015443247967065022,14.639120906591415,0.23427186967340663,17.526934802532196,0.280485953496314,23.697119027376175,0.379228262123105,5.644485387951136,0.09032947767950585,0.9800851050531492,0.0156844370276685,7.4158375561237335,0.1550668898396901,14.438117519021034,0.30190439877768793,23.01887271553278,0.4813299876917926,2.7889281425159425,0.05831713677293438,0.16171923800720833,0.0033815869178949937,50.370442390441895,0.3568675912625566,25.515065848827362,0.18077069920879563,59.21836690604687,0.41955390807275067,5.686184732010588,0.040285829396876624,0.35596633434761316,0.0025219720590204673,12.415398865938187,0.1349551451566355,20.192142486572266,0.21948819765871505,54.618739902973175,0.5937046446490674,4.525737299583852,0.049194676772068784,0.24446554732276127,0.0026573357635132668,Alzheimer_patient54,1,train
6.7516675889492035,0.17316335235474362,12.595263630151749,0.3230369453553475,13.39132510125637,0.34345392696779375,5.772211528383195,0.1480427591535346,0.47969662392279133,0.012303016168580542,9.766630500555038,0.20819466550195792,15.733121991157532,0.3353819999706542,13.983629703521729,0.2980881797936862,6.964276436716318,0.14845705518632266,0.463392028294038,0.009878099547379043,10.152947008609772,0.18520440095319315,19.550522595643997,0.3566297374129514,16.379220262169838,0.29878060765639136,8.135538063943386,0.1484039513145111,0.6019974873634055,0.01098130266295298,9.133830845355988,0.15756004420869155,22.539843797683716,0.3888159136454464,15.88875898718834,0.27408363597137203,10.116006694734097,0.1745027348353092,0.29203620814951137,0.005037671339180829,7.925259113311768,0.2463705781654253,11.635893493890762,0.361722155272629,8.09947406500578,0.2517863554618195,3.986563425976783,0.12392931538368511,0.5208519315347075,0.016191595716441073,8.573579147458076,0.26030312849718384,13.162360161542892,0.3996234792411201,7.307913392782211,0.22187614836350708,3.6797156636603177,0.11172014426610336,0.21333560861239675,0.006477099632085617,9.614730671048164,0.14732276054587223,23.565533757209778,0.36108546413090614,21.02340531349182,0.32213342347536866,10.708304685540497,0.16407916779099363,0.3510618844302371,0.00537918405685931,9.87223556637764,0.12718238135265547,22.595688223838806,0.29109652188581536,32.86781162023544,0.4234305921496404,9.6801623031497,0.1247079332048923,2.6067687389440835,0.033582571406996456,7.235095143318176,0.12001444721289496,17.018498837947845,0.28229977491255015,27.675838261842728,0.45908179012905537,7.4602209301665425,0.12374879297155814,0.8955484115285799,0.014855194773941361,11.667480766773224,0.12669566669162594,32.59735685586929,0.3539704878709123,32.94031488895416,0.3576946248562225,14.332680197432637,0.15563672307589307,0.5527736348449253,0.006002497505346213,17.210558593273163,0.1421517275450672,33.411348819732666,0.2759632076202454,58.57548242807388,0.4838080050574841,11.070381131954491,0.09143653263553723,0.8039802500861697,0.006640527141666042,12.971254616975784,0.1307861964182133,25.37446230649948,0.25584490546359506,49.99448783695698,0.5040829973004327,10.56131658796221,0.10648734193379054,0.2775584949995391,0.0027985588839683755,17.359058558940887,0.14273165821289824,37.40299874544144,0.3075392605506325,56.31254142522812,0.4630194885577783,10.182091247756034,0.08372036783750134,0.3635502432589419,0.0029892248411896158,8.27160857617855,0.2303569887296368,11.712573140859604,0.326184810869102,10.936598718166351,0.3045746089722639,4.03210814204067,0.11229064833987254,0.9548936081118882,0.026592943089124757,5.162625581026077,0.1930165762902988,7.262829437851906,0.271537505533367,10.452678643167019,0.39079732068538575,3.2978806979954243,0.12329881982540046,0.5710437437228393,0.02134977766554799,13.64319571852684,0.1897791416731937,27.0057555437088,0.3756545909813092,24.802801311016083,0.34501112796494077,5.487260248977691,0.07632871078542776,0.9508460855577141,0.013226428595128572,7.900795012712479,0.21217926909336285,10.863955110311508,0.2917562158061379,15.188883017748594,0.40790402634988215,3.086200188845396,0.08288124160814052,0.1965802298800554,0.00527924714247656,22.303865432739258,0.19091403275980848,42.379945516586304,0.3627589276447121,45.76675309240818,0.3917489291505728,6.07577870041132,0.05200674373460894,0.30040440849552397,0.0025713667102977007,12.201773226261139,0.17029027581025546,23.400645911693573,0.32658388027274277,30.12984649091959,0.4204978878001602,5.682000607717782,0.07929908487069864,0.23852290949434973,0.003328871246142935,Alzheimer_patient55,1,train
15.602159410715103,0.3630430716152453,10.066391721367836,0.2342325619425366,14.161769270896912,0.32952696356133193,2.745128821581602,0.06387577341903634,0.4006068706512451,0.009321629461849818,19.344166338443756,0.3567110725196905,14.666179597377777,0.27044787365946066,15.593131959438324,0.2875410978108758,4.080744502134621,0.07524990855472442,0.5450063220923766,0.010050047455248665,27.641081273555756,0.395356794722256,20.587574064731598,0.2944688455847904,16.02030123770237,0.22914208330491356,5.107114157639444,0.07304823800712494,0.5581982065923512,0.00798403838091513,29.967780888080597,0.36064498452016613,30.97333025932312,0.37274619210641957,16.04965491592884,0.19314835390468896,5.850432184059173,0.07040658206679248,0.25376265426166356,0.0030538874019328684,13.648829638957977,0.3850383305804109,10.755048885941505,0.30340374800588243,7.628324158489704,0.21519773319812163,2.8445601384155452,0.08024605155923994,0.5712135352077894,0.016114136656345087,16.41851571202278,0.379260095586333,14.711759626865387,0.3398348218677503,9.397798165678978,0.21708477752386054,2.5873745668213814,0.05976715208255742,0.1754646903136745,0.004053152939498687,36.14482402801514,0.3929438524575457,28.64663553237915,0.3114282508974335,20.583980187773705,0.22377611985673182,6.240581753198057,0.06784368997832883,0.36868267954559997,0.0040080868099601685,22.69845163822174,0.27958059719113665,24.413199424743652,0.30070143035760255,19.627352371811867,0.24175335766743666,11.706152472645044,0.14418662344358055,2.7423509019427,0.03377799134024361,23.607311874628067,0.36610459123817335,23.072430193424225,0.3578095917779265,11.502896338701248,0.17838808520428587,5.624286201782525,0.08722200188845222,0.675500467827078,0.0104757298911621,40.196712136268616,0.34151548459543796,35.701689302921295,0.30332529889084486,28.689639687538147,0.24375018950660934,12.580391532741487,0.10688432666183179,0.5325617299531586,0.004524700345276078,20.43234011530876,0.18058764598673327,33.709083914756775,0.29793181193054896,46.37914226949215,0.4099138952300481,11.92426107916981,0.10539048519484569,0.6987932918127626,0.006176161657823902,28.645459055900574,0.32410689499925427,22.08604109287262,0.2498908531180401,31.901188500225544,0.3609436012673794,5.51571780978702,0.06240717488707588,0.23434471954533365,0.002651475728250336,28.721021950244904,0.26389413551559116,29.92081892490387,0.2749180951076401,43.06796187162399,0.3957165098867153,6.8294587302953005,0.06275034749086696,0.2961315267602913,0.0027209119991864657,10.823424190282822,0.2723339742425814,15.420075505971909,0.38799278045779717,8.291904605925083,0.20863705382621028,4.111734634265304,0.10345755782034788,1.0960632122587413,0.027578633653063286,10.754396721720695,0.35910392875432307,10.184891700744629,0.3400873817764004,6.182359047234058,0.20643737443194934,2.3382997065782547,0.07807900647196711,0.4879198911366984,0.01629230856536004,10.378980711102486,0.167254930288936,24.70775145292282,0.3981598349474144,19.25295765697956,0.3102570647741284,6.711200245190412,0.10814947637041897,1.003966512158513,0.016178693619102173,12.332371845841408,0.35757254357871743,11.214896529912949,0.32517176162875444,9.030414631590247,0.26183351992237003,1.7744046973530203,0.05144820549540078,0.13705881201894954,0.003973969374757314,25.002809777855873,0.23023606843983502,30.749404907226562,0.2831530598202843,46.98383346199989,0.4326462982613815,5.61081781424582,0.05166669849355331,0.2495409669354558,0.0022978749849458377,28.97452664375305,0.3260098400468921,21.719625890254974,0.24438058469151877,34.081569224596024,0.3834722502309856,3.898719206219539,0.04386683656422777,0.2017924629326444,0.0022704884663758062,Alzheimer_patient56,1,train
74.73403882980347,0.6690128770194192,20.102602183818817,0.17995681664149737,8.005197204649448,0.07166185712492991,7.423447359353304,0.06645408107266113,1.4426372395828366,0.012914368141492358,78.9480369091034,0.6599823266854878,25.419830560684204,0.21250229358719797,7.619002506136894,0.06369261602808735,6.644423946738243,0.05554542642905698,0.9901470113545656,0.008277337270169874,27.2367023229599,0.3172648185804147,25.956116557121277,0.3023480050154714,19.08950500190258,0.2223627614460916,12.619564338587224,0.14699811096700516,0.9465914338361472,0.011026303991017188,30.01691508293152,0.3654876724154818,29.29354852437973,0.3566799198846888,14.266710817813873,0.17371228573693678,7.815851898863912,0.09516625910982565,0.7353663644753397,0.008953862853066989,20.25322461128235,0.367566264502589,12.801328331232071,0.2323252976101869,11.273402333259583,0.2045956860401714,8.500641739927232,0.15427415585364448,2.2722829268313944,0.04123859599340824,27.064080476760864,0.4925955286012589,14.037460207939148,0.2554969542485085,7.349435314536095,0.13376766954241479,5.496809055097401,0.10004786840775605,0.9940057361964136,0.018091979200061788,34.21627449989319,0.34766952428056536,33.87660712003708,0.3442181842941338,18.054380357265472,0.18344948191278,11.603146956302226,0.11789888412508724,0.6656790762208402,0.006763925387433637,19.08671396970749,0.2603973443408682,15.90568733215332,0.21699904696965439,25.039920061826706,0.3416160946800854,11.073987377807498,0.1510808465523183,2.192111478652805,0.029906667457073665,22.40400856733322,0.35254320872217887,16.930725932121277,0.2664171649536337,16.46912705898285,0.2591535742712037,6.619787387549877,0.10416712168501166,1.1260323782917112,0.017718930367972032,32.14743894338608,0.3096420829560247,26.29709905385971,0.2532919820169152,32.38511000573635,0.31193131548039815,11.883778911083937,0.1144638010479514,1.1078580885659903,0.010670818498710587,17.677745759487152,0.2579945936729097,13.67225757241249,0.19953723653327707,22.10062550008297,0.32254349470723853,11.96548880264163,0.1746281151304914,3.1037125983275473,0.04529655995608326,22.399203896522522,0.3123112513337591,12.626664727926254,0.17605310793937226,22.685666680336,0.3163053910758072,11.37817569449544,0.15864547264534343,2.6310605094768107,0.03668477700571809,31.24138367176056,0.26597141459487234,24.62851545214653,0.20967320663521505,47.20593139529228,0.40188451582006524,13.016333639621735,0.11081367929610406,1.3692695044446737,0.01165718365374329,5.3619140684604645,0.17892373681717585,5.003799699246883,0.16697368309950833,4.847945112735033,0.16177291250476383,10.640781655907631,0.3550762642261632,4.113154394552112,0.1372534033523888,9.255386009812355,0.31622691002235753,8.077080100774765,0.2759679693059998,6.531891822814941,0.2231738325704852,4.181774874217808,0.1428778600353418,1.2220468332525343,0.04175342806581559,7.6620902717113495,0.12592619165656613,7.212345093488693,0.11853464502880326,10.881154507398605,0.1788314023135807,23.417872294783592,0.3848719305317266,11.672420416027308,0.19183583046932334,8.413682132959366,0.11256631670309929,8.100275814533234,0.10837326610537013,12.430722326040268,0.16631013676162773,30.945874705910683,0.41402361983156166,14.853670286014676,0.1987266605983412,7.976375102996826,0.17268503204908936,7.76048481464386,0.16801110173840073,13.78547877073288,0.29844958550678574,13.740247912704945,0.297470357214823,2.927723053144291,0.06338392349090116,8.534440770745277,0.14837574217502605,7.25921556353569,0.12620528114041268,13.919665545225143,0.24200070767150705,21.735634244978428,0.3778854349541589,6.070154787041247,0.10553283405889534,Alzheimer_patient57,1,train
44.87359583377838,0.6102895295602296,16.68889355659485,0.22697216053874303,6.541375756263733,0.08896396775855939,4.809755370952189,0.06541359764239428,0.6147519355872646,0.00836074450007369,46.290931820869446,0.5869213013664879,18.105127573013306,0.2295543558656251,8.082823768258095,0.10248187405558513,5.83314910531044,0.07395831816913435,0.5587323701474816,0.007084150543167502,22.711381375789642,0.3192778418791896,24.721485018730164,0.34753598886075926,13.604511827230453,0.19125297154528664,8.991848602890968,0.12640789958711252,1.1043703022878617,0.015525298127651969,24.53458285331726,0.3466257862950474,23.215271949768066,0.3279864973352786,14.302484631538391,0.2020662022672018,7.89547726418823,0.11154768887802315,0.8333652656292543,0.011773825224449025,16.621659994125366,0.38467959310339656,12.76631212234497,0.29545422986574793,5.943515598773956,0.13755239626776902,6.177790485322475,0.1429742836161855,1.699824367184192,0.039339497146901006,17.129724204540253,0.4438756121354351,9.431653141975403,0.24439861155113052,6.1408239752054214,0.15912468691631335,5.20619828440249,0.13490610956684868,0.6828717686003074,0.017694979830272396,27.72751772403717,0.3245297461523757,31.779864966869354,0.3719594235986742,15.93678942322731,0.186528137047054,9.343299461528659,0.10935629480625696,0.6515923399711028,0.007626398395639196,16.81858131289482,0.25803083639891655,18.63124006986618,0.2858406644971128,19.10011288523674,0.2930341157439205,8.786179518327117,0.13479765074636732,1.8443954412359744,0.028296732613682818,19.37164732813835,0.32791788958956475,17.571431428194046,0.2974443326062183,14.97186329960823,0.25343956212229907,6.055717861279845,0.10250951751203269,1.1040290312375873,0.018688698169885228,26.071274280548096,0.30674130441756026,25.407687604427338,0.2989338823315879,24.927048072218895,0.29327892295070856,7.658628823235631,0.09010751718576275,0.9296997878700495,0.010938373114380536,16.55644741654396,0.23069069439245238,18.24398523569107,0.2542041487898955,25.231467843055725,0.35156484303746727,9.340921266004443,0.13015253568024213,2.3962084553204477,0.03338777809994273,17.975435823202133,0.2719248960682128,14.948827177286148,0.22613962278891114,20.168535262346268,0.30510118970148115,10.045985147356987,0.15197147340215228,2.965630283113569,0.04486281803924268,23.133289694786072,0.22959210337889582,25.092488825321198,0.24903666380468972,41.93536525964737,0.4161979918530455,9.261132656596601,0.09191442092121598,1.3359349931124598,0.01325882004215297,5.589615538716316,0.20576477392483955,6.549238234758377,0.24109037829540178,3.348228298127651,0.12325488829079768,8.243160013109446,0.30344698034692963,3.434833025559783,0.12644297914203134,7.682430997490883,0.3320077511969814,6.454491689801216,0.2789405165826287,4.441920015960932,0.19196422017688272,3.6722879745066166,0.158703419863044,0.8881814912892878,0.03838409218046318,7.874743744730949,0.13988213877351321,8.369855910539627,0.14867700892182056,11.944043755531311,0.2121666990428815,19.504707228392363,0.346469707675795,8.602212280966341,0.15280444558598974,7.004956677556038,0.11125465701636543,6.2175203114748,0.09874837512724657,8.727514818310738,0.13861280125078124,26.53793542832136,0.4214828213656325,14.475339789874852,0.22990134523997427,7.290827915072441,0.16038575011761552,9.987657487392426,0.21971139035138468,13.522733241319656,0.2974770135591546,11.149772442877293,0.2452759326817584,3.5070867645554245,0.07714991329008677,7.5331844836473465,0.14040157848698617,9.576735526323318,0.17848876362539073,12.952877685427666,0.24141244342689847,16.645612247288227,0.3102366919958976,6.946146970614791,0.12946052246482706,Alzheimer_patient58,1,train
32.39899218082428,0.5776656910491565,10.065102368593216,0.17945818446399522,6.05889256298542,0.10802849483266003,6.454820908606052,0.11508779532269993,1.1082512392895296,0.01975983433148823,42.092773139476776,0.6202639775524083,11.63156533241272,0.17139856655053098,7.610205486416817,0.11214125306866701,5.6457768101245165,0.08319413807727351,0.8823549032676965,0.013002064751120241,13.090129762887955,0.2632975809612759,12.381200417876244,0.24903802929943936,14.102556213736534,0.28366173626288316,9.338987808674574,0.18784633484858373,0.8032292076386511,0.016156318627817832,20.771933615207672,0.3282953732276932,18.943197920918465,0.29939264908014745,15.840307250618935,0.25035221454183754,6.825809986330569,0.10788027145451215,0.8908388320123777,0.014079491695809654,16.160317420959473,0.3926808127946861,9.721391960978508,0.23622086109408366,6.906622290611267,0.16782455344754646,6.494528008624911,0.15781104236461643,1.8709652433171868,0.045462730299067375,40.589766681194305,0.635075838109823,9.362929366528988,0.14649431866200893,7.663357302546501,0.11990246457624014,5.274042569100857,0.0825187548158643,1.0231633253861219,0.016008623836063544,17.003185868263245,0.27697807600107865,18.123467534780502,0.2952272125438016,16.029180020093918,0.2611117396609411,9.738675650209188,0.15864083738731813,0.49369216535706073,0.008042134406860559,7.150528460741043,0.11700050248391904,10.292532831430435,0.1684115404506473,31.7363940179348,0.5192866607709719,10.363857733085752,0.1695785939599236,1.572052352130413,0.025722702334538158,12.169000387191772,0.2028658154525565,19.556156933307648,0.32601492293231377,22.14655762910843,0.36919872873246834,5.412906692596152,0.09023697059931846,0.7008439230266958,0.011683562283342936,12.11456349492073,0.14160264103324013,19.667681634426117,0.22988823853235452,41.35071885585785,0.48333322129744527,11.631111036986113,0.13595174449980288,0.7891562348231673,0.009224154637157195,5.750642091035843,0.08793410139473655,14.956910759210587,0.22870880963060308,32.424302607774734,0.49580583664042766,10.938736595213413,0.16726618656953315,1.3265860588289797,0.02028506576469956,10.45702812075615,0.154310227467289,25.031845271587372,0.3693850387681008,23.07056427001953,0.3404431908564093,7.875628396868706,0.11621753287211901,1.331201234832406,0.019644010036081915,11.792954698204994,0.10332453653103232,29.209870100021362,0.25592367370628083,59.82410216331482,0.5241517319107897,12.433985771611333,0.10894096093498443,0.8741716730874032,0.007659096916912703,3.9272778779268265,0.16189005196906114,3.709951862692833,0.15293144985480664,4.22196813672781,0.1740377590565086,8.464497465640306,0.3489230905473574,3.9352250178344548,0.16221764857226625,8.840795457363129,0.30725979052303976,9.982681646943092,0.3469457795387995,6.793486922979355,0.236106058435858,2.5929105300456285,0.09011600258699212,0.563156376243569,0.01957236891531059,4.019084468483925,0.09652691985407935,9.487994730472565,0.227874510751382,10.964358925819397,0.26333255834335834,13.89060073159635,0.33361252147298076,3.2748897285200655,0.07865348957819955,5.275631621479988,0.10117781464548756,14.899772927165031,0.2857527916366621,10.590508237481117,0.20310828282448876,16.62833858653903,0.3189037977028579,4.747926633106545,0.09105731319050363,6.238516062498093,0.15120703338058275,12.327600657939911,0.29879219761777825,10.16380275785923,0.24634679906007687,10.121313109993935,0.24531694940693288,2.4068750739097595,0.05833702053462924,7.543765142560005,0.1611015735987658,12.498566836118698,0.26691429902399744,9.690021738409996,0.20693615466060772,13.623344510793686,0.29093459259286764,3.4704436529427767,0.07411338012376135,Alzheimer_patient59,1,test
603.0755558013916,0.8148796301987798,38.70888102054596,0.05230369287562205,69.41768002510071,0.09379762267588952,21.731348603963852,0.029363540179616697,7.145846206694841,0.009655514070091928,573.3569078445435,0.8131206866012141,37.372700214385986,0.053001045671018994,69.69358187913895,0.09883772633402782,20.03241366147995,0.02840947711249789,4.675771474838257,0.0066310642812412,523.7893314361572,0.8268491779031112,34.515822529792786,0.05448637032212522,47.99647665023804,0.07576681096516827,19.92445208132267,0.03145256276686804,7.250185325741768,0.01144507804272731,518.6977014541626,0.8385377466252321,34.135125041007996,0.05518356983732817,43.82726073265076,0.0708520827304286,18.289953231811523,0.029567927765801815,3.6240231906995177,0.0058586730412093484,537.5472536087036,0.7929263029559277,37.976459980010986,0.05601839430701221,66.81781095266342,0.09856175332423957,22.656121373176575,0.033419637881418066,12.930746175348759,0.019073911531402494,532.8014521598816,0.8087100431329884,36.035794138908386,0.054696751508971284,68.49787402153015,0.10396915854847728,17.057135805487633,0.025890089032343324,4.436525195837021,0.00673395777721963,522.3782057762146,0.839918835045937,33.994986057281494,0.054659686738283995,46.556252002716064,0.0748566316776588,16.60526704788208,0.026699193037273635,2.4042003294453025,0.0038656535008465367,511.1503019332886,0.8904057297159301,32.089883685112,0.05589944130145619,15.886956334114075,0.02767451548818251,12.828597024083138,0.022346961845189625,2.108740703202784,0.003673351649241544,510.9198088645935,0.889733875427092,31.97225719690323,0.055677622610031854,16.422086715698242,0.02859800423206985,12.860700983554125,0.02239608081008893,2.0640540467575192,0.003594416920717293,514.1625547409058,0.8996339059126425,31.977381825447083,0.05595105409218977,12.22853371500969,0.021396353056403094,11.330649711191654,0.019825318981744843,1.8250870895572007,0.0031933679570198656,517.7252511978149,0.8149443075525964,33.15597879886627,0.05219037727241665,68.40610307455063,0.10767712058371488,13.791124612092972,0.021708422510532382,2.210661339573562,0.003479772080739637,516.5357012748718,0.8087745777982904,33.539103388786316,0.05251442275151496,71.84902429580688,0.1124988343431804,14.154213286936283,0.022162200690010157,2.5865689497441053,0.004049964417004034,515.1417107582092,0.8276973036350497,32.37719416618347,0.052021639387684664,62.207669377326965,0.0999513709213143,10.702587604522705,0.017196244678271144,1.9501892114058137,0.003133441377680234,522.8752698898315,0.8380473952755442,35.090740442276,0.05624229203292733,40.53491997718811,0.06496804507840377,18.55335533618927,0.029736711618415387,6.8665962014347315,0.011005555994709383,523.3202452659607,0.851371890852565,34.21755373477936,0.05566737325196165,38.72178816795349,0.06299515890693051,14.856129266321659,0.024168930934041,3.5630753934383392,0.005796646054501801,520.3392105102539,0.83567243263683,34.793110609054565,0.05587824787057434,47.69327253103256,0.07659609783651673,16.175772808492184,0.025978529274005135,3.65793183632195,0.0058746923820737745,521.0944418907166,0.8317740737451857,34.74710273742676,0.055463533807587985,50.571460485458374,0.08072246856176414,16.45221270620823,0.02626112060438179,3.620336778461933,0.0057788032810803455,522.1500430107117,0.7789623432622971,34.994391083717346,0.05220589990270381,93.986791908741,0.1402128997994488,15.836153462529182,0.023624947224566272,3.3474920131266117,0.004993909810984036,522.7730855941772,0.8179124968964434,34.730846524238586,0.05433866850218646,63.52736985683441,0.09939270236494752,14.652851797640324,0.022925339752026104,3.4711196552962065,0.005430792484396531,Alzheimer_patient6,1,test
52.34364306926727,0.5354395133479665,28.257255852222443,0.28905231724205926,9.637165948748589,0.09858158781235497,6.483884304761887,0.06632568260776238,1.0363255962729454,0.010600898989856928,49.6392548084259,0.5313769839839816,29.26992878317833,0.31332796066856267,7.935388900339603,0.0849465415400771,5.764955768361688,0.06171254626636955,0.8067398592829704,0.00863596754100911,20.370948314666748,0.21527727196875243,40.07182431221008,0.4234733154044056,23.012285619974136,0.24319054731816137,10.317629111930728,0.10903523066732425,0.8538755308836699,0.009023634641356353,17.798460841178894,0.2585846853910289,30.83791470527649,0.44802820554741446,12.032632753252983,0.17481593395576014,7.143575512804091,0.10378533531796967,1.017713752342388,0.014785839787826788,13.779204070568085,0.25602302300299856,19.639133512973785,0.36490281335558683,10.663349002599716,0.1981292121809061,7.883115155622363,0.1464713754500613,1.8553739164490253,0.034473576010447204,21.556870698928833,0.4194433669170585,18.040226697921753,0.35101817568072663,5.330503262579441,0.10371840454235251,5.341935617849231,0.10394084988950537,1.1244596687611192,0.02187920297035694,21.32354372739792,0.21918635082405763,45.10933291912079,0.46368231270798066,20.099453911185265,0.20660383717967645,10.225720570422709,0.10511097053242763,0.5269469898194075,0.0054165287558576,13.821343839168549,0.19881927661736395,23.007088661193848,0.33095571443111504,21.924132466316223,0.31537744868652917,9.652693262323737,0.13885346563666404,1.1118634219747037,0.015994094628327817,10.357919245958328,0.19445599887786713,17.0545152425766,0.3201755794888136,19.058798894286156,0.3578033085985805,6.176236339844763,0.1159505281177906,0.6186640337109566,0.011614584916948147,16.007278114557266,0.19358450274419442,24.486722886562347,0.2961309249396498,30.388068050146103,0.3674990214291644,11.015732708387077,0.13321909717909908,0.7910389669705182,0.009566453707892261,14.232298880815506,0.2011681490409423,23.451201558113098,0.33147384338526165,24.709159523248672,0.3492546023151313,7.4699311181902885,0.10558464441294615,0.8856806945987046,0.012518760845718579,16.210326299071312,0.22398516169824223,17.24114352464676,0.23822841372735637,30.495968341827393,0.421376120021718,7.438428785651922,0.1027800208087456,0.9864552873186767,0.013630283743937842,18.02190190553665,0.16210066152333122,25.511982321739197,0.22947129735818575,57.0733123421669,0.5133543470875677,9.73916183412075,0.0876003312119206,0.8308677482418716,0.007473362818994737,5.779289722442627,0.2003787048082482,7.273548245429993,0.252187422118642,4.6866831704974174,0.16249600706191447,8.639368828386068,0.299542957583563,2.462945935782045,0.08539490842763238,5.928943924605846,0.26995073041623463,7.81737819314003,0.3559330261870183,4.949005331844091,0.22533314889699654,2.7962805842980742,0.12731744401346876,0.4714513564831577,0.021465650486281806,9.047803938388824,0.22627343449249437,11.932076245546341,0.29840521424769745,9.00426895916462,0.2251846830853353,8.25887905806303,0.20654348195998115,1.7431237688288093,0.04359318621449171,7.850119195878506,0.19732865861827434,7.570958033204079,0.1903113769191908,10.987872138619423,0.2762024392344573,10.337951051071286,0.2598653552726065,3.035051431739703,0.07629216995547103,8.191551342606544,0.18536851409883912,12.655803352594376,0.2863911076276102,12.982607305049896,0.2937864300195018,7.890834107995033,0.17856351409183063,2.4698334732092917,0.05589043416221823,8.210512265563011,0.17985102780151938,11.427156150341034,0.2503115167499674,14.568246006965637,0.31911699695128387,8.136647794395685,0.17823302875008645,3.309177258051932,0.07248742974714288,Alzheimer_patient60,1,train
145.2194483280182,0.6179643702470886,71.77828931808472,0.30544411142281935,7.631988927721977,0.0324770358636772,8.157328793779016,0.03471255819371894,2.209419056889601,0.009401924272695875,101.67674803733826,0.5656925766411444,58.352633595466614,0.3246529053062765,6.42334109544754,0.035737141923483894,9.797586768865585,0.05451022196450894,3.488213219679892,0.019407154164586292,96.699702501297,0.3786337864934341,130.52634608745575,0.5110841437757571,10.123172223567963,0.03963791957150317,14.309952579438686,0.05603152222336652,3.731935248710215,0.014612627935939222,53.5512011051178,0.2374763334733039,155.12957763671875,0.6879323441899329,8.234321042895317,0.03651563979060728,7.018001071177423,0.03112178864902544,1.5681115044280887,0.006953893897130543,104.06609654426575,0.4911455069782163,81.02423650026321,0.3823982164692565,9.206832572817802,0.04345213860997192,12.791377022862434,0.06036958780490986,4.79590924968943,0.022634550137645423,25.203190863132477,0.38312086360097647,32.020812690258026,0.48675746962827254,4.672895431518555,0.07103401085055838,2.9934040661901236,0.04550358552507886,0.8936133512761444,0.01358407039511375,77.2194652557373,0.30545137153200175,161.53564262390137,0.6389746863354244,8.159605324268341,0.0322763519431703,5.257430166937411,0.020796430665588395,0.6323042518342845,0.002501159523815124,63.933260560035706,0.2933686877597693,135.37056958675385,0.6211709838209499,11.52810424566269,0.05289867567026523,6.228929119184613,0.02858250534755434,0.8671677593374625,0.003979147401461245,36.66603243350983,0.2013540447720761,128.78508615493774,0.7072321787376642,10.823033157736063,0.05943543269821527,4.968472531996667,0.0272847094233785,0.8546982514671981,0.004693634368665929,58.41187131404877,0.21049600805201388,200.19580352306366,0.7214358403928571,12.91286476701498,0.04653346014816707,5.407068214379251,0.019485187664549625,0.5687297824188136,0.002049503742412335,81.82153487205505,0.3679842131104458,118.87554633617401,0.5346309433695501,16.050899490714073,0.07218732364335718,5.134084709919989,0.023090035220880812,0.4686006168485619,0.0021074846557661083,97.60446786880493,0.37683233864540494,134.61199688911438,0.519711389294561,21.075597770512104,0.08136888576542578,5.067660108674318,0.0195652745402868,0.6532596872420982,0.002522111754321475,141.1247434616089,0.4516373639076725,143.40549492835999,0.4589363857156536,21.880992576479912,0.07002509669477684,5.5656624380499125,0.01781162573099465,0.4966854875674471,0.0015895279509024057,75.92841923236847,0.43589664072574014,79.31397622823715,0.4553327482649785,7.708713550120592,0.04425487024207792,9.323601426556706,0.05352576258520657,1.9143337956629694,0.010989978181996906,20.564984023571014,0.27307745752249774,27.29447305202484,0.3624367175252979,3.5598175078630447,0.04726995718436316,19.602487098425627,0.26029669324421434,4.286483129486442,0.05691917452362687,63.794367611408234,0.43487525571526847,65.54013335704803,0.44677584119765046,10.00302954763174,0.06818893572158907,6.483699690550566,0.044198268067868744,0.8745561665855348,0.005961699297623211,46.134717762470245,0.29134282543045414,89.5106930732727,0.5652640677346827,15.039618596434593,0.09497587040287643,6.370579678565264,0.040230498271149696,1.2963863238692284,0.008186738160837023,84.90091633796692,0.46275925888173663,79.44880640506744,0.4330420960910914,13.826681300997734,0.07536343619865456,4.804934647865593,0.026189681955495207,0.485366097826045,0.0026455268730222006,75.70264911651611,0.3804620462779359,99.08021748065948,0.49795169294980984,18.251477241516113,0.09172723094821553,5.249303906690329,0.026381651490164873,0.6919133049668744,0.003477378333873838,Alzheimer_patient61,1,train
118.35865640640259,0.5795599949376531,69.84816336631775,0.34202146624568863,7.854240730404854,0.03845940682464782,6.6745509332977235,0.03268288794890275,1.4859660365618765,0.007276244043107765,124.70579695701599,0.5619322797175481,76.46769964694977,0.34456833471966153,7.668359994888306,0.03455411952587662,10.17948723398149,0.045869419123463435,2.9018334932625294,0.013075846913450238,62.595107078552246,0.31799806331964753,107.11172842979431,0.5441531101903887,12.84987287223339,0.06528041692054255,11.360470492392778,0.0577138978362534,2.9239792935550213,0.01485451173316778,83.34715700149536,0.310290533581035,162.4804060459137,0.6048932405402292,13.112892851233482,0.04881758017885572,7.61312622576952,0.028342670389722022,2.0564719419926405,0.0076559753101581515,45.74550938606262,0.30165590042432605,74.78143727779388,0.49312516353640273,12.91497603058815,0.08516417842431157,14.341808322817087,0.09457302282550561,3.8642537286505103,0.025481734789454057,60.354092836380005,0.5005698323353035,49.16600286960602,0.40777711430037106,6.247903488576412,0.05181938547568829,4.185286476276815,0.03471227966899811,0.6174897488672286,0.005121388219639036,85.41585040092468,0.320641742319171,159.63973140716553,0.5992700579751401,15.287192404270172,0.05738644507624688,5.470922220265493,0.020537242497319964,0.576605039415881,0.002164512132122036,48.26395443081856,0.30922899227104816,86.48054695129395,0.5540841545242637,14.928529918193817,0.09564765915126806,5.570446461439133,0.03569006240961335,0.8348837022203952,0.0053491316438066695,52.55017411708832,0.3085423555847499,99.47462713718414,0.5840539311903247,12.683825053274632,0.07447163259711495,4.877893412485719,0.028639994996520257,0.7310174540616572,0.004292085631290152,82.68452227115631,0.330909501138676,141.90920424461365,0.5679310068403552,19.295802533626556,0.07722321197591495,5.3084525829181075,0.02124481520581423,0.6725176632171497,0.0026914648392395305,75.68051791191101,0.47698358150521175,60.76301670074463,0.3829646272071914,17.087921917438507,0.10769823491626013,4.619392263703048,0.029114154172189783,0.5139791927067563,0.003239402199146968,80.18229413032532,0.4532920184420576,74.85083901882172,0.4231518724791762,16.53815183788538,0.09349460886853117,4.649723504669964,0.026286134307950546,0.6678200517781079,0.0037753659022845137,101.07304763793945,0.49543886864412656,77.78827214241028,0.3813017856359839,19.775479316711426,0.09693524958961625,4.841211811173707,0.02373060433664175,0.5290907439775765,0.00259349179363158,49.30499005317688,0.3306501355005689,73.77238821983337,0.49473390289258895,14.267664760351181,0.09568210603427225,9.662536719813943,0.06479910192132456,2.1077078559901565,0.014134753651245374,27.762843757867813,0.34264587060673596,26.367961049079895,0.3254303863315896,5.211981602013111,0.06432568612867587,15.741443280130625,0.19427910859449907,5.940659677609801,0.07331894833849945,57.438283145427704,0.47687042164452964,46.034942507743835,0.3821963547982022,10.438756361603737,0.08666578934817538,5.429213671013713,0.04507501392302061,1.107212389819324,0.009192420286072197,66.7586419582367,0.41706302893269953,71.80770027637482,0.44860614445529917,12.759540066123009,0.07971301200366655,7.434907620772719,0.04644829495024952,1.307682532351464,0.008169519658085175,88.5158919095993,0.5265327534154359,62.648048520088196,0.3726590646239491,12.243893444538116,0.07283224276225952,4.093835734762251,0.024351995499930223,0.609224415034987,0.0036239436984252167,89.30595517158508,0.34718955631639264,137.3978831768036,0.5341537415653096,21.4780270755291,0.08349887391694377,8.333465715870261,0.03239752890959995,0.7100189516786486,0.0027602992917539937,Alzheimer_patient62,1,train
114.12681913375854,0.6867265757522344,38.496251940727234,0.23164055105721484,6.511838801205158,0.039183189330468125,5.202784091234207,0.03130631459345223,1.8519121492281556,0.011143369266630409,70.02384495735168,0.6001925839502762,29.55178201198578,0.25329600819423276,7.472693361341953,0.06405039798005299,7.457068322226405,0.06391647170669859,2.1635719938203692,0.018544538168739404,65.43724751472473,0.44944704817402925,57.95828640460968,0.398078796574003,8.952732093632221,0.061490651966534284,10.331368217244744,0.0709596311763384,2.9153758618049324,0.020023872109095012,35.555237114429474,0.35396860903529287,49.09945738315582,0.48880750192634975,9.539156675338745,0.09496665734143186,4.555683745071292,0.04535391040306537,1.6978951841592789,0.016903321293860147,55.067259430885315,0.4512482806314228,40.992426335811615,0.3359121571350706,6.704564303159714,0.05494050630903159,14.21060911566019,0.11644873916805688,5.058313669636846,0.041450316756418124,44.09916818141937,0.6370724973593737,16.240681409835815,0.23461874432682428,5.407130561769009,0.07811335933510352,2.887547979131341,0.041714560119192876,0.587057110038586,0.008480838859505697,60.334188997745514,0.4242992205775705,67.72435188293457,0.47627042304528205,9.55151928216219,0.06717090681213082,4.012039208784699,0.02821460166270918,0.5751663118135184,0.004044847902307443,46.883983850479126,0.38402174671131195,58.7362174987793,0.4811021373744937,10.084639698266983,0.08260221580643574,5.523377936333418,0.04524140375148185,0.858574933372438,0.007032496356276739,22.69938924908638,0.38088484794867317,26.778429329395294,0.4493291811294673,5.199913304299116,0.08725204746792765,4.212226080708206,0.07067913029160264,0.706503726541996,0.011854793162329241,47.02076429128647,0.3990478035946684,56.817676186561584,0.4821905647289123,8.806213915348053,0.07473507446912453,4.696568083483726,0.039858033071025735,0.49118724395520985,0.00416852413626904,49.981777012348175,0.3580733819773466,74.55692601203918,0.5341316824403848,9.970947697758675,0.07143265360040368,4.675605524331331,0.03349640574955279,0.40003416617400944,0.00286587623231217,35.475846111774445,0.4082830914946978,40.242000341415405,0.4631356291138777,5.851795084774494,0.06734692050691457,4.8085375260561705,0.05534031691649711,0.5121351586421952,0.005894041968012819,63.02945172786713,0.410529496751745,75.2926914691925,0.49040361117826226,10.12556903064251,0.06595083162744478,4.699972092639655,0.030612310991839486,0.38440588652156293,0.002503749450708506,40.739583134651184,0.3913464885660876,44.15401828289032,0.42414572466243056,8.25162472948432,0.0792655229724758,8.370914849452674,0.08041142987623437,2.5849160589277744,0.024830833922771703,12.717103987932205,0.2575179327630077,11.940661072731018,0.24179517272103337,2.7065797597169876,0.054807511619148715,16.42106764577329,0.33252219985885606,5.5979599906131625,0.11335718303795415,46.37741672992706,0.3548918583341081,68.83857011795044,0.5267703506749556,8.575021982192993,0.0656182621002376,5.9205158445984125,0.04530530198828878,0.968894277815707,0.007414226902409893,25.6033656001091,0.34539568429961365,33.48538100719452,0.45172600616865594,7.429933574050665,0.10023162701308956,6.359791186638176,0.0857951436237033,1.2491647431161255,0.016851538894937575,68.11006510257721,0.44017504029223403,69.76072549819946,0.45084276620113684,12.166877590119839,0.078630901694132,4.163223454728723,0.026905671711969156,0.5331547404639423,0.0034456201005280095,64.10995650291443,0.42669599699956273,60.23383915424347,0.4008977614867486,19.38377705961466,0.12901241132012828,5.893592934124172,0.03922592761112497,0.6262164518702775,0.004167902582435378,Alzheimer_patient63,1,test
117.23757982254028,0.5968067322386543,63.96188968420029,0.3256028180385355,6.8621315732598305,0.03493219773581094,7.039521182887256,0.035835212907354766,1.3403276898898184,0.006823039079644442,56.92372798919678,0.45472226506427516,49.90431600809097,0.39864928762201224,7.157785147428513,0.05717834003598342,9.021957581862807,0.07206985789330335,2.1757205757312477,0.01738024938442585,110.05412888526917,0.4801345447617453,93.50501203536987,0.40793550265930145,13.863500073552132,0.06048246770967202,9.328032873570919,0.04069552739764629,2.4645119295455515,0.010751957471634934,63.333510994911194,0.3556425948214692,84.86517024040222,0.47655133720105064,18.10505498945713,0.10166701063443782,9.553111523389816,0.05364448168790483,2.225057842209935,0.012494575655137499,93.39954781532288,0.5116053620366121,67.50974428653717,0.36979137452576283,6.456501677632332,0.03536613351497588,11.952539458870888,0.06547123000213631,3.2433730023913085,0.01776589992051283,51.33513331413269,0.5299271830404743,33.94356441497803,0.3503958461101367,6.565023310482502,0.06777004528711855,4.288178487680852,0.04426641560363634,0.7401518734404817,0.00764050995863418,100.60014820098877,0.446552591579227,103.74642884731293,0.4605185727589427,15.652919813990593,0.06948152695316437,4.668618785217404,0.02072346666397658,0.6136318958597258,0.00272384204468937,106.3979423046112,0.4958579902478144,92.07722187042236,0.4291175674577965,10.706005372107029,0.04989437006400849,4.563120568403974,0.021266010839094934,0.8291248483583331,0.0038640613912856565,64.93684494495392,0.38965098861301095,83.12266945838928,0.4987743146139836,12.17500975728035,0.07305566804668091,5.549075532704592,0.033297009872276434,0.8702696477994323,0.005222018854048073,110.0730528831482,0.43617058785887775,122.40584528446198,0.4850399629759012,14.1948312073946,0.05624780734354214,5.019018149934709,0.019888138282630936,0.6696445003617555,0.0026535035390479996,125.39318513870239,0.5537163980121323,86.63133311271667,0.3825502133397602,9.521159648895264,0.042043929419714084,4.317237733863294,0.019064236423315898,0.5945011749863625,0.0026252228050775194,110.47832477092743,0.5116526433553238,87.97707676887512,0.40744375855448023,11.943483579903841,0.05531324770899137,4.763827663846314,0.022062472632075936,0.76175512582995,0.00352787774912863,126.80946803092957,0.5252162287943073,95.87396740913391,0.3970883592847489,13.75801633298397,0.05698260205884531,4.399418767541647,0.01822140073493206,0.6015318048885092,0.002491409127166417,59.99517798423767,0.41280264314025295,63.43298828601837,0.43645683047448686,5.672426577657461,0.039029681433584845,12.002479761838913,0.08258422653944317,4.233152778353542,0.02912661841223224,28.14992219209671,0.3118544950690504,27.184193462133408,0.3011558208986139,4.889088101685047,0.054162995225868094,24.07722695171833,0.2667357800299406,5.965775607153773,0.06609090877652703,62.270217418670654,0.45920549903068647,57.533846378326416,0.4242776038452163,9.350102588534355,0.06895139768483712,5.349556123837829,0.039449767340993126,1.1005277666263282,0.008115732098266994,34.975269079208374,0.27187051391727834,75.33551454544067,0.585599642115895,9.256095796823502,0.07194968294456715,7.1069440161809325,0.05524385009546776,1.9729671806562692,0.015336310926791712,67.58971095085144,0.42388269148732516,70.00774312019348,0.4390471591204084,16.87955477833748,0.10585858424150131,4.222654173150659,0.02648198950631463,0.7541488651186228,0.004729575644450461,51.92129647731781,0.29277806003857293,99.32374548912048,0.5600748727985515,19.196578323841095,0.10824723846192863,5.80500746704638,0.03273375165918175,1.0934928462374955,0.006166077041765157,Alzheimer_patient64,1,test
24.10762870311737,0.5166855738969595,7.971256539225578,0.17084356617443158,5.787780001759529,0.12404631200462156,6.859358122572303,0.14701285770457165,1.9321957147913054,0.04141169021941573,23.33673107624054,0.48832878672600555,7.381549619138241,0.15446135784379433,6.1670884639024734,0.12904835803141082,8.23689654096961,0.17235977400170227,2.6667070381809026,0.05580172339708704,15.26703006029129,0.40426822534268536,6.755587361752987,0.17888674503803562,5.014913089573383,0.13279400164690272,8.79617079719901,0.23292102943085122,1.930904225911945,0.051129998541525105,18.441481560468674,0.3673635994402218,6.919832348823547,0.1378465450756386,7.266755912452936,0.14475743716679887,13.105544835329056,0.2610690528060444,4.465919506270438,0.08896336551129636,22.25469210743904,0.5385081983983062,3.8859756141901016,0.09403094488634885,6.507015839219093,0.15745359943019893,6.595286775380373,0.15958953654286082,2.083591030212119,0.050417720742285156,21.67411521077156,0.35248032113571726,5.434357576072216,0.08837749937899607,6.434618078172207,0.10464446758374003,19.013363398611546,0.30920922821716956,8.93383018951863,0.14528848368437705,18.455263376235962,0.41193935783337426,8.335423201322556,0.1860547211286962,6.008886635303497,0.1341241710496421,9.708931926637888,0.21671276651934032,2.2924176790984347,0.05116898346894713,11.698579750955105,0.34503854593483485,5.498491242527962,0.16217279905301146,4.7544732093811035,0.14022869081326306,10.380793441087008,0.3061716850090376,1.5728010392049327,0.04638827918985307,14.104074969887733,0.24034624664318138,7.665553599596024,0.1306279951034391,9.624223083257675,0.1640055019458012,20.33254114538431,0.34648496689393804,6.955925594083965,0.1185352894136403,16.543833419680595,0.3724003547747133,7.173566937446594,0.16147641267514898,6.846452184021473,0.15411308598191456,11.776758797466755,0.2650938898511659,2.0842481105355546,0.04691625671705727,9.21598969399929,0.21578074223459215,9.068171367049217,0.2123197630707449,11.559470072388649,0.2706503712436518,11.41522192582488,0.26727298333795996,1.4511200299020857,0.03397614011305118,9.637624114751816,0.2246795412515399,9.016572773456573,0.21020112532719548,9.943483740091324,0.231809970856432,11.770339163020253,0.2743989983459244,2.5269588127266616,0.058910364218908204,10.936225593090057,0.26765367322072336,7.767067193984985,0.19009154912969056,11.226665690541267,0.27476191712733394,9.389309670776129,0.22979438390315918,1.5403451776364818,0.037698476619092994,8.008635878562927,0.3964138379601175,1.6709426641464233,0.0827088164013827,2.8186379596590996,0.13951777910135624,5.9996622279286385,0.29697306336573176,1.7048364921938628,0.08438650317141183,5.256736651062965,0.24345017426274657,1.4327490013092756,0.0663535225743119,2.5844913087785244,0.11969305317500661,8.597720064222813,0.3981779166118407,3.720962199382484,0.17232533337609418,3.965275600552559,0.1725018961296151,4.5667994394898415,0.1986700653154813,6.5051392540335655,0.2829939123907577,6.611165253445506,0.28760637512476,1.3384727104566991,0.058227751039385926,1.7678911983966827,0.12439856776415993,2.330713503062725,0.16400184689676492,4.140065673738718,0.2913178371665255,4.814276644028723,0.3387590366877542,1.1585606385488063,0.08152271148479548,7.690036103129387,0.16561850071794082,10.097873866558075,0.21747553688826757,17.811405315995216,0.38360005135922,9.702945305034518,0.20897005325034193,1.1299681143718772,0.024335857784229732,6.584471940994263,0.15276532332966425,7.478382028639317,0.17350479413165004,19.46017189323902,0.4514924625637636,8.371629802510142,0.19422889869337048,1.2072197961388156,0.028008521281551655,Alzheimer_patient65,1,test
19.792389273643494,0.5479044613158743,5.223979160189629,0.14461323734676904,5.225187953561544,0.14464669986976839,4.385448950342834,0.12140055510961233,1.4967911834828556,0.041435046357975944,15.415150046348572,0.47155189124637414,4.623755931854248,0.14144142922851244,4.90735580585897,0.15011679447257875,5.504079829901457,0.16837067725953447,2.239910153672099,0.06851920779300022,13.23045226931572,0.43976694136160255,3.941241092979908,0.13100289433401782,6.165147483348846,0.2049233084860922,5.241957986727357,0.17423741710746074,1.506346331909299,0.05006943871082672,12.933348014950752,0.34859010784152955,4.178194522857666,0.1126140947898546,6.960922174155712,0.18761643223088306,8.988670457154512,0.24226995209510668,4.0407438687980175,0.10890941304262612,18.240570098161697,0.5079610404729862,3.6822981983423233,0.10254416468870545,7.659193277359009,0.21329222526564995,4.706784712150693,0.13107393282117671,1.6205417276360095,0.04512863675148169,14.38320329785347,0.260400394892257,2.7094733119010925,0.049053601326372896,5.838130049407482,0.10569629996990591,21.718359299004078,0.393199569022055,10.585785984992981,0.19165013478940918,15.598289534449577,0.44839962955153234,5.0823556035757065,0.14610104299316806,6.188515834510326,0.1778995191453306,5.97286207601428,0.171700181377721,1.944556837901473,0.055899626932247995,11.089445173740387,0.3399146885343114,4.219580538570881,0.12933896890623114,7.513231664896011,0.2302962647136526,7.653993947431445,0.2346109230825593,2.1479498287662864,0.06583915476324555,12.604261547327042,0.24921496968319093,4.3397931680083275,0.08580759917869799,10.620235413312912,0.2099862523971833,14.698469819501042,0.2906222388913431,8.313100576400757,0.1643689398495847,16.753717958927155,0.42388557028193596,5.492736324667931,0.1389716405097741,8.02938475459814,0.20315134491698614,7.27727584540844,0.1841222485296899,1.9710377026349306,0.04986919576161389,11.595554530620575,0.28032359890825953,8.111296370625496,0.19609133693613473,13.174128636717796,0.31848577333433065,6.9533248618245125,0.16809726904372607,1.5305845206603408,0.03700202177754905,11.266352280974388,0.3029455018327501,4.944912470877171,0.13296575081702916,11.260862097144127,0.3027978740598798,7.4914323054254055,0.2014401522883052,2.225810592994094,0.05985072100203572,13.277899906039238,0.32777514920013046,5.488320626318455,0.13548340662904593,13.511223271489143,0.33353491553843784,6.742023468017578,0.16643202342074592,1.4897047579288483,0.036774505211639864,6.451381728053093,0.27487726220271924,2.3950901590287685,0.10204880960302172,5.675379350781441,0.24181373908181952,6.475018540397286,0.27588436774045527,2.4731752751395106,0.10537582137198422,2.663770020008087,0.1414156013832748,1.143613150343299,0.060712726771032614,2.6903730034828186,0.1428279143376255,8.457959353923798,0.44902052336590115,3.8807494305074215,0.20602323414216595,3.2396764308214188,0.17325312239707064,3.5950425565242767,0.1922575792269027,4.556791249662638,0.24369048235953908,5.678545221686363,0.30368023206585465,1.6290385951288044,0.08711858395063297,2.621584005653858,0.1820743190897947,1.6635018363595009,0.11553357188118664,3.7841349206864834,0.2628158348319117,4.927956433966756,0.34225655568679086,1.4012509768363088,0.09731971851031618,11.035519540309906,0.25615708354696254,11.264260038733482,0.26146662051540653,13.584013849496841,0.3153128729316663,6.087776178494096,0.14130979384101816,1.1094937291927636,0.02575362916494646,6.248181164264679,0.18214279583905188,7.50502897053957,0.21878158196906783,13.121100977063179,0.38249755466718466,6.3755792966112494,0.18585662093474414,1.0538608625065535,0.030721446589951497,Alzheimer_patient66,1,train
29.08311977982521,0.5885885642184565,5.88791785761714,0.11916056957737808,5.490178257226944,0.11111105556035418,7.75456896238029,0.15693813615094399,1.195844161673449,0.02420167449286726,27.749672651290894,0.5991878283219942,5.3615491315722466,0.11576983343041353,4.3911835588514805,0.09481710914053128,7.356418862938881,0.1588442753217938,1.4533192329108715,0.03138095378526716,24.612635523080826,0.49876729861367164,7.397579610347748,0.1499096183776291,7.698206178843975,0.15600172100189907,8.616070257499814,0.1746019471571351,1.0224395371624269,0.020719414849665132,27.289950639009476,0.5131783199811253,6.612528845667839,0.12434637529156482,7.112505666911602,0.13374827082993984,10.432394877076149,0.1961776680073891,1.730919943191111,0.03254936588998096,22.39301562309265,0.5314698857203156,6.023116834461689,0.14295105534559374,5.51009027659893,0.1307750192695223,6.960657952353358,0.16520240724793153,1.2472387147136033,0.029601632416636728,25.736377775669098,0.540288464941073,2.978096291422844,0.06251971772269801,3.2931941747665405,0.06913462496340902,11.88012833148241,0.24940169729664718,3.7467161836102605,0.07865549507617277,29.11721521615982,0.5201596480088383,8.31740541011095,0.1485849054709399,8.892078824341297,0.15885106309099262,8.4745110925287,0.15139149380227357,1.1762481613550335,0.021012889626955567,23.883194744586945,0.4323505151210302,11.55088572204113,0.20910231840572824,9.597598873078823,0.17374253574853613,9.169020725414157,0.16598411042503824,1.039652170613408,0.018820520299667222,23.106079131364822,0.41494090210626394,6.185228779911995,0.11107485588874602,9.23095777630806,0.16577031201311615,14.723457045853138,0.2644050734006234,2.439506208989769,0.04380885659125048,33.43164813518524,0.5071016398177421,10.112944409251213,0.15339628703257593,10.202505715191364,0.15475478078444904,10.96066159196198,0.1662547249927996,1.2191579694626853,0.01849256737243328,22.946454375982285,0.36766556228631203,15.922389343380928,0.2551206445647283,13.535427302122116,0.21687492142703613,9.02637501526624,0.14462745272178526,0.9805687457555905,0.015711419000138224,22.03930014371872,0.3500024165449392,11.556960582733154,0.1835341460706066,15.670062646269798,0.24885362773954206,12.489102153107524,0.1983373294777715,1.213568692211993,0.01927248016714065,25.327128916978836,0.41907434333212196,12.108250886201859,0.20034869746463604,12.871027454733849,0.21296994998064384,9.148124266415834,0.15136907867590135,0.9813537069130689,0.016237930546696783,7.796733036637306,0.35297482814677567,3.938700433820486,0.17831341694226202,3.4347835890948772,0.1555000205066696,6.0173792112618685,0.2724196638525926,0.901041260571219,0.04079207055170012,5.342353221029043,0.34734298140756176,1.1959009431302547,0.07775371299297311,2.185342635959387,0.1420840957470391,4.817076174542308,0.31319112213448336,1.8399551277980208,0.11962808771794266,5.487315386533737,0.23812398021589987,6.429507881402969,0.27901075475020176,4.9072083830833435,0.21295003286967562,5.337929397821426,0.23164132272040397,0.8819817811017856,0.03827390944381878,3.062077470123768,0.19326148439441607,4.117825388908386,0.2598944850031119,3.719521688297391,0.23475574662339393,4.143981719389558,0.2615453286882972,0.8008137014694512,0.050542955290780844,10.19857382774353,0.22518890324086516,16.709022760391235,0.3689424201061712,11.81603592634201,0.2609031631137721,5.76799647975713,0.12735984688763713,0.7973425357486121,0.01760566665155445,5.707160338759422,0.16130259287195098,10.671953976154327,0.3016235299493982,12.907608404755592,0.3648102698855381,5.338762978091836,0.15089050595732578,0.7562167110154405,0.021373101335786966,Alzheimer_patient67,1,train
12.606862753629684,0.383858139716156,7.187246710062027,0.21883978637041582,3.92239498347044,0.11943044602063671,7.398421045392752,0.22526969594427146,1.7275791966821998,0.052601931948520024,12.021210134029388,0.35729033107031355,6.798315986990929,0.20205724237668135,3.45543172955513,0.10270117008842233,9.423100791871548,0.28007020625203954,1.9474365995265543,0.0578810502125432,10.670162916183472,0.2865442124459866,10.325191922485828,0.277280113811103,4.985352195799351,0.1338802256284717,9.853614207357168,0.2646160274189758,1.4030838521430269,0.03767942069546294,11.24796238541603,0.2846895064512715,9.709375940263271,0.24574739403177354,4.105544783174992,0.10391264461829457,12.640383161604404,0.3199321192874899,1.8063121668528765,0.045718335611170516,18.356755137443542,0.49488244552715166,5.568819478154182,0.150130618478794,5.895328834652901,0.15893303195665257,6.014784278348088,0.162153448727742,1.2574751090724021,0.033900455309659766,16.593496277928352,0.36968889870256827,6.290284425020218,0.14014215465277263,4.533033594489098,0.10099210975552399,14.394514337182045,0.3206974626407987,3.073698576539755,0.06847937424833646,16.49386489391327,0.3702960664883685,11.781827762722969,0.26450831898045685,4.702152922749519,0.10556584175510514,10.14516226015985,0.2277643052726701,1.419363485998474,0.0318654675033994,7.454170376062393,0.21178701089600896,10.567584589123726,0.3002449688711689,7.24142324924469,0.20574246458269588,8.5430648624897,0.24272455281243133,1.390298696467653,0.0395010028376949,10.048161670565605,0.23394867249287915,9.826375111937523,0.22878487510695558,4.532898262143135,0.10553826319097952,16.09993689507246,0.37485054354318637,2.4429109727498144,0.056877645665999406,12.795491933822632,0.27806080984964054,15.020669355988503,0.3264164838062675,6.255688667297363,0.13594333582423368,10.491994364187121,0.22800314868176882,1.4530393263557926,0.03157622183808947,7.88671487569809,0.21373462662258938,9.853854849934578,0.26704528061914207,9.361950278282166,0.2537143764831197,8.665043773129582,0.2348277989895398,1.1320018213009462,0.0306779172856091,10.113411635160446,0.21373111458986185,13.410102605819702,0.2834015147511382,9.864309832453728,0.20846673814999137,12.732155347242951,0.2690741612886336,1.1984077714150771,0.02532647122037501,10.877929866313934,0.2531600338485671,12.234764151275158,0.2847373852131311,10.582287691533566,0.24627960863032436,8.232638724148273,0.1915966662482849,1.0409702283213846,0.024226306059692598,6.99219274520874,0.3442226338737319,2.927588526159525,0.14412392079204106,4.8524699583649635,0.2388850037073286,4.560476554557681,0.2245102943429204,0.9802675191313028,0.048258147283978016,4.360667817294598,0.3183975795980698,2.2007139082998037,0.16068685145230543,1.7687294073402882,0.1291451644235689,4.109857177361846,0.30008444407893836,1.255700553767383,0.0916859604471175,3.275205247104168,0.18990315575279576,2.896703563630581,0.1679568474373298,4.921527303755283,0.28536030434521076,5.300752593204379,0.3073485688276657,0.8525244083721191,0.04943112363699796,3.1685014069080353,0.16749510950633117,5.012108817696571,0.2649529248898016,5.58981548435986,0.29549198072999794,4.295299472287297,0.22706054474355136,0.8512534472392872,0.044999440130317946,10.678689002990723,0.22067986823054803,11.855249390006065,0.24499401307539853,18.18603804707527,0.37582258259795026,6.753875058144331,0.13957183858987326,0.9161039998289198,0.01893169750622989,8.124144226312637,0.14998528852493964,18.392132207751274,0.33954951794602156,20.736992843449116,0.3828395666205439,6.116492407396436,0.11292067852669531,0.796512262430042,0.014704948381799565,Alzheimer_patient68,1,train
74.071996986866,0.7716020087611292,12.827494382858276,0.13362297272666418,3.9883072525262833,0.04154587445713829,3.891414798796177,0.04053655359401641,1.218459143070504,0.012692590461051962,75.89407920837402,0.7915024678534163,10.592473924160004,0.11046934542320043,4.644085675477982,0.04843336016991877,3.7709543146193027,0.03932743736160037,0.9844998344779015,0.01026738919186412,15.325862318277359,0.3596931804603302,16.502408146858215,0.3873063419419447,5.671810656785965,0.13311561670987584,4.332000153139234,0.10167068452513872,0.77607242600061,0.018214176362710544,21.787770807743073,0.46623474836841505,12.091165632009506,0.2587378771176239,6.53906811773777,0.13992899068655132,5.115103404968977,0.10945768476904463,1.1982240199577063,0.02564069905836508,13.123697191476822,0.3380279789016544,14.297961235046387,0.36827357932609067,4.710308060050011,0.12132373143880076,4.97074019163847,0.1280316999173077,1.7215860153082758,0.04434301041614649,24.057987689971924,0.49718825991996873,9.007160276174545,0.18614417806848224,5.549233943223953,0.11468182641353591,7.100602259859443,0.14674278362171006,2.6731006456539035,0.055242951976303065,16.40395250916481,0.4002765802887149,13.382291346788406,0.32654433824573725,6.490424245595932,0.15837431985971864,4.064820243045688,0.09918660429342528,0.6400562097551301,0.015618157312403971,10.833417132496834,0.27700109219742536,17.494648337364197,0.447323004163033,6.5070109367370605,0.16637863329475047,3.5567787308245897,0.09094375127378783,0.7177997977123596,0.018353519071003306,11.406873136758804,0.2640452222003206,15.011197358369827,0.34747777892004067,8.475281275808811,0.1961850106379835,6.924790570512414,0.16029439820711294,1.3823103753384203,0.0319975900345423,12.713020533323288,0.3084727222968109,15.803082585334778,0.38345095825195097,7.586334064602852,0.18407719196449143,4.457348864525557,0.10815451252223918,0.6530007382389158,0.015844614964507522,9.968625277280807,0.2179479462546999,21.626150488853455,0.4728209711305726,10.492672320455313,0.22940539135106996,2.990491235628724,0.06538227739218895,0.6606209559831768,0.014443413871468577,11.230206370353699,0.18186317645459638,29.553224086761475,0.47858810690080433,13.54561099410057,0.21935908933148532,6.591395241674036,0.1067417673715285,0.830416829441674,0.013447859941585484,10.978524267673492,0.23762372454678582,17.60692322254181,0.38109153579675914,13.29128223657608,0.2876820155471621,3.7681267419829965,0.08155889527255128,0.5564405128825456,0.012043828836741672,10.25227889418602,0.32761333495574785,11.356208890676498,0.36288960781572904,5.083219639956951,0.16243515766072725,3.4744784152135253,0.11102755519900816,1.1276529640890658,0.0360343443687877,9.54927808046341,0.28175836177708463,7.237103715538979,0.21353598352873188,4.730043776333332,0.13956336534802216,9.178323300555348,0.2708130724892894,3.196980267763138,0.09432921685687197,7.101722344756126,0.20544732187675388,17.072858214378357,0.49390455253654697,6.651719968765974,0.19242910200032928,2.8573716627433896,0.08266154704719247,0.8834483728278428,0.025557476539177355,10.234134942293167,0.21101692602907754,25.722463726997375,0.5303697143111159,8.037428207695484,0.16572318062353672,3.7853391701355577,0.07804964856956281,0.7197526486124843,0.014840530466707079,9.455705612897873,0.21812747057411003,19.54236337542534,0.4508099624323294,10.036493599414825,0.2315252876831759,3.5810421695932746,0.08260871292430334,0.7338440214516595,0.016928566386081322,16.75852131843567,0.16978177100830083,53.229813396930695,0.5392750241651914,22.66173468530178,0.22958764534661977,5.279047757387161,0.053482408170499325,0.777129212860018,0.007873151309388725,Alzheimer_patient69,1,train
598.9733371734619,0.8734125704940007,54.59559118747711,0.07961034770214594,14.526699215173721,0.021182581786013108,13.218185558915138,0.019274529782509087,4.471298515796661,0.006519970235331202,599.0656480789185,0.8738248799732324,52.00910723209381,0.07586289087070532,14.681670010089874,0.021415363367126874,14.438478395342827,0.02106063282257253,5.372264040634036,0.007836232966362855,504.08698558807373,0.8707608146751713,45.228750824928284,0.0781282299306135,13.344212383031845,0.0230508177716426,12.072047039866447,0.020853276945779174,4.172081027179956,0.007206860676793468,497.6941828727722,0.8836059709867726,39.3199063539505,0.06980853951807789,12.204694151878357,0.021668207099426472,10.916857711970806,0.019381783011870768,3.1178895719349384,0.005535499383852299,536.3077173233032,0.8697289339134121,49.149035930633545,0.07970487323241902,14.786095261573792,0.02397857508516585,12.048596449196339,0.01953917985221789,4.346333095803857,0.007048437916785161,534.2346439361572,0.8761569731141297,45.75905001163483,0.0750458833133315,14.847636729478836,0.024350462109591218,11.690783262252808,0.019173150585892775,3.2155229905620217,0.005273530877054825,510.74224042892456,0.8719139152706115,49.07599937915802,0.0837801211205175,13.256053477525711,0.022630079468107925,10.358519434928894,0.017683552528043624,2.3385937036946416,0.003992331612719531,475.0054702758789,0.8912839130999414,35.60011839866638,0.06679883668446218,11.236177623271942,0.021083176904340518,9.008613675832748,0.016903452593795505,2.0948053868487477,0.003930620717460397,481.12606620788574,0.8933496715831356,35.07663679122925,0.06512991949213161,11.132249236106873,0.0206702398758845,9.169606737792492,0.01702602653046439,2.059545892290771,0.0038241425183838857,481.26001262664795,0.8921041660080051,35.316142320632935,0.06546498122629138,11.731110483407974,0.021745776211553373,9.195291996002197,0.01704516910208676,1.9636069117113948,0.003639907452063372,488.8435068130493,0.8765959305782696,43.99665927886963,0.07889496729603744,13.198662340641022,0.023667888671184308,9.566538512706757,0.01715475118945607,2.0557968369685113,0.0036864622650525703,488.0391335487366,0.885067344412138,38.703420758247375,0.07018931777270446,12.321505069732666,0.022345260905476047,9.753898672759533,0.017688862639336406,2.5967299174517393,0.0047092142703450855,483.16014337539673,0.8954781040813994,35.03130900859833,0.06492623740724446,11.043531864881516,0.020467832689260262,8.470866989344358,0.015699713677852306,1.8496567895635962,0.0034281121442436423,505.6458911895752,0.8688680633699204,47.96400272846222,0.08241813270568853,14.490436643362045,0.024899396678736585,10.786620445549488,0.018535006770809877,3.072396455332637,0.005279400474844624,501.59838914871216,0.8749119857420239,43.32937252521515,0.07557717125314099,13.937327086925507,0.024310154859653817,11.1416100487113,0.01943373101461707,3.3062713211402297,0.005766957130564242,498.93265533447266,0.8654563729245971,48.68451941013336,0.08444892739687546,14.983500272035599,0.02599061348361232,10.970344386994839,0.019029330634887938,2.9255793197080493,0.005074755560027178,490.88789319992065,0.8706401230740564,43.15972054004669,0.07654819954486954,14.257640600204468,0.025287390744127006,11.41704186797142,0.020249296987701507,4.1018145699054,0.007274989649245586,492.66483640670776,0.8757473968349633,44.02289819717407,0.07825388712231804,13.561434626579285,0.024106431378776275,9.927969343960285,0.01764768391477627,2.387863830663264,0.004244600749166123,492.8640217781067,0.8787435844391882,41.26231777667999,0.07356795266681658,13.171510607004166,0.0234839224042378,10.356100477278233,0.018464234458389725,3.2195857437327504,0.005740306031367739,Alzheimer_patient7,1,train
45.92301869392395,0.6767790578048701,12.6856529712677,0.18695165321677848,5.240043178200722,0.0772238320968377,3.1248676851391792,0.046051959733065057,0.8816771227866411,0.012993497148448583,52.885708928108215,0.7320228867021985,10.481838390231133,0.14508542575827751,4.933950833976269,0.06829377927492264,3.072579702362418,0.04252942257810017,0.8718995441449806,0.012068485686501143,14.927746534347534,0.30125621946735154,23.16114765405655,0.46741413814413785,7.460536494851112,0.15056077047300212,3.521821092814207,0.07107372205311614,0.48041079455288127,0.009695149862392359,26.14892476797104,0.4763664922027903,15.956983059644699,0.2906953962242059,7.1346490457654,0.12997504750911265,4.618250973522663,0.08413271428520823,1.0336440698010847,0.018830349778682885,14.178087502717972,0.3624225385189438,16.242641001939774,0.41519698499860436,4.138579677790403,0.10579103510259572,3.4580225870013237,0.08839452598925004,1.1029942540917546,0.028194915390606076,27.198987364768982,0.5108997999285826,11.471518248319626,0.21547847717062832,6.654615171253681,0.12499882859606208,5.500164519995451,0.10331388132779597,2.4121349658817053,0.04530901297693105,17.63443946838379,0.3345543524333776,20.998739004135132,0.39838065406281975,9.076761938631535,0.1722011191801786,4.525300486013293,0.08585240128437051,0.4749968866817653,0.009011473039253506,12.889209270477295,0.27065062750005026,22.910443663597107,0.4810788484953733,7.621452741324902,0.16003704522249393,3.7359235174953938,0.07844779482464564,0.4660241490928456,0.009785683957436824,22.686023354530334,0.34367934557683605,25.51967054605484,0.386607363288865,9.97955670952797,0.1511841659279867,6.698069827631116,0.1014716514663427,1.125951421330683,0.01705747373996957,20.040203988552094,0.3021160995349127,28.933200478553772,0.4361824700305302,11.679836943745613,0.17607938435476708,5.234143987298012,0.07890733880502987,0.4454052720684558,0.006714707274760167,18.477082788944244,0.3159970593862017,27.186105102300644,0.46493969673781393,8.82886029779911,0.1509921194651699,3.5217475334648043,0.06022930552334634,0.45852938340976834,0.007841818887468115,20.7691650390625,0.258807113720872,36.39082905650139,0.4534705856643285,16.474817156791687,0.2052947178863009,5.996244044043124,0.07471993271207691,0.6185357618378475,0.007707650016421649,22.05596061050892,0.30500652851644233,31.734730631113052,0.4388518910660522,13.774189077317715,0.19047991913805087,4.33615408372134,0.059963622874720214,0.4120426904410124,0.005698038404734367,10.206077963113785,0.32461642813836233,13.23748342692852,0.42103387835372713,4.185233172029257,0.1331163105103138,2.884572831913829,0.09174726401121343,0.9270560671575367,0.02948611898638328,14.213266402482986,0.37778131060517145,12.952497109770775,0.34427071126198544,4.907191902399063,0.13043063682782624,4.356796158477664,0.11580140104189807,1.1932488334132358,0.03171594026311882,8.177193105220795,0.3075075792188585,10.931533187627792,0.4110859636580967,4.593936085700989,0.17275734431392342,2.366021225694567,0.08897545283958748,0.5231588667375036,0.019673659969533918,16.377756029367447,0.27470074576269793,27.485976070165634,0.46101664421861505,11.32922014594078,0.1900226879322926,3.79626795463264,0.06367402447457848,0.6311349754687399,0.010585897611815937,16.544207215309143,0.34468528987434033,20.25673657655716,0.4220328618912483,7.345636695623398,0.15304044979560122,3.269798878580332,0.06812363745367865,0.5816283856984228,0.012117760985131577,23.72655412554741,0.24261825283693536,43.55702781677246,0.4453967454252615,23.935765877366066,0.2447575685348918,5.847826797515154,0.059797537939926364,0.7265974840847775,0.00742989526298499,Alzheimer_patient70,1,train
55.5429812669754,0.7334933701699544,13.267189025878906,0.17520476879875047,3.6950043365359306,0.0487957455969292,2.5354811064898968,0.03348323297343943,0.683247881825082,0.009022882460926512,78.04538130760193,0.7905575115681216,14.05224159359932,0.14234160894679188,3.2722190618515015,0.0331458097263614,2.582491150125861,0.026159238933609216,0.7696196424076334,0.0077958308251158855,14.498093128204346,0.3363593823943676,18.334324896335602,0.4253609177576666,7.163919910788536,0.16620473157451646,2.8131658686324954,0.06526615091920962,0.29348034650320187,0.006808817354239761,31.40504628419876,0.5202474233171761,20.664215713739395,0.34231775628212546,4.394175313413143,0.0727927086532379,3.2650027466006577,0.05408714417011189,0.6371569188777357,0.010554967577348693,13.792050778865814,0.4572576471187304,9.113687947392464,0.3021525641266314,3.685919973999262,0.12220192064268444,2.8953681448474526,0.09599219482893628,0.6755103279137984,0.022395673283017475,30.866248607635498,0.5851843823262738,12.760284572839737,0.2419185869000463,2.7500918097794056,0.052138204337802314,4.6590902376919985,0.0883303597273469,1.7104781768284738,0.032428466708530744,22.122954607009888,0.391350988583204,23.508266985416412,0.41585690917186524,7.265285182744265,0.12852155551162003,3.292863733600825,0.058250152400807075,0.3403310951543972,0.006020394332503648,10.220042824745178,0.2702988626423938,17.12005215883255,0.4527897491492437,7.041265215724707,0.1862268105927719,3.1076378040015697,0.08219055226386242,0.32116044440772384,0.008494025351728206,17.351552963256836,0.35858573268892385,19.703271329402924,0.4071861464494804,5.78739108890295,0.11960173699530868,4.804714890196919,0.09929383340563315,0.7419245584169403,0.015332550460653937,15.09330740571022,0.2953621771832918,25.013488233089447,0.48949101379057897,6.474419251084328,0.1266984441908477,4.141578560695052,0.081046892359705,0.3782227649935521,0.007401472475576561,10.597937434911728,0.28484160216654353,16.835195899009705,0.45248089093870825,6.691330790519714,0.17984342658216823,2.744334564078599,0.07375969700840962,0.33762535313144326,0.009074383304170387,13.216317921876907,0.30876438452489374,14.71941214799881,0.34388021378647843,10.427291192114353,0.24360613646147883,3.9949435498565435,0.09333131161602502,0.4459289798978716,0.010417953611123977,12.464875370264053,0.3339504131569267,14.1421939432621,0.37888798483812824,7.315786715596914,0.1959995526365051,3.073748592287302,0.08234976939950918,0.3289229993824847,0.008812279968930761,13.216332763433456,0.4333898868815685,8.193401217460632,0.2686779525281925,4.497739290818572,0.147489833780808,3.862132049165666,0.12664700578216612,0.7256442534271628,0.02379532102726491,10.89439570903778,0.3673033061057905,9.048860728740692,0.3050813051888735,3.6357243079692125,0.12257802948156597,4.767347197048366,0.16073056584289394,1.3141611623577774,0.0443067933808761,4.627170816063881,0.23048310347576736,8.941631346940994,0.445389855897361,4.101994171738625,0.2043236320257721,2.016120276413858,0.10042457405615533,0.38904881227063015,0.01937883454494413,9.374186664819717,0.22566914272708707,14.2161615639925,0.3422322498714241,15.109454337507486,0.3637369010599873,2.4105200823396444,0.058029567786345826,0.42919202108168975,0.010332138555155761,8.47556334733963,0.2776035900433461,10.17617478966713,0.33330441160668106,8.558041401207447,0.2803050274481743,2.9264347911812365,0.0958507146683836,0.3949590823613107,0.012936256233414939,11.937905341386795,0.1731116952364779,21.366017758846283,0.30982885597724996,30.871606461703777,0.4476695011754986,4.286969617009163,0.06216539305726477,0.49821040846291,0.007224554553508755,Alzheimer_patient71,1,test
51.279273986816406,0.6983306739419284,13.560030922293663,0.18466301872903357,3.3231559097766876,0.045255354174575185,4.04318786598742,0.05506088303930985,1.225572225637734,0.016690070115153013,88.29259431362152,0.8039124240827104,14.413514241576195,0.13123641074966746,2.770725943148136,0.02522772183489269,3.4631786071695387,0.031532568849792275,0.8886096009518951,0.008090874482937216,28.424217879772186,0.40177058376908525,25.216745138168335,0.3564336038293601,5.495003663003445,0.07767076789364416,9.2786372769624,0.13115166549577043,2.3327803157735616,0.03297337901214001,47.5409677028656,0.5438489947707896,25.857556402683258,0.2957997435963139,5.063181608915329,0.057920702110246976,7.456686671823263,0.08530140943149937,1.4973575001349673,0.017129150091150104,50.199140787124634,0.6639295487920908,13.085466831922531,0.1730672667545039,3.6777555346488953,0.04864168060249619,6.238726641982794,0.08251286574831607,2.4080480691045523,0.03184863810259306,62.320626735687256,0.7274673512547709,16.914218336343765,0.19743931112680563,2.0432055108249187,0.02385029449932992,3.7176925046369433,0.043396545586715816,0.6721932510845363,0.007846497532377684,38.11939597129822,0.48050037616936786,29.828799724578857,0.3759962382177472,5.044971808791161,0.06359258299143117,5.558590997010469,0.0700668254829178,0.7809493625536561,0.00984397713853597,26.062692642211914,0.3399345586210029,23.313903391361237,0.3040822208154806,5.770635768771172,0.07526614958589013,15.697328217327595,0.2047395644164495,5.825175319798291,0.07597750656117686,36.180946946144104,0.47897718210895707,24.804593414068222,0.32837267290194466,6.298555985093117,0.0833826876224676,6.679264012724161,0.08842264576818469,1.5745740104466677,0.02084481159844601,41.88604176044464,0.4927696661603158,25.330775022506714,0.29800470578746313,7.341519087553024,0.08636953404605226,8.926054377108812,0.10501084969290359,1.5168682243674994,0.017845244313265205,21.231950521469116,0.40552468398033475,13.846338093280792,0.2644614244878167,7.7757251262664795,0.14851430966545875,8.421988623216748,0.16085777288631453,1.080737829906866,0.02064180898007525,31.039376139640808,0.5289610738359988,12.782649219036102,0.21783697671471539,8.835761204361916,0.15057563379467528,5.276425309479237,0.08991880459069938,0.7456753156729974,0.012707511063911173,26.079866111278534,0.47604485107208344,13.467532560229301,0.24582754775609136,8.919777140021324,0.16281578908801617,5.541747145354748,0.101155434741617,0.7755496669560671,0.014156377342192017,19.418729424476624,0.45541061336384475,5.170928657054901,0.12126930345925678,2.173345748335123,0.050969592225402705,10.107222571969032,0.23703592188186495,5.7698194263502955,0.13531456906963085,19.684607803821564,0.5221354563823996,7.631443805992603,0.20242452550794565,2.313004467636347,0.06135258854836672,6.237815490923822,0.1654584470588437,1.8333220561034977,0.04862898250244438,12.243753552436829,0.4109826879517922,9.740604043006897,0.32696016092812674,2.65694747492671,0.08918502077941431,4.230609041638672,0.14200768319611992,0.9194953837431967,0.0308644471445468,21.028403609991074,0.6242231490222719,6.260974582284689,0.18585553816578143,2.652616433799267,0.07874228658364191,3.1492126351222396,0.09348362645573008,0.5961105560418218,0.01769539977257463,21.63627302646637,0.37458360303841337,19.520090878009796,0.33794664930406243,9.494457669556141,0.16437526733035862,6.353531755506992,0.10999717068117781,0.7565119378268719,0.013097309645987718,22.907253086566925,0.4550010239319884,17.042461421340704,0.3385101377161045,5.120646893978119,0.10171012522319753,4.655027879402041,0.09246165149333971,0.6201086004730314,0.012317061635369872,Alzheimer_patient73,1,val
57.87034374475479,0.7928253558854015,7.259349353611469,0.09945329269441441,2.517267920076847,0.03448664212876255,4.111146881245077,0.05632282924733295,1.23444123507943,0.01691188004408856,93.90266275405884,0.8421889251920299,9.622625529766083,0.08630286314313058,1.8018932230770588,0.01616071868833642,4.378199459984899,0.03926694929981237,1.7929538427852094,0.01608054367669065,29.198142647743225,0.48426333489967666,15.287309139966965,0.2535463777636865,4.891550729051232,0.08112840249666986,9.307588297873735,0.1543702215370168,1.6093454458750784,0.026691663302950183,61.07344186306,0.6557670592698777,23.390466302633286,0.2511516763149146,3.5453435741364956,0.03806760285306705,4.620974572375417,0.049617031787434936,0.5026034018374048,0.005396629774705773,44.89737093448639,0.7308580805436958,6.991443991661072,0.11380963360706012,3.01306414231658,0.04904791148733049,4.8141611777246,0.07836691825260501,1.7149983230046928,0.027917456109308503,40.86708474159241,0.6712413099472673,14.21893684566021,0.23354584391542588,2.3879507184028625,0.03922205800696411,2.9746752586215734,0.048859000584220956,0.43420355941634625,0.007131787546121833,43.01483476161957,0.5565281225607738,25.50937494635582,0.33004159205236294,3.807710636407137,0.04926435411127373,4.482196603901684,0.057990887905104684,0.4772777142061386,0.006175043370484843,16.882764220237732,0.30539793108442503,15.162165343761444,0.27427344635862666,5.8174483850598335,0.10523375661777058,13.365714002400637,0.2417768411944218,4.053108416497707,0.07331802474475592,34.949915766716,0.5073294243822216,23.25972120463848,0.3376357485038079,2.8081417605280876,0.04076270032985713,6.542397441342473,0.09496877618105555,1.329807508038357,0.019303350603057785,28.986026287078857,0.466010279474769,21.66866345703602,0.3483685488120663,3.9303180500864983,0.06318798564541422,5.871830888092518,0.09440181714070806,1.743562389863655,0.02803136892704245,22.35323464870453,0.45081789174791254,16.439236402511597,0.33154494252827627,4.252573788166046,0.08576550015299722,5.4346046801656485,0.10960458577468589,1.1040849725250155,0.02226707979612811,32.72831970453262,0.5689226276152677,16.369149774312973,0.2845480545748963,2.8718873895704746,0.04992256659187138,4.802498359233141,0.08348274553412328,0.7549825459136628,0.013124005683841426,26.134966373443604,0.510534132152549,15.965820357203484,0.3118847035690436,3.3415351286530495,0.0652752987161911,4.670132275670767,0.09122881178909387,1.07896427862579,0.021077053773122485,27.48100656270981,0.5162303190159847,6.042651996016502,0.11351113215187059,2.2958987578749657,0.04312842564560441,12.56468730699271,0.2360274730848633,4.849758786149323,0.09110265010167697,18.342022240161896,0.5976520147502419,7.58437804877758,0.2471275392717777,1.667991790920496,0.05434944093829098,2.488331662490964,0.08107919682913965,0.6074133064248599,0.019791808210549818,19.660758137702942,0.511778667209269,11.946208149194717,0.310965347418372,3.284952126443386,0.08550882978889383,2.9157510064542294,0.07589835313296688,0.6088559209601954,0.0158488024504983,28.202480256557465,0.7277094645531182,6.840921636670828,0.17651651117153316,1.1061288379132748,0.02854147638938502,2.0517142668832093,0.052940446265268414,0.5538923614658415,0.014292101620695215,28.692452490329742,0.43637994692393817,24.11428827047348,0.36675121581622694,6.883519671857357,0.10469059590034635,5.197737472131848,0.07905174376355284,0.8630813842173666,0.013126497595935729,49.82448446750641,0.6595339981216419,18.21563644707203,0.24112304748687705,2.7845346741378307,0.03685929330066943,4.153194351121783,0.054976441896914155,0.5671327440068126,0.007507219193897475,Alzheimer_patient75,1,train
24.178085297346115,0.6386989771697532,6.397370561957359,0.1689957655557841,1.4971842281520367,0.03955027966008351,4.757095266133547,0.12566552906950298,1.0254768223967403,0.027089448544876254,39.14080634713173,0.7479187290599413,4.56412647664547,0.08721321792420504,1.864406943321228,0.03562585959861114,5.264868295751512,0.10060328265861103,1.4987591785611585,0.02863891075863151,20.91177412867546,0.43918645397180656,12.038563758134842,0.2528324041430163,3.4593431390821934,0.07265269015324037,8.763757362961769,0.18405533150965983,2.4413592433556914,0.051273120222277,22.379344046115875,0.5405767559547657,8.148099079728127,0.19681868059407714,4.141271933913231,0.10003310834080834,5.873113195411861,0.14186602037971247,0.8571845577098429,0.020705434730636352,38.70929056406021,0.6856156230209768,6.547922000288963,0.11597623093327987,2.094423335045576,0.03709624585732336,6.835765890777111,0.12107449714880808,2.2717704694950953,0.0402374030396119,25.419695287942886,0.647202598213836,7.672629609704018,0.19535032825071713,2.420214358717203,0.0616202910165949,3.3534208657220006,0.08538035852181165,0.4102964289486408,0.010446423997040304,20.837006717920303,0.4700018531718445,12.950395315885544,0.2921105646397604,4.204337067902088,0.09483349696161568,5.63557443767786,0.1271166470910863,0.706568502355367,0.015937438135693142,19.037489116191864,0.33087786698383514,13.686083734035492,0.23786866879562854,4.542680747807026,0.07895329615419298,15.380787879228592,0.26732318820770967,4.889261236879975,0.08497697985863366,17.538472026586533,0.4283550892060892,10.216810882091522,0.24953273752501626,4.201594643294811,0.102618657173105,7.697366751730442,0.18799848792935045,1.2895251729059964,0.031495028166439024,26.08531415462494,0.42002216663752756,16.87981015443802,0.27179639821359614,5.253507196903229,0.08459125553210593,12.681467048823833,0.20419525079957715,1.2045145503943786,0.019394928817193253,16.80134665966034,0.37171748443329855,15.008386433124542,0.3320495531300873,5.996369481086731,0.1326652812059307,6.346729855984449,0.14041674779014082,1.0464045263361186,0.0231509334405426,22.744199216365814,0.4347710453966308,17.047631055116653,0.32587721840019274,5.782202612608671,0.11053078856124667,5.998821038752794,0.11467159909016102,0.7401955710956827,0.014149348551768774,22.965766191482544,0.46947437060644276,13.911597281694412,0.28438582555874087,5.535608425736427,0.11316087867167146,5.6427479442209005,0.11535106286096405,0.8623204788891599,0.01762786230218085,12.750108778476715,0.34400896517981694,2.819842405617237,0.07608178759730123,3.0083457082509995,0.08116776977978155,12.655700352042913,0.34146174416029346,5.829306532628834,0.15727973328280684,10.922182470560074,0.5583687278851918,4.118809454143047,0.2105636306214744,1.4420962538570166,0.07372349371790456,2.631593521684408,0.13453350838758565,0.446196130302269,0.02281063938784366,10.674710899591446,0.44231398409423595,8.101441532373428,0.3356887989563961,2.3902905313298106,0.09904333129018802,2.4479007655754685,0.10143045094836765,0.519441960612312,0.021523434710812295,12.708129331469536,0.5500224503888277,5.264126647263765,0.2278374544485632,2.1361171528697014,0.09245360667124525,2.501138993073255,0.10825217164941431,0.49523445882368833,0.021434316841949512,25.115308701992035,0.49757265784914956,13.901877045631409,0.275417435348436,4.905353099107742,0.09718254345080024,5.489660425111651,0.1087585647790762,1.0634615302551538,0.021068798572537985,25.705442547798157,0.573788833554897,9.248926103115082,0.2064516302519917,5.694302588701248,0.1271064380317151,3.4151405561715364,0.07623169733444399,0.735670251538977,0.01642140082695229,Alzheimer_patient76,1,val
24.178085297346115,0.6386989771697532,6.397370561957359,0.1689957655557841,1.4971842281520367,0.03955027966008351,4.757095266133547,0.12566552906950298,1.0254768223967403,0.027089448544876254,39.14080634713173,0.7479187290599413,4.56412647664547,0.08721321792420504,1.864406943321228,0.03562585959861114,5.264868295751512,0.10060328265861103,1.4987591785611585,0.02863891075863151,20.91177412867546,0.43918645397180656,12.038563758134842,0.2528324041430163,3.4593431390821934,0.07265269015324037,8.763757362961769,0.18405533150965983,2.4413592433556914,0.051273120222277,22.379344046115875,0.5405767559547657,8.148099079728127,0.19681868059407714,4.141271933913231,0.10003310834080834,5.873113195411861,0.14186602037971247,0.8571845577098429,0.020705434730636352,38.70929056406021,0.6856156230209768,6.547922000288963,0.11597623093327987,2.094423335045576,0.03709624585732336,6.835765890777111,0.12107449714880808,2.2717704694950953,0.0402374030396119,25.419695287942886,0.647202598213836,7.672629609704018,0.19535032825071713,2.420214358717203,0.0616202910165949,3.3534208657220006,0.08538035852181165,0.4102964289486408,0.010446423997040304,20.837006717920303,0.4700018531718445,12.950395315885544,0.2921105646397604,4.204337067902088,0.09483349696161568,5.63557443767786,0.1271166470910863,0.706568502355367,0.015937438135693142,19.037489116191864,0.33087786698383514,13.686083734035492,0.23786866879562854,4.542680747807026,0.07895329615419298,15.380787879228592,0.26732318820770967,4.889261236879975,0.08497697985863366,17.538472026586533,0.4283550892060892,10.216810882091522,0.24953273752501626,4.201594643294811,0.102618657173105,7.697366751730442,0.18799848792935045,1.2895251729059964,0.031495028166439024,26.08531415462494,0.42002216663752756,16.87981015443802,0.27179639821359614,5.253507196903229,0.08459125553210593,12.681467048823833,0.20419525079957715,1.2045145503943786,0.019394928817193253,16.80134665966034,0.37171748443329855,15.008386433124542,0.3320495531300873,5.996369481086731,0.1326652812059307,6.346729855984449,0.14041674779014082,1.0464045263361186,0.0231509334405426,22.744199216365814,0.4347710453966308,17.047631055116653,0.32587721840019274,5.782202612608671,0.11053078856124667,5.998821038752794,0.11467159909016102,0.7401955710956827,0.014149348551768774,22.965766191482544,0.46947437060644276,13.911597281694412,0.28438582555874087,5.535608425736427,0.11316087867167146,5.6427479442209005,0.11535106286096405,0.8623204788891599,0.01762786230218085,12.750108778476715,0.34400896517981694,2.819842405617237,0.07608178759730123,3.0083457082509995,0.08116776977978155,12.655700352042913,0.34146174416029346,5.829306532628834,0.15727973328280684,10.922182470560074,0.5583687278851918,4.118809454143047,0.2105636306214744,1.4420962538570166,0.07372349371790456,2.631593521684408,0.13453350838758565,0.446196130302269,0.02281063938784366,10.674710899591446,0.44231398409423595,8.101441532373428,0.3356887989563961,2.3902905313298106,0.09904333129018802,2.4479007655754685,0.10143045094836765,0.519441960612312,0.021523434710812295,12.708129331469536,0.5500224503888277,5.264126647263765,0.2278374544485632,2.1361171528697014,0.09245360667124525,2.501138993073255,0.10825217164941431,0.49523445882368833,0.021434316841949512,25.115308701992035,0.49757265784914956,13.901877045631409,0.275417435348436,4.905353099107742,0.09718254345080024,5.489660425111651,0.1087585647790762,1.0634615302551538,0.021068798572537985,25.705442547798157,0.573788833554897,9.248926103115082,0.2064516302519917,5.694302588701248,0.1271064380317151,3.4151405561715364,0.07623169733444399,0.735670251538977,0.01642140082695229,Alzheimer_patient77,1,train
24.178085297346115,0.6386989771697532,6.397370561957359,0.1689957655557841,1.4971842281520367,0.03955027966008351,4.757095266133547,0.12566552906950298,1.0254768223967403,0.027089448544876254,39.14080634713173,0.7479187290599413,4.56412647664547,0.08721321792420504,1.864406943321228,0.03562585959861114,5.264868295751512,0.10060328265861103,1.4987591785611585,0.02863891075863151,20.91177412867546,0.43918645397180656,12.038563758134842,0.2528324041430163,3.4593431390821934,0.07265269015324037,8.763757362961769,0.18405533150965983,2.4413592433556914,0.051273120222277,22.379344046115875,0.5405767559547657,8.148099079728127,0.19681868059407714,4.141271933913231,0.10003310834080834,5.873113195411861,0.14186602037971247,0.8571845577098429,0.020705434730636352,38.70929056406021,0.6856156230209768,6.547922000288963,0.11597623093327987,2.094423335045576,0.03709624585732336,6.835765890777111,0.12107449714880808,2.2717704694950953,0.0402374030396119,25.419695287942886,0.647202598213836,7.672629609704018,0.19535032825071713,2.420214358717203,0.0616202910165949,3.3534208657220006,0.08538035852181165,0.4102964289486408,0.010446423997040304,20.837006717920303,0.4700018531718445,12.950395315885544,0.2921105646397604,4.204337067902088,0.09483349696161568,5.63557443767786,0.1271166470910863,0.706568502355367,0.015937438135693142,19.037489116191864,0.33087786698383514,13.686083734035492,0.23786866879562854,4.542680747807026,0.07895329615419298,15.380787879228592,0.26732318820770967,4.889261236879975,0.08497697985863366,17.538472026586533,0.4283550892060892,10.216810882091522,0.24953273752501626,4.201594643294811,0.102618657173105,7.697366751730442,0.18799848792935045,1.2895251729059964,0.031495028166439024,26.08531415462494,0.42002216663752756,16.87981015443802,0.27179639821359614,5.253507196903229,0.08459125553210593,12.681467048823833,0.20419525079957715,1.2045145503943786,0.019394928817193253,16.80134665966034,0.37171748443329855,15.008386433124542,0.3320495531300873,5.996369481086731,0.1326652812059307,6.346729855984449,0.14041674779014082,1.0464045263361186,0.0231509334405426,22.744199216365814,0.4347710453966308,17.047631055116653,0.32587721840019274,5.782202612608671,0.11053078856124667,5.998821038752794,0.11467159909016102,0.7401955710956827,0.014149348551768774,22.965766191482544,0.46947437060644276,13.911597281694412,0.28438582555874087,5.535608425736427,0.11316087867167146,5.6427479442209005,0.11535106286096405,0.8623204788891599,0.01762786230218085,12.750108778476715,0.34400896517981694,2.819842405617237,0.07608178759730123,3.0083457082509995,0.08116776977978155,12.655700352042913,0.34146174416029346,5.829306532628834,0.15727973328280684,10.922182470560074,0.5583687278851918,4.118809454143047,0.2105636306214744,1.4420962538570166,0.07372349371790456,2.631593521684408,0.13453350838758565,0.446196130302269,0.02281063938784366,10.674710899591446,0.44231398409423595,8.101441532373428,0.3356887989563961,2.3902905313298106,0.09904333129018802,2.4479007655754685,0.10143045094836765,0.519441960612312,0.021523434710812295,12.708129331469536,0.5500224503888277,5.264126647263765,0.2278374544485632,2.1361171528697014,0.09245360667124525,2.501138993073255,0.10825217164941431,0.49523445882368833,0.021434316841949512,25.115308701992035,0.49757265784914956,13.901877045631409,0.275417435348436,4.905353099107742,0.09718254345080024,5.489660425111651,0.1087585647790762,1.0634615302551538,0.021068798572537985,25.705442547798157,0.573788833554897,9.248926103115082,0.2064516302519917,5.694302588701248,0.1271064380317151,3.4151405561715364,0.07623169733444399,0.735670251538977,0.01642140082695229,Alzheimer_patient78,1,train
24.178085297346115,0.6386989771697532,6.397370561957359,0.1689957655557841,1.4971842281520367,0.03955027966008351,4.757095266133547,0.12566552906950298,1.0254768223967403,0.027089448544876254,39.14080634713173,0.7479187290599413,4.56412647664547,0.08721321792420504,1.864406943321228,0.03562585959861114,5.264868295751512,0.10060328265861103,1.4987591785611585,0.02863891075863151,20.91177412867546,0.43918645397180656,12.038563758134842,0.2528324041430163,3.4593431390821934,0.07265269015324037,8.763757362961769,0.18405533150965983,2.4413592433556914,0.051273120222277,22.379344046115875,0.5405767559547657,8.148099079728127,0.19681868059407714,4.141271933913231,0.10003310834080834,5.873113195411861,0.14186602037971247,0.8571845577098429,0.020705434730636352,38.70929056406021,0.6856156230209768,6.547922000288963,0.11597623093327987,2.094423335045576,0.03709624585732336,6.835765890777111,0.12107449714880808,2.2717704694950953,0.0402374030396119,25.419695287942886,0.647202598213836,7.672629609704018,0.19535032825071713,2.420214358717203,0.0616202910165949,3.3534208657220006,0.08538035852181165,0.4102964289486408,0.010446423997040304,20.837006717920303,0.4700018531718445,12.950395315885544,0.2921105646397604,4.204337067902088,0.09483349696161568,5.63557443767786,0.1271166470910863,0.706568502355367,0.015937438135693142,19.037489116191864,0.33087786698383514,13.686083734035492,0.23786866879562854,4.542680747807026,0.07895329615419298,15.380787879228592,0.26732318820770967,4.889261236879975,0.08497697985863366,17.538472026586533,0.4283550892060892,10.216810882091522,0.24953273752501626,4.201594643294811,0.102618657173105,7.697366751730442,0.18799848792935045,1.2895251729059964,0.031495028166439024,26.08531415462494,0.42002216663752756,16.87981015443802,0.27179639821359614,5.253507196903229,0.08459125553210593,12.681467048823833,0.20419525079957715,1.2045145503943786,0.019394928817193253,16.80134665966034,0.37171748443329855,15.008386433124542,0.3320495531300873,5.996369481086731,0.1326652812059307,6.346729855984449,0.14041674779014082,1.0464045263361186,0.0231509334405426,22.744199216365814,0.4347710453966308,17.047631055116653,0.32587721840019274,5.782202612608671,0.11053078856124667,5.998821038752794,0.11467159909016102,0.7401955710956827,0.014149348551768774,22.965766191482544,0.46947437060644276,13.911597281694412,0.28438582555874087,5.535608425736427,0.11316087867167146,5.6427479442209005,0.11535106286096405,0.8623204788891599,0.01762786230218085,12.750108778476715,0.34400896517981694,2.819842405617237,0.07608178759730123,3.0083457082509995,0.08116776977978155,12.655700352042913,0.34146174416029346,5.829306532628834,0.15727973328280684,10.922182470560074,0.5583687278851918,4.118809454143047,0.2105636306214744,1.4420962538570166,0.07372349371790456,2.631593521684408,0.13453350838758565,0.446196130302269,0.02281063938784366,10.674710899591446,0.44231398409423595,8.101441532373428,0.3356887989563961,2.3902905313298106,0.09904333129018802,2.4479007655754685,0.10143045094836765,0.519441960612312,0.021523434710812295,12.708129331469536,0.5500224503888277,5.264126647263765,0.2278374544485632,2.1361171528697014,0.09245360667124525,2.501138993073255,0.10825217164941431,0.49523445882368833,0.021434316841949512,25.115308701992035,0.49757265784914956,13.901877045631409,0.275417435348436,4.905353099107742,0.09718254345080024,5.489660425111651,0.1087585647790762,1.0634615302551538,0.021068798572537985,25.705442547798157,0.573788833554897,9.248926103115082,0.2064516302519917,5.694302588701248,0.1271064380317151,3.4151405561715364,0.07623169733444399,0.735670251538977,0.01642140082695229,Alzheimer_patient79,1,train
827.5206327438354,0.896983024655959,49.17479193210602,0.0533025423883807,15.662877559661865,0.016977625369530226,21.142062321305275,0.022916734952637303,9.059605918824673,0.009820072633492799,822.5173997879028,0.8969359179839408,50.339205384254456,0.05489372188789101,15.689910113811493,0.017109478698743515,20.428375378251076,0.022276663846305233,8.055393546819687,0.008784217583119501,660.3471965789795,0.901904232958165,42.118083000183105,0.05752500735786069,14.104103088378906,0.019263427396054446,12.607845939695835,0.01721983477844003,2.9927429351955652,0.0040874975094797655,682.6863822937012,0.8999606710199303,44.514675974845886,0.05868208111308433,13.83035409450531,0.018232053654732874,13.584918111562729,0.017908504309630494,3.957243101671338,0.00521668990262205,974.5459432601929,0.8840826415212752,68.51688289642334,0.06215672769334087,22.88060975074768,0.020756691921971004,25.53926609456539,0.02316855555918088,10.841783843934536,0.009835383304232004,749.2148303985596,0.8909292843256799,49.98498547077179,0.059439676746406586,16.196171462535858,0.019259687428046426,18.35716722905636,0.021829436895862933,7.183206584304571,0.008541914604004197,701.1493077278137,0.9059996132518123,46.03700089454651,0.059487336785511186,13.206699550151825,0.01706521642807548,11.545956898480654,0.014919265225469474,1.9568484285846353,0.0025285683091315807,585.9895896911621,0.9069420953289479,37.14732360839844,0.057493293570316635,11.24414512515068,0.017402678681308213,9.783233851194382,0.015141611325845615,1.9514770871028304,0.0030203210935816492,593.3278179168701,0.9077507174771093,37.40393674373627,0.05722544837827266,11.252409964799881,0.017215412644489867,9.674829695373774,0.014801823430896106,1.9651851961389184,0.0030065980692319996,760.1368012428284,0.9175474100829897,40.196786284446716,0.04852081505414615,13.972498148679733,0.016865950270726238,12.246736891567707,0.01478281501231522,1.8913459731265903,0.0022830095798227444,665.3192510604858,0.9016705132756425,44.01543688774109,0.05965169579470514,14.86102220416069,0.020140324358971666,11.580403730273247,0.0156942829457754,2.097911345772445,0.0028431836249053046,653.3220319747925,0.906735164514884,40.35194146633148,0.05600381204560504,14.466086059808731,0.02007724870945916,10.496207755059004,0.01456751831374491,1.8850685679353774,0.0026162564163069134,653.13458776474,0.9018844675034847,41.92436456680298,0.05789148809612977,16.47114387154579,0.022744269095595928,10.682253707200289,0.014750648452759167,1.9764029714278877,0.002729126852030381,683.2905416488647,0.9003567551341681,45.25254011154175,0.05962826600539145,13.449813395738602,0.017722520081904305,12.61108198016882,0.01661734234312102,4.306907635182142,0.005675116435415113,744.0998115539551,0.9079041348977462,44.406429052352905,0.05418195237609091,13.877711415290833,0.01693271706459315,13.29926336556673,0.01622693086761604,3.8964989818632603,0.004754264793953648,719.1718273162842,0.903068832672625,47.37219989299774,0.059485585549347963,15.392169892787933,0.019328049805913166,11.825417511165142,0.014849255187769944,2.602739129215479,0.0032682767843438933,845.1614217758179,0.9128146203459366,49.28228759765625,0.05322721965788737,16.501369684934616,0.017822265801593785,12.45022477954626,0.013446836204951192,2.4897586246952415,0.002689057989631059,742.5357666015625,0.901176740477078,49.02048087120056,0.05949358826216913,17.815244555473328,0.021621428544489563,11.8910581022501,0.014431553957937982,2.699868394061923,0.0032766887583253112,776.0925598144531,0.9063469973883739,48.21041810512543,0.05630174795499282,18.091335266828537,0.02112766987710411,11.518906973302364,0.013452167033974153,2.373127178288996,0.002771417745554994,Alzheimer_patient8,1,train
24.178085297346115,0.6386989771697532,6.397370561957359,0.1689957655557841,1.4971842281520367,0.03955027966008351,4.757095266133547,0.12566552906950298,1.0254768223967403,0.027089448544876254,39.14080634713173,0.7479187290599413,4.56412647664547,0.08721321792420504,1.864406943321228,0.03562585959861114,5.264868295751512,0.10060328265861103,1.4987591785611585,0.02863891075863151,20.91177412867546,0.43918645397180656,12.038563758134842,0.2528324041430163,3.4593431390821934,0.07265269015324037,8.763757362961769,0.18405533150965983,2.4413592433556914,0.051273120222277,22.379344046115875,0.5405767559547657,8.148099079728127,0.19681868059407714,4.141271933913231,0.10003310834080834,5.873113195411861,0.14186602037971247,0.8571845577098429,0.020705434730636352,38.70929056406021,0.6856156230209768,6.547922000288963,0.11597623093327987,2.094423335045576,0.03709624585732336,6.835765890777111,0.12107449714880808,2.2717704694950953,0.0402374030396119,25.419695287942886,0.647202598213836,7.672629609704018,0.19535032825071713,2.420214358717203,0.0616202910165949,3.3534208657220006,0.08538035852181165,0.4102964289486408,0.010446423997040304,20.837006717920303,0.4700018531718445,12.950395315885544,0.2921105646397604,4.204337067902088,0.09483349696161568,5.63557443767786,0.1271166470910863,0.706568502355367,0.015937438135693142,19.037489116191864,0.33087786698383514,13.686083734035492,0.23786866879562854,4.542680747807026,0.07895329615419298,15.380787879228592,0.26732318820770967,4.889261236879975,0.08497697985863366,17.538472026586533,0.4283550892060892,10.216810882091522,0.24953273752501626,4.201594643294811,0.102618657173105,7.697366751730442,0.18799848792935045,1.2895251729059964,0.031495028166439024,26.08531415462494,0.42002216663752756,16.87981015443802,0.27179639821359614,5.253507196903229,0.08459125553210593,12.681467048823833,0.20419525079957715,1.2045145503943786,0.019394928817193253,16.80134665966034,0.37171748443329855,15.008386433124542,0.3320495531300873,5.996369481086731,0.1326652812059307,6.346729855984449,0.14041674779014082,1.0464045263361186,0.0231509334405426,22.744199216365814,0.4347710453966308,17.047631055116653,0.32587721840019274,5.782202612608671,0.11053078856124667,5.998821038752794,0.11467159909016102,0.7401955710956827,0.014149348551768774,22.965766191482544,0.46947437060644276,13.911597281694412,0.28438582555874087,5.535608425736427,0.11316087867167146,5.6427479442209005,0.11535106286096405,0.8623204788891599,0.01762786230218085,12.750108778476715,0.34400896517981694,2.819842405617237,0.07608178759730123,3.0083457082509995,0.08116776977978155,12.655700352042913,0.34146174416029346,5.829306532628834,0.15727973328280684,10.922182470560074,0.5583687278851918,4.118809454143047,0.2105636306214744,1.4420962538570166,0.07372349371790456,2.631593521684408,0.13453350838758565,0.446196130302269,0.02281063938784366,10.674710899591446,0.44231398409423595,8.101441532373428,0.3356887989563961,2.3902905313298106,0.09904333129018802,2.4479007655754685,0.10143045094836765,0.519441960612312,0.021523434710812295,12.708129331469536,0.5500224503888277,5.264126647263765,0.2278374544485632,2.1361171528697014,0.09245360667124525,2.501138993073255,0.10825217164941431,0.49523445882368833,0.021434316841949512,25.115308701992035,0.49757265784914956,13.901877045631409,0.275417435348436,4.905353099107742,0.09718254345080024,5.489660425111651,0.1087585647790762,1.0634615302551538,0.021068798572537985,25.705442547798157,0.573788833554897,9.248926103115082,0.2064516302519917,5.694302588701248,0.1271064380317151,3.4151405561715364,0.07623169733444399,0.735670251538977,0.01642140082695229,Alzheimer_patient80,1,train
108.08139657974243,0.5097269403638535,55.32903230190277,0.2609394330663906,33.15223950147629,0.1563505852261024,13.092786440625787,0.06174740690266379,2.3823795951902866,0.011235634440989703,91.23100090026855,0.4417720017117521,62.83174806833267,0.3042530153268781,41.921774476766586,0.20299970452100233,9.295339237898588,0.04501124158667609,1.231642225990072,0.00596403685369137,64.68424940109253,0.35991115016660075,57.73604094982147,0.32125046045545097,38.37422415614128,0.21351892123145647,15.522370528429747,0.08636838615158972,3.4059420321136713,0.01895108199490209,74.78011989593506,0.3622950009833501,56.65160870552063,0.2744659230319133,61.917110949754715,0.29997624774665504,12.143382141366601,0.058832302635646865,0.9144902216503397,0.0044305256024346614,56.878806352615356,0.5216790906926236,31.835535287857056,0.291988073689921,15.20724830031395,0.13947731983092054,4.9226502540986985,0.04514939523230589,0.18601876584580168,0.0017061205542288913,80.03784990310669,0.4403060343354994,51.309506610035896,0.28226502094353595,42.672988414764404,0.23475361125886912,7.477591844275594,0.0411358977698458,0.279835190216545,0.0015394356922497055,52.64331865310669,0.314523807598587,46.40219509601593,0.2772354679746264,58.764779940247536,0.35109721066965777,9.327110623009503,0.0557259386774822,0.23726616182830185,0.0014175750796466184,54.24187994003296,0.32312603258612893,68.61466437578201,0.4087466050492085,36.32510684430599,0.21639345227053905,8.409551757387817,0.050096808926913865,0.2748136516602244,0.0016371011672096703,81.518883228302,0.40713137440844366,61.70766317844391,0.30818780540716295,49.36648786067963,0.2465520288857236,7.335232265293598,0.03663449590459201,0.2991989794827532,0.001494295394077792,52.38121235370636,0.3119537618003229,51.96557879447937,0.30947847635912706,53.16506837308407,0.3166219781887395,9.97929570171982,0.059431210053866146,0.4222305666480679,0.002514573597944356,52.95323950052261,0.21385554801786208,124.49207407236099,0.5027703871519,61.74515348672867,0.24936233856327233,8.103867070749402,0.032728062528864094,0.3178507828852162,0.0012836637381014912,85.51500153541565,0.36966342927447565,82.24581444263458,0.3555314186335496,51.713909924030304,0.2235483943222672,11.547768694348633,0.04991858386687219,0.30956252172472887,0.0013381739028353447,61.613508343696594,0.24547817740929925,100.17421644926071,0.39911027205586674,79.78427064418793,0.3178734318197479,9.13253972120583,0.03638551457537623,0.2892965294449823,0.0011526041397098151,39.21971571445465,0.36205332142741103,48.93229120969772,0.45171409926857276,15.816087186336517,0.14600480379535755,3.892604259774089,0.035934230413972146,0.465101707552094,0.004293545094686505,67.33191633224487,0.33819594316561774,64.73059856891632,0.3251299981819449,57.053670048713684,0.286570185496774,8.963612493127584,0.04502259175761272,1.0116396156372502,0.005081281398050712,31.452552020549774,0.2135426689176247,76.97596478462219,0.5226174636601075,34.47520360350609,0.23406453581767322,4.20924897165969,0.028578102627720127,0.17633902801026125,0.0011972289768743783,58.27072834968567,0.3800049185407718,50.878965854644775,0.33180050812145534,36.37131658196449,0.23719077462028318,7.549725852906704,0.04923454775650572,0.2713005466503091,0.0017692509609839758,46.80373264849186,0.28395324285816037,70.66460138559341,0.4287145828606272,41.73639751970768,0.2532102623084305,5.430676699150354,0.032947335017470714,0.1936043597816024,0.0011745769553111792,47.10200625658035,0.4386613701289277,32.12410897016525,0.2991720900010498,21.81195677816868,0.20313493215944967,5.9493652186356485,0.05540648701857592,0.3892534632468596,0.0036251206919969163,Alzheimer_patient81,1,train
133.7439112663269,0.5325199065135555,50.21420431137085,0.1999348092362557,50.03621882200241,0.19922613535897907,14.709666077047586,0.05856857280475829,2.4488853223156184,0.009750576086451447,185.5029058456421,0.6158762339740164,53.50238251686096,0.17762980964050318,48.769417226314545,0.16191619682466413,11.62272381130606,0.03858785573625269,1.804168603848666,0.005989903824563614,108.81411683559418,0.4454833209535138,52.06850039958954,0.21316763991316043,62.00154520571232,0.2538333725965154,17.008932005614042,0.06963430606326326,4.367715593893081,0.01788136047354718,154.80537343025208,0.5629715519782107,39.34222745895386,0.1430735533274374,63.534448474645615,0.23105197364461189,15.245749851688743,0.055443317404895144,2.0512346029281616,0.007459603644844846,79.55097138881683,0.5269012686142021,25.579028129577637,0.16942121681354455,29.503628566861153,0.19541558134620993,12.798788540065289,0.08477203735859512,3.5464785252697766,0.023489895867448343,148.281121134758,0.6034282924348295,39.986265420913696,0.1627236406033072,41.71406069397926,0.16975488330854283,13.419097718782723,0.05460886160350915,2.330593252554536,0.009484322049811256,133.06760954856873,0.5405188729077984,45.28873562812805,0.1839622461106902,57.58931240439415,0.23392702655409678,9.72528457455337,0.03950397752524838,0.5140038624522276,0.002087876902166245,104.19789743423462,0.5418360883999227,47.55520820617676,0.24729028734713057,27.015107214450836,0.14048037802318725,12.503563560545444,0.06501937311145628,1.0334237456554547,0.005373873118303207,73.87927865982056,0.4324152170608266,39.65597623586655,0.23210632105314688,46.23572173714638,0.2706175535767026,10.365150312893093,0.060667196590474225,0.7165066918823868,0.004193711718849768,141.06054496765137,0.594238369439161,46.761948466300964,0.19699161104747728,38.04786278307438,0.1602822387085203,10.915079632773995,0.04598138426847599,0.5949694255832583,0.002506396536365488,148.47735381126404,0.5714498655070426,62.63992691040039,0.24108442728458498,40.83702391386032,0.15717084945457171,7.379068795591593,0.028400074237369195,0.49231342860730365,0.0018947835164315257,125.98118448257446,0.4714074743417162,68.98324370384216,0.2581275673815033,60.97882980108261,0.2281759475663433,10.968328179325908,0.04104225488912024,0.33318897912977263,0.0012467558213170023,207.31790208816528,0.5937362919153427,68.91783595085144,0.19737330906853842,63.83706799149513,0.18282253319300587,8.69205311872065,0.02489311022280016,0.410195350763388,0.0011747556003127732,55.843690276145935,0.5145320251645992,31.025603771209717,0.2858633922904261,14.060361996293068,0.12954922027404614,6.589454345405102,0.060713847389115456,1.0138623802922666,0.009341514881813139,104.93043327331543,0.5488463713330329,39.97916841506958,0.20911398942163006,33.497050523757935,0.1752087936436567,10.154777368530631,0.05311531208391762,2.622185277636163,0.013715533517762599,75.13676714897156,0.5559643153643414,35.41527056694031,0.2620504900770326,21.126646488904953,0.15632375462549136,3.219248093897477,0.02382038954328593,0.248811966215726,0.0018410503898486556,93.97051870822906,0.4655372359248383,46.87548542022705,0.23222478938233812,53.951051980257034,0.2672776947428586,6.631668804213405,0.03285380145945847,0.4252009530609939,0.0021064784905064876,124.1727843284607,0.5483676304405716,53.167953968048096,0.23479851152978767,44.65123663842678,0.1971872738786871,4.0357453459873796,0.01782252145193641,0.4130421482841484,0.0018240626990172722,82.697838306427,0.5083018511241596,32.7475021481514,0.20128235879539438,41.3644845187664,0.25424659800389926,5.497629724442959,0.033791153710391285,0.3868934017373249,0.002378038366155476,Alzheimer_patient82,1,train
144.47691750526428,0.6287476663283548,38.25559598207474,0.1664841492541773,38.66593563556671,0.16826990232802497,7.197736736387014,0.03132375921353878,1.1890288500580937,0.005174522875904198,168.11216926574707,0.6240771983683132,45.88693010807037,0.17034452002281048,45.448062747716904,0.1687153273599537,8.858360801823437,0.0328845973226285,1.0716786556877196,0.003978356926294107,110.17142248153687,0.5342426294201081,43.909896314144135,0.21292761712651923,43.1787341684103,0.20938206984691726,7.820035265758634,0.03792087011708507,1.1397385202581063,0.0055268134893703144,169.68410301208496,0.5365819324941712,62.78503656387329,0.19854138162112314,70.06701499223709,0.22156874828725112,12.322876969352365,0.03896789988412811,1.3724565845914185,0.004340037713326417,64.75342845916748,0.5087222650004952,28.998095273971558,0.22781769335622648,23.826026514172554,0.18718437714683978,6.8365983460098505,0.053710357555413445,2.8722568072844297,0.022565306941025126,119.71179288625717,0.6049804991745003,38.987276911735535,0.19702772532967344,28.437231093645096,0.14371157466934098,9.638086716178805,0.04870743618534804,1.1027225628495216,0.005572764641137318,127.72568249702454,0.5072031633744227,49.73323333263397,0.19749241325633837,67.28192541003227,0.26717888476881146,6.775292084086686,0.026904922413818436,0.3073798563564196,0.0012206161866090133,78.4052619934082,0.46686015989181373,49.286025404930115,0.2934711410429592,31.358712166547775,0.18672386270843283,8.243511541746557,0.04908557179202298,0.6481312292162329,0.0038592645647712747,133.14304065704346,0.5761203110275793,41.861328125,0.18113722850542938,46.15708068013191,0.19972528452358063,9.535645847208798,0.04126148256966485,0.4057457266608253,0.0017556933737458526,117.71746945381165,0.52298919540772,54.94284129142761,0.2440972652040591,41.34004130959511,0.1836634362167475,10.563438552431762,0.04693070837241223,0.522062958101742,0.002319394799061097,78.31492894887924,0.3391864415055125,101.36931777000427,0.4390363195591116,43.74204742908478,0.18944931203757345,7.0979400258511305,0.030741584672310994,0.3662713583908044,0.0015863422254914156,137.16108775138855,0.5093583297945259,78.82203602790833,0.2927117397534118,45.73857864737511,0.16985375669541303,7.176601843908429,0.026650867157303554,0.38380957394838333,0.0014253065993457608,143.31057500839233,0.4299856517429365,114.18654584884644,0.34260260510583884,66.69504648447037,0.2001102363099935,8.757546524517238,0.02627593497404582,0.34181441497639753,0.0010255718671853065,55.6324862241745,0.49922109723181346,35.066641956567764,0.3146723912940252,15.387237593531609,0.1380782013562336,4.5089046698994935,0.040460897748674604,0.84330162871629,0.007567412369253116,100.5755820274353,0.6426660948872556,26.302304983139038,0.16806862350979537,19.407384477555752,0.12401089551501694,9.53187669441104,0.060907566714085405,0.6802659918903373,0.004346819373846748,33.452264070510864,0.27603991776799525,59.88108891248703,0.4941241293689364,24.5630931481719,0.2026886490689308,3.0506799903232604,0.025173466641609025,0.2392020769766532,0.001973837152528512,52.983158111572266,0.36274847718608927,45.839640617370605,0.31384048103914264,41.06122985482216,0.28112515622151013,5.8314878777600825,0.03992520307928916,0.34480203401471954,0.002360682473968784,46.78396683931351,0.3069311713103928,70.05000746250153,0.4595704959054482,30.844258666038513,0.20235702699354197,4.418370256200433,0.02898718620155594,0.32834155941964127,0.0021541195890611275,34.80068641901016,0.3080169755222523,44.2938249707222,0.39203968098575004,29.41154256463051,0.2603182672067291,4.0444485261105,0.035796960659588636,0.43251204333500937,0.003828115625679895,Alzheimer_patient83,1,test
101.72662138938904,0.5312804434866388,37.84044873714447,0.197626640030144,43.25386595726013,0.22589891195070985,8.006709408015013,0.041816075940201904,0.6467869600746781,0.0033779285923054648,119.52425813674927,0.5222651003876694,56.15315842628479,0.2453630365899039,43.55482813715935,0.19031422611630758,8.81298066303134,0.03850860321112915,0.8122227948624641,0.0035490336949899363,75.09585881233215,0.3954006006049076,47.5151801109314,0.25018064978341215,57.80725593864918,0.3043712939562247,9.033617573790252,0.047564511156840794,0.4715694645419717,0.0024829444986147523,100.36148166656494,0.3960333706198383,65.09227919578552,0.25685865038222727,72.612049639225,0.2865321863399463,14.312538132071495,0.05647826859911329,1.038381147198379,0.004097524058874765,76.88225835561752,0.545296469386998,27.185150682926178,0.1928138819568123,29.611914440989494,0.21002598963433813,6.505592414177954,0.04614168015608081,0.806751340162009,0.005721978865770781,86.25870108604431,0.44910130970633144,49.77280855178833,0.25913946334611687,46.26150245964527,0.24085803614043413,9.195345170795918,0.04787507239747164,0.5812252997420728,0.0030261184096458827,70.36802959442139,0.38010630479338997,49.42737686634064,0.26699138351011137,54.721110463142395,0.29558649307390766,10.352533179335296,0.05592117833522608,0.25818590162089095,0.0013946402873649135,86.71176528930664,0.427172912661032,66.86679589748383,0.329409554384443,42.0518943965435,0.2071625476929471,7.0622757389210165,0.03479127529401444,0.2971182661567582,0.0014637099675634225,121.62559103965759,0.45147142654199773,67.75877618789673,0.2515190354661055,67.28024300932884,0.2497427311955242,12.363396225962788,0.045892645481322915,0.3701965889777057,0.0013741613150496466,116.2308201789856,0.43321243392493525,89.06481862068176,0.3319600325656515,52.39277535676956,0.19527696438377312,10.031354147009552,0.03738859743824383,0.5800566252291901,0.0021619716873963347,192.06628262996674,0.5233452486135026,109.22948837280273,0.29763023975698655,56.5863898396492,0.15418749117889832,8.598603101447225,0.023429609904646653,0.516515841911314,0.0014074105459659359,186.11122751235962,0.5483260444274529,77.14189410209656,0.22727758135835735,66.58351361751556,0.19617018883801177,9.17506554722786,0.0270318318035915,0.4053840078122448,0.0011943535725864477,235.06448245048523,0.5284739016728036,124.91750752925873,0.2808405672479037,76.49971336126328,0.17198728440564737,7.95384619385004,0.017881902393547387,0.3631088405600167,0.000816344280097956,66.23441100120544,0.4951159455269688,41.213488668203354,0.3080793669328643,19.779316291213036,0.147854487408708,5.727802338078618,0.04281650923653212,0.8205379110877402,0.006133690894926756,57.576897501945496,0.36560683926158816,45.49597144126892,0.28889431420329253,45.96322175860405,0.29186130129493115,7.765013583935797,0.04930696505747183,0.6819931810023263,0.004330580182716368,102.09827500581741,0.5453072007160515,54.49765086174011,0.29107212081029704,26.720068752765656,0.14271196936168473,3.6860190720763057,0.019687039196944124,0.22873417183291167,0.001221669915022584,78.88915026187897,0.5431516722976331,34.62238132953644,0.23837503960479553,25.4666306078434,0.17533771065500098,5.865514160133898,0.04038405553091191,0.39964016794692725,0.0027515219116585076,158.55495128035545,0.5928457342263685,63.712955713272095,0.2382262660645574,39.8362181186676,0.14894982331774909,5.043435764499009,0.018857685330438443,0.2996722339594271,0.0011204910608864991,85.14293628931046,0.49810019898955893,55.58547258377075,0.3251841686646289,24.546250998973846,0.14359961072392033,5.098705444484949,0.029828266526508683,0.5619935972499661,0.0032877550953831825,Alzheimer_patient84,1,train
12.255812734365463,0.3736225048389128,6.776008948683739,0.20656887397759202,6.335346341133118,0.19313512863647295,6.155785338953137,0.18766115209489656,1.279708616901189,0.03901234045212569,9.192874908447266,0.2816517392709641,7.936503380537033,0.2431589685620668,7.6486868262290955,0.23434083126343813,6.628560706973076,0.20308615863646914,1.2325296548660845,0.03776230226706181,8.686131402850151,0.26094476576766495,7.395155355334282,0.2221618569320748,8.50168813765049,0.25540380600056356,7.79305512458086,0.23411537884759487,0.9112113515147939,0.027374192452101834,9.431218326091766,0.21566924630150205,11.075805097818375,0.25327698448252217,12.630514070391655,0.2888294338840418,9.43219075165689,0.2156914833319114,1.1602818868122995,0.02653285200002256,7.73227071762085,0.38347398414716327,4.818804278969765,0.23898362372011106,3.713738903403282,0.18417904718790853,3.452238471247256,0.1712102032044,0.44669024826725945,0.02215314174041712,9.565839886665344,0.3083220463673806,6.766389660537243,0.21809136796906894,8.179938860237598,0.26365227919654266,5.742136783897877,0.18507808877302614,0.7711761174723506,0.024856217693981657,11.08721861243248,0.2235948657893331,11.835679829120636,0.23868901078131977,14.480383425951004,0.29202449251546364,11.102931685745716,0.22391174981962284,1.0799814306665212,0.02177988109426063,7.6938634514808655,0.2200228940856285,9.89563274383545,0.2829873143496091,7.273515902459621,0.20800213431510597,9.266100145876408,0.26498444946934757,0.8393553944770247,0.024003207780308837,9.435387551784515,0.18322073680887274,10.4057297706604,0.20206329259404252,18.862733066082,0.366285309599497,11.791004929691553,0.2289632088855268,1.002522741269786,0.01946745211206095,11.707539975643158,0.1921978612705295,16.859258115291595,0.2767714958999194,16.03258541226387,0.26320035065307795,15.001584131270647,0.24627482730775294,1.3130295258015394,0.0215554648687202,10.121609061956406,0.17235298611470753,18.277696788311005,0.31123664246282357,18.496184453368187,0.3149570984961805,10.965557280927896,0.18672392207711766,0.8649965074146166,0.01472935084917075,12.033573389053345,0.1630600260788032,14.216114580631256,0.19263438542417413,35.731480330228806,0.48417672175261495,10.812706619501114,0.1465167632552246,1.0045518221450038,0.013612103489183073,14.65154367685318,0.212477790896798,13.047046184539795,0.18920924730949032,26.30594477057457,0.3814907941157872,13.988935079425573,0.20286859106667593,0.9621779118897393,0.013953576611248594,3.81903937458992,0.1664816328081668,7.69941620528698,0.3356371212233113,7.5739796832203865,0.3301690244169864,3.338889549486339,0.145550681583192,0.5083791665965691,0.022161539968343448,5.674713581800461,0.17930314496734878,6.62586684525013,0.20935660388189947,13.074680835008621,0.4131188930274721,5.530183136463165,0.17473643635396247,0.7432675235904753,0.02348492176931715,5.5328453332185745,0.15838129380134183,9.837219029664993,0.2815967885404781,10.97896283864975,0.3142799471624967,7.465602459385991,0.21370772275613178,1.1190749478992075,0.03203424773955159,6.45111308991909,0.1366741706692765,9.068423502147198,0.1921248696400219,23.014814287424088,0.4875950261601373,7.792621418833733,0.16509555094035702,0.8737025499576703,0.01851038259020729,6.6013785898685455,0.2107504302027494,4.989806592464447,0.15930064783806588,7.700587138533592,0.24584289935294115,9.786863807588816,0.31244773038022855,2.244567262008786,0.071658292226015,6.85868938267231,0.2114125100754076,5.5346484035253525,0.17060021909291442,11.452937856316566,0.3530258049094139,7.439328331500292,0.22931014776831646,1.1566076066810638,0.03565131815394767,Alzheimer_patient85,1,train
13.132399171590805,0.32767230726578805,10.269394218921661,0.25623620284216386,7.40928927809,0.18487245789813436,8.40298992395401,0.2096667227622537,0.8637700581457466,0.021552309231660006,15.784609638154507,0.31528996446107105,13.810191720724106,0.2758519188401522,10.944727182388306,0.2186156467265529,8.69920465350151,0.17376241724801708,0.825053850072436,0.016480052724206745,14.816462516784668,0.2843863300703277,15.735913664102554,0.30203422255265755,11.645722910761833,0.2235273362893241,9.390459885820746,0.18023994739472549,0.5112114760559052,0.009812163692965184,26.530553549528122,0.33084155196321763,24.103112161159515,0.3005708501202136,17.983619078993797,0.22425949141628299,10.712983567267656,0.13359314583974513,0.8608484846190549,0.010734960660540676,10.421845883131027,0.321616383701413,9.416120022535324,0.2905798554407777,6.7396253272891045,0.2079836863423249,5.4561184723861516,0.16837488404771203,0.37087666301522404,0.011445190467772369,16.81360787153244,0.2974435254078583,17.17117667198181,0.3037691472133719,14.403296872973442,0.2548035753020527,7.420403250493109,0.1312717008531873,0.7185748764313757,0.01271205122352982,31.05885273218155,0.3302624910471814,29.36803710460663,0.3122833021222216,20.309448450803757,0.21595933033955445,12.54245887324214,0.13336950167002584,0.7641340654809028,0.008125374821016678,16.448519736528397,0.2823884418879243,13.292883276939392,0.22821242621831347,16.58730947971344,0.28477118635100274,11.284767189994454,0.19373705809973887,0.6343707832274958,0.010890887443020667,29.1641805768013,0.3054481549209246,26.217518031597137,0.27458657678616444,24.192010805010796,0.25337262758877355,15.002052210271358,0.15712250702835803,0.9042080764193088,0.009470133675779358,33.38956671953201,0.25172818199759056,30.652195811271667,0.23109079523610315,39.730645537376404,0.2995343801470756,27.714741468429565,0.2089449540625483,1.1542037460021675,0.008701688556682375,17.193175584077835,0.2086089589148905,17.741380214691162,0.2152604583255331,34.71480268239975,0.42120309951453794,11.900548681616783,0.14439223625954747,0.8682961277663708,0.010535246985490992,25.588590145111084,0.22971486917863446,28.93236345052719,0.25973271866001457,42.79455950856209,0.38417695478016933,13.075028628110886,0.11737764659094523,1.002291638054885,0.008997810790236394,21.692648470401764,0.19820292698897302,24.14151966571808,0.22057794677472856,48.66013866662979,0.444601401464406,13.817006528377533,0.1262442038779535,1.1353472199989483,0.010373520893938929,7.5280309319496155,0.16098796584913058,18.6045081615448,0.3978599386247436,16.353508204221725,0.3497219982347895,3.8882537949830294,0.08315083649601426,0.38715025084093213,0.00827926079532207,14.280047446489334,0.24992330664331,18.52258449792862,0.32417438265868664,16.997382763773203,0.2974809516930953,6.733264741487801,0.11784273091551595,0.604438669863157,0.010578628089392115,7.423304885625839,0.13082445453131927,18.0571221858263,0.3182293057827099,22.624708022922277,0.39872605687535784,7.610203642398119,0.13411826076507116,1.0271480728988536,0.018101922045541768,13.619867384433746,0.19486536859160386,18.128763377666473,0.25937610536035477,27.769430726766586,0.39730932772040045,9.561136214062572,0.13679533580754433,0.814531915995758,0.01165386252009661,8.018236726522446,0.2003734612480073,8.83176326751709,0.22070325873291066,11.421783238649368,0.2854271230958327,9.923293765634298,0.247980296244419,1.821383647620678,0.04551586067883032,11.263803482055664,0.2284994800962526,11.331205487251282,0.22986680891810032,17.351013347506523,0.351985680091501,8.178747760131955,0.1659155021663673,1.1698868619278073,0.023732528727778757,Alzheimer_patient86,1,train
10.288509607315063,0.34651266659977836,5.602178007364273,0.18867899376973202,6.225818865001202,0.20968295496802838,5.826638348400593,0.1962387234377775,1.7484381904359907,0.05888666122468375,7.267580285668373,0.2331921711651827,6.7130284160375595,0.21539846962769388,9.521022468805313,0.3054975403012025,6.416225014254451,0.20587504822050265,1.2477710717357695,0.040036770685418235,8.837815187871456,0.27023025893220964,7.916983529925346,0.24207436609330493,7.914085939526558,0.24198576765725496,7.383977449499071,0.22577685725608693,0.6518957644584589,0.01993275006114354,9.15654969215393,0.20789885566304822,11.5285504758358,0.26175497670631337,15.272336468100548,0.3467573902580168,7.306679705157876,0.16589767985427806,0.779174147057347,0.017691097518343583,5.83132466673851,0.35150072112843384,3.797213137149811,0.22888850000064195,3.201995987445116,0.1930099870887158,3.388344058766961,0.20424268037779597,0.3709164695756044,0.02235811140441242,6.502188265323639,0.2204685756335935,7.565318331122398,0.25651594334361394,9.964319869875908,0.3378584745976609,4.982040535658598,0.1689251888480663,0.47871826391201466,0.016231817577065395,10.226669237017632,0.19985098109445654,14.157544404268265,0.27666868591385807,16.618062168359756,0.3247524635111696,9.39165660738945,0.18353304908846158,0.7775413531344384,0.015194820392054192,7.128027513623238,0.21790125031603189,8.044278144836426,0.2459107042305444,6.785901553928852,0.20744258215846684,10.243685284629464,0.3131457934328449,0.510299393965397,0.015599669862111972,8.70004665851593,0.15983598344856842,13.220473945140839,0.2428846117289926,18.13478583097458,0.33316963019798707,13.635498128831387,0.250509375268644,0.7402845493052155,0.01360039935580797,13.130604654550552,0.19446828142963737,16.06583046913147,0.23793987582964385,14.628091305494308,0.21664651793391995,22.400450959801674,0.33175754780582956,1.2955691907554865,0.019187777000969297,7.4497082978487015,0.1790866795708984,10.786092162132263,0.25929141835255115,11.698403909802437,0.2812228652081221,10.830850131809711,0.26036737406160676,0.8332838879432529,0.020031662806821556,10.301798105239868,0.1685980240010992,12.593612521886826,0.2061055909400566,22.819656491279602,0.37346383160593066,14.43616383522749,0.23626057042774992,0.9514905419200659,0.015571983025163638,9.538295924663544,0.17863592347243185,12.884087234735489,0.24129685632054143,16.361201852560043,0.3064172494893549,13.691652428358793,0.2564211673365242,0.9199349262053147,0.01722880338114762,2.921800885349512,0.12532009180265796,8.443432405591011,0.36215052487111105,8.482777047902346,0.36383807114133176,3.277839063666761,0.1405910630093873,0.18885491442051716,0.0081002491755119,5.365221858024597,0.15879070408100845,6.55890665948391,0.19411935499057423,13.83546581119299,0.4094785668857579,6.565586062148213,0.19431704058121185,1.462829361204058,0.04329433346144756,3.3558183200657368,0.1280755766009305,8.170190185308456,0.3118171841025488,6.781534589827061,0.2588188244988905,6.865892441011965,0.26203836125590735,1.0284244056092575,0.03925005354172293,6.1381619200110435,0.14409167139833828,8.47812569141388,0.1990216806139289,17.848316445946693,0.4189843444759243,9.405194267630577,0.22078436175344848,0.7292072972049937,0.017117941758360018,4.251583777368069,0.1560676937106415,6.500768229365349,0.2386310509286309,4.831546284258366,0.17735703331411576,9.536824200302362,0.3500789908428916,2.121198474429548,0.07786523120372019,5.104557491838932,0.17837468646385982,7.613347560167313,0.2660423525754047,7.7843992710113525,0.27201961805624086,7.07916565053165,0.24737579219318423,1.0355809826869518,0.03618755071131042,Alzheimer_patient87,1,val
7.018496185541153,0.24127214336044114,6.360592260956764,0.21865563324012077,6.510485500097275,0.22380845545824407,7.877604020759463,0.27080536291363927,1.3223641894292086,0.04545840502755472,11.147867932915688,0.31499746383006816,8.48057547211647,0.23962965668516722,7.100188300013542,0.2006250271961402,6.94742592331022,0.1963085281561651,1.7142842409666628,0.04843932413245932,8.207599610090256,0.2615010762719036,9.03095480799675,0.28773387034508413,6.857690140604973,0.21849181705973866,6.684105070307851,0.21296124967538105,0.6061353794066235,0.0193119866478925,13.110644072294235,0.2997970555112229,12.753656685352325,0.29163393500625884,9.53407359495759,0.2180127211931406,7.64571375399828,0.17483217896016273,0.6876425134250894,0.01572410932921494,6.0265243500471115,0.3237036451969396,5.506887659430504,0.29579231834245584,3.3769091442227364,0.1813844491435984,3.3735800636932254,0.18120563372031906,0.3335114669171162,0.017913953596687134,8.991874635219574,0.3187530704950337,8.322998255491257,0.29504206378405134,5.9271128959953785,0.21011029528472774,4.577283216640353,0.16226016698617696,0.39026203349931166,0.013834403450010245,16.05345991253853,0.32018181406391005,13.96221661567688,0.2784725454024434,10.703662551939487,0.2134815866286358,8.839255068451166,0.17629649547259327,0.5799808965530246,0.01156755843241744,9.723388522863388,0.3046069059798004,7.504839867353439,0.2351059043350031,5.458986863493919,0.17101498046316632,8.60807140916586,0.26966710136427124,0.6258166738552973,0.019605107857758923,13.439912050962448,0.2809811537577797,13.464806944131851,0.2815016181610356,9.386448487639427,0.19623752861954363,10.89155850559473,0.22770407005031057,0.6493505449907389,0.013575629411330486,17.876028656959534,0.28928258448328786,14.201553493738174,0.22981961917737295,10.192784741520882,0.16494687772616815,18.438131727278233,0.2983789353589886,1.085849245893769,0.01757198325418246,15.369519025087357,0.3533962148843427,6.926585644483566,0.1592651757571057,9.100033715367317,0.20923995507480972,11.12272565625608,0.2557483509862485,0.972034779319074,0.022350303297493438,15.17917114496231,0.26913756140278866,13.769986659288406,0.2441517125432619,14.712296456098557,0.2608595392340236,11.888840077444911,0.21079763814463592,0.8490096681052819,0.015053548675289928,17.2311392724514,0.29877211521717045,10.78303411602974,0.18696789924133575,13.781537756323814,0.2389591959821922,15.047161286696792,0.26090394457131794,0.8303118947078474,0.014396844987983643,6.194905057549477,0.2660272746484895,7.932748913764954,0.34065535377784145,5.657854024320841,0.2429647383562086,3.2336508641019464,0.1388623907146786,0.267570163574419,0.011490242502781847,6.491356462240219,0.19393925081119545,11.911092817783356,0.3558622039724353,8.040237218141556,0.24021444385331606,6.237953523173928,0.18636844855411044,0.7904414389049634,0.023615652808942754,6.75352868437767,0.22484594313475428,6.005210027098656,0.19993209111389215,8.469436064362526,0.28197382860254694,7.573337879031897,0.2521399371602729,1.2347361216088757,0.04110819998853372,9.078530475497246,0.2152973554072228,11.082847028970718,0.26282972361664086,13.12334457039833,0.31122012397603854,8.103862036019564,0.19218309280879978,0.7788194706663489,0.018469704191297995,8.220736384391785,0.26217515937814745,4.553651347756386,0.1452247355987774,5.928368881344795,0.18906713263181896,9.899721845984459,0.3157212482446401,2.7534150732681155,0.08781172414661612,8.530486688017845,0.26860352076825456,6.490580223500729,0.20437200872840203,7.950265273451805,0.2503338111400236,7.600147459656,0.23930948381748848,1.1871758771594614,0.03738117554583131,Alzheimer_patient88,1,train
553.2150502204895,0.8273416573429521,48.652567625045776,0.07276066679106519,41.34763860702515,0.06183603254958342,20.412171825766563,0.03052671842815556,5.038346387445927,0.007534924888243761,554.7656602859497,0.8289597012880567,48.29572927951813,0.07216599040467349,39.15131777524948,0.058501935161732944,22.00380304455757,0.032879226860609706,5.014646960422397,0.007493146284927132,492.9801559448242,0.8337749240264715,45.7578444480896,0.07739001827609275,33.86097574234009,0.057268902483352,16.08343520015478,0.027201835206516124,2.5804603807628155,0.004364320007567689,495.49947214126587,0.8426512708025872,42.20020520687103,0.07176608360858502,26.971091091632843,0.04586730251211503,18.348529927432537,0.031203690276187246,5.005059169605374,0.008511652800525496,519.5538969039917,0.8272491641867529,43.33811414241791,0.06900423404652142,42.305328130722046,0.06735980144761235,18.547243356704712,0.029531472396284508,4.3054891936481,0.006855327922828872,515.862099647522,0.8278636034716201,43.46198523044586,0.06974847683420056,37.072861313819885,0.05949511037781855,20.90951367467642,0.03355591610506851,5.818046977743506,0.009336893211292238,492.5688796043396,0.8162823908049025,54.36729907989502,0.09009718378917841,37.56090921163559,0.06224572855010238,16.564796194434166,0.027451087554800416,2.367621621116996,0.003923609301016291,485.52489948272705,0.8835436988613564,34.73316192626953,0.06320636983640089,16.216285973787308,0.029509912480983468,11.051579356193542,0.02011133376070743,1.9940348751842976,0.0036286850605517823,488.04424571990967,0.8816195967647147,35.33695387840271,0.06383386609387455,16.893617123365402,0.030517200124405234,11.291808020323515,0.020397903101874587,2.010277939029038,0.0036314339151309483,488.4886541366577,0.8633460883165959,40.83381474018097,0.0721689519878129,22.433522701263428,0.03964860577064507,12.101767271757126,0.021388446481433364,1.9508557338267565,0.0034479074435128008,490.3549814224243,0.8707757477722922,36.76867914199829,0.06529407324790944,22.090794771909714,0.03922898525593369,11.85081808641553,0.021044764246051506,2.0590242817997932,0.0036564294778132517,494.87635231018066,0.8447256011868928,38.25175130367279,0.06529354952122204,37.598044753074646,0.06417770986475829,12.895584508776665,0.02201202447031667,2.2209971360862255,0.0037911149568102083,487.1769299507141,0.8800527434154838,34.47231090068817,0.06227193841689351,20.119884192943573,0.036345233512993166,10.11586956307292,0.018273646007655058,1.6919740410521626,0.0030564386469744726,499.71235370635986,0.8413187149224641,42.07940995693207,0.07084514690718374,35.35997676849365,0.0595322689021179,14.23442942649126,0.023965170730574477,2.5770272547379136,0.004338698537659694,499.48928689956665,0.815628666685027,39.698996901512146,0.06482549428136986,25.72356015443802,0.042004650793191156,31.78729709982872,0.05190627993642483,15.698764145374298,0.025634908303987198,498.9795079231262,0.8448977713223664,40.93500256538391,0.06931325212236289,32.16957479715347,0.05447117891400571,15.450531542301178,0.026161634813763403,3.045125313103199,0.005156162827501505,500.0640277862549,0.8354674332765604,41.451379895210266,0.06925368761303018,37.88650941848755,0.06329778392538488,15.930012606084347,0.02661460533961319,3.2120803520083427,0.005366489845411439,496.43065214157104,0.8499451027724064,38.96424949169159,0.06671117686991883,31.86881160736084,0.054562989291660875,14.161909900605679,0.02424678233303614,2.6481605917215347,0.004533948732977754,492.4281940460205,0.8344355239892446,38.37472581863403,0.06502721581255133,42.88620102405548,0.07267205666958909,13.9961644038558,0.023716953901870945,2.44802026450634,0.004148249626744021,Alzheimer_patient9,1,test
50.958474934101105,0.358663468222109,57.990919411182404,0.408160258098399,15.75818207859993,0.11091156563250927,13.122915871441364,0.09236364560997522,4.248307050205767,0.02990106243700748,42.19832354784012,0.352762181092401,53.96549868583679,0.451131358300827,14.429671332240105,0.12062664825622084,7.091249745339155,0.059280192114760245,1.9378404282033443,0.016199620235790937,15.90634572505951,0.13032778409063472,74.55056881904602,0.6108260567715206,20.8782916367054,0.17106515422477186,9.265502024441957,0.07591639011280779,1.4480616410728544,0.011864614800265011,12.63175743818283,0.11377596176184372,70.07529294490814,0.631177719297373,20.019720435142517,0.18032035192715423,7.010810647159815,0.06314732752068514,1.285496191587299,0.011578639492943953,14.49328762292862,0.23888895337742858,28.87063767015934,0.4758669389443673,10.517109744250774,0.1733506851395767,5.291635634377599,0.08722060385742444,1.4968890463933349,0.02467281868120296,9.817641749978065,0.19460020214333956,24.02908957004547,0.47629214904502987,11.008403316140175,0.21820286023383098,4.382160667330027,0.08686091562557986,1.2130209954921156,0.02404387295221972,16.761894047260284,0.11883284863767339,91.43185156583786,0.648202843136413,23.72394298017025,0.16819004566564233,8.09795193374157,0.057410140745684644,1.038741652853787,0.00736412181458672,13.357945770025253,0.11369664017859858,65.69165310263634,0.5591368893192956,27.995410054922104,0.23828394862998323,9.20086507871747,0.07831349701495274,1.2417294008191675,0.010569024857169845,13.73835226893425,0.09724933886309575,80.28764295578003,0.5683301784291481,38.28525786101818,0.2710089203059855,7.958030249923468,0.05633231448050575,1.0000808527693152,0.007079247921264842,13.006885558366776,0.09031921961552825,87.21152579784393,0.6055928543535093,33.31500095129013,0.23133784593618983,9.343434881418943,0.06488038533370696,1.1333160270005465,0.007869694761065712,11.971800982952118,0.12760756790915917,25.719112068414688,0.2741403189467495,47.94965871423483,0.5110959778993012,6.770477103069425,0.07216659531323871,1.4062785760033876,0.014989539931551473,15.358718633651733,0.10759692604087537,52.45979243516922,0.36751193516880776,66.2996706366539,0.46446848387444745,7.576905801892281,0.053080715431469985,1.0480111924698576,0.007341939484399426,12.704011887311935,0.12563190589538145,28.51543915271759,0.2819935151176648,52.6800923794508,0.520961446437653,6.1959688402712345,0.06127287829831973,1.0253916759975255,0.010140254250981045,10.922839760780334,0.1866764505069643,23.621036909520626,0.4036945907964402,12.37437405437231,0.21148385184684496,8.55040679499507,0.14613045927960017,3.043488662224263,0.05201464757015036,4.043095573782921,0.12164061170524548,13.336067855358124,0.4012290637370725,10.915386572480202,0.32840042374595707,3.8677590461447835,0.11636543527496854,1.0757314150687307,0.03236446553675641,14.029979526996613,0.16794670368189138,21.87108513712883,0.2618091243582241,37.950825810432434,0.4542926156523186,7.588177472352982,0.09083472937238715,2.0982166363392025,0.025116826935178745,4.1133905947208405,0.04738043386752269,42.65447220206261,0.49131910835738873,26.50029258430004,0.30524583828043744,10.566310359165072,0.1217089303016012,2.9817632166668773,0.03434568919304991,11.095257133245468,0.14164925952862728,14.975266247987747,0.19118397616180594,46.86675225198269,0.5983314017223779,4.563661216758192,0.05826266343628418,0.8281498686410487,0.010572699150904773,8.174586161971092,0.08377254488934573,29.768454909324646,0.30506488961840633,51.909232556819916,0.5319619156707422,6.5073541179299355,0.06668687614930079,1.2211031815968454,0.012513773672204931,Alzheimer_patient90,1,train
38.37805765867233,0.3741918628524049,27.436109244823456,0.2675062119883671,17.73208400607109,0.17289049918834837,14.91830813139677,0.1454557591200058,4.097953585907817,0.03995566685087383,48.75995075702667,0.4510972281503278,32.14170825481415,0.2973554172360142,19.06184747815132,0.17634854890781929,6.501907609403133,0.06015167067962249,1.6264732237905264,0.015047135026216223,10.383920952677727,0.18567389779568733,19.145808815956116,0.3423443769949829,16.756688982248306,0.29962475366126307,8.299365501850843,0.14840016107425508,1.339798588771373,0.02395681047381165,15.414567023515701,0.24729237646484273,23.930702537298203,0.38391479253965993,15.141445830464363,0.24291075557406183,6.451134631410241,0.1034940787803089,1.3955192621797323,0.022387996641126572,7.002012342214584,0.20659262620178304,12.736393421888351,0.375784108448861,7.416329510509968,0.21881695082380415,5.490729484707117,0.162002602761828,1.2473825844936073,0.03680371176372376,15.86266565322876,0.37279705989394907,13.777102082967758,0.3237831057319023,8.297982722520828,0.19501536687668217,3.5471510402858257,0.08336350949622127,1.0655028892215341,0.025040958001245197,13.662062972784042,0.20905153083399167,25.484753727912903,0.38995770919520284,18.99426970630884,0.2906428675587062,6.311359381303191,0.09657394662381948,0.9001632946310565,0.013773945788279776,9.388557255268097,0.1761019181909627,15.873095244169235,0.2977329150927384,19.50806549191475,0.36591434231212056,7.575761016458273,0.1420991543728433,0.9677236631978303,0.018151670031335037,9.70876607298851,0.16938245955190237,22.884686410427094,0.3992540803981862,15.761494189500809,0.27498042819862517,8.20714568067342,0.1431846756675771,0.7565113476011902,0.013198356183709176,10.35394723713398,0.18033265645297877,19.0231581479311,0.33132259266670944,20.665252324193716,0.3599226229903497,6.467912815511227,0.11265036154948216,0.9055488880258054,0.015771766340479894,12.565505594015121,0.15603830555208542,18.154077738523483,0.2254371308806908,42.14468714594841,0.5233522456437205,6.71561548858881,0.08339443675691362,0.9484532093629241,0.011777881166589683,10.392238914966583,0.12105927340051038,24.699779838323593,0.28772793089598103,44.00583279132843,0.512624294600304,5.907856205478311,0.06882066371279151,0.8385123831685632,0.009767837390413096,11.519704565405846,0.1505495001547454,15.41394954919815,0.20144287441285524,44.0563068985939,0.5757660662726989,4.8138799369335175,0.0629119622118335,0.7138794910861179,0.009329596947866928,8.71605995297432,0.2235818777880315,11.871429696679115,0.30452252025944027,9.142662670463324,0.23452496872135173,6.93250129558146,0.17783054106977997,2.321096047759056,0.0595400921613965,5.482206717133522,0.2458795360378844,7.620649799704552,0.34178970873215897,5.260554037988186,0.23593830968108156,3.0820778869092464,0.1382326351353109,0.8508230182342231,0.03815981041356418,17.330257900059223,0.22566637791988814,17.730170011520386,0.2308738432790405,31.929656490683556,0.415772804422846,8.11456217803061,0.10566397024683796,1.6912769409827888,0.022023004131387455,3.226567082107067,0.06083031504422113,14.084498435258865,0.26553437608900965,23.057440228760242,0.4347008190242987,9.527442157268524,0.17962041180119084,3.1461427016183734,0.05931407804127969,15.486751571297646,0.20250424654045576,13.109393566846848,0.1714179926393808,42.63707175850868,0.5575209269289442,4.511847306974232,0.058996764763615595,0.731117584509775,0.009560069127603654,10.015746667981148,0.12866578151601646,15.670739263296127,0.20131179242896519,46.50624280422926,0.5974354458174319,4.4927553022280335,0.05771550452343018,1.15764216077514,0.014871475714156285,Alzheimer_patient91,1,train
15.756038963794708,0.17696920477396397,28.6839160323143,0.32217296629604586,27.553973823785782,0.3094816436518634,12.714263085275888,0.14280448484917546,4.32446766924113,0.048571700428951266,16.868320524692535,0.20514799303749892,32.44992136955261,0.39464724620589975,23.851774148643017,0.29007888425021516,7.01524422224611,0.08531751994841417,2.0398703585378826,0.024808356557972013,7.201652944087982,0.07606523364187216,45.494054555892944,0.48051689188256425,32.47161853313446,0.3429714358118676,8.310426237992942,0.0877763089063342,1.1995740090496838,0.012670129757361814,7.963497698307037,0.09618395929480197,37.071729868650436,0.4477562362367735,28.994340643286705,0.35019668314921226,7.557597629725933,0.09128145575261322,1.2072809336241335,0.014581665566599008,7.418305605649948,0.1619569631379441,15.21233557164669,0.33211676660271,17.18852372467518,0.37526104359365975,4.749445419758558,0.10369022222374742,1.2355679112952203,0.026975004441938764,9.067941308021545,0.19461613776307604,18.463435277342796,0.3962622100714689,13.992300160229206,0.30030271735400255,3.985578855499625,0.08553848522611932,1.084728907328099,0.02328044958533323,8.489871740341187,0.07677596314349842,53.079296708106995,0.4800089156094445,40.633701488375664,0.3674603884805066,7.5457849353551865,0.06823835786974014,0.8311593396356329,0.0075163748968103215,6.542516574263573,0.0640505700496596,40.539906814694405,0.39688155341563364,45.15149085223675,0.44202849084922285,8.99053199402988,0.08801639135811197,0.9216637711506337,0.009022994327371938,7.111619174480438,0.08424415461591303,32.58885207772255,0.38604714704669946,35.51437509059906,0.42070285722780404,8.35463167913258,0.09896886569256863,0.8472890155389905,0.010036975417014829,7.129599392414093,0.06640954181727539,46.432416677474976,0.4325005301561317,44.78878492116928,0.41719071738197727,8.182728810235858,0.07621904698894764,0.8245274494402111,0.007680163655667965,6.671135887503624,0.057897611429055626,24.876541301608086,0.2158991131746117,75.43626794219017,0.654698060813962,7.12699331715703,0.06185391763750214,1.1120512888301164,0.009651296944868538,7.079574719071388,0.05944564535618102,29.76055270433426,0.24989287236420915,74.88142298907042,0.6287629824406087,6.511962691321969,0.05467953091563442,0.8597304240101948,0.007218968923366741,6.269323065876961,0.05642033388258004,25.991935074329376,0.2339125994526929,72.39815025031567,0.651542083041884,5.654254955239594,0.05088507149491208,0.8044856344349682,0.007239912127930995,8.382552079856396,0.172924356111751,15.263969518244267,0.3148816822736641,13.979187041521072,0.2883777989199415,8.456032660789788,0.1744401930577759,2.3935126680880785,0.04937596963686753,3.9451552405953407,0.1513657356165753,8.362456850707531,0.320846546098957,9.08441486209631,0.3485462686228422,3.6275069303810596,0.13917836472475428,1.0441933166002855,0.04006308493687121,10.909978441894054,0.1038948442220511,26.446594402194023,0.25184878414321604,57.78007689118385,0.5502350091450323,8.159368384629488,0.07770100663225869,1.7137975604273379,0.016320355857441807,2.678687706589699,0.04073567144771063,19.838149964809418,0.3016851711040724,31.048821829259396,0.47216948872530445,9.243074417114258,0.14056242603273303,2.949055542703718,0.04484724269017952,9.090752437710762,0.08697943233474133,17.04402932524681,0.16307560958947098,72.78718982636929,0.6964207303760801,4.738790975883603,0.045340289691041834,0.855353414081037,0.008183938008665709,4.748233258724213,0.045765213341670115,20.453514397144318,0.19713847213642105,71.554379619658,0.6896673500207041,5.804559571668506,0.055946473704457024,1.1913315969286487,0.01148249079674771,Alzheimer_patient92,1,train
21.209040224552155,0.2353644219391862,21.380927085876465,0.2372719128641034,13.16013653576374,0.14604281455391516,24.001847200095654,0.2663572152210615,10.359545201994479,0.11496363542173377,17.122322499752045,0.22448953488621962,18.923659957945347,0.24810674033067937,11.856397852301598,0.15544837677994344,22.825154598802328,0.29925895506672034,5.544717641547322,0.07269639293643725,23.372891068458557,0.3152666076847539,26.040998548269272,0.3512555314184286,13.045324012637138,0.17596261564589613,9.856150530278683,0.1329452626724699,1.8215425051748753,0.02456998257845149,21.46399086713791,0.2226613879015021,31.166842699050903,0.32331603637156375,21.419993966817856,0.22220497646575063,18.540673855692148,0.19233572166945256,3.8059524735435843,0.03948187759173093,38.53468942642212,0.4435684733476698,23.157757103443146,0.2665663358762452,10.988467961549759,0.12648701807863416,11.102576110512018,0.12780050413976776,3.0907841534353793,0.03557766855768309,23.982572495937347,0.3106428936588322,17.028599798679352,0.22056906186006764,11.486056357622147,0.14877727500936774,20.704593777656555,0.2681836956486391,4.001207111403346,0.05182707382309334,24.56673014163971,0.2870939207844774,32.322039514780045,0.37772471136973423,16.604471057653427,0.1940446559639672,11.015160174109042,0.12872635080945768,1.0619590640999377,0.01241036107236353,19.923138797283173,0.25931226608532043,20.562842667102814,0.2676384169892684,20.310772091150284,0.264357558840923,14.563236052170396,0.1895497381536445,1.4706944862264208,0.01914201993084367,21.08512246608734,0.1599275692729998,24.426450163125992,0.18527105103799343,73.55726534128189,0.5579210966083255,11.517291178926826,0.08735696867863285,1.2555699518416077,0.00952331440204849,24.835774958133698,0.2986669898616052,21.669015526771545,0.26058456607675645,27.252453722059727,0.32772918635440557,8.604130798019469,0.10347049166583015,0.7940315220039338,0.00954876604140259,19.261338740587234,0.2577366414250346,25.013088285923004,0.33470100148838994,23.454178512096405,0.3138411757617344,6.336634062230587,0.08479072006025025,0.6673969156108797,0.008930461264590744,18.686274230480194,0.13912766607596336,27.65496838092804,0.20590360383168838,76.84422472119331,0.5721396092666533,10.274538271129131,0.0764985310629055,0.8502632128074765,0.006330589762789458,22.395598202943802,0.22589953324852324,26.188235878944397,0.26415504547130825,43.15890634059906,0.43533451125125644,6.820201208814979,0.0687938877886192,0.5766974856378511,0.005817022240292886,23.125353455543518,0.22829335543147825,27.87586486339569,0.27519037654724043,9.96067839115858,0.09833175941128403,30.02848255634308,0.29644100594967765,10.306276572868228,0.10174350266031965,21.318696677684784,0.2815763386023257,18.11499997973442,0.2392620639616308,13.439853370189667,0.17751294840136142,18.60497799143195,0.2457336703930809,4.23343266453594,0.05591497864160114,17.418210446834564,0.30886607416794715,24.139452815055847,0.42804960052045204,9.551349610090256,0.16936802239694226,4.319401813670993,0.07659321174322596,0.9656405493151397,0.017123091171432552,11.109532326459885,0.154484218250151,24.94832295179367,0.3469202892259176,29.1751711666584,0.40569696163184776,5.583574188873172,0.07764270072425784,1.0971032532397658,0.015255830167825798,15.136857628822327,0.2990830178548045,13.910302922129631,0.27484802191065577,16.99122592806816,0.3357227274135893,3.9242491852492094,0.07753764472909991,0.6482540391734801,0.012808588091850568,12.800261467695236,0.14904434897056013,27.265627682209015,0.3174769310318029,39.417349338531494,0.4589697784794065,5.693081174045801,0.0662893941161805,0.7059130830457434,0.008219547402049898,Alzheimer_patient94,1,train
11.657359331846237,0.1657200098673339,18.910089910030365,0.2688241991409979,11.249568730592728,0.15992289402490453,19.624776642769575,0.2789841237886013,8.9019094503019,0.12654877317816235,9.116346210241318,0.16325735898451685,17.941448986530304,0.32129907205650526,9.238340601325035,0.1654420590430642,15.279017703607678,0.2736197178828554,4.265185132622719,0.07638179203305828,14.018978506326675,0.2376280810831563,24.35146728157997,0.4127684794630123,10.708058029413223,0.18150646857103145,8.397969186306,0.14234940882723884,1.5189893273636699,0.02574756205556109,11.85316988825798,0.178520821054198,25.36456409096718,0.38201619059614844,13.815132856369019,0.20806998328227683,12.99783070385456,0.19576057974788713,2.3658707614522427,0.03563242531948957,24.550226867198944,0.3643660407580006,21.606613963842392,0.3206779483863083,7.751636244356632,0.11504712453497164,10.174574229866266,0.151007538487881,3.294871225953102,0.048901347832838456,15.839052617549896,0.23092432467247948,18.446038275957108,0.26893268395600645,6.968147397041321,0.10159160214526597,22.275491423904896,0.3247639197885657,5.0610675709322095,0.07378746943768241,15.580627024173737,0.23995886064083258,28.794924169778824,0.4434736281985881,12.462039291858673,0.1919291659505134,7.216537375003099,0.1111426442331875,0.8762813875218853,0.013495700976878399,19.364525377750397,0.32559827997032814,18.961281031370163,0.31881806392950435,10.231684118509293,0.1720372012842674,9.799816779792309,0.16477571359383433,1.1163649107329547,0.018770741222065818,14.589154809713364,0.2675473649115267,14.098415300250053,0.2585477988415671,14.747999235987663,0.27046037860113925,9.781840013340116,0.17938705522631299,1.3118319006171077,0.024057402419453977,22.344445407390594,0.35969084705193305,19.05438330769539,0.3067289049711773,12.878637477755547,0.20731452219066873,7.088784701190889,0.11411207247492386,0.7550001484341919,0.012153653311297087,21.15808480978012,0.3291551387304357,21.03335475921631,0.32721472032932375,16.21941590309143,0.25232454353528877,5.24534066580236,0.08160147055193293,0.6237810527672991,0.009704126853018856,17.251833766698837,0.244644879846759,22.759493857622147,0.3227479301892475,21.847292214632034,0.3098121771346298,7.6257583647966385,0.10813938762250645,1.0334833493106999,0.014655625206857233,22.800171703100204,0.2970439094603689,23.520657002925873,0.3064304953578708,24.292845368385315,0.316490676215399,5.489036471582949,0.0715119549940866,0.6541963521158323,0.008522963972274646,20.38755303621292,0.24469994117699798,21.045057475566864,0.25259158454134606,6.422741390764713,0.07708842928445597,23.472754776477814,0.2817298232340075,11.988435769453645,0.14389022176319247,20.195315331220627,0.30827424719683094,18.2541905939579,0.27864367410200397,6.363296702504158,0.09713344250792555,15.815801076591015,0.2414225324406577,4.882270184345543,0.07452610375258185,13.210868403315544,0.2698525714056177,20.987075686454773,0.42869372151589874,9.269575707614422,0.1893455270443097,4.4658498633652925,0.09122194183980367,1.0225040391087532,0.02088623819437018,10.044278129935265,0.20492174514651065,20.510048791766167,0.41844271306293396,12.418854743242264,0.25336747487324185,4.84252951387316,0.09879650743131775,1.199478120659478,0.02447155948599576,12.974978625774384,0.3181831408423994,12.923338443040848,0.31691677763597437,10.493427842855453,0.2573285032323944,3.6596445506438613,0.0897448258741265,0.7269452773034573,0.01782675241510529,14.16063004732132,0.2314234997033778,22.69793689250946,0.37094648855010504,18.90290281176567,0.30892523204355193,4.550481379963458,0.07436733554700878,0.8772974342573434,0.014337444155956454,Alzheimer_patient96,1,train
43.43801838159561,0.40140366785239523,43.56367852538824,0.40256487281755066,4.170759342610836,0.038541309208593263,12.123528826981783,0.11203155944440152,4.919315032660961,0.04545859067705936,59.009947776794434,0.45849040650909223,40.58681255578995,0.31534791825269654,4.959633499383926,0.03853493292130777,17.58310865610838,0.13661572224951052,6.565366663038731,0.051011020067392936,29.330463707447052,0.292738238095252,49.93810300529003,0.4984166780791835,6.799826756119728,0.06786695647890603,9.909404046833515,0.09890268050918914,4.215685571078211,0.04207544683746932,53.45666718482971,0.4185841065030825,39.32018692791462,0.30789059961123266,6.969972595572472,0.0545772848348583,19.80445247888565,0.15507568058806423,8.157026872038841,0.06387232846276233,32.659390568733215,0.46298934920053947,20.992181062698364,0.297591476119684,3.7325942665338516,0.0529143796071515,8.785974681377411,0.12455262112936377,4.370122658088803,0.06195217394326127,43.90579903125763,0.40144343597161913,20.720632880926132,0.189454747271621,6.5608814507722855,0.059988039181917724,24.74543195217848,0.22625465079025747,13.437081407755613,0.12285912678458465,49.22145652770996,0.3383538617414195,68.66977018117905,0.47204377043611856,8.834242686629295,0.06072758385154971,14.388632781803608,0.09890908986331333,4.359208735637367,0.0299656941075989,27.463170111179352,0.35328148541763027,29.142393976449966,0.3748827317074768,7.361147418618202,0.09469253126641021,9.666975945234299,0.12435431188763868,4.103672825731337,0.05278893972084399,52.34019649028778,0.46838414200385314,27.24952408671379,0.24385168217198247,5.395402729511261,0.048282605868633116,17.87166628241539,0.15993071557195254,8.889513918198645,0.07955085438357876,77.86493992805481,0.49017350294682854,40.988615185022354,0.25803054757052446,13.716260731220245,0.08634627569438126,20.644925609230995,0.12996344071290222,5.637051758356392,0.03548623307536352,53.7189279794693,0.5232103279123851,22.967435136437416,0.22369767456332199,8.813907325267792,0.08584548343193302,11.216476920992136,0.10924597322747936,5.955017917789519,0.058000540864880525,63.4933295249939,0.4993006459146821,20.66824397444725,0.16253152328862283,8.222717106342316,0.06466203604512924,23.479011572897434,0.18463491726593484,11.301222931593657,0.088870877485631,90.3879668712616,0.5898846167134685,28.587551802396774,0.1865663939731215,11.703167140483856,0.07637651893233276,15.392441354691982,0.10045324265042062,7.1587830716744065,0.0467192277306567,27.801684379577637,0.5695298451348537,11.78260649740696,0.24137192416595063,2.537571556866169,0.05198327972035466,4.526338350959122,0.09272405027169298,2.1669484423473477,0.04439090070714797,22.99571931362152,0.22654751513352914,13.593850016593933,0.1339228793131514,5.1781674809753895,0.05101388479138958,40.40848384797573,0.39809329211326794,19.32884021103382,0.19042242864866193,32.11782830953598,0.4787342752937629,14.96708831191063,0.22309286005283474,4.663309179246426,0.06950924324277713,9.121921598911285,0.13596736628188325,6.218903806991875,0.09269625512874197,43.979572772979736,0.2555772235212207,19.7157451659441,0.11457354156609108,12.444499179720879,0.07231835936385521,67.63078443706036,0.39302082810603367,28.308788646012545,0.16451004744279935,25.889617681503296,0.2707605266376914,12.2030785754323,0.12762305037999014,5.929680898785591,0.062014184322841656,33.38433472812176,0.3491422763995931,18.21142715215683,0.1904599622598837,36.11534512042999,0.1658355380089189,16.22850239276886,0.07451852990493613,15.03505152463913,0.06903840598133706,104.9797731935978,0.4820493092219215,45.41940811276436,0.20855821688288642,Alzheimer_patient97,1,train
70.63194704055786,0.5690382276786401,32.959997951984406,0.2655384653083277,5.257679358124733,0.042357894253317444,11.992140313610435,0.09661331105897482,3.2833707043901086,0.02645210170073996,70.74424362182617,0.5140703111190373,38.20432075858116,0.277615620055849,6.397146075963974,0.04648551889429104,16.60719095915556,0.12067785852405985,5.662989040836692,0.04115069140676281,60.30018472671509,0.46714477656313086,48.014168456196785,0.37196516224597054,5.934197697788477,0.045972155312265464,11.516450252383947,0.0892177960039789,3.3174327332526445,0.025700109874654205,54.10717439651489,0.4120245066291827,43.912001967430115,0.334388575037019,8.437646232545376,0.06425242243475973,18.0066041611135,0.13711974942878657,6.856855230405927,0.052214746470251955,66.14781403541565,0.6905343615305276,15.310228019952774,0.15982748160029128,2.546594887971878,0.026584571246769495,8.327540528029203,0.08693337739873667,3.4600346479564905,0.03612020822367491,60.185038805007935,0.5059707620400848,20.689346954226494,0.17393366943664143,5.172441639006138,0.043484299248770016,19.68865868449211,0.16552096394612092,13.214151564985514,0.11109030532838282,45.952245354652405,0.33468604199935453,62.0799486041069,0.4521496637536627,9.977495223283768,0.0726695368110064,15.942971095442772,0.1161181538021107,3.346896884031594,0.024376603633865672,21.81232938170433,0.29733824785241086,34.18522563576698,0.46600135708128815,6.000639297068119,0.08179867190530866,8.899750471115112,0.12131836839143995,2.4606948755681515,0.03354335476955242,28.201294600963593,0.30422925179647464,36.278422087430954,0.3913634946261901,7.704727068543434,0.08311687050277909,15.201446291059256,0.16398979893622445,5.311621563509107,0.057300584138331785,40.473318576812744,0.3006767083113688,56.658760368824005,0.4209185251851471,15.25604210793972,0.11333729687050995,18.595016945153475,0.13814257596524387,3.624290704727173,0.026924893667730317,67.56847405433655,0.4671735987333474,56.90473371744156,0.39344368224686643,6.6102908700704575,0.045704056775969296,10.437095481902361,0.07216287662028308,3.111881336197257,0.021515785623533793,71.98817205429077,0.460513391123305,52.30024242401123,0.33456832293350053,8.977266788482666,0.057428205965070936,17.610405325889587,0.11265499934579806,5.445474173873663,0.034835080632325474,115.94727611541748,0.49934742940873666,89.27903550863266,0.3844959396626919,10.599743738770485,0.0456496691054443,12.845102092251182,0.055319701550155885,3.5264454297721386,0.015187260272971223,32.30188310146332,0.6926265227199557,8.249511532485485,0.17688846402347208,1.5705951303243637,0.03367716489780063,3.1857773810625076,0.06831038000707929,1.329030669759959,0.02849746835169227,19.804507076740265,0.3028669247161646,10.438831098377705,0.1596392508102504,4.532047882676125,0.06930782975682363,20.89483160339296,0.3195410704068567,9.71991067752242,0.14864492430990464,37.998093008995056,0.4709873351796497,22.77421160042286,0.2822869355565144,4.420742571353912,0.05479521729430804,10.789260420948267,0.1337331590040256,4.695218460634351,0.058197352965502276,59.66765356063843,0.3872945951696284,34.31236106157303,0.2227168523252024,9.777119427919388,0.06346194771867332,36.67840598523617,0.2380745269810694,13.627166505903006,0.0884520778054265,44.62945356965065,0.39334937582860113,21.263709023594856,0.1874113618527439,6.393613763153553,0.056351216111142945,28.923863664269447,0.25492545413168055,12.249444860965014,0.10796259207583148,57.682265758514404,0.3227436814682319,27.84821778535843,0.15581628447126294,12.256826892495155,0.06857936980082656,57.14856597781181,0.31975752567567245,23.78881773352623,0.13310313858400616,Alzheimer_patient98,1,val
43.827416598796844,0.4002228441997561,39.27002349495888,0.3586056791532437,9.710614614188671,0.08867531105917381,13.34908651560545,0.12190107899015183,3.350392476655543,0.030595086597674504,60.55833566188812,0.43682502218812336,42.027414083480835,0.303156054222273,12.041967317461967,0.0868622392466024,17.31948683410883,0.12493053413549866,6.685732830315828,0.04822615020750257,43.90610647201538,0.3478723997217348,52.500072836875916,0.415963240442886,11.98405958712101,0.0949508827351205,14.270565276965499,0.11306709219246736,3.552446740679443,0.02814638490779133,52.31308722496033,0.3690641112154727,47.68179506063461,0.33639076278440333,14.152070701122284,0.099841582140007,21.45294079184532,0.15134856201954075,6.145363035146147,0.04335498184057618,43.15481495857239,0.5425747534150044,18.580620169639587,0.23360951533491547,5.372117601335049,0.06754229825012308,8.649710908532143,0.10875066357747522,3.7798226103186607,0.047522769422481834,49.8046293258667,0.43050645629687956,23.452067971229553,0.20271743433865802,8.993655733764172,0.07774030068096582,22.919335648417473,0.19811254705101145,10.518772196024656,0.09092326163248515,48.148409843444824,0.31182107245271296,66.24930107593536,0.42904694418591094,18.794625893235207,0.12171866986743318,18.176276702433825,0.11771408677833653,3.0417650546878576,0.01969922671560637,21.597645491361618,0.29114786271965953,30.671357929706573,0.4134663804679742,7.002785295248032,0.09440130743008995,12.166960753500462,0.16401716662089302,2.7422707499936223,0.036967282761383335,33.66091448068619,0.32793564255537117,39.02803874015808,0.38022392318762555,9.219592034816742,0.08982028220804227,15.985966645181179,0.15574051758647744,4.750367498025298,0.04627963446248357,35.966652512550354,0.2831690925096874,51.501581847667694,0.4054771621998619,17.194281056523323,0.1353723136016967,19.101786885410547,0.15039029989704217,3.2504512988962233,0.025591131791711796,27.981660842895508,0.35701453928940097,28.216573894023895,0.36001176576543276,7.131965130567551,0.09099585830925136,12.245406866073608,0.15623762703894417,2.8012036299332976,0.035740209596970725,34.96161389350891,0.3591411589220051,35.04580640792847,0.36000602166241796,9.223961174488068,0.09475260827911242,14.580511767417192,0.14977746478684048,3.535940679255873,0.03632274634962405,52.79763948917389,0.4356871687613249,41.02168849110603,0.33851178744769034,10.956444054841995,0.0904127937561447,13.469756692647934,0.1111526995165577,2.93692344147712,0.024235550518282353,27.802222847938538,0.6590323426883259,7.446219488978386,0.17650745053130734,2.163399875164032,0.05128188834752468,3.304372925311327,0.07832786040146679,1.4702164640184492,0.03485045803137529,20.370855182409286,0.29236789768010363,16.319973781704903,0.23422857715230927,4.3584768027067184,0.06255401103608221,19.61145118623972,0.2814687308134279,9.014660026878119,0.129380783318077,20.381590962409973,0.35376392930750056,17.875316128134727,0.31026243646854906,4.483363389968872,0.07781788243488746,10.855990625917912,0.18842777815692202,4.017275135964155,0.06972797363214087,27.59187650680542,0.3017472284383706,23.410288780927658,0.2560170111969187,10.645194977521896,0.11641680404959154,23.42725010216236,0.2562025017224349,6.3657539719715714,0.06961645459268424,14.74153757095337,0.19837816850477274,12.819215685129166,0.17250931370241826,9.628720507025719,0.12957453929309334,28.476009711623192,0.3832041688817265,8.644798155874014,0.11633380961798918,20.80363768339157,0.197420218315459,15.430579334497452,0.1464315225688868,16.74026319384575,0.15886002557262793,40.711065113544464,0.3863356728706751,11.691897070966661,0.11095256067235115,Alzheimer_patient99,1,val
583.9328050613403,0.8475722952364323,46.99966490268707,0.0682195168889836,39.48997715115547,0.0573192844839795,15.597118385136127,0.022639052497445314,2.9279241040349007,0.004249850893159271,578.6631569862366,0.8509489924825574,44.9403532743454,0.06608671708042403,38.55643850564957,0.05669889659292505,15.241608291864395,0.022413438739256532,2.619410236366093,0.0038519551048369935,554.1807560920715,0.8693842706759584,40.93634867668152,0.06421987275303488,25.406218707561493,0.03985661118488492,14.517148926854134,0.022774123412489092,2.400041284970939,0.0037651219736327137,554.9119734764099,0.8684881914267727,40.89859116077423,0.06401005054296924,28.528889000415802,0.044650330855475,12.74198130518198,0.019942370732430572,1.8587129535153508,0.00290905644235245,563.211905002594,0.8360426016688917,48.3063702583313,0.07170690659987036,34.452437818050385,0.051141862399208156,19.89253082871437,0.02952885597782312,7.800877846777439,0.011579773354206698,566.5947895050049,0.8502986325080646,45.74488139152527,0.06865013729730736,36.96321815252304,0.055471342889767225,14.74142324179411,0.0221227096611156,2.3036833936348557,0.0034571776437452616,544.4915709495544,0.8670104821065359,40.59473097324371,0.06464022429349593,29.036865055561066,0.04623628300945147,12.145260140299797,0.019339266962731735,1.741939753293991,0.0027737436277849863,536.4722847938538,0.8935894354505999,35.64477062225342,0.05937266725595156,16.40569081902504,0.027326578488174737,10.216392643749714,0.01701720814594924,1.6174270235933363,0.0026941106593245433,537.4819703102112,0.8930970465473125,36.51429617404938,0.060673309750233655,15.900039374828339,0.026420008465492126,10.308805998414755,0.017129438193619208,1.6129911001771688,0.0026801970433425006,559.0529851913452,0.8870209137342133,38.90063667297363,0.061721660022428064,19.76390713453293,0.03135838539424176,10.753771860152483,0.017062462403660907,1.7877793218940496,0.002836578445455982,542.0025062561035,0.7935393708483724,51.07043504714966,0.07477161162261958,76.49951633810997,0.1120020246483223,11.72303481772542,0.01716355471850115,1.7235563332214952,0.0025234381621845334,540.3155951499939,0.8360399563110531,45.61007034778595,0.07057327525466198,46.06911417841911,0.07128356196034344,12.487675864249468,0.019322403568742957,1.797176277730614,0.0027808029051985075,554.8503246307373,0.793442500767875,51.22791087627411,0.07325651605563294,80.57936972379684,0.11522944798941678,10.907429125159979,0.015597752146536017,1.7299039587378502,0.0024737830405392345,563.0051832199097,0.8588563990343004,45.923799991607666,0.0700561036848529,28.293869107961655,0.043161894883159656,14.554079003632069,0.022202040508457834,3.7519601806998253,0.005723561889229124,557.6560673713684,0.8660283606302474,42.46038818359375,0.06594010631623515,26.65275850892067,0.04139118375696443,14.103741958737373,0.02190282011070337,3.050606671720743,0.004737529185849675,550.7106156349182,0.7598123859437841,64.54627442359924,0.08905413729320452,91.22375321388245,0.1258609070106186,15.499196842312813,0.021384156031553653,2.8183150915428996,0.0038884137208391382,549.8829627037048,0.8021375976029954,54.002352714538574,0.07877552208266976,64.11327558755875,0.09352475407021127,15.268943320959806,0.022273455160694837,2.25445634778589,0.0032886710834287374,552.1183681488037,0.703372132529575,71.54220390319824,0.09114131213199571,141.9561496078968,0.18084527781637455,16.128449015319347,0.020546865007110657,3.2139464328065515,0.004094412514944079,548.312780380249,0.7293599982117072,63.776671409606934,0.08483506970784284,121.7060412466526,0.1618921192470713,15.56027415394783,0.02069811599362434,2.416720640845597,0.0032146968397544096,Healthy_patient1,0,train
513.4696969985962,0.8160374481903792,48.52590537071228,0.07712033684034937,37.405345022678375,0.05944686216034013,25.400858283042908,0.04036859759456547,4.421397423371673,0.007026755214365847,565.2357139587402,0.8229513725259872,49.952378273010254,0.07272785007302604,38.952336728572845,0.05671240896893041,27.183477073907852,0.03957761198655281,5.515842739492655,0.008030756445503598,479.6821298599243,0.8265294869529884,44.700860023498535,0.07702304630853905,28.4774711728096,0.049068889943959755,24.00288513302803,0.04135883139984085,3.493601060472429,0.0060197453946719106,488.9498200416565,0.8183409240512928,47.10847020149231,0.07884406017788827,31.889481961727142,0.053372487454548014,25.776849396526814,0.04314195422443885,3.764524634927511,0.006300574091832113,494.7386178970337,0.7985047507182494,48.17367696762085,0.07775198564793945,37.558122396469116,0.060618553063669964,30.875434890389442,0.049832741064897136,8.235455852001905,0.01329196950524399,493.3975439071655,0.8035203302944922,49.3042631149292,0.0802942338733825,40.33514964580536,0.06568762484957438,26.729376174509525,0.04353000422788628,4.2785460548475385,0.006967806754664639,481.2164707183838,0.8218928684030379,48.68625450134277,0.08315360715765345,28.883677423000336,0.0493318286711563,23.589875623583794,0.040290288718909176,3.1215271269902587,0.005331407049243184,476.9753632545471,0.8455567273559627,40.866045355796814,0.0724451664237995,25.91011381149292,0.04593208104162521,17.91302563250065,0.03175526557076599,2.4316832488402724,0.004310759607846672,478.3623752593994,0.8477249427330401,40.67587912082672,0.07208333907870684,24.936486840248108,0.044190937606975116,17.8940185084939,0.03171070008829857,2.4208478378131986,0.00429008049297931,482.7671318054199,0.8202989085786533,47.519503355026245,0.08074326972623876,24.62730085849762,0.04184574028458523,29.837565317749977,0.05069881657697352,3.774372288957238,0.006413264833549251,483.1467571258545,0.7696386464001181,54.60866093635559,0.0869899989286933,60.05046343803406,0.09565863107740832,26.85376639664173,0.0427772640826659,3.0982738053426147,0.004935459511114308,496.27246284484863,0.7753256069917509,50.72595429420471,0.07924907031500089,62.93027663230896,0.09831586191264773,26.993738912045956,0.04217227143127214,3.160209202207625,0.0049371893493283655,480.5068039894104,0.7907389851964476,49.069907903671265,0.08075117533671236,49.7795147895813,0.08191892951666208,25.140937261283398,0.0413728152272177,3.17086935788393,0.005218094722960276,485.4788227081299,0.805154873538329,46.29394578933716,0.0767773882693397,38.12124812602997,0.0632231670638492,28.87980279326439,0.047896453724001496,4.189459653571248,0.006948117404480561,510.55756998062134,0.8058385927195535,49.65066838264465,0.07836613751231664,41.85708808898926,0.06606513925990705,27.145682975649834,0.04284539149686702,4.361984709277749,0.006884739011355779,482.70633268356323,0.7180110697458694,59.11129546165466,0.08792626409629044,88.76410365104675,0.13203391938779824,37.119298443198204,0.055213833709715616,4.5815473180264235,0.006814913060326391,489.2387056350708,0.7436674454467552,54.462963342666626,0.08278644423262854,80.95815801620483,0.12306047307077571,29.465706169605255,0.04478935575424398,3.7474295841529965,0.005696281495596537,483.7653293609619,0.7018446507597016,59.31068968772888,0.08604769247351575,106.36344957351685,0.15431163332463918,35.31443317234516,0.051234027145686326,4.523032691329718,0.006561996296457178,516.0101022720337,0.6883979300885174,63.320717573165894,0.08447480139857226,126.65567541122437,0.16896860042690565,38.38094626367092,0.05120319126779553,5.213694212958217,0.006955476818209256,Healthy_patient10,0,test
16.924557238817215,0.3374170921176743,3.347439765930176,0.06673636278464695,7.58556991815567,0.1512300090172559,14.031333088874817,0.27973621658616066,8.270257998257875,0.16488031949426218,27.580806732177734,0.44041500665855876,6.144077330827713,0.09810967042563844,7.854199096560478,0.1254171852549073,14.534686341881752,0.2320923403074976,6.510814845561981,0.1039657973533979,3.6598564218729734,0.24292101040704642,1.3825806267559528,0.09176804882659426,4.052493028342724,0.26898205493228877,3.7668599002063274,0.2500233089886133,2.2042449275031686,0.14630557684545725,3.6411859691143036,0.21983277731036566,1.6234836280345917,0.09801611834606883,3.1544075943529606,0.19044404436288548,4.986428130418062,0.3010503594341203,3.1579299112781882,0.19065670054655973,9.823112890124321,0.18507735371597553,4.705355688929558,0.08865364665359883,15.945815205574036,0.30043524024432305,13.820241525769234,0.26038728842020203,8.781189750880003,0.1654464709659006,12.669094994664192,0.2688449806041109,6.084599703550339,0.12911846426076376,17.050817593932152,0.3618274807518267,7.651225961744785,0.16236311245193796,3.668425887823105,0.07784596193136069,14.820047333836555,0.515814559842789,3.259445920586586,0.11344563380847879,6.393860183656216,0.2225395170499216,3.544565163552761,0.12336926316676872,0.713428839109838,0.024831026132041877,0.9670326691120863,0.17821724203867967,0.5897659081965685,0.10868966164683622,1.7323086932301521,0.31925216957827834,1.5888939993456006,0.2928218616597319,0.548144135857001,0.10101906507647385,1.0178232584148645,0.1858324409524927,0.5975856073200703,0.10910616471794377,1.723083470016718,0.3145976519506716,1.5916329668834805,0.29059764246009845,0.5469768287148327,0.09986609991879353,2.841386804357171,0.2818790931016156,1.2995913214981556,0.12892564382465602,3.8407493457198143,0.38102061315339136,1.779290116392076,0.17651404715618602,0.3191439915681258,0.03166060276415104,1.900457102805376,0.18798175296091146,1.0709268376231194,0.10592962289551652,4.482085112482309,0.4433408231739042,2.2047495944425464,0.2180805307267239,0.4515769730787724,0.04466727024294391,2.2221321500837803,0.16529183854059876,1.1713049188256264,0.08712674604749995,7.2060311660170555,0.5360158890491307,2.452198385260999,0.18240516413517358,0.3920228547649458,0.02916036222759702,3.791444644331932,0.48483609390549515,1.4714402072131634,0.1881623996666389,0.8237638361752033,0.10533991079860959,1.2203246634453535,0.15605066106026075,0.5130810795817524,0.06561093456899564,9.661382921040058,0.14825583008719395,6.066743344068527,0.09309537545004104,37.95278757810593,0.5823930251497904,8.659705117344856,0.13288488625022588,2.826348944567144,0.043370883062748763,7.6215557642281055,0.15705908571457616,5.002547726035118,0.10308860768063688,26.507579803466797,0.5462475611579161,6.881248194724321,0.1418034038550313,2.513747051358223,0.051801341591839606,16.90085580945015,0.19291955482532896,10.13936772942543,0.11573865433946327,49.54421752691269,0.5655363549174152,9.173780214041471,0.10471668505500789,1.8474951274693012,0.021088750862784722,15.126113712787628,0.17631672434726617,9.454804837703705,0.1102094199462011,51.47311371564865,0.5999935591271547,7.953771408647299,0.09271270516722727,1.7816401161253452,0.020767591412150736,3.737884111702442,0.13507839043862907,2.267345778644085,0.08193657406022972,17.302314266562462,0.6252651746675228,3.702620016410947,0.13380402850286532,0.661798007786274,0.023915832330752992,4.470679849386215,0.14505953848154407,2.350400358438492,0.07626311941991386,19.418666020035744,0.6300748042113455,3.9226459562778473,0.1272775576006143,0.6572277883533388,0.02132498028658219,Healthy_patient100,0,val
23.970887273550034,0.3105635929415143,12.469660580158234,0.16155524609254826,10.110784530639648,0.130993965115247,22.139602154493332,0.2868377091315259,8.494182514026761,0.11004948671916458,25.870678424835205,0.26788839661379965,11.383382618427277,0.11787383645743355,9.949158638715744,0.10302258454974676,34.92049220204353,0.36159835128211276,14.448886077851057,0.14961683109690727,9.816645190119743,0.20570259066715682,7.864030987024307,0.1647865962137281,5.986184075474739,0.12543731067870167,18.40858492255211,0.38574212836953325,5.647070901468396,0.11833137407088015,8.588441126048565,0.1893510945391055,6.381213158369064,0.14068789414644842,5.478149205446243,0.12077786095007247,17.824340030550957,0.39297682136814505,7.08508637547493,0.15620632899622858,23.45708668231964,0.24924895441241635,17.87513244152069,0.18993654801943677,16.12949225306511,0.1713878255098851,24.184498071670532,0.256978240264442,12.464864106848836,0.13244843179381974,20.13514168560505,0.25659425681188214,13.841598391532898,0.17639183810179387,13.940576255321503,0.17765317272740627,20.78910067677498,0.2649280507302364,9.764324837364256,0.12443268162868135,6.521410066634417,0.12247387028882462,10.60216972231865,0.19911165623441385,9.980221092700958,0.18743129033013933,17.066803470253944,0.32051925168071477,9.076754054054618,0.17046393146590746,3.9545247741043568,0.1594829734879971,3.6725710928440094,0.14811199617923274,4.295734420418739,0.17324369875474682,10.02269035577774,0.4042074715920654,2.8503850740380585,0.11495385998595797,3.9806141890585423,0.16062920803662506,3.579928547143936,0.14446039230228427,4.1955384612083435,0.16930201931237338,10.150597110390663,0.4096057285387242,2.8747063339687884,0.11600265180999313,6.114198945462704,0.11365285942774118,9.090992778539658,0.1689865399431793,9.320476174354553,0.17325225722817308,21.571112990379333,0.40097136096868913,7.700360478833318,0.14313698243221734,7.188568972051144,0.1395586433740925,6.957085400819778,0.1350646288782948,11.245179235935211,0.21831354262124297,18.553683400154114,0.36020060390115516,7.564789747353643,0.1468625812252146,5.863198596984148,0.14700760966015755,5.295035421848297,0.1327620901042262,10.14401689171791,0.25434029752476134,13.904117614030838,0.3486170664462473,4.6772715845145285,0.11727293626460757,8.275778472423553,0.1630301664121311,8.11191177368164,0.15980204530493608,8.382437407970428,0.16513131303773135,20.43406067788601,0.40254440399680647,5.5580641673877835,0.10949207124839501,14.241574697196484,0.1562518897406817,15.247247159481049,0.16728565714584517,19.64557734131813,0.21554207662386876,27.50456377863884,0.30176719627440024,14.506012747064233,0.15915318021520417,18.386508107185364,0.1984749250714918,13.652247786521912,0.1473704980136204,20.630898773670197,0.22270221536309703,26.27450093626976,0.283622620141725,13.694791611284018,0.14782974141006575,16.2896174415946,0.13949959426999167,20.09082931280136,0.17205207843168915,28.177719831466675,0.2413058807572778,34.08854737877846,0.2919245062471817,18.125076855532825,0.15521794029385966,26.75572009384632,0.20877746127464752,20.045172214508057,0.1564144097441287,28.381991028785706,0.2214674100388926,34.46769142150879,0.2689547164397049,18.50368064083159,0.14438600250262626,10.410365223884583,0.1357588047011741,11.739274710416794,0.1530887599494055,15.022577106952667,0.19590543345126804,26.275473654270172,0.34265146510679784,13.235108971130103,0.1725955367913545,9.024630382657051,0.13519059511231868,9.49427729845047,0.14222599084008075,14.543022990226746,0.21785711429901558,22.95289719104767,0.3438385506372401,10.740040515549481,0.1608877491113449,Healthy_patient101,0,train
8.082780741155148,0.32416137705256576,2.1184915900230408,0.08496248668475005,10.545599430799484,0.42293316406899883,3.2157789822667837,0.12896939513409594,0.9717841185629368,0.03897357705958942,9.724280156195164,0.32960121170753753,2.409125007688999,0.08165648345531772,13.020844422280788,0.44133715093604364,3.4427263867110014,0.11669005524429944,0.9061927376314998,0.030715098656801644,1.5673150951042771,0.19107018147872948,0.8021742962300777,0.09779245337266118,3.5728311240673065,0.43556110280618093,1.7856300603598356,0.21768479149633208,0.4748735539615154,0.057891470846096346,2.808527646586299,0.19503084846544558,1.3190584518015385,0.09159856031435588,7.733300440013409,0.5370187998993852,2.11936151701957,0.14717351113553997,0.42017971631139517,0.02917828018527343,10.514280460774899,0.2826174551743092,4.49753625690937,0.12089103540883063,14.274990290403366,0.3837030449741723,5.710814021527767,0.1535032027877817,2.2056028628721833,0.05928526165490617,8.292586170136929,0.2545741906600356,3.994355633854866,0.12262276590611124,13.493142910301685,0.4142261371030806,5.15373601205647,0.15821459641499164,1.6405189922079444,0.05036230991578092,19.14222139120102,0.48678254582743535,2.7536627426743507,0.07002504739838228,13.881125256419182,0.3529940101087342,3.007749632000923,0.07648642198600544,0.5392092573456466,0.013711974679442691,0.8521893080323935,0.1888103260702622,0.5372300632297993,0.11902822818484628,1.7049701642245054,0.3777517150391902,1.2250785985961556,0.2714273547936224,0.19399956532288343,0.04298237591207892,0.8642175644636154,0.18964027693389063,0.5436872001737356,0.11930443842616403,1.7158159222453833,0.3765114480913708,1.2336068819276989,0.27069751916176354,0.19981386989820749,0.04384631738681098,4.76841376721859,0.25388190899902346,1.4287118464708328,0.0760680823222921,10.329549469053745,0.5499702555873013,2.0019294191151857,0.10658757553724899,0.2534102782374248,0.013492177554134186,1.8987503349781036,0.11181445367911035,1.6663218885660172,0.09812710401744378,10.759457368403673,0.6336077078536019,2.417421329766512,0.14235818175810255,0.23930930451024324,0.014092552691741476,1.2971696900203824,0.11349359092423364,1.112107515335083,0.09730189995976744,7.050790034234524,0.6168965294166736,1.739660480991006,0.15220854796071157,0.22972551512066275,0.02009943173861368,1.2365254135802388,0.1424225500717112,0.7291678823530674,0.08398529305954655,5.183839324861765,0.597072739225931,1.3755740225315094,0.15843811857784046,0.15698346780845895,0.018081299064970885,8.974654227495193,0.1771283915860192,6.539559483528137,0.12906810932611584,23.353549525141716,0.46091766438641996,8.624339789152145,0.17021440566074952,3.175405142828822,0.06267142904069549,7.057819318026304,0.18053614104472088,5.529356509447098,0.1414386854770382,19.85535465180874,0.5078918779850999,5.800848543643951,0.1483833410384373,0.8502854211255908,0.02174995445470363,15.77422808855772,0.16461192775388522,10.614014953374863,0.11076253322030866,41.5076801776886,0.43315331896318343,18.699991807341576,0.19514372957629833,9.230847369879484,0.09632849048632437,14.613250061869621,0.20078676739019477,10.18296828866005,0.1399144801095211,38.455033883452415,0.5283740379893943,8.292280692607164,0.11393634047946347,1.2364129424095154,0.01698837403142637,6.91027482971549,0.12648337360062004,6.056679397821426,0.11085944653888193,36.13485882431269,0.6614004451787308,5.071492458693683,0.09282691226798723,0.46055373118724674,0.008429822413780094,3.8398078978061676,0.12247704193445019,3.0879544764757156,0.09849542997270043,21.126860074698925,0.673876244900307,2.9746927842497826,0.09488276043362062,0.32193098531570286,0.010268522758921775,Healthy_patient102,0,train
13.451993688941002,0.4645297980652317,3.052009329199791,0.1053932458020647,6.028752475976944,0.20818736872833796,5.183827869594097,0.17901008349767056,1.2417175783775747,0.04287950390669508,18.89021648466587,0.5001747944622759,3.8643709868192673,0.10232074183095301,7.3168152421712875,0.19373449546447608,5.898177407681942,0.15617182973970223,1.7976498426869512,0.047598138502592834,6.323043342679739,0.3703325702518389,1.884406179189682,0.1103672623952008,3.925330601632595,0.22990159832981943,3.988316625356674,0.23359060926830777,0.952862850157544,0.05580795975483308,3.9144970402121544,0.33093650572063216,1.3510483279824257,0.11421932578545886,2.6505765467882156,0.22408307670903527,3.0943216755986214,0.2615978483005112,0.818100473145023,0.06916324348436255,24.17330238223076,0.33787285378216075,7.959471523761749,0.11125039168450815,27.414800703525543,0.3831796253199635,10.39651370048523,0.1453131929525021,1.6014712448231876,0.022383936260865434,11.211591981351376,0.26408991605288995,4.206992223858833,0.09909602713709567,17.721552938222885,0.4174325497722955,7.3907497972249985,0.17408968296059973,1.9228051537647843,0.04529182407711913,11.510057404637337,0.454720320850644,2.8253199011087418,0.11161806816187261,5.601410090923309,0.2212912502707832,4.294146005064249,0.16964602178401134,1.0814550640061498,0.042724338932688816,1.209129922091961,0.1902237265239612,0.663575567305088,0.10439557812334509,1.5955070741474628,0.2510096688489604,2.408513681963086,0.37891415934384565,0.47963078832253814,0.07545686715988766,1.2230730522423983,0.19271530508914708,0.660436175763607,0.10406259779073973,1.5818022079765797,0.24923899234146313,2.4055454414337873,0.37903330696541443,0.47567097970750183,0.07494979781323562,3.5857833176851273,0.2737275621797322,1.6733838245272636,0.12774092417122088,3.9352902583777905,0.30040783657580483,3.1291164867579937,0.23886703456739283,0.7762516805669293,0.05925664250584928,3.5645266622304916,0.27113519035350936,0.922693245112896,0.07018452444259073,3.122113972902298,0.23748313494687445,4.875627234578133,0.3708638603681779,0.6617154843406752,0.05033328988884757,4.456118978559971,0.2970171713120953,1.1827096231281757,0.07883206629699226,4.817112535238266,0.3210787561984865,3.9169260784983635,0.261077926705207,0.6300329834921286,0.04199407948721889,2.243648938834667,0.30305241742589933,0.833890900015831,0.11263466790420135,2.027944676578045,0.2739169778326214,1.7743938248604536,0.2396695529242837,0.523622868815437,0.0707263839129942,15.302610069513321,0.23170020072186046,7.291738897562027,0.11040583001865978,29.746893912553787,0.4504042943707971,11.993366502225399,0.1815942125737535,1.7102624906692654,0.025895462314929167,6.422967232763767,0.130721856460076,4.619908764958382,0.09402555369594683,28.86481387913227,0.5874640053287529,7.856143120676279,0.15989021524385993,1.3707754504866898,0.027898369271364395,20.206747084856033,0.26517252356602583,8.492484837770462,0.11144661861312397,31.579309165477753,0.41441430769217386,13.174157813191414,0.17288406978672952,2.749566752463579,0.036082480341946846,21.888521179556847,0.26648701761834453,7.821267545223236,0.09522188571004635,30.493392884731293,0.37124907892388787,15.579662844538689,0.18967831827844417,6.354444541037083,0.0773636994692771,3.7732600197196007,0.1834485376921927,1.4986324310302734,0.0728605838383302,8.29994149506092,0.40352695606512323,6.18715600296855,0.30080744907222123,0.809503358323127,0.03935647333213264,6.203329794108868,0.23030439828239863,2.6189234107732773,0.09722997169014315,11.252013236284256,0.41774147495898106,5.854693800210953,0.21736096218288692,1.0063907131552696,0.03736319288559024,Healthy_patient103,0,train
13.47594864666462,0.4952398159721867,2.856643743813038,0.10498138268983535,5.791960969567299,0.21285400827024864,3.426774302497506,0.12593362585773282,1.6596279432997108,0.06099116720999647,9.73463961482048,0.429309078160753,2.6109036207199097,0.11514392632176627,5.263048879802227,0.23210665749381676,3.50987496599555,0.1547896219822044,1.5566639839671552,0.06865071604145961,2.737213745713234,0.3031992746973865,1.0332437977194786,0.11445170131296713,3.137522377073765,0.34754118510672144,1.6006327755749226,0.17730098622046925,0.5191587207373232,0.05750685266245569,1.8946349704638124,0.2885318042157759,0.845932736992836,0.12882613413916943,2.15448697283864,0.3281043700361655,1.3114844989031553,0.19972448232437906,0.35992920584976673,0.05481320928451012,9.658186502754688,0.3422490588081471,4.226539194583893,0.14977232640408275,7.645252346992493,0.2709183985381379,5.0141287706792355,0.17768147798951314,1.6756537780165672,0.059378738260119135,10.16450598090887,0.36450484344551376,4.39138987660408,0.15747768583010438,7.25810606777668,0.260279724456349,4.77570491284132,0.17125943699248466,1.2960844310000539,0.046478309275548246,8.82923037558794,0.4872366786532168,1.891037032008171,0.10435593630373961,5.141221061348915,0.28371572238954107,1.8955344948917627,0.10460412655187563,0.36400684039108455,0.020087536101626904,0.4618972975295037,0.18672636089978178,0.27190821152180433,0.1099214719544696,0.9376299977302551,0.37904581447666497,0.6783262726385146,0.2742198256408126,0.12389697611797601,0.05008652702827103,0.46190992789343,0.1848157451244384,0.2747870674356818,0.10994562695435667,0.9444360733032227,0.3778802880595468,0.6922945852857083,0.27699543114109393,0.12587200035341084,0.05036290872056418,2.5054799988865852,0.2922380384515627,1.0632849372923374,0.12402106763075037,3.5228237956762314,0.41090055251545143,1.2805443038232625,0.14936210054198562,0.20128886436577886,0.02347824086024989,0.9544967915862799,0.18145418751151263,0.4646442998200655,0.08833099770360461,2.65980039909482,0.5056401704173995,0.9895828175358474,0.18812420085027526,0.19173892796970904,0.036450443517208046,1.9414469208568335,0.20930935097128445,0.6865828670561314,0.07402119148748022,5.231932334601879,0.5640599027028207,1.2376903747208416,0.13343664781826342,0.17783811915433034,0.019172907020151158,1.0578602273017168,0.26458835795277813,0.5433213692158461,0.13589367027074592,1.4990733861923218,0.37494307420465167,0.7526541659608483,0.1882512686821149,0.14522680669324473,0.036323628889709365,9.496778190135956,0.2214050104857769,6.75142702460289,0.15740072488254683,18.556675240397453,0.43262470639240413,7.161553058773279,0.1669622790304894,0.9268062068149447,0.021607279208782734,6.894810404628515,0.19912542338975883,5.57443380355835,0.16099231540095502,14.825492456555367,0.4281673155786103,6.323757670819759,0.18263314721038587,1.006970797199756,0.02908179842028997,13.59670327603817,0.282934729654333,8.530160546302795,0.17750469500423505,18.7895610332489,0.39099326236197135,5.952931666746736,0.12387496274556321,1.186614876613021,0.02469235023389741,11.16099701821804,0.22433834730806243,7.4313415586948395,0.1493715015637102,23.64392003417015,0.4752476804439278,6.601268408820033,0.1326868596554873,0.9132050869520754,0.01835561102881228,7.9687899723649025,0.3184763217994087,1.8678441643714905,0.07464924301261064,12.227430805563927,0.4886748429206137,2.5885532638058066,0.10345271052413899,0.3689907076768577,0.014746881743228017,4.2229216285049915,0.1710954098671974,1.525420792400837,0.06180377441391528,16.19557973742485,0.6561782568985478,2.4082104079425335,0.09757077754228832,0.3295443517854437,0.013351781278051188,Healthy_patient104,0,train
52.012248903512955,0.5219543202858916,14.370698630809784,0.14421311121909786,20.117109060287476,0.2018795996527331,9.559479355812073,0.09593147104071673,3.5895078107714653,0.036021497801560685,55.3250832259655,0.5298242626788081,14.124752640724182,0.13526661356886985,21.918895542621613,0.20990773067925456,9.436825096607208,0.09037237013124316,3.61601706687361,0.03462902294182428,13.912182286381721,0.30239065672995236,7.6370348036289215,0.16599609767904158,12.314843446016312,0.26767142066652233,8.313758835196495,0.1807051505162066,3.8294959235936403,0.08323667440827717,10.867333725094795,0.2619669099796656,6.709469348192215,0.16173782799090983,14.270181432366371,0.34399563216262663,6.955339152365923,0.16766474203312398,2.681288626976311,0.06463488783367397,26.30525876581669,0.3056928781753659,19.880141258239746,0.23102671803637248,24.905541837215424,0.2894267961594409,11.550358287990093,0.1342264792164177,3.4099645148962736,0.039627128412402984,23.61163727939129,0.2562283190819252,16.94950819015503,0.1839323525700336,29.725307136774063,0.3225725260694809,14.719646975398064,0.15973438679229204,7.144671902060509,0.07753241548626824,11.132152110338211,0.27302853082209627,8.601305216550827,0.21095666885888043,14.691076621413231,0.3603151507797208,5.142758283764124,0.12613192172296186,1.205560615286231,0.02956772781634062,4.505905112251639,0.2444324257102279,3.5507592856884003,0.1926185047603509,5.266975715756416,0.2857183225760096,3.9158906787633896,0.21242583533852974,1.194623756222427,0.06480491161488185,4.468656487762928,0.2391352306373812,3.634329855442047,0.19448715974776928,5.3783250749111176,0.2878151432659224,4.021450147032738,0.21520347581893232,1.1839726138859987,0.06335899052999484,5.323668569326401,0.24985867146704885,5.140232652425766,0.24124937246594072,6.286119267344475,0.29502990059744477,3.5192696377635,0.16517182179452805,1.0374291399493814,0.048690233675037595,6.7311722077429295,0.16948977433222615,5.830856874585152,0.1468199869704908,20.67248860001564,0.5205297561205972,5.30523993819952,0.13358504167660581,1.1745687113143504,0.02957544090008013,6.458892434835434,0.17204745386904644,6.098522663116455,0.1624481762372926,18.873030334711075,0.5027265663022378,5.016344677656889,0.1336218768508412,1.0945526389405131,0.029155926740581962,5.141543839126825,0.2697075012532386,3.2821412682533264,0.1721697116504747,6.473692499101162,0.3395873851210665,3.0955902487039566,0.16238389421641597,1.0704390401951969,0.056151507758804155,18.495944246649742,0.215831958822521,21.931125342845917,0.25591760435729344,31.43430095911026,0.36681159176019523,11.57200624793768,0.13503548360074907,2.2626635283231735,0.026403361459241277,20.37014277279377,0.17879903340686193,24.047311305999756,0.2110753992008944,55.8974187374115,0.49063988169666883,11.376084305346012,0.09985363875149075,2.2366317734122276,0.01963204694408405,29.896804809570312,0.15128842628995626,40.944499135017395,0.20719367433486904,106.74515801668167,0.5401683247852259,17.648848362267017,0.0893094265947353,2.3793092658743262,0.012040147995213522,33.07057447731495,0.12072975770685905,40.68728303909302,0.14853584797656416,181.10260486602783,0.6611458661099069,16.44303523749113,0.060028097230345676,2.618815366178751,0.009560430976324249,11.228738151490688,0.11711888647105757,10.524198681116104,0.10977034230412235,65.07844242453575,0.6787863967618304,7.636524792760611,0.07965109419868442,1.4067963492125273,0.014673280264305297,9.088792391121387,0.13010168142063389,7.752865254878998,0.1109785285086613,45.82365506887436,0.6559435309715705,5.929018829017878,0.08487104618908016,1.2648147167637944,0.018105212910054104,Healthy_patient105,0,train
14.35340341925621,0.026798376750625918,100.49435234069824,0.1876269646070975,36.00527799129486,0.06722329028439857,210.6087361574173,0.39321491172942374,174.14542573690414,0.3251364566284543,16.498000383377075,0.02711125882817462,117.12104916572571,0.19246569307627712,36.51570796966553,0.06000647272727208,236.51051199436188,0.3886590833592108,201.88421589136124,0.3317574920090654,7.0669611394405365,0.029745342119199387,46.76904094219208,0.19685422007605372,15.916757881641388,0.06699476610612401,92.13390243053436,0.3877981489495129,75.6954474747181,0.31860752274911,4.222777280956507,0.03222522152443405,16.84485736489296,0.12854792569316206,7.8220226764678955,0.0596920928449318,53.708735942840576,0.40986672950066894,48.44111806154251,0.36966803043680313,13.3262380361557,0.08775344744622587,25.856400430202484,0.17026472663510178,18.347712755203247,0.120819922520808,52.57941162586212,0.34623609621448764,41.75023153424263,0.2749258071833767,16.807221353054047,0.10785821439344102,31.0309956073761,0.19913748422514366,14.023539662361145,0.08999428969756652,56.93658286333084,0.3653833094895939,37.028654754161835,0.2376267021942549,5.432802267372608,0.2079536054296825,6.667283356189728,0.2552063454743577,2.8512700460851192,0.10913923550981895,6.124556690454483,0.2344321738133935,5.049156527966261,0.1932686397727473,2.0368900299072266,0.09673798344250598,2.791493132710457,0.13257633573095395,2.212147317826748,0.1050614748279046,8.429795436561108,0.40035613086235355,5.585416175425053,0.2652680751362819,2.071470309048891,0.09797782199228564,2.7910258024930954,0.1320118507409852,2.240129552781582,0.10595518246306276,8.438609592616558,0.3991351384164421,5.601001495495439,0.2649200063872243,3.8515771999955177,0.29250676095706785,3.6631954982876778,0.2782001747122939,1.2653205655515194,0.09609435329565012,2.7163198366761208,0.20629001468553929,1.6710678404197097,0.12690869634944885,4.1032726019620895,0.11206496466609266,9.329511418938637,0.25479939281034536,7.872013062238693,0.2149934823362607,10.606775477528572,0.2896829029935846,4.703551659360528,0.12845925719371667,3.0585602410137653,0.08773763266071448,7.029573455452919,0.20164982377185808,6.949749760329723,0.19936000716258362,11.566859737038612,0.33180608216823243,6.25555732101202,0.1794464542366114,2.2575568929314613,0.17411717030527335,3.111776627600193,0.24000003841155965,2.869306243956089,0.22129917766464638,3.4182202108204365,0.26363491987814924,1.308873897884041,0.10094869374037141,14.184351295232773,0.11305152548259338,20.326476514339447,0.16200523589714658,21.4675350189209,0.17109965283048742,41.82091769576073,0.3333193351025326,27.668741554021835,0.22052425068724005,12.103802964091301,0.09785749092527228,12.475931972265244,0.1008660999672773,17.11250799894333,0.138352144460984,50.87933099269867,0.4113520094199361,31.116483569145203,0.2515722552265303,10.031858518719673,0.0655185831508657,25.429203927516937,0.16607943671418274,59.222536742687225,0.3867854287159707,39.0055016875267,0.2547469345671763,19.425603933632374,0.12686961685180453,29.64600396156311,0.10483050146065977,29.8846834897995,0.10567449023789445,41.19396901130676,0.14566497509104684,111.08267819881439,0.3927967112961563,70.99207532405853,0.25103332191424266,5.358563832938671,0.06332063322160827,19.70397859811783,0.23283634210877896,32.98629489541054,0.38978971708295135,18.770056292414665,0.22180044636869262,7.8069788701832294,0.09225286121796879,4.592945858836174,0.06752354049274827,14.177321448922157,0.20842896222982668,22.23036478459835,0.32682138715254855,17.73735250532627,0.26076702772869953,9.281935941427946,0.136459082396177,Healthy_patient106,0,train
6.198331065475941,0.31017222178414233,2.7859748005867004,0.13941365580579185,4.81318587064743,0.24085782762946384,4.51104499027133,0.22573832091578433,1.674977689050138,0.08381797386481764,7.503883443772793,0.37117940205774524,3.4101870507001877,0.16868481498528562,5.097170792520046,0.25213142250015474,3.2665974609553814,0.16158215961189706,0.938486301805824,0.04642220084491732,3.9119879342615604,0.3090208199629158,2.020754359662533,0.15962604682328269,3.141523241996765,0.2481592746419471,2.6866708118468523,0.21222898209272345,0.8983658142387867,0.07096487647913097,7.805067017674446,0.4671576722252809,2.9155460596084595,0.17450455036298942,3.402367942035198,0.20364236261595406,2.1080791233107448,0.12617512878268475,0.47650452284142375,0.028520286013090913,10.578837253153324,0.31200176067816593,5.0978386998176575,0.1503506115024406,7.115039572119713,0.20984393848524976,7.522457405924797,0.22185991703156688,3.5921653863042593,0.10594377230257682,10.273717649281025,0.27244003020753615,5.533673539757729,0.1467428089612472,8.170235857367516,0.21665957541082256,9.251487508416176,0.24533237356721926,4.480900531634688,0.11882521185317485,4.904308374971151,0.34947793706586233,2.7793156504631042,0.1980522890721415,3.8468799889087677,0.2741262538719727,2.157491280697286,0.15374147471305946,0.3452464487636462,0.024602045276964003,2.2005534917116165,0.27697743995669055,1.5987881235778332,0.20123493619658034,2.6248443759977818,0.330381732726295,1.2559685921296477,0.15808521202704207,0.2647289134329185,0.033320679093392036,2.1739451587200165,0.2742106349309402,1.5949149280786514,0.2011746401858555,2.630887158215046,0.33184702713961906,1.2653987584635615,0.15961110868289624,0.26286583044566214,0.03315658906068899,3.6109733171761036,0.3710860245697488,1.8626451194286346,0.1914169703955494,2.2263429686427116,0.2287928181669656,1.7536108139902353,0.18021192859853571,0.27725319075398147,0.028492258269200505,16.079576179385185,0.6003078735071422,4.0369638949632645,0.15071424670492584,4.165913678705692,0.1555284016057786,2.1400409881025553,0.07989535547790098,0.3630546227796003,0.013554122704252323,3.3428724333643913,0.28407875793266923,2.377163052558899,0.2020123533983365,4.265861466526985,0.3625147686847803,1.469790670555085,0.12490345247547766,0.31172665918711573,0.026490667508736302,2.725987609475851,0.39921871471134973,1.4461567625403404,0.2117885063034054,0.8770261518657207,0.12843978156723743,1.28258556406945,0.1878336345386361,0.496550073614344,0.07271936287937136,9.037560909986496,0.3344595221334295,4.959264621138573,0.18353107567843863,6.9438024908304214,0.2569742971586269,4.327423740178347,0.16014808537661857,1.7533374102786183,0.06488701965288639,7.36171355471015,0.25834067415385725,5.713744714856148,0.20050938556751466,8.556570544838905,0.30027115108063374,5.335025131702423,0.1872191819077156,1.529092000797391,0.05365960729027872,6.769076205790043,0.22288272739810394,5.97210194170475,0.19664106720029342,8.797304660081863,0.2896654132382082,6.467497367411852,0.21295275882044365,2.364593107253313,0.07785803334295076,9.009350165724754,0.150001523792886,8.68787568807602,0.14464912205238234,16.410462856292725,0.27322663558525845,19.437003538012505,0.3236171416404314,6.517032045871019,0.10850557692904175,3.186034070327878,0.22830042727800945,2.9926795810461044,0.2144452984423635,5.625928550958633,0.40313501477629504,1.8661842569708824,0.1337244529849305,0.2846186019014567,0.02039480651840149,3.6648209895938635,0.22869920428792875,3.4229202046990395,0.21360364650238942,6.924600966274738,0.43212226067662746,1.7065059943124652,0.10649266747817115,0.3057856037048623,0.019082221054883206,Healthy_patient107,0,train
8.881711430847645,0.26740448527850574,2.1809879392385483,0.06566369126395423,7.499418571591377,0.22578735851059636,13.219151176512241,0.3979931507228278,1.4332501580938697,0.04315131422411584,14.894453942775726,0.36189054358964284,2.8834255933761597,0.07005859089539226,8.402246579527855,0.2041493829664285,13.799141265451908,0.3352777317524152,1.1780775857623667,0.02862375079612118,4.746212985366583,0.19020912083314587,1.834880344569683,0.07353462186603972,5.976195365190506,0.23950186598130718,11.329886861145496,0.4540562814272959,1.065429053734988,0.042698109892211296,3.45860786549747,0.15979263457552575,1.552272081375122,0.07171719232335942,5.93017503619194,0.2739825760474947,9.842020113021135,0.45471541862082526,0.8612758759409189,0.03979217843279487,17.306278973817825,0.31141183979167597,4.69510018825531,0.08448435332880132,14.796527355909348,0.26625098401583736,16.984280429780483,0.3056177485742276,1.7914193267934024,0.032235074289457794,19.707637786865234,0.2894723480165242,5.966335117816925,0.08763551747226564,18.736546516418457,0.27520863598595663,21.559098780155182,0.3166672237690025,2.11162659432739,0.03101627475625098,60.82632219791412,0.6092498836418265,15.782059013843536,0.15807659037031738,10.08680546283722,0.10103167234993628,11.72478225082159,0.11743800979444666,1.4180841150227934,0.014203843843473193,2.288111476227641,0.14635979006697195,1.1986218690872192,0.07667023523631575,4.535529658198357,0.290116620415217,6.995404284447432,0.4474632958850913,0.6158033201936632,0.03939005839640396,2.285353846848011,0.14604482694084642,1.203580629080534,0.07691444584209799,4.529739022254944,0.2894715636726598,7.014346554875374,0.44824963544388285,0.6152839281130582,0.039319528100512965,3.0336565794423223,0.19195680736211304,1.190993644297123,0.07536098156168718,3.7440480291843414,0.2369073385441524,7.263607196509838,0.4596099824953856,0.5715444954112172,0.03616489003666179,4.670912284404039,0.14074362488336667,2.480967916548252,0.07475636375365735,13.496810913085938,0.40668502780832355,11.699329819530249,0.35252344451097767,0.8393599390983582,0.02529153904367476,5.840274345129728,0.18550350150129447,2.513825476169586,0.07984615112841223,11.622654408216476,0.3691681181486895,10.652978215366602,0.3383684812709975,0.8536320084240288,0.027113747950606316,16.252894163131714,0.7123629361672993,2.725804924964905,0.11947179254830839,1.476887684315443,0.06473185862335984,1.773089344613254,0.0777143516064262,0.5867924285121262,0.025719061054606262,9.386793702840805,0.18394719731200698,4.802296906709671,0.09410764576428511,18.97757425904274,0.37189179897230806,16.24494443833828,0.3183421405135658,1.6182179478928447,0.03171121743783405,10.186088547110558,0.15882537794950158,5.447188168764114,0.08493463567145483,22.703416168689728,0.35400032476252474,22.30895932018757,0.34784980312133046,3.488232937641442,0.054389858495188376,9.241779498755932,0.13393430420027155,6.032162517309189,0.08741968899902024,31.446111142635345,0.45572533041501634,20.42421780526638,0.2959931473101458,1.8580623362213373,0.026927529075546058,9.538839563727379,0.11778282081969463,6.754563540220261,0.08340338904516904,37.99885934591293,0.469198880198333,24.904661245644093,0.30751552465829124,1.7897558333352208,0.02209938527851209,5.3384766429662704,0.09777586062362649,3.951829195022583,0.07237898120056407,27.614583641290665,0.5057696908438776,16.57670623064041,0.3036075319616488,1.117531405063346,0.02046793537028304,9.646583959460258,0.15156610501646772,4.672128677368164,0.07340799071882591,30.82938587665558,0.48438804420418174,17.22214200347662,0.27059247029593125,1.275809887330979,0.020045389764593347,Healthy_patient108,0,train
93.54642415046692,0.8394036151026844,5.308059625327587,0.04762987446226546,3.6299705132842064,0.03257217364787643,5.460236728191376,0.048995378397234196,3.4992228131741285,0.031398958389939564,42.13672026991844,0.7840334212284049,3.455747738480568,0.06430072641978994,3.2063025906682014,0.059659327388366615,3.333171308040619,0.06201995996468432,1.611583724617958,0.029986564998754208,11.705902241170406,0.6303810724946124,1.0525775030255318,0.05668293836482558,1.6350886188447475,0.08805206945483851,2.6509039998054504,0.14275531027419,1.5250925431028008,0.08212860941153355,4.771192789077759,0.5075773022410879,0.7794418856501579,0.08291993785656393,1.4932264238595963,0.15885500195942903,1.7088251505047083,0.18179119944188132,0.647247057640925,0.06885655850103785,14.430196657776833,0.4397428393332578,1.8231189996004105,0.055557352705559476,4.010837435722351,0.12222543350704392,6.728080905973911,0.2050301510799134,5.822846468538046,0.17744422337422544,11.923082053661346,0.4593183604388241,2.1012449860572815,0.08094722468002764,4.707769304513931,0.1813595569116747,4.793821021914482,0.18467456670289129,2.432291755452752,0.09370029126658222,31.01528775691986,0.7979644032236293,2.4707475006580353,0.06356763704179992,2.477234672755003,0.06373453964968596,2.2911133598536253,0.058945992029539825,0.6136258987244219,0.01578742805534505,1.2026928449049592,0.3174638566886592,0.32508426532149315,0.08580952739094075,0.7836820017546415,0.20686138755084832,1.1642450466752052,0.3073151421944197,0.312736067106016,0.08255008617513208,1.1962973661720753,0.31682286538218885,0.32558165304362774,0.08622581236905812,0.7856887988746166,0.2080788469464381,1.1541926711797714,0.3056720173650362,0.3141581608215347,0.08320045793727876,7.932433091104031,0.6393265370366673,1.0304194204509258,0.08304822394417856,1.532074298709631,0.12347986357116356,1.5629373295232654,0.12596731658664062,0.34961878415197134,0.028178058861349997,2.054169362410903,0.3077209990722036,0.5104714967310429,0.07647022774577716,2.0353797040879726,0.30490624945264383,1.737323135137558,0.2602564426471288,0.33808426593896,0.05064608108224658,2.5499422382563353,0.3656789726555058,0.4737380463629961,0.06793724167662189,2.0496846921741962,0.29393865525930785,1.5509903570637107,0.2224225128948349,0.34881629736628383,0.05002261751372955,6.4626122415065765,0.6257170509332678,1.4851176775991917,0.14379068692191843,0.8015718832612038,0.07760904974058942,1.1102201389148831,0.10749270500044693,0.4688081431668252,0.045390507403777446,14.405950263142586,0.40943929335358176,2.6879801154136658,0.07639653468881044,7.968177706003189,0.22646788234502868,7.166476957499981,0.20368231235815953,2.955996645614505,0.08401397725441957,7.724433451890945,0.3590993646857063,1.4760841354727745,0.06862132719146725,6.867330446839333,0.3192537052595256,4.135245367884636,0.19224244647526384,1.3074805825017393,0.060783156388036996,21.63790462911129,0.3336429697456638,4.100859731435776,0.06323269478994988,12.793189585208893,0.19726299005800277,16.937053322792053,0.2611587797533008,9.384463630616665,0.1447025656530827,19.036179065704346,0.36811523693704895,2.94545479118824,0.05695821543825695,11.393933862447739,0.22033206605922545,12.250402465462685,0.23689416823528653,6.086583808064461,0.1177003133301821,5.76257786154747,0.3061173445343196,1.285769209265709,0.06830211503965956,7.7325629144907,0.4107660985586759,3.3388322051614523,0.1773641021511898,0.704992717364803,0.03745033971615514,4.143913559615612,0.3242673304244991,0.7976001314818859,0.06241338330567195,5.257918771356344,0.4114398765921017,2.143469004891813,0.16772960199691014,0.4364110652823001,0.03414980768081708,Healthy_patient109,0,train
620.9684534072876,0.8556941408561523,47.395822048187256,0.06531141317269806,38.8988738656044,0.05360262388541742,15.624284468591213,0.021530254236722515,2.802300144918263,0.003861567849009771,600.314359664917,0.8575564869633522,46.50749695301056,0.0664365345628985,34.80078315734863,0.04971334912702636,15.270919419825077,0.021814697249080233,3.1353820944204926,0.0044789320976427235,545.8024544715881,0.8732043144319691,39.724544286727905,0.06355347649287699,24.716133505105972,0.03954220842342979,12.464886449277401,0.019942000145366155,2.3489644592627883,0.003758000506357921,549.4677295684814,0.8713266410156464,40.594478487968445,0.06437329925177177,23.418752908706665,0.03713663644040374,13.550463266670704,0.021487849071002756,3.579076702706516,0.005675574221175353,549.7672424316406,0.848891464757776,43.09389591217041,0.06654096060943496,35.474265575408936,0.05477554670649491,15.701520919799805,0.02424460037593285,3.592678302899003,0.00554742755036125,550.6973700523376,0.8511804917383587,43.55302309989929,0.06731734276366917,32.745842188596725,0.05061331971465103,15.040306940674782,0.02324691664396858,4.944180840626359,0.007641929139352447,559.2382440567017,0.8767966248348608,40.74988782405853,0.06388934320255658,23.51948907971382,0.036874818312394565,12.352178186178207,0.019366250892350893,1.9599964781664312,0.003072962757837246,537.4521727561951,0.8905333751729981,37.43316853046417,0.062025027722747574,17.052758008241653,0.028255630760984335,9.849745403975248,0.016320572255228073,1.7293145000003278,0.0028653940880419416,538.514723777771,0.888909447946514,38.121734857559204,0.06292635798196002,17.285040587186813,0.02853187704563103,10.157056972384453,0.016765936951074773,1.7364961951971054,0.0028663800748201526,536.4458031654358,0.8985307681115711,36.71037781238556,0.06148879118596874,13.346557646989822,0.022355087174569237,8.979256112128496,0.01503998697332186,1.543529823422432,0.0025853665545690985,546.2644634246826,0.8581094257543158,40.34794580936432,0.06338130141539691,34.25787657499313,0.0538146058614753,13.760067485272884,0.021615251217519754,1.9603273691609502,0.0030794157512922405,539.2145099639893,0.8678292912696506,39.340060114860535,0.06331516651928541,29.263549745082855,0.04709770446831158,11.667557541280985,0.018778144884443036,1.851393633056432,0.0029796928583094096,538.6484470367432,0.8728923325357081,38.963831782341,0.06314179535116447,26.771952092647552,0.04338457084067536,10.893914770334959,0.017653842179692066,1.8064900278113782,0.0029274590927600057,547.4121832847595,0.8426043692941259,42.345558404922485,0.06518041362924241,38.20763981342316,0.05881112118116583,18.202244319021702,0.028017810093547972,3.499291693791747,0.00538628580191788,545.3398723602295,0.8655588983646434,41.02996778488159,0.065122422760168,26.28249517083168,0.041715357191619444,13.94934257864952,0.022140280231171712,3.441954480484128,0.00546304145239749,549.8085465431213,0.7998057230854333,44.609745144844055,0.0648937338216342,68.36320686340332,0.09944786133573684,21.87080355733633,0.031815427322141356,2.775320217013359,0.004037254435054329,545.7093644142151,0.812048746597461,43.782429337501526,0.06515091949113691,62.16149777173996,0.09250009188746001,17.851168781518936,0.026563625584642016,2.511064256541431,0.00373661643930008,602.098183631897,0.8097344492713885,44.09345841407776,0.05929928579094065,75.53765225410461,0.10158715124878302,19.22267886251211,0.025851706092794153,2.6228916263207793,0.0035274075960937327,545.9843020439148,0.7927426301213386,44.01104962825775,0.06390190176914569,77.9405529499054,0.11316588903255648,18.230722442269325,0.026470121583704927,2.561695721000433,0.0037194574932543074,Healthy_patient11,0,train
47.43881672620773,0.5886729530241116,9.432947903871536,0.11705438038944448,15.746223047375679,0.19539643397458667,6.334132079035044,0.07860086935411195,1.6339110480621457,0.02027536325774528,28.501600056886673,0.46687745321646,8.83322760462761,0.14469485220123296,15.156998336315155,0.24828293034569818,6.632639050483704,0.10864757142803465,1.9228180460631847,0.03149719280857422,25.74555093050003,0.48653414359859704,7.700152963399887,0.14551591215660192,13.097833037376404,0.24752016366012067,5.341886064037681,0.1009498677415708,1.030803479719907,0.019479912843109556,18.467118620872498,0.4086414392870299,7.8620560467243195,0.17397201830162567,12.337793752551079,0.2730113939361698,4.732999203726649,0.10473207252642025,1.7915299714077264,0.03964307594875439,31.554966241121292,0.437326400564876,14.006805449724197,0.19412303483176546,19.05339303612709,0.26406467151210744,6.202482894062996,0.08596141405757363,1.3366202218458056,0.018524479033677484,41.261776477098465,0.49032685011525196,13.36145281791687,0.158778405404067,20.518707245588303,0.24383034253870284,7.539726190268993,0.08959697107704445,1.469911810476333,0.01746743086493376,15.444006584584713,0.37605484380545523,7.580848693847656,0.18459036881810081,11.971129223704338,0.2914917904068032,4.249637054279447,0.1034768141236133,1.8228737415047362,0.044386182846027473,5.592947386205196,0.27106028984426656,3.549004517495632,0.17200129497797556,8.007626950740814,0.3880869123829322,3.03913386259228,0.14729058737467002,0.44487912859767675,0.021560915420155674,5.589906543493271,0.27113672179481874,3.52916169911623,0.17118091802376104,8.001273363828659,0.38809933818624603,3.0441443668678403,0.14765529940092884,0.45207421260420233,0.021927722594245354,7.507031708955765,0.27085426686731207,5.807256236672401,0.20952624039379789,8.385933727025986,0.3025651175712748,4.199614627286792,0.15152241060098426,1.816292361356318,0.065531964566631,17.394709676504135,0.4282522479695344,5.997220069169998,0.14764966038261707,12.105181902647018,0.2980257479600872,4.429202742874622,0.1090455699821771,0.691591898794286,0.017026773705584204,14.619748502969742,0.37932381773419466,4.962129011750221,0.12874733928865836,14.309986531734467,0.37128673737717166,4.133148226886988,0.10723861387667638,0.5165920748841017,0.013403491723298903,8.735469713807106,0.6651124481607253,1.846525862812996,0.1405931652726656,0.8594165649265051,0.06543536572334235,1.1851930879056454,0.09023975837202478,0.5072185893077403,0.038619262471241866,23.943498864769936,0.35112831790563714,15.933418601751328,0.23366152556555728,21.324040412902832,0.3127142980824471,5.8748472183942795,0.08615387556338314,1.114362552529201,0.01634198288297537,24.622867166996002,0.2703020075936699,22.2264466881752,0.24399486545337168,34.87229299545288,0.38281694581450193,8.082646366208792,0.08872872215240311,1.289658316411078,0.014157458986053398,27.68867003917694,0.2659890323994195,29.970741033554077,0.28791156803591983,37.040750831365585,0.3558290614551956,8.092206634581089,0.07773714698694026,1.3046680549159646,0.012533191122524774,33.31392839550972,0.23931398291718317,37.1002534031868,0.266513432572249,56.07891196012497,0.402848550897662,11.029540177434683,0.07923182034463286,1.6833079373463988,0.01209221326827287,11.363279484212399,0.24796639148770325,9.26322653889656,0.20213960781080909,19.122716307640076,0.4172907095030608,5.269079949706793,0.11498042826494478,0.8075833003968,0.01762286293348211,15.821898594498634,0.24752282917619858,11.547739624977112,0.18065652269812213,30.13876685500145,0.47150048366671343,5.627190817147493,0.08803356835183972,0.7853711042553186,0.012286596107126154,Healthy_patient110,0,train
43.51311048865318,0.5496562745402724,11.013337820768356,0.13912014491346436,11.077887177467346,0.13993553040369242,10.386134333908558,0.13119732974133538,3.173750627785921,0.040090720401235444,47.275233417749405,0.5611799455939038,11.513502091169357,0.1366708530029572,11.737847566604614,0.13933394258702106,10.69633375108242,0.12697066854106778,3.0196399306878448,0.03584459027505011,12.334120519459248,0.3644791577088934,5.372991561889648,0.15877446922663832,6.251436322927475,0.1847329318581429,7.280829504132271,0.2151519924668722,2.6010221764445305,0.07686144873945322,39.08083885908127,0.6288270287388549,6.992559611797333,0.112513206275358,7.300600737333298,0.11746971671257299,7.057934388518333,0.11356511375227185,1.7168562500737607,0.027624934520942248,32.40942399203777,0.4246748403450601,16.308939695358276,0.21370316124794572,14.466025650501251,0.18955465345707595,9.91773658245802,0.12995643491764813,3.213730148971081,0.04211091003227013,45.305052667856216,0.47879335335165646,17.728895843029022,0.18736271104544272,17.308935284614563,0.1829244792766194,11.48660010844469,0.12139281295734501,2.7939112428575754,0.029526643368936435,15.120006456971169,0.4284077240953739,5.366171821951866,0.152044211349341,6.178464516997337,0.17505957617567572,7.051623314619064,0.19979951093215267,1.5772302635014057,0.044688977447456694,8.620310418307781,0.3572432691033444,4.128513306379318,0.17109402313114538,5.120364680886269,0.21219836976128287,5.155586022883654,0.21365801410664542,1.1053104852326214,0.04580632389758186,8.692144319415092,0.35831705822197585,4.144676774740219,0.17085638878414267,5.149497777223587,0.21227821663452573,5.1669708751142025,0.21299851174285767,1.1049589747563004,0.04554982461649814,9.66967997699976,0.3968420041599254,3.525446504354477,0.14468371855887618,3.8955984860658646,0.15987469226385,6.323397681117058,0.25951115392066093,0.9524511406198144,0.03908843109668752,13.705401808023453,0.35499948946420734,6.229306399822235,0.16135248149809142,9.53635659813881,0.24701221978811388,7.91837614774704,0.20510303376805206,1.2173802242614329,0.03153277548153526,9.254002779722214,0.33385035456870044,4.601332858204842,0.16599915115288202,7.265170991420746,0.26210062491043046,5.7120531518012285,0.20606985057566043,0.886454600840807,0.03198001879232663,17.56921997666359,0.7806346410664167,2.235145293176174,0.09931185596101909,0.9453846588730812,0.04200528053205191,1.236562630161643,0.054942884558025235,0.5200163335539401,0.02310533788248708,23.98263442516327,0.3808757430727297,13.596700429916382,0.21593346618118456,14.33243802189827,0.227617945754397,8.764134921133518,0.13918597687391732,2.2911749351769686,0.03638686811777144,34.31939288973808,0.40466681850612524,17.18447256088257,0.2026255493871945,19.142034649848938,0.22570755509502538,11.904475763440132,0.1403680522161871,2.2586356988176703,0.02663202479546779,26.95262983441353,0.38851085324314444,13.771521210670471,0.19851070151166447,16.661088466644287,0.24016260141971907,9.782036699354649,0.14100395575015776,2.2069243020378053,0.03181188807531425,47.818481624126434,0.46005250244129464,18.077300131320953,0.17391826089686047,21.946375846862793,0.2111419013098131,13.315855756402016,0.12810931160535313,2.7833441393449903,0.02677802374667865,21.187021896243095,0.35114030257488515,10.065643072128296,0.16682160292592416,17.004810363054276,0.281826973387431,10.206501580774784,0.1691561027715653,1.8737904727458954,0.031055018340194453,14.246231660246849,0.2884736490607959,7.374789774417877,0.14933300033432884,17.816682368516922,0.36077213255945073,8.679066803306341,0.17574346191340925,1.2680924707092345,0.02567775613201525,Healthy_patient111,0,test
30.417090505361557,0.38353538245817753,10.667106628417969,0.134503752741614,16.0172518491745,0.2019648398922062,18.2740738093853,0.23042157455250814,3.931607387959957,0.04957445035549413,27.30702456831932,0.3811791334845672,10.723328292369843,0.14968708788940224,14.67438417673111,0.20483993160483244,16.364506885409355,0.2284323778621954,2.569054634310305,0.035861469159002755,6.466168645769358,0.1643570879788037,6.8494813442230225,0.17410013093892832,11.289237529039383,0.2869498628044477,12.982918057590723,0.3299998379734727,1.754389672074467,0.04459308030434763,5.7011410146951675,0.1770156521278544,5.36087341606617,0.16645062826437929,9.067682832479477,0.28154395510347296,11.110495451837778,0.3449715754795767,0.9667954589240253,0.03001818902471668,12.023420222103596,0.1447243583588019,16.106570065021515,0.19387270634823534,23.38974553346634,0.2815393500331575,26.80616294592619,0.32266232575641507,4.752170180901885,0.057201259503390174,10.66181218624115,0.11745139608640588,15.846584916114807,0.17456727703394645,25.418829381465912,0.2800159058877459,31.168698847293854,0.34335693875152007,7.680451463907957,0.08460848224038169,4.7262415662407875,0.19966516455462435,4.724061042070389,0.19957304596288586,7.360844478011131,0.3109668017100702,6.331581747159362,0.26748448925414553,0.5281081739813089,0.022310498518274033,2.048119177110493,0.08961552125423475,4.0220648646354675,0.17598557905754394,7.203859552741051,0.31520510919290107,8.942922089248896,0.39129784707875626,0.6375482268631458,0.02789594341656399,2.059233800508082,0.08946065377831136,4.074629098176956,0.1770168025297092,7.248081758618355,0.3148832019971041,8.992567982524633,0.390670068966463,0.6438056211918592,0.02796927272841234,1.6186003321781754,0.10837234750480304,2.872894249856472,0.19235279259520346,4.832194104790688,0.32353645821283,5.21213904581964,0.3489754281446297,0.399719659704715,0.026762973542533836,3.704981829971075,0.051215096572182914,10.689130425453186,0.14775911789465307,27.66611886024475,0.38243721946026066,29.097005616873503,0.4022168045669361,1.1843593581579626,0.016371761505967274,5.5665383860468864,0.08377595173270821,9.64543104171753,0.14516295574599258,28.775905907154083,0.4330750526009915,21.428150612860918,0.32249193070580534,1.0295144598931074,0.015494109214502354,2.2907394226640463,0.09486535254825672,3.1592792719602585,0.13083379932596717,8.292847245931625,0.34342792105932135,9.815618518739939,0.40648975699582374,0.5887870274018496,0.02438317007063102,10.043262720108032,0.09905322059358486,17.92336928844452,0.17677198151493562,31.686737954616547,0.3125153181769987,34.40630581974983,0.3393374738022748,7.332915592938662,0.07232200591220601,13.314641401171684,0.10617660821538709,22.52804732322693,0.17964822201561315,44.921419739723206,0.3582224890986417,40.05727976560593,0.31943377006553236,4.57950397208333,0.03651891060482576,12.180207163095474,0.0772186538376406,27.1659836769104,0.17222372835021837,74.4973474740982,0.4722895768024735,41.19645185768604,0.2611724507425563,2.6966001177206635,0.017095590267111174,16.030375339090824,0.0795127857017406,33.40284812450409,0.16568255256474337,99.62561619281769,0.4941562566801786,48.51742826402187,0.24065287273401667,4.031249633058906,0.019995532319320768,7.085942681878805,0.053522388669012294,16.222573161125183,0.12253427736039933,67.70077729225159,0.5113655977907762,39.64206391572952,0.29942917234788213,1.7407662845216691,0.013148563831930069,7.5140154249966145,0.051115104711521454,16.505314826965332,0.11227963318658488,81.76530110836029,0.5562195033589249,39.59919086843729,0.26937884383337,1.6180369555950165,0.011006914909598807,Healthy_patient112,0,train
27.693372935056686,0.49708578074607285,3.7430960834026337,0.06718718746860934,14.274228751659393,0.2562171159217853,7.247838292270899,0.13009601122563255,2.7529206071048975,0.049413904637899964,19.340353697538376,0.38686895546880673,3.6001538187265396,0.07201459544946404,14.664779245853424,0.29334250643751403,9.084375649690628,0.18171657941960975,3.3023398518562317,0.06605736322460548,14.425544887781143,0.4438540040646306,2.275317721068859,0.070008369796211,10.774443507194519,0.331514679649098,4.062017243355513,0.12498263546149041,0.9633294581435621,0.02964031102857,4.625905811786652,0.2060091192858796,2.0242659151554108,0.09014823374030777,9.899841248989105,0.44087745400647776,4.831373922526836,0.21515939303919898,1.0734725166112185,0.04780579992813592,8.16958637535572,0.2987065521940114,2.923130363225937,0.10687911875768968,9.621765524148941,0.3518029277966464,5.455361809581518,0.19946570636999036,1.1800292911939323,0.0431456948816622,7.261859223246574,0.26210828421984195,3.131295323371887,0.11302042897875006,9.795268565416336,0.3535487205445999,5.9691030122339725,0.2154477663047659,1.5480431402102113,0.05587479995204217,4.808949925005436,0.23143671418768477,1.7379370853304863,0.08364039026531452,11.041432470083237,0.5313827115382965,2.853755386546254,0.1373405379672205,0.3366072962526232,0.016199646041483707,1.2997454963624477,0.13953066875741316,0.9080505445599556,0.09748131469012755,5.046099379658699,0.5417103756317262,1.8473068810999393,0.1983126429300338,0.2139218064257875,0.022964997990699253,1.293565978296101,0.13866288911511476,0.920849047601223,0.09870976163695869,5.044982708990574,0.5407933493163514,1.8556148377247155,0.1989113186346387,0.21384236868470907,0.022922681296936424,14.351765275001526,0.363767146658925,3.299025237560272,0.08361877263373477,16.708654940128326,0.42350607159566905,4.496044337749481,0.1139590279422941,0.597675254335627,0.015148981169377103,3.5396874621510506,0.24022234720794888,1.6236364021897316,0.11018875302320195,6.441629394888878,0.4371638314484308,2.7876827772706747,0.18918723960453387,0.34241048723924905,0.02323782871588445,2.312596334144473,0.2163667840611341,1.0615225844085217,0.09931617740875788,4.7841541320085526,0.4476060212983153,2.229067238047719,0.20855179204062912,0.3009746677707881,0.028159225191163616,2.2472390569746494,0.3098760029211107,0.8380937650799751,0.11556631911947796,2.532727938145399,0.3492425995014984,1.4521253132261336,0.20023627944988867,0.18187293014489114,0.025078799008024278,7.877165123820305,0.25582504364607783,4.297925233840942,0.13958281859676056,11.225034981966019,0.36455311257935186,6.120144125074148,0.1987626402781369,1.2709502358920872,0.04127638489967286,26.12170374393463,0.5549032678422966,5.283403962850571,0.11223533323309626,9.564788460731506,0.20318477022436154,5.220838468521833,0.11090625464015622,0.883602924644947,0.018770374060089433,11.990053445100784,0.26510276263611054,7.520175248384476,0.16627275624605573,14.835193872451782,0.32800945365562617,9.044857654720545,0.1999838251677312,1.837665825150907,0.04063120229447636,11.835488498210907,0.294135863908998,5.849825173616409,0.14538000534733866,14.422159522771835,0.3584198785969098,6.708231311291456,0.16671313671137175,1.4224641448818147,0.03535111543538174,11.408987656235695,0.38257140587075383,2.2164062410593033,0.07432155044530389,12.775768712162971,0.42840293499839033,3.117835510522127,0.10454869007437974,0.30285338580142707,0.010155418611172189,7.462373748421669,0.36354599754402034,1.845782607793808,0.08992137113766634,8.883140325546265,0.4327617752537886,2.0634555658325553,0.10052578942819908,0.27187656646128744,0.013245066636325605,Healthy_patient113,0,train
28.612225338816643,0.38868170669489527,14.848494410514832,0.20170881785622102,10.6800377368927,0.14508257382936668,13.274172246456146,0.1803224972059434,6.198581904172897,0.08420440441357363,33.089893877506256,0.4432627009882087,14.113847434520721,0.18906504077409372,11.153540194034576,0.14940961643123,12.191550508141518,0.1633145040439834,4.101919794455171,0.054948137762484216,7.679876826703548,0.22572065060345034,6.141098111867905,0.18049412673008117,5.528551876544952,0.16249066939844342,9.692491918802261,0.28487378525051216,4.981792584061623,0.14642076801751291,8.093205627053976,0.2549492213063803,6.6205607652664185,0.20855849826351996,7.342248469591141,0.23129284194915706,8.064778555184603,0.25405372202326676,1.6235891920514405,0.05114571645767592,38.37759716808796,0.36154965971761005,21.538285732269287,0.2029090003549742,14.737756192684174,0.1388422186289662,18.499383196234703,0.17427994958334597,12.99449060857296,0.1224191717151036,34.891688629984856,0.31868506299773014,25.6981663107872,0.23471554605819375,16.465291261672974,0.1503865989017484,19.112028032541275,0.17456070762739248,13.319251962006092,0.1216520844149352,8.210080526769161,0.25050559910524056,8.283814638853073,0.25275537093900624,7.01885387301445,0.21415894628058368,8.026288155466318,0.2448977347324036,1.2350028117652982,0.037682348942765884,2.878332274965942,0.16627634543873893,2.9868024736642838,0.1725424837805284,4.808397263288498,0.2777729073571624,5.673678480088711,0.32775872718681603,0.9633231703191996,0.055649536236754206,2.8997008856385946,0.16720757285520327,2.9958289861679077,0.17275067781899253,4.814133584499359,0.27760090568361606,5.66076491214335,0.32642082711056486,0.9714948239270598,0.05602001653162327,4.801555573940277,0.19801036246956966,5.2454705238342285,0.21631687975976305,5.327760398387909,0.21971041496664148,7.4697742983698845,0.3080444855025005,1.4044507928192616,0.057917857301525315,6.685150116682053,0.20305200821766656,5.300884783267975,0.16100690063594936,10.01563560962677,0.3042108088248053,9.712740313261747,0.2950107913034144,1.2089282535016537,0.03671949101816436,3.7580866534262896,0.16498293632836486,3.4269555807113647,0.15044602387152678,6.370887190103531,0.27968691852322186,8.437418796122074,0.3704092684364336,0.7852902077138424,0.03447485284045285,2.860979612916708,0.2076855714609282,2.239921912550926,0.16260146012076382,2.6532417237758636,0.19260536535756537,5.264844173565507,0.38218803304402427,0.7565463939681649,0.054919570016718336,24.69031049311161,0.30243763741281443,21.919716358184814,0.2684999538575251,20.611383229494095,0.2524738621443192,11.285167559981346,0.13823477090742578,3.131113700568676,0.03835377567791545,22.825125873088837,0.2529061671119463,26.620072722434998,0.29495480541510993,24.35583460330963,0.2698666728317138,13.680174171924591,0.15157859082496666,2.7701539690606296,0.03069376381626328,19.175720036029816,0.2059449554809186,27.137266933918,0.291451023485878,30.015945613384247,0.3223676905717879,13.680501028895378,0.1469269560704249,3.1014658086933196,0.033309374390990604,22.286038905382156,0.20015459104532302,30.849058389663696,0.2770604813323397,37.331682562828064,0.3352819982106433,17.13201515376568,0.15386545367898996,3.7453354876488447,0.03363747573270402,8.34998644888401,0.19801592170859264,7.619699954986572,0.18069752795002972,14.556408643722534,0.3451982457694743,9.975400287657976,0.23656183090413935,1.66676253429614,0.03952647366776398,6.64188290387392,0.20659803027192838,5.464557260274887,0.1699769150736578,9.374274164438248,0.2915899912165529,9.34663975611329,0.29073041353198753,1.3214659942314029,0.041104649905873404,Healthy_patient114,0,train
8.80571223050356,0.2662073985335056,8.263117849826813,0.2498041099910415,8.441128730773926,0.2551855955866568,6.288208894431591,0.1901002085240933,1.280222598463297,0.0387026873647028,9.202130366116762,0.24991283336125172,10.035409033298492,0.27254314008475367,10.154897928237915,0.27578823737216773,6.608689622953534,0.17947978161217712,0.8202328905463219,0.022276007569649744,6.810058236122131,0.25219257466377226,7.0770454704761505,0.2620797438625545,7.099049270153046,0.2628945966436171,5.165697425603867,0.19129800194467764,0.8515546154230833,0.031535082885378485,6.310211515054107,0.29158529027125096,6.40238630771637,0.29584454744670363,4.9865236431360245,0.23041968410401314,3.4012072794139385,0.15716462268731118,0.5407201196067035,0.0249858554907211,10.822168428450823,0.28276040794371043,14.233535349369049,0.3718922218294234,7.330930441617966,0.19154173176877765,4.687729433178902,0.1224804710459629,1.1989169213920832,0.03132516741212566,13.293041720986366,0.3337210114155998,13.894444346427917,0.3488191880890015,7.6466536819934845,0.19196877992724257,4.323527505621314,0.10854189750877033,0.6751309994142503,0.016949123059385857,7.621526427567005,0.21485373545013375,11.47256749868393,0.3234160513280421,9.557435512542725,0.2694277505574542,6.122557559981942,0.17259723164018534,0.6990054824855179,0.01970523102418465,3.304160762578249,0.1986379600222373,5.67784321308136,0.34133786889126194,4.543452888727188,0.2731411326880124,2.707126673310995,0.1627457495405528,0.4015017207711935,0.024137288857935556,3.313027288764715,0.19870829017447758,5.701454058289528,0.34196101893669206,4.547935113310814,0.27277542000790944,2.7124058092013,0.1626842985669074,0.39799639268312603,0.023870972314013562,5.86637369543314,0.26143081792151285,7.0397535264492035,0.3137216648537397,4.803865164518356,0.21408087250261168,4.173578018322587,0.18599256911279327,0.5559175717644393,0.02477407560934252,3.63708311971277,0.1685336957662655,6.83599790930748,0.31676372356236887,7.002514407038689,0.32447969810707816,3.7083432357758284,0.17183571838316647,0.39680874592158943,0.01838716418112101,6.377561150118709,0.2033600488204716,11.74235326051712,0.37442612875323633,8.287363022565842,0.26425752873111863,4.448657147586346,0.14185346301255927,0.5049998166505247,0.01610283068261421,2.9958907552063465,0.41933763194297724,1.4638074897229671,0.20489050386570073,0.8604952991008759,0.12044433208919593,1.2755508981645107,0.1785400526135682,0.5485958864446729,0.07678747948855791,8.772604554891586,0.1989533624674011,13.460439175367355,0.30526847727725515,9.164173200726509,0.20783372385132168,10.128568857908249,0.22970519401103381,2.5679879784584045,0.05823924239298822,10.415311522781849,0.26477959877369744,15.138772368431091,0.38486012299024336,8.343781590461731,0.2121168567013484,4.482397563755512,0.11395217760691478,0.955514979083091,0.024291243927796042,9.045071110129356,0.21399938098735194,14.14881581068039,0.33475002996923475,12.988777458667755,0.30730442050638757,5.392661806195974,0.12758620406065216,0.6914835050702095,0.016359964476373584,9.766946665942669,0.24878315272824927,13.656173467636108,0.3478493336437681,10.096144139766693,0.25716845349923606,4.955760622397065,0.1262328744054278,0.7838499872013927,0.019966185723318763,5.817934529855847,0.16974081322648518,10.48151558637619,0.3058028532888383,12.045578479766846,0.35143508000075996,5.402916444465518,0.15763247701947758,0.5274564924184233,0.01538877646443899,7.8353242464363575,0.19879797516514452,15.254248470067978,0.3870310421288255,11.220382422208786,0.284683726666219,4.603602764196694,0.11680268476485936,0.499943366041407,0.012684571274951597,Healthy_patient115,0,train
86.82794743776321,0.5186401130621208,36.05952560901642,0.21539051642596907,26.870040893554688,0.16049994798052797,15.816435053944588,0.09447462374366628,1.840690272860229,0.010994798787715858,71.4509936273098,0.4713819557834021,36.24789607524872,0.23913739022452798,26.43226534128189,0.17438096098914127,15.868373170495033,0.10468804421706188,1.5781737971119583,0.01041164878586675,31.01937012374401,0.39578979489793764,20.658408880233765,0.26358973057827434,15.482647359371185,0.19754991150358628,10.220526430755854,0.13040819473898332,0.9923921572044492,0.012662368281218432,28.572238221764565,0.3824041641093018,19.701393604278564,0.2636788512876682,14.370908856391907,0.19233688820826714,10.969778012484312,0.14681694723283015,1.1030638637021184,0.014763149161932713,71.28302782773972,0.40353177244073085,47.50167679786682,0.2689060273712246,36.9231031537056,0.20902093687199658,19.292824685573578,0.10921628861741706,1.6472369125112891,0.009324974698630934,73.76824116706848,0.35719319547796136,56.04132103919983,0.2713576767468643,52.4138765335083,0.2537932279555143,22.137511730194092,0.10719204402515806,2.161016076337546,0.01046385579450205,95.18550777435303,0.5196399600948293,44.963149428367615,0.24546435398635558,28.677502930164337,0.15655719895487244,13.303771875798702,0.0726284037170777,1.0459495324175805,0.0057100832468650565,11.137037824839354,0.26996440899903806,11.058837950229645,0.2680688256971906,11.297632664442062,0.2738572655775571,7.091288484632969,0.17189449608637186,0.6689293212257326,0.016215003639842396,11.165759827941656,0.26972411471049235,11.098536849021912,0.26810025222762246,11.341194301843643,0.273961973028428,7.11135771125555,0.17178451736514092,0.6801166496006772,0.01642914266831634,28.24464212357998,0.3755269045907014,22.1722891330719,0.29479187838182414,15.73928052186966,0.209261751981203,8.358678799122572,0.11113289246748534,0.698474372504279,0.009286572578786092,25.937982231378555,0.31675955739090317,20.429911613464355,0.24949395456009998,20.47976204752922,0.25010273751358,13.85362023115158,0.16918303719757033,1.1841212580911815,0.014460713337846527,25.38562920689583,0.26639347847391986,22.59067153930664,0.2370635576282241,32.03965127468109,0.3362199172843485,14.145110249519348,0.14843694013079495,1.1326714663300663,0.01188610648271256,10.154218927025795,0.28747060794309787,9.203163921833038,0.2605458033377506,7.7063422203063965,0.21817009255067588,7.595512982457876,0.21503246585470348,0.6633954505668953,0.018781030313772182,67.58905071020126,0.36516212656729463,52.82157278060913,0.2853781439822048,40.64507204294205,0.2195923864254169,22.192844174802303,0.11990087282324068,1.8447265224531293,0.00996647020184298,103.18564516305923,0.3928697618558116,71.99447727203369,0.2741122866082872,60.334531009197235,0.22971812398718575,24.3517362549901,0.0927169744217341,2.779543333686888,0.010582853126981416,98.11415725946426,0.38409487666762054,71.69096517562866,0.2806540176918208,54.153637766838074,0.2119993220157864,28.634780421853065,0.1120987303132048,2.848963870666921,0.011153053311567455,84.48021173477173,0.3519367611905723,66.58926916122437,0.2774047464774845,63.42416578531265,0.2642192180788473,23.40248668193817,0.09749259853306969,2.1475933818146586,0.008946675720026252,40.29727393388748,0.2751260776107327,41.68929409980774,0.2846299723117244,41.99011516571045,0.28668380156231527,20.980870075523853,0.14324503682828685,1.5108378126751631,0.010315111686940775,51.549835562705994,0.29346018973455373,42.24753665924072,0.24050455231340592,59.36278831958771,0.3379373558281803,20.745990492403507,0.11810168237542286,1.7559570337180048,0.00999621974843716,Healthy_patient116,0,train
614.4801940917969,0.865953080828595,42.06480371952057,0.05927961019021436,25.69041156768799,0.03620408152890046,19.784667044878006,0.027881441168339197,7.579794164747,0.010681786283950946,626.7356839179993,0.8588545846408971,41.78829026222229,0.05726507297565962,26.066540241241455,0.03572058870489617,24.547582417726517,0.033639067061758565,10.596243672072887,0.014520686616788523,546.701817035675,0.8392266361044058,37.61856424808502,0.057747203585638944,19.873364746570587,0.030507045202031915,26.04433399438858,0.03997992713140016,21.197174191474915,0.03253918797652319,546.1986875534058,0.8524521925933772,37.7458438873291,0.058909931708495525,21.62384206056595,0.0337483263817253,21.51441913843155,0.03357755004699761,13.655412152409554,0.021311999269404303,588.2743759155273,0.8287760451006302,39.82358694076538,0.05610449177753738,26.3681663274765,0.03714814974123501,33.05713227391243,0.046571736709938874,22.28776577115059,0.031399576670658506,604.3449897766113,0.8407524691789944,41.201486229896545,0.05731867040783146,27.617208003997803,0.038420498579418594,26.987236946821213,0.037544095646007504,18.663488671183586,0.025964266187748015,549.3655533790588,0.8826377538206478,37.531803369522095,0.060300443701201245,19.782142013311386,0.0317829636113763,12.808978505432606,0.020579535697556085,2.9249091995880008,0.004699303169218528,534.5032625198364,0.8956669532671959,35.118083357810974,0.058847361524770214,12.69874256849289,0.021279279031948598,10.695837371051311,0.0179230114061566,3.7497141007333994,0.0062833947699286255,534.7327208518982,0.8959826866596137,35.071926951408386,0.058765506786624865,12.54976412653923,0.021028021926781153,10.750883281230927,0.01801386919232327,3.7061485964804888,0.006209915434657018,537.2965612411499,0.9038722328789447,34.8931827545166,0.058699387421581976,11.94355696439743,0.020092161909596798,8.335267059504986,0.014022082016146877,1.9700502902269363,0.0033141357737296786,563.7876596450806,0.8721500704614707,38.15962326526642,0.05903094462999867,27.861603617668152,0.043100445961545227,13.483434043824673,0.020858168408274938,3.14190988894552,0.004860370538710385,548.4991207122803,0.8866995774719065,36.88018298149109,0.05962022805853988,18.466658532619476,0.029853062110524298,11.598426826298237,0.01874993008714812,3.1406815256923437,0.005077202271881189,542.5914602279663,0.881749364598319,36.43015146255493,0.05920156371578788,21.835681408643723,0.03548452126311323,11.35916892439127,0.01845945009388618,3.141463950276375,0.005105100328893728,556.2595930099487,0.826475339142387,38.703603625297546,0.0575047591703793,25.937208592891693,0.03853679745498538,31.024500906467438,0.046095357690195154,21.12553671002388,0.03138774654205319,554.7501363754272,0.8547111823130208,38.007214426994324,0.0585582391949814,19.6836296916008,0.030326839603576555,23.512790828943253,0.03622648095265078,13.096045568585396,0.020177257935770434,584.8672051429749,0.7892860935747996,44.6597603559494,0.06026894221692095,83.0606974363327,0.11209151895103289,23.469297774136066,0.03167213035062083,4.950906911864877,0.006681314906625758,580.4420695304871,0.8240185439321944,42.30789411067963,0.06006196161852906,57.61708444356918,0.08179549436727117,18.656435050070286,0.026485413880078884,5.380651704967022,0.007638586201926438,581.0744428634644,0.7870574871945095,43.461074352264404,0.0588674383989462,86.6566196680069,0.1173752213030951,22.3267402946949,0.03024126827363492,4.768290299922228,0.006458584829814258,698.0967035293579,0.8067650457162445,47.62368965148926,0.055036971188396684,89.60406905412674,0.10355217336128564,24.061557292938232,0.027807069237399708,5.91758681461215,0.00683874049667339,Healthy_patient12,0,val
571.2479004859924,0.8780071771853121,37.473246693611145,0.05759632468046705,21.835979014635086,0.03356186741239075,15.554207295179367,0.023906793581170458,4.507380491122603,0.006927837140659644,562.1914930343628,0.872297427105614,37.24280762672424,0.057786013615462525,21.90414845943451,0.033986519861723075,17.282463148236275,0.02681550383639945,5.874274309724569,0.00911453558080102,533.4013495445251,0.8880269132322396,35.47111737728119,0.05905366924988647,18.412756890058517,0.030654260022282588,11.116095200181007,0.018506499310962935,2.2576718321070075,0.0037586581846283953,535.5901465415955,0.8882493522330895,35.68150496482849,0.059175983494777054,17.78402453660965,0.02949391129904605,11.472179099917412,0.019026032722975483,2.4448857828974724,0.004054720250111831,534.8629975318909,0.9101387758510279,34.26260852813721,0.05830227315622535,9.721386343240738,0.016542199978013025,7.44167373329401,0.012662973234560174,1.3832490961067379,0.002353777780173629,548.8951592445374,0.8831252814447403,37.61276197433472,0.06051571132493814,18.619006425142288,0.029956386046574253,13.400279708206654,0.021559901903736852,3.009929877705872,0.004842719280010457,536.2053685188293,0.8860979826479879,35.94607353210449,0.05940213416530819,19.966087579727173,0.03299465272912132,10.875183992087841,0.017971619014061278,2.1382978670299053,0.0035336114435213064,525.6984438896179,0.8985005170492247,34.69785451889038,0.059304037491630636,12.620334923267365,0.021570117974842377,10.248974930495024,0.01751709441279589,1.818578017409891,0.00310823307150636,527.8315167427063,0.8998107236636047,34.55831682682037,0.058912632319557415,12.159174770116806,0.020728121572900056,10.235054086893797,0.017448013490170777,1.8187673259526491,0.0031005089537669912,530.4075798988342,0.9012237341762976,34.69587469100952,0.0589522980714349,12.317404687404633,0.02092869308138602,9.391312971711159,0.015956925326742366,1.7293405681848526,0.0029383493441390365,530.9898519515991,0.845368381941675,36.64743793010712,0.0583449668414879,43.19779461622238,0.0687735360740819,14.805752709507942,0.023571665570373625,2.4756896160542965,0.003941449572381652,530.8367357254028,0.8419176258713673,36.343998074531555,0.057642304147939694,47.369443237781525,0.07512887956991676,13.91791595518589,0.02207409165466802,2.0410202662460506,0.0032370987561081664,531.7359189987183,0.8519593182863132,36.31736218929291,0.058188499266722836,41.12588369846344,0.06589282120651618,12.898053340613842,0.020665552840556482,2.055774494074285,0.003293808399891338,530.036792755127,0.875810428895718,36.66393232345581,0.06058193456023777,19.421729505062103,0.032091646240836415,15.605180978775024,0.02578534251362884,3.4681639708578587,0.005730647789578975,536.538966178894,0.8759594105887035,36.613038182258606,0.05977484836637118,17.81315505504608,0.029081952637789895,17.088297106325626,0.027898541587435724,4.462328676134348,0.007285246819699626,535.4810943603516,0.7735092116743515,40.42610430717468,0.058396018838089356,86.34179240465164,0.12472181087410884,25.17136599123478,0.036360356452741695,4.85464920476079,0.007012602160708654,535.11678647995,0.7478682286799992,40.68347144126892,0.056858383986567645,110.95186626911163,0.15506404917934621,24.895688347518444,0.03479370263957423,3.875010813586414,0.005415635514512677,540.2107443809509,0.7308580965705906,42.42899000644684,0.05740272883883391,123.59378612041473,0.1672116302970449,27.772817730903625,0.03757420398305933,5.139532780274749,0.006953340310471272,542.5153579711914,0.7025366989869609,45.0280225276947,0.058309571966434486,150.509126663208,0.19490357915175452,30.130757115781307,0.03901818138616261,4.040249103680253,0.005231968508687414,Healthy_patient13,0,val
640.7431306838989,0.8941769346747053,40.44727122783661,0.05644542293236976,17.250690281391144,0.02407387394129839,12.789999201893806,0.017848841030311986,5.342000391334295,0.007454927421314621,581.0846266746521,0.8822545860869431,41.80481731891632,0.063471807903793,17.277709007263184,0.026232561160611012,12.932596683502197,0.019635423499890572,5.53624477609992,0.008405621348762316,545.098687171936,0.8865682468139393,37.358848094940186,0.060761783577864784,14.636080205440521,0.023804650925296995,12.319471925497055,0.0200368353175219,5.428115330636501,0.008828483365376984,515.7373294830322,0.8818620263120259,37.56355679035187,0.06423012726232454,14.77883955836296,0.025270417040671223,11.801076777279377,0.02017872448734152,4.946884823963046,0.008458704897636825,528.2328701019287,0.8509771630172279,38.19000709056854,0.06152366830801121,17.150310575962067,0.02762895583529358,21.589927598834038,0.034781128509208344,15.573718778789043,0.02508908433025898,509.8974437713623,0.8644551045675161,38.867759704589844,0.06589449249092974,16.9205242395401,0.028686226474568446,15.798471361398697,0.0267839530861595,8.36418180167675,0.014180223380826211,499.1991376876831,0.8783869111964089,40.27093434333801,0.07086042214073088,15.92224645614624,0.028016660743257014,9.831962630152702,0.017300244799504264,3.0892164139077067,0.0054357611200989645,495.2672772407532,0.8898500021450898,35.15673553943634,0.06316633993966511,11.591661393642426,0.020826814913886882,10.540733717381954,0.01893860618710657,4.01748214289546,0.007218236814251654,494.0460157394409,0.8902276673132017,34.9307895898819,0.06294222469837506,11.541952908039093,0.020797588658181723,10.55100929737091,0.019011995027508038,3.8961517233401537,0.007020524302733527,496.2688193321228,0.8908890732188177,36.71797049045563,0.06591516014393398,12.552610635757446,0.02253412509538007,8.984169997274876,0.016128151861896436,2.5253756484016776,0.0045334896799717455,498.97402238845825,0.8579200652624699,40.63745141029358,0.06987074156513433,27.090480148792267,0.046578510011388324,11.477885283529758,0.01973471092620305,3.429150454699993,0.005895972234804455,501.09101247787476,0.8666568690334676,39.288779497146606,0.06795150936507131,23.676707297563553,0.040949808526917666,10.724001005291939,0.018547586971874575,3.4079735949635506,0.00589422610266883,499.5172772407532,0.8610752146795546,38.850229382514954,0.06697059567326161,27.49948889017105,0.04740402260054239,10.919409066438675,0.018823037629438894,3.322357959114015,0.005727129417202526,510.9822235107422,0.8232960731239706,42.75137734413147,0.06888114589631039,20.124796956777573,0.0324251325087122,28.07364535331726,0.04523234060641487,18.7222271412611,0.030165307864591973,506.0313563346863,0.8336728376156191,43.894243359565735,0.07231456698971243,18.90278396010399,0.031141820255960902,25.58928719162941,0.042157651692036884,12.572665773332119,0.020713123446670687,501.81925868988037,0.8052905753500217,61.54549694061279,0.09876466034982913,37.113170832395554,0.05955707393676032,16.357341051101685,0.026249316577900875,6.317758301272988,0.010138373785487991,500.19669485092163,0.8012917606356191,62.28673481941223,0.09978044221696798,38.98673364520073,0.06245492776257849,16.064606443047523,0.025734749775794413,6.70314135402441,0.010738119609039939,504.16614818573,0.8013751889815546,57.63357639312744,0.09160892364536709,46.73019781708717,0.07427793643340375,15.1682905331254,0.024110090961586193,5.428012985736132,0.00862785997808836,519.0768737792969,0.7871480323294707,60.47416400909424,0.0917053361671587,58.92668753862381,0.08935868363775924,15.450649283826351,0.023429955747070564,5.51159406080842,0.008357992118540769,Healthy_patient14,0,train
652.6902942657471,0.8831150348378896,45.018402338027954,0.06091162730375549,21.220263063907623,0.02871183089375292,15.343896836042404,0.020760881704475643,4.804464703425765,0.00650062526012641,713.4939103126526,0.8927538903099412,44.957688093185425,0.0562529691766319,22.128098726272583,0.02768761714362173,14.271691553294659,0.017857346743049552,4.35421328060329,0.005448176626755528,635.8953146934509,0.9021966667527296,37.057843804359436,0.05257699244639631,16.871935039758682,0.023937593504485738,12.038090758025646,0.01707942346012293,2.966857897117734,0.0042093238362654025,573.0568413734436,0.8907210998127651,37.13052761554718,0.05771320051791478,19.025932610034943,0.029572632932463618,11.55613373965025,0.01796207882187528,2.593387764878571,0.0040309879149811306,567.0602684020996,0.8790758921160596,38.46911871433258,0.059636121126971385,18.562653303146362,0.02877644920968702,15.372513100504875,0.0238309866180039,5.599511468783021,0.008680550929278111,558.773512840271,0.8824625380518245,38.43824541568756,0.060704938276991825,19.460891544818878,0.030734290997614478,12.92338441312313,0.02040970509044878,3.6019642800092697,0.0056885275831204535,537.6330852508545,0.8823284836235772,38.35773253440857,0.06295021811489172,19.461673259735107,0.03193923351653014,11.545742839574814,0.01894812289536943,2.336152604781091,0.0038339418496315357,529.3783550262451,0.9005078766882616,34.59571158885956,0.058849611982830105,12.302826702594757,0.020927928476917036,9.530919592827559,0.01621272967421985,2.0586219429969788,0.003501853177771438,528.4437708854675,0.9000713262753776,34.59982073307037,0.05893211019201246,12.586462676525116,0.021437880013975664,9.431628093123436,0.01606441115293914,2.051533485762775,0.0034942723656951895,529.0928673744202,0.8971733632483795,35.59768319129944,0.06036235814531883,13.449350357055664,0.022805824151861914,9.80691622197628,0.016629413383755114,1.7863259110599756,0.00302904107068461,530.5180540084839,0.8830046636929942,35.912983417510986,0.05977427460797451,20.42398366332054,0.03399407935250619,11.203213214874268,0.018646848005143976,2.751790627837181,0.00458013434138105,529.3711733818054,0.8868342500865858,35.369531989097595,0.05925315535616008,18.813532531261444,0.031517554889236965,10.75288525223732,0.01801387647917352,2.6152141708880663,0.004381163188843641,528.1633086204529,0.8865277148888566,35.38306725025177,0.05939085363020942,19.82006922364235,0.03326819639113071,10.137791857123375,0.01701639114725587,2.2620315477252007,0.0037968439425473365,538.6087422370911,0.8726837625056982,37.420620799064636,0.060630965659023144,18.419180035591125,0.029843777263930504,16.306701481342316,0.026421022324459167,6.431376051157713,0.010420472246888916,561.7867441177368,0.8805403999030474,37.35266149044037,0.05854628616751852,17.93143731355667,0.02810560261209466,15.235889911651611,0.023880621492330705,5.695503270253539,0.008927089825008614,538.3522944450378,0.8654311359840302,37.958969712257385,0.06102114659458586,27.14191049337387,0.04363212467641026,14.12866684794426,0.022712614632321663,4.480702891945839,0.0072029781126520444,553.321671962738,0.8478639824173483,38.79395270347595,0.0594446176601129,35.01790773868561,0.053658521282796745,18.1385355591774,0.027793979115024597,7.334580551832914,0.01123889952471746,538.4745225906372,0.8451355450125292,38.60372257232666,0.06058852693478027,33.96552985906601,0.05330888535074437,18.684957578778267,0.029326033348622785,7.417019661515951,0.011641009353323342,557.22718334198,0.8288851461797958,39.652939558029175,0.05898443863576577,38.34982591867447,0.05704603438748897,25.169555515050888,0.037440152465730764,11.861527137458324,0.017644228331218696,Healthy_patient15,0,test
601.0905780792236,0.8582669272756929,42.92033779621124,0.06128378614035417,26.628277122974396,0.038021174209735636,22.850121721625328,0.03262653662042619,6.864571671932936,0.009801575753791186,601.6559500694275,0.8495822032837175,43.350486159324646,0.06121405687155491,26.32534611225128,0.037173314000587945,27.208871260285378,0.03842091612575061,9.637963775545359,0.01360950971838907,533.3803071975708,0.8646130099064869,38.91857862472534,0.06308727366183364,22.07395339012146,0.03578202461475379,18.351703956723213,0.029748233635213422,4.176082991063595,0.006769458181712232,533.0392031669617,0.8632064823203194,38.56978118419647,0.06246010601484078,21.51335746049881,0.03483884394626792,19.073978900909424,0.03088850150811294,5.314337611198425,0.008606066210458969,544.2012753486633,0.8524322242335841,41.05433166027069,0.06430715405649545,24.40627759695053,0.03822978452944917,22.386168390512466,0.03506550274246609,6.361969381570816,0.009965334438005173,550.0200972557068,0.8542507673313391,41.233193159103394,0.064040363382049,25.660291731357574,0.03985367809436128,21.388917952775955,0.03321969445245818,5.560073152184486,0.008635496739792437,530.5023608207703,0.8685517998079435,38.665186524391174,0.06330361526329886,22.243342220783234,0.03641735899104202,16.21174480766058,0.026542276096444824,3.1669131675735116,0.0051849498412708216,513.9383878707886,0.8830190269235073,36.30671572685242,0.062380085917952174,16.717092245817184,0.028722334965185073,12.919234365224838,0.02219707658935508,2.1427076645195484,0.0036814756040003793,509.75740242004395,0.882483211777434,36.35680818557739,0.06294027846435618,16.56617459654808,0.02867907537079965,12.734851993620396,0.022046355845912656,2.2245361357927322,0.003851078541497491,518.0499210357666,0.8801629277821643,37.822845220565796,0.06426073016250193,15.141954481601715,0.02572606702115624,15.071067899465561,0.025605631250123433,2.4983299202285707,0.004244643784054054,518.9189596176147,0.8477260639753287,39.46017122268677,0.06446366048958924,34.320335775613785,0.05606702669490422,16.71856976300478,0.02731210158698524,2.7124402802437544,0.004431147253192639,512.4476933479309,0.8605004784933658,38.32968091964722,0.06436307392930454,26.708383977413177,0.04484863038839821,15.645376399159431,0.0262716645082931,2.391710671596229,0.004016152680638374,515.9009118080139,0.8675040503373797,37.86270987987518,0.06366736988781306,24.6971255838871,0.041529014555581896,14.061518043279648,0.02364489687309708,2.173415480181575,0.0036546683461283016,526.3908081054688,0.8430070386953255,41.13210642337799,0.06587245578255875,26.086839020252228,0.041777684132695295,23.14957831799984,0.037073704867947546,7.66108687594533,0.012269116521472933,519.9707379341125,0.8437359988868641,39.66746258735657,0.06436682629954375,23.510491013526917,0.03814954606567178,23.852703139185905,0.03870484017860833,9.270447015762329,0.015042788569311969,526.525559425354,0.805047466055597,44.038790702819824,0.0673344650203712,56.56749778985977,0.08649061748594632,22.036382481455803,0.033693205505711074,4.86222323961556,0.007434245932374492,517.861982345581,0.8293029111208852,42.51551175117493,0.06808423646653203,39.96087247133255,0.06399324337597671,20.08054555207491,0.03215693650227917,4.035645317286253,0.00646267253432688,530.7688221931458,0.7637213037933548,46.739392042160034,0.06725313910009122,92.66326922178268,0.13333283686746364,21.49809668958187,0.030933532163779566,3.307526759803295,0.00475918807531081,525.9747500419617,0.7817875629489994,46.30457246303558,0.06882524086257737,75.77928560972214,0.11263526055977874,21.41740809381008,0.03183396784162767,3.3087337277829647,0.00491796778701684,Healthy_patient16,0,train
816.9240312576294,0.8405600383297601,60.1518030166626,0.061892171015525986,44.153139770030975,0.04543061954040159,37.91217377781868,0.03900908410637502,12.739496041089296,0.013108087007937239,837.8605718612671,0.8610061253359078,60.04266691207886,0.06170132087485737,42.36330980062485,0.04353357879917069,25.01518227159977,0.025706216386809415,7.8362844698131084,0.008052758603254714,627.4290971755981,0.8643458748109503,45.06721520423889,0.06208456338150873,27.526076406240463,0.03791990313896186,19.06701362133026,0.026266704306110025,6.81109120324254,0.009382954362469121,631.2884912490845,0.8630540320612999,44.21558451652527,0.06044849387548479,29.445740342140198,0.04025618284127247,20.52229206264019,0.028056660555867394,5.98672035895288,0.008184630666075443,632.376877784729,0.7712710944779954,64.10512018203735,0.0781850632768935,45.6949468255043,0.05573130974313997,46.71410349011421,0.05697431230027302,31.02413110435009,0.037838220201698115,621.8299751281738,0.8314514325164848,59.14388084411621,0.07908152777982201,44.21769917011261,0.05912366850760934,18.545978017151356,0.024797903939258136,4.147371249273419,0.005545467256825765,621.3337144851685,0.8705599569576713,47.934038162231445,0.06716109753338628,29.348802834749222,0.04112104644723629,12.834327071905136,0.017982367547134153,2.2664318243041635,0.0031755315145719923,555.5918040275574,0.8959812332187185,37.49760675430298,0.06047092793471898,15.389157474040985,0.02481749405199,9.713734336197376,0.01566496050988083,1.9008237244561315,0.0030653842846917307,549.5742573738098,0.8944931291948042,37.50650906562805,0.061046008267573074,15.47265437245369,0.025183463091416135,9.95393342897296,0.01620113195116897,1.8900507660582662,0.0030762674950376295,613.850163936615,0.8918057342967534,43.13188099861145,0.06266229295906602,18.95558390021324,0.02753880248356329,10.576192751526833,0.015365165470271518,1.8089154502376914,0.0026280047903457803,604.8356194496155,0.8369089337648324,49.543850898742676,0.06855365341743834,50.748106360435486,0.07021997749296637,14.503653384745121,0.020068654522971414,3.0706016682088375,0.004248780801791464,596.0184960365295,0.9079791656364781,36.663010478019714,0.05585271243245699,13.433449029922485,0.02046461967693971,8.602336704730988,0.013104865965782003,1.705804880708456,0.0025986362883432543,613.3689074516296,0.8510052644478825,45.94191241264343,0.06374110074212762,45.76284795999527,0.06349266168689058,13.118446953594685,0.018200902072574892,2.56594992056489,0.0035600710505244338,640.989191532135,0.8056820983904152,62.94287824630737,0.07911514093241145,48.17302316427231,0.060550385094684085,31.415916234254837,0.03948778177362294,12.064734645187855,0.015164593808866396,644.8513612747192,0.8486689053928185,53.93382906913757,0.07098064209598312,38.06020665168762,0.050089859241766496,18.746399648487568,0.024671555997476616,4.246766047552228,0.005589037271955326,608.0972108840942,0.7602464187521436,72.77002930641174,0.09097748383396694,88.17734777927399,0.11023979663842393,23.385345712304115,0.029236485566530048,7.43862983211875,0.009299815208935469,597.1719765663147,0.7958739942360757,62.45932650566101,0.08324193969915039,58.198154866695404,0.07756291284338762,23.694314494729042,0.03157832158507465,8.811055555939674,0.011742831636311643,634.2206230163574,0.742929360122106,72.55723810195923,0.08499392879869436,115.84047532081604,0.13569613961309934,23.990751415491104,0.0281028918819936,7.066452592611313,0.008277679584106678,628.9422869682312,0.7498998177304663,71.66594052314758,0.08544866015425898,101.97307938337326,0.12158443664461152,25.954233273863792,0.030945724599350355,10.166206534951925,0.012121360871312832,Healthy_patient17,0,train
629.457836151123,0.8323350392258627,50.01147508621216,0.06613040729169956,49.72885924577713,0.0657567030447675,23.25490340590477,0.030750067481724624,3.8022878179326653,0.005027782955945585,603.9824585914612,0.8195453198823294,50.38564109802246,0.06836840335968467,52.8739070892334,0.07174473775269831,24.687290370464325,0.03349824650681696,5.043319176882505,0.006843292498470737,559.6794199943542,0.8540595397451528,43.505484223365784,0.06638849402855049,30.12031865119934,0.045963000541417345,19.686321780085564,0.030040931144018942,2.3250860408879817,0.003548034540860374,589.3081369400024,0.8447692375558552,47.083396911621094,0.06749373174635007,38.13709533214569,0.05466926880327753,19.844446547329426,0.02844688021202759,3.2235112907364964,0.004620881682489652,583.2738389968872,0.8279161154219795,47.342108726501465,0.06719878748571692,42.567602038383484,0.06042171166643953,25.119401767849922,0.03565522082925667,6.205425746738911,0.008808164596607312,590.4355459213257,0.8036098440093625,53.453452587127686,0.07275259931763542,50.658315539360046,0.0689482896644347,30.468906119465828,0.041469577946214024,9.712890386581421,0.013219689062353273,553.6630787849426,0.8509864240909853,43.94643700122833,0.06754617150431547,33.83481818437576,0.05200449883651087,17.130729719996452,0.02633012563973303,2.0382282622158527,0.0031327799284553326,546.1974325180054,0.8751778047676576,41.916701436042786,0.06716356497096486,20.666342794895172,0.03311389516503454,13.455411605536938,0.021559745414568367,1.862928528804332,0.0029849896817745873,547.7770252227783,0.8755210477009915,42.338029623031616,0.06766957054848538,20.35021549463272,0.03252608483087746,13.332779183983803,0.02131000071640475,1.8602674985304475,0.0029732962032408975,547.8697228431702,0.87920491142657,40.35684394836426,0.06476345366366293,19.44700586795807,0.031207972185286103,13.615164875984192,0.021849208543094533,1.8535080580040812,0.0029744541813864663,547.5421934127808,0.8073826236218165,46.639397621154785,0.06877248852879014,62.633830189704895,0.09235720416512996,19.366584204137325,0.028557148204177537,1.9873995026573539,0.002930535480085859,546.3802089691162,0.8141698405952792,42.84447193145752,0.0638432291474075,61.86444282531738,0.0921851903249509,18.114037588238716,0.02699201554825502,1.8855743845924735,0.0028097243841073514,556.0166273117065,0.8330269368413614,41.53469920158386,0.06222749743260111,49.21373641490936,0.07373227001221905,18.715551741421223,0.02803973473568797,1.9847489595413208,0.0029735609781304387,555.6432242393494,0.8251324936766177,46.99961304664612,0.06979462040251552,42.67087721824646,0.06336642973494402,22.60922960937023,0.0335747997885254,5.475847592577338,0.008131656397397434,552.8340573310852,0.8423924878594387,48.16221487522125,0.07338818488395109,31.39987152814865,0.04784621270035598,19.268234953284264,0.029360377067429003,4.6022254172712564,0.007012737488825265,555.3201622962952,0.7208126510083748,57.21942925453186,0.07427154872172453,126.80546844005585,0.16459511480850342,27.69835453480482,0.03595281734098078,3.3650425393134356,0.004367868120416439,556.3340744972229,0.7696820243849636,49.54040741920471,0.06853860444505218,92.50609809160233,0.12798116116012576,22.002080366015434,0.030439634264896986,2.4276130525395274,0.003358575744961513,557.3062162399292,0.9122921545399184,34.592846512794495,0.05662736491573501,10.422076910734177,0.017060601017199282,7.239140551537275,0.011850237693986201,1.3254031338728964,0.0021696418331610787,556.4772543907166,0.7312451905950287,48.89860200881958,0.06425575755997376,126.07432675361633,0.16566938606866818,26.720728687942028,0.035112673856985924,2.8286291444674134,0.003716991919343457,Healthy_patient18,0,train
565.6760210990906,0.8427072000954176,41.71450650691986,0.062143548021546195,22.657176792621613,0.03375318257238344,34.12643811106682,0.05083933919265241,7.086315494030714,0.0105567301180004,550.7735633850098,0.8413551603523577,40.571340918540955,0.061976298997429756,21.778357088565826,0.03326835988250323,33.47473084926605,0.051135601658768334,8.028721112757921,0.012264579108941033,535.3039307594299,0.8662130884427816,38.09852683544159,0.06164991642865252,17.741516768932343,0.028708801021270214,23.568464174866676,0.03813779606251225,3.2693697502836585,0.005290398044783506,534.2973027229309,0.8688418859206612,37.64737343788147,0.061219876594979704,17.06392353773117,0.027748318084653542,22.290025398135185,0.03624668813680695,3.6548104835674167,0.005943231262898596,539.8679704666138,0.8566463835660313,39.81585383415222,0.06317860858857804,21.500582814216614,0.034116483140204455,25.30138996243477,0.04014749049064766,3.725198758766055,0.005911034214538492,529.3781232833862,0.8509459232139499,39.714340567588806,0.06383859610501717,23.54863303899765,0.03785311934975697,25.617441952228546,0.04117861474367999,3.846942648291588,0.006183746587595978,518.4601249694824,0.869537472113227,37.68034815788269,0.06319574661114041,16.224229395389557,0.02721053121738638,21.185883551836014,0.03553198932942631,2.697582172229886,0.004524260728819892,512.3064107894897,0.8766182932370895,35.94676995277405,0.061509275425279446,15.188829600811005,0.025989926341958413,18.876678206026554,0.03230028178927533,2.0934948856011033,0.003582223206397294,510.2324457168579,0.8750265763988717,36.21056592464447,0.06209955442169252,15.314822852611542,0.02626425881256559,19.25249905884266,0.03301720319826574,2.09475088538602,0.0035924071686044756,514.0576648712158,0.8831036258282582,35.85552841424942,0.06159648870627083,13.168126255273819,0.022621625619199552,16.996515922248363,0.02919844574469199,2.025611784309149,0.0034798141015794444,513.7280683517456,0.8443409610669038,36.79434335231781,0.0604735718015126,28.855704843997955,0.047425973119230594,26.48386240005493,0.04352771672252748,2.5747688114643097,0.00423177728982555,512.6901936531067,0.8541813194194956,36.35024583339691,0.06056230708442739,26.253990054130554,0.043741167945250514,22.624474741518497,0.03769411610583517,2.293465149588883,0.0038210894449913608,516.468092918396,0.8561153192626988,36.20799493789673,0.06001962090428204,31.352438867092133,0.05197088373590168,17.11118071526289,0.02836408316771593,2.129596705082804,0.0035300929294015955,522.755190372467,0.8493204429276932,39.326300263404846,0.06389344644215633,22.304483473300934,0.03623809793130866,26.77726812660694,0.04350503188591818,4.334941901266575,0.007042980812923666,525.6775164604187,0.8509943406302841,38.7644077539444,0.06275385684861275,23.246158063411713,0.03763210016392234,26.099964186549187,0.042251991226409706,3.933472190052271,0.0063677111307710536,513.1544232368469,0.7871147258958138,39.44727432727814,0.060507186752089166,58.2940456867218,0.0894157776184348,36.634772792458534,0.056193161042835324,4.413103297352791,0.0067691486908269365,517.3131875991821,0.805876674975932,38.63422632217407,0.060184860148789474,46.89773654937744,0.07305785528048905,35.96978113055229,0.056034155540533,3.111064848024398,0.004846454054256492,513.6524701118469,0.734557159395581,39.03929138183594,0.055828780451524965,110.66068542003632,0.15825213246070802,32.10863099992275,0.04591747563142921,3.8071322478353977,0.005444452060756833,514.5668797492981,0.7382399208145344,38.80151832103729,0.055667845988770816,108.86857974529266,0.15619180878783584,31.599664747714996,0.04533547517182731,3.1818540543317795,0.004564949237031617,Healthy_patient19,0,train
511.6758551597595,0.8657124345816647,37.90997135639191,0.0641404773489188,19.931136816740036,0.03372180415316429,18.49556513130665,0.03129293781858806,3.0334525341168046,0.00513234609766419,514.7669725418091,0.862292986333372,38.38021790981293,0.06429121230167929,19.32201847434044,0.03236656953719848,20.894930809736252,0.03500137586176098,3.610416129231453,0.00604785596598917,459.567831993103,0.8678108736999957,35.713428139686584,0.06743836082328004,14.914396822452545,0.028163145538426682,17.017591707408428,0.03213464933746177,2.358165940269828,0.004452970600835794,473.4904623031616,0.8649352498708051,36.44263231754303,0.06657054322953251,15.294963657855988,0.027939640323108188,18.851810231804848,0.03443700874997382,3.3489273143932223,0.0061175578265803745,465.53448009490967,0.8508245905030447,36.47625267505646,0.06666507868335196,20.278858810663223,0.03706224239273111,19.501360282301903,0.03564126307692431,5.365871401503682,0.0098068253439479,488.60622787475586,0.8509548068470948,38.178964138031006,0.06649234332319667,20.27851766347885,0.03531699167349601,21.749585062265396,0.03787899723703201,5.3725773468613625,0.009356860919180466,456.7007441520691,0.8712986498249852,35.52004885673523,0.0677655357624858,13.802727431058884,0.026332993603749105,16.109122693538666,0.030733159585287877,2.0283253747038543,0.00386966122349205,447.63060188293457,0.8801330585337962,33.78465819358826,0.06642752846289557,11.854980140924454,0.023309308805964896,13.483498021960258,0.02651130709983459,1.8404993508011103,0.0036187970975087255,448.54160594940186,0.8805323518803396,33.771266877651215,0.06629639849533002,12.05671101808548,0.023668538142020197,13.18853583931923,0.025890424269279306,1.8400926487520337,0.003612287213030862,452.96918964385986,0.8858384961623582,34.07984983921051,0.06664745333946677,11.100361347198486,0.021708159467517477,11.533719256520271,0.02255564562655513,1.6619971171021461,0.003250245404102391,501.2752914428711,0.8804815697384291,35.180833756923676,0.06179453936746277,16.840652644634247,0.029580321490186755,14.094419427216053,0.024756609299665267,1.9282622961327434,0.0033869601042561632,453.9536962509155,0.8644716930049825,34.82612347602844,0.06631997529871893,20.53526997566223,0.039105661543865695,13.985528439283371,0.026632878082777024,1.8220665268599987,0.0034697920696558156,449.0899019241333,0.8739626133106704,34.21149927377701,0.06657814211025684,16.841380387544632,0.03277458867855834,11.992930106818676,0.02333914098825168,1.7191089652478695,0.003345514912262809,457.47846841812134,0.8661300847602442,35.480233907699585,0.06717364886712525,17.681773126125336,0.033476363837183186,14.766918256878853,0.027957757674812237,2.7793953977525234,0.005262144860635082,463.36359786987305,0.8619013024877497,36.12212407588959,0.06719065963048883,17.270781695842743,0.03212533161227917,16.965414695441723,0.03155731932863765,3.8844137713313103,0.007225386940844726,453.8653268814087,0.837553240730556,36.02260506153107,0.06647533491080201,32.45390468835831,0.05988973256200619,16.965087205171585,0.03130700436096695,2.5873759044334292,0.004774687435668794,462.72487592697144,0.8351846438155854,36.87348210811615,0.06655394516885167,35.44641309976578,0.06397818971794422,16.566479913890362,0.029901287667845677,2.427762184292078,0.004381933629772982,452.60025358200073,0.8300433814386523,36.47043740749359,0.06688472873950368,38.587823659181595,0.07076789590579075,15.462622128427029,0.02835757836150297,2.151873890776187,0.003946415554550295,464.64406394958496,0.8058447785508637,38.79055655002594,0.06727551232917958,54.50983929634094,0.09453788993497002,16.462392434477806,0.028551172854795342,2.185658283997327,0.003790646330191345,Healthy_patient2,0,train
673.1075611114502,0.6137050770323835,160.19408464431763,0.1460567801295209,121.1536865234375,0.1104617401680212,111.76408594846725,0.10190078219177985,30.57379125058651,0.0278756204782945,678.855489730835,0.6130948509261331,161.0259165763855,0.14542735797538733,124.89372205734253,0.1127952842168469,112.00787740945816,0.10115768958446879,30.47713302075863,0.027524817297163877,664.3992652893066,0.6285349407618687,157.14908409118652,0.1486661641882246,98.70939517021179,0.09338105426551488,106.85334134101868,0.10108538958233229,29.949106313288212,0.028332451202059572,662.7810935974121,0.6232248577969163,157.56543445587158,0.14816158220427145,105.2478277683258,0.09896640554172455,107.7370833158493,0.10130709683423726,30.138808086514473,0.028340057622850502,666.0917415618896,0.6164374759622463,159.41333675384521,0.14752976025920203,112.28709506988525,0.10391657657503249,110.36979019641876,0.10214219850801365,32.38840451836586,0.02997398869550552,672.2624492645264,0.6120308538939314,161.54499673843384,0.1470713147882692,121.96749424934387,0.11103977283633189,111.4816580414772,0.1014934188861542,31.1560797393322,0.028364639595313327,673.5066223144531,0.6275151165419098,158.0207052230835,0.14723000185705834,104.90341210365295,0.09773991033028501,107.00265711545944,0.09969580494897033,29.85807393491268,0.027819166321776518,660.6806259155273,0.6380265949885079,156.15454149246216,0.15080016954086647,84.62362337112427,0.08172196997641581,104.41776657104492,0.10083739320993293,29.629848033189774,0.02861387228427688,663.5617523193359,0.6384193355871852,156.1710500717163,0.15025371440751267,85.36985516548157,0.08213518338484986,104.61870902776718,0.10065469637760785,29.66092547774315,0.02853707024284438,662.897331237793,0.6386583243854724,156.17548894882202,0.15046489310176006,85.0325403213501,0.08192330419926339,104.24231100082397,0.10043066480527711,29.60534018278122,0.028522813508227,664.9595241546631,0.6072734173912432,159.8856601715088,0.14601537043572585,134.09813404083252,0.12246494586011006,106.3193850517273,0.09709603960839085,29.72928060591221,0.02715022670453003,668.0220718383789,0.6162986809873432,159.49731349945068,0.14714780854504225,121.308837890625,0.11191617752742106,105.4724468588829,0.09730596131464932,29.62518022954464,0.02733137162554414,664.9210815429688,0.6217157352738584,157.80845069885254,0.14755434845138882,112.85715770721436,0.10552390762229777,104.3372728228569,0.0975576291535279,29.56976855546236,0.027648379498927168,667.764139175415,0.6149151194699233,161.38492679595947,0.14861240027642963,117.55389785766602,0.1082503011236324,108.83544713258743,0.10022185686511852,30.406816326081753,0.028000322264896134,668.275556564331,0.6191054825734752,161.11245107650757,0.14925819266100104,111.69782423973083,0.10347937269150863,108.25818055868149,0.10029280954383818,30.077144980430603,0.027864142530176973,672.2942924499512,0.5783269911794623,166.9056520462036,0.14357706832073555,183.1711449623108,0.15756911567836412,109.95165586471558,0.09458359385993811,30.158519953489304,0.025943230961499905,677.3626098632812,0.586766964016429,166.3382806777954,0.14409092933653747,171.63591122627258,0.14868001433790484,109.16595655679703,0.09456526824784442,29.895241908729076,0.02589682406128419,673.3329658508301,0.5914941033068399,163.8948450088501,0.1439745850890063,162.6365692615509,0.14286924386466712,108.45348072052002,0.09527172674254794,30.041696906089783,0.026390340996938638,674.7626876831055,0.5911509084138687,165.2452187538147,0.14476920991701692,163.0469012260437,0.14284329221699396,108.51612967252731,0.09506958491397605,29.86803887039423,0.02616700453814434,Healthy_patient20,0,test
596.7499499320984,0.873714551685605,42.140204191207886,0.061698387435223864,22.365059971809387,0.032745169645870195,17.241649739444256,0.025243873542231322,4.506468066945672,0.006598017691069683,575.9536299705505,0.8734898508511911,40.79392409324646,0.0618679643944021,21.59961450099945,0.03275792193528833,16.851137176156044,0.02555639296765284,4.1724120862782,0.006327869851465654,521.8633079528809,0.8803293061582311,36.18686521053314,0.061043490617865764,17.298384726047516,0.029180581948318386,13.717364057898521,0.023139771276082875,3.7387300189584494,0.006306849999501815,518.6717844009399,0.8823133723125335,36.51166045665741,0.06211004190916462,17.1956827044487,0.029251602366806795,12.827183306217194,0.021820341303607292,2.6480736136436462,0.004504642107887773,554.984806060791,0.8620752921482381,41.870983719825745,0.06503951122375246,25.210174024105072,0.039159753383514684,17.12787376344204,0.026605263094139693,4.583812847733498,0.00712018015035507,564.1876258850098,0.8557609758763917,44.89390468597412,0.06809516891602511,28.038894772529602,0.04252945447960935,17.773482158780098,0.026958855067160403,4.387880040332675,0.006655545660813471,512.9849262237549,0.8869671622487896,36.65805006027222,0.06338292798364115,15.505765080451965,0.026809958244086874,11.200163561850786,0.019365437039847787,2.0095147057436407,0.0034745144836345714,509.82784700393677,0.8977293514613953,33.084381103515625,0.05825656673345931,12.896800220012665,0.022709305043805795,10.116362161934376,0.017813376213464894,1.982794949784875,0.003491400547874665,507.67152976989746,0.8973162288206057,33.65363097190857,0.05948324351282921,12.484575062990189,0.02206665364714804,9.979083001613617,0.017638162869118006,1.9777565258555114,0.003495711150299057,509.64360094070435,0.8983593054075923,33.961548924446106,0.05986472398754024,12.147613763809204,0.02141284977005928,9.829138558357954,0.017326025622106837,1.7229588776826859,0.0030370952127012955,513.7697978019714,0.8681495644197228,35.106231331825256,0.059321236027364575,26.43118405342102,0.04466245587273587,14.232137612998486,0.024048949787135145,2.259365525096655,0.0038177938930416292,510.9002094268799,0.8684163228013702,35.13513910770416,0.059721894299583245,28.588346272706985,0.04859380772806209,11.77390568703413,0.020013011725350787,1.9149358002468944,0.003254963445633722,511.7546372413635,0.863512256415713,35.541386127471924,0.05997097104290742,31.442424654960632,0.053054563818599396,11.851209998130798,0.019997210268396234,2.053507653065026,0.0034649984543838955,525.2625131607056,0.8596161639174316,38.60582721233368,0.06318020468171513,22.7268003821373,0.03719344989051767,18.548037871718407,0.030354713622221974,5.899906890466809,0.009655467888113715,521.7456455230713,0.8591595565475645,39.62135457992554,0.06524456068353973,23.751216053962708,0.03911117309264759,17.517704725265503,0.028846438015599614,4.6385272070765495,0.00763827166064863,521.7281241416931,0.8545004063016242,37.94209277629852,0.06214258383447972,29.337201714515686,0.04804926095568908,18.06824555248022,0.02959266033655258,3.4894336126744747,0.005715088571654409,514.5445590019226,0.8570695764698717,38.37785577774048,0.06392545022932979,29.94353324174881,0.04987651876700008,15.044604629278183,0.025059584621365986,2.4427595287561417,0.004068869912432495,529.3379344940186,0.7780961950865614,43.371342062950134,0.06375336819046844,83.97067421674728,0.12343204189467094,20.627454683184624,0.030321167173949802,2.991428847424686,0.004397227654349469,525.8823971748352,0.7443747654308351,47.38249361515045,0.06706885942519895,109.64143359661102,0.15519499578884796,20.715410709381104,0.02932220030645448,2.853580292314291,0.004039179048663448,Healthy_patient21,0,train
582.6333117485046,0.8374191376180797,39.08263623714447,0.05617349175475571,33.748217940330505,0.04850632978558167,31.635838478803635,0.04547020577529242,8.648737862706184,0.01243083506629045,589.4057421684265,0.841207774155683,39.23273766040802,0.05599348896725693,31.417836010456085,0.04483995660088393,34.08612081408501,0.048648168431695574,6.523629777133465,0.009310611844480508,531.1121215820312,0.8544149202945167,37.11081099510193,0.05970119929478492,26.286569833755493,0.04228793988437621,22.358691215515137,0.03596905172469028,4.74094376899302,0.007626888801631905,531.6628308296204,0.8537447825741481,36.88101303577423,0.059223572966739677,23.18716996908188,0.03723398408888873,26.42601116001606,0.04243491898221482,4.585089137777686,0.007362741388008672,554.1775231361389,0.8438819230125366,39.79209268093109,0.06059399071663181,29.928292483091354,0.045573744799657666,25.5282182097435,0.03887346739003308,7.2741866782307625,0.011076874081140886,562.371063709259,0.8517441286887101,39.905906677246094,0.060439848181655896,26.87037843465805,0.04069677219238283,25.64220382273197,0.038836629339703284,5.468669006600976,0.008282621597547913,526.0547561645508,0.8572771144745259,36.4630206823349,0.05942140583137164,28.09956219792366,0.04579202320052468,20.0396009683609,0.032657230244684976,2.977493103593588,0.0048522262488927565,522.4937620162964,0.8868019365037418,35.26004910469055,0.05984507777966802,16.654828786849976,0.028267388998715295,12.419459879398346,0.021078913992924324,2.360692556016147,0.00400668272495049,520.7282648086548,0.8865390700678325,35.34178960323334,0.06016934245137738,16.320487707853317,0.0277856052251944,12.663396269083023,0.02155941267451386,2.318104637786746,0.003946569581081889,523.9278116226196,0.8806805954808627,35.24763309955597,0.05924844190131887,17.21420580148697,0.028935698162370946,16.27494291216135,0.02735687264035384,2.247812164016068,0.003778391815093581,524.1890506744385,0.865261228794386,36.05597925186157,0.05951639179168372,26.529772460460663,0.043791802765126016,16.250677652657032,0.026824446821977783,2.7904669027775526,0.004606129826826445,525.7259635925293,0.8557017809438635,37.39861297607422,0.06087213100485295,32.92170938849449,0.05358526553062819,15.62254886329174,0.025428158034748502,2.7110523087903857,0.004412664485906839,522.2478041648865,0.88558267411082,35.296212673187256,0.05985226583209636,17.277467370033264,0.029297635401039832,12.712380819022655,0.02155655631339102,2.188381616026163,0.0037108683426527824,529.7546319961548,0.8286376545768034,38.592594265937805,0.0603662051543761,30.6868596971035,0.048000122905805666,27.620956420898438,0.04320446328055421,12.652897670865059,0.01979155408246062,530.554039478302,0.8549141748965053,39.259857296943665,0.06326180937303709,27.133383810520172,0.04372168093438806,20.089535042643547,0.032371496581053615,3.556520003825426,0.005730838215015942,525.0978584289551,0.7873675716064356,39.14812397956848,0.05870136930849992,71.5213942527771,0.10724406052464357,25.406470715999603,0.038096196412983785,5.729232409968972,0.008590802147437225,535.1904935836792,0.7578168062238274,45.38779163360596,0.06426801617311224,92.01973235607147,0.13029771739162305,27.505552232265472,0.038947197298860495,6.1231715232133865,0.008670262912576821,525.9343280792236,0.7958113811211902,38.806058049201965,0.05871893315043807,62.21258908510208,0.09413625199890424,26.96768532693386,0.04080583783919901,6.957457762211561,0.01052759589026844,528.0401859283447,0.8074136137306174,39.82355797290802,0.06089324962642091,53.11508619785309,0.08121700740488988,26.10311049222946,0.039913641676886706,6.907758057117462,0.010562487561185082,Healthy_patient22,0,train
584.7282376289368,0.8553602081511811,39.283427715301514,0.0574651243861689,15.246763914823532,0.022303481030261744,32.60891744494438,0.04770142541156453,11.737328913062811,0.017169761020823744,592.0692739486694,0.8884795240685879,39.918334007263184,0.059902825498522605,14.462960511446,0.021703616176755664,15.817197531461716,0.023735830844804694,4.117061011493206,0.006178203411329117,554.745587348938,0.8927367255471333,36.016791582107544,0.05796082621473744,12.6765918135643,0.020400088481678402,14.761735461652279,0.023755652464774284,3.198158065788448,0.005146707291676483,554.1402597427368,0.8984203362431343,35.90957099199295,0.058219716538825024,12.727738350629807,0.020635315279016495,11.761495046317577,0.019068757680844713,2.25492125377059,0.0036558742581794816,558.1885085105896,0.8843643656885043,36.72121787071228,0.05817915642189495,14.212910443544388,0.022518183977902857,17.0452378988266,0.027005573874366962,5.00693304464221,0.007932720037330929,562.4986000061035,0.8957213121990674,36.68251299858093,0.05841313858824134,14.05850437283516,0.022386725912305554,12.366471827030182,0.019692337673480574,2.3778521679341793,0.0037864856269051858,553.7333316802979,0.9015565463037087,35.67774963378906,0.058088446007252964,12.22326585650444,0.019901213670309895,10.908168338239193,0.01776004804276496,1.6544907139614224,0.002693745975963415,548.6555814743042,0.9045949264348674,35.13496249914169,0.05792870771823439,11.449891328811646,0.018877988220664225,9.777801055461168,0.016121132318917108,1.5025006495416164,0.002477245307316889,547.9280405044556,0.9044931108825592,35.00975841283798,0.05779241607879927,11.337822794914246,0.018715929560687974,10.006654500961304,0.016518501317743482,1.5023714662529528,0.0024800421602100414,547.8384408950806,0.9066228500710576,34.74619859457016,0.057501802077772106,10.66843244433403,0.017655286497730526,9.508193235844374,0.01573519601220993,1.5015116310678422,0.0024848653412298245,548.1663317680359,0.8958957751113161,36.02225959300995,0.05887298856033557,15.45961007475853,0.025266417414168015,10.574431728571653,0.01728232501852973,1.6413213228806853,0.0026824938956505717,548.5141677856445,0.8972241978639579,35.61041831970215,0.058249231996101866,14.413181185722351,0.02357615479693736,10.87330835685134,0.017785858491108125,1.9346382678486407,0.0031645568518947603,547.6977391242981,0.9006744323282494,35.39744299650192,0.05821015790154745,13.407149851322174,0.022047702991775334,9.904198080301285,0.016287191540912006,1.6908239587210119,0.002780515237515775,554.1515736579895,0.8940047487225143,36.422762989997864,0.05876031869711766,13.8431656062603,0.022332979599164696,12.800824157893658,0.020651385160158006,2.634727444499731,0.0042505678210453535,550.7026720046997,0.8933218812449882,35.75872993469238,0.05800599401471265,12.92289224267006,0.020962858900473544,13.506375335156918,0.02190935551353257,3.575448201969266,0.005799910326292982,553.5359621047974,0.8881648566975912,37.428990721702576,0.06005592491998331,17.48370733857155,0.02805312660058955,12.778745964169502,0.020503876631402632,2.0081992098130286,0.003222215150433396,549.4549307823181,0.8889846236739973,36.19476366043091,0.05856092383377864,15.376132130622864,0.024877645590041738,13.75772263109684,0.02225915755893412,3.2866807524114847,0.005317649343248227,549.5037598609924,0.8925387787281426,36.78464949131012,0.05974795539383051,14.894899904727936,0.024193238957285465,12.141077846288681,0.019720306911295893,2.339349820278585,0.0037997200094455003,553.4521818161011,0.8875458101537148,36.7937136888504,0.0590043864627593,15.025304913520813,0.024095390460866478,14.156788162887096,0.022702590091837654,4.147916441783309,0.006651822830821804,Healthy_patient23,0,test
591.5325450897217,0.8894454377821561,40.42046248912811,0.060777376075811226,12.764837592840195,0.01919357887444687,16.99476931989193,0.02555382651929202,3.345094460994005,0.005029780748293736,604.779335975647,0.8865798004336775,40.979849457740784,0.0600746496991904,13.396329462528229,0.019638427431175207,18.82542196661234,0.02759723730195539,4.167850736528635,0.0061098851340015145,516.113109588623,0.8878413072349696,37.29479777812958,0.064156211879196,11.588140159845352,0.01993444715275634,14.349033460021019,0.024683861711743287,1.9672609632834792,0.0033841720213348193,524.2332282066345,0.8843436268434733,37.8097198009491,0.06378226892082314,12.520753979682922,0.021121608454859706,15.805317468941212,0.026662430044183692,2.4245647275820374,0.004090065736660074,528.1887607574463,0.8860788014100134,38.087597727775574,0.06389498499516935,12.179476827383041,0.020432044433381015,14.845576271414757,0.024904639034636397,2.7954140221700072,0.004689530126799891,546.6574096679688,0.8840249876617239,38.500290393829346,0.06226060076831345,13.030757427215576,0.02107264068882546,16.960595197975636,0.027427763157427572,3.2242029309272766,0.0052140077237096145,528.3343663215637,0.8899604237479112,37.71804881095886,0.0635347099157182,12.09521546959877,0.02037395969448424,13.642982471734285,0.02298111808676113,1.869905105791986,0.003149788555125261,516.2169299125671,0.895485355416708,36.25408124923706,0.06289022492593943,10.945821970701218,0.018987798946116602,11.382144391536713,0.019744690701224924,1.6670995480380952,0.0028919300100110562,519.1554021835327,0.8955073149493737,36.339138865470886,0.0626825118955152,11.013440549373627,0.018997426460829706,11.575765863060951,0.01996739890004585,1.6495428388006985,0.002845347794235543,521.4268326759338,0.894959674473841,36.70621037483215,0.06300131874618102,11.009062767028809,0.01889558920410528,11.7251690402627,0.020124690195884098,1.758789252024144,0.003018727379988681,521.8202571868896,0.8866407298107194,36.800978660583496,0.06252966635153513,12.792074799537659,0.02173540482540765,15.10886699706316,0.02567193717834406,2.014125327579677,0.0034222618339937575,523.8532395362854,0.8897763524951559,36.503849029541016,0.06200259765557688,12.093406051397324,0.020540918550356356,14.37253189086914,0.024412064366153546,1.9240649011917412,0.003268066932757332,523.8429408073425,0.8926012406938583,36.481297731399536,0.062162241924999584,11.569113284349442,0.01971316985855117,13.142424397170544,0.02239401051116585,1.836521201301366,0.0031293370114250803,525.7519536018372,0.8797384789119523,37.795302510261536,0.06324271686030762,13.264481246471405,0.022195399323545365,16.890358351171017,0.028262563861798,3.9209095407277346,0.0065608410423967,525.1446228027344,0.884911008671843,37.27933621406555,0.06281868570936026,12.950923502445221,0.02182334976337685,15.668942987918854,0.026403431630431764,2.3996028788387775,0.004043524224988074,533.7909259796143,0.8719792381259908,38.34214460849762,0.06263417457401882,16.873945891857147,0.02756459461343993,19.93711620569229,0.03256846557959818,3.2159998500719666,0.0052535271069522665,533.617506980896,0.8724349672699876,38.015607595443726,0.062153405640544356,16.339734494686127,0.02671455779201437,20.2546431645751,0.03311521588999138,3.41409367043525,0.005581853407462294,555.2193355560303,0.8764771844861952,38.54351449012756,0.060845343267229735,16.596172511577606,0.02619895530408233,20.02215362340212,0.03160725808948092,3.0857815258204937,0.004871258853011836,551.8192372322083,0.8737626492387779,38.61578392982483,0.061145076851964804,16.974594950675964,0.026877944901396274,20.905031219124794,0.03310148365261757,3.228984926827252,0.005112845355243417,Healthy_patient24,0,train
723.8222494125366,0.9095209059808662,43.095945835113525,0.054152333299877564,15.518834680318832,0.019500235851642508,9.749316103756428,0.012250530876301652,3.6417043767869473,0.004575993991312064,757.7059350013733,0.9087820035283068,45.57768678665161,0.05466524623973523,16.580437421798706,0.019886346989654545,10.049271136522293,0.012052956609652743,3.8465065117925406,0.004613446632650658,523.9558553695679,0.8990713965573938,34.57745635509491,0.05933248317770994,12.048082172870636,0.020673661633880815,8.925037749111652,0.01531473705501666,3.268036961555481,0.005607721575998868,527.5340785980225,0.8952189210039941,34.679139614105225,0.05885007851851512,12.509058028459549,0.021227719469374743,10.022110775113106,0.017007400200804563,4.535024110227823,0.007695880807311449,533.4477233886719,0.8948062883986115,35.51534068584442,0.05957350418226098,13.18608695268631,0.022118368880989312,9.995289765298367,0.016766119235715138,4.015566468238831,0.0067357193024230495,535.1988730430603,0.8855816879487458,35.533762097358704,0.058796926903873115,14.291741997003555,0.023648228049269616,12.500721544027328,0.02068466628599624,6.8221685737371445,0.01128849081211526,516.7659206390381,0.9020646246454986,34.073702573776245,0.05947892555392687,12.326756477355957,0.02151753920051857,7.784028843045235,0.0135877711282668,1.9197678603231907,0.003351139471789133,509.59738969802856,0.9043855380254431,33.684783697128296,0.059780587269589576,9.9525927901268,0.017662926002389202,7.969394322484732,0.014143331810133775,2.2694558557122946,0.004027616892444408,508.31022930145264,0.9039389881130014,33.5286306142807,0.05962468328040174,9.987883806228638,0.017761668093124773,8.106481321156025,0.014415929682691876,2.3948037130758166,0.0042587308307801275,508.9175696372986,0.9054616982991455,33.71184629201889,0.05997982270120079,10.228282153606415,0.01819807033993299,7.503241170197725,0.013349701205162273,1.6921775084920228,0.0030107074545584886,513.7174620628357,0.8882227667516998,34.38224595785141,0.05944725629763548,18.950047969818115,0.032764827518692516,8.752104327082634,0.015132478248033548,2.563704372383654,0.004432671183938672,513.8371286392212,0.8885661421962545,34.126999497413635,0.05901499638310822,19.773585319519043,0.03419398374594685,8.348647136241198,0.014437113950977751,2.1903756437823176,0.0037877637237126094,513.0900301933289,0.8899449887364715,34.17550265789032,0.05927676535924805,18.87995871901512,0.03274693262546542,8.235690657049417,0.014284650251853992,2.160105927847326,0.003746663026961049,524.7052869796753,0.8933967764121151,35.161306619644165,0.05986788920929028,12.662639409303665,0.02156021963159504,10.487929195165634,0.0178574189487106,4.297792173922062,0.007317695798288986,513.9070296287537,0.8867333165920898,34.49901604652405,0.059527161829635286,13.761052280664444,0.023744340561843887,11.510885499417782,0.019861735853631192,5.872846554964781,0.01013344516279988,516.6972632408142,0.8685719248921399,35.76280069351196,0.060117532736805854,27.98223078250885,0.0470383371127172,10.733908951282501,0.018043780415936156,3.7051739506423473,0.0062284248424008875,518.6525506973267,0.8491025362932736,35.56884050369263,0.058230876613043527,42.66787853837013,0.06985293687743963,10.577590391039848,0.01731690862568352,3.357543906196952,0.005496741590559678,521.5742311477661,0.8242197778424117,36.19143724441528,0.05719166435762537,60.34683957695961,0.09536333610684428,11.131963402032852,0.01759132996655652,3.565181065350771,0.005633891726562095,538.2442750930786,0.8199853941516072,36.71990263462067,0.05594074145953746,66.62083646655083,0.1014931609616983,11.27831993252039,0.017181896850898028,3.5438152346760035,0.005398806576259004,Healthy_patient25,0,train
560.6665391921997,0.8462035495149345,38.373435378074646,0.05791631023815607,37.63706088066101,0.0568049139447702,19.67679461836815,0.02969781908713403,6.21316047757864,0.009377407215005238,569.3538131713867,0.8422593039913735,38.13867807388306,0.05641949822155709,35.160312443971634,0.052013527620415445,23.815425634384155,0.035230753452487426,9.515770465135574,0.014076916714166558,523.726523399353,0.8700738654770179,36.181753158569336,0.06010922957668676,26.381808251142502,0.04382845026514347,12.932864874601364,0.021485541079912122,2.7104541109874845,0.00450291360123975,514.399899482727,0.8720962107823853,36.40098464488983,0.061712999573830946,23.083771735429764,0.0391354467239934,13.214580669999123,0.02240355361844577,2.7438256461173296,0.004651789301344534,520.6559100151062,0.8602407002947092,40.03376042842865,0.06614477900650909,28.429427951574326,0.04697181101685893,13.202461205422878,0.02181343619558105,2.922890977934003,0.004829273486341646,512.4442210197449,0.8576276923351822,38.58402442932129,0.06457430189469948,29.550175547599792,0.04945523400099199,13.61214491724968,0.02278131346643308,3.3230470437556505,0.005561458302693197,504.6868095397949,0.8649680411113952,36.2563441991806,0.06213869359578129,29.683846354484558,0.05087428073918306,11.149453297257423,0.01910872365930402,1.6980630680918694,0.002910260894336325,498.74013566970825,0.8920211326564018,34.84244966506958,0.062317425833444386,14.418555915355682,0.02578829265788807,9.460987348109484,0.016921438734775338,1.6503379242494702,0.00295171011749043,497.0143070220947,0.8922227235752712,34.90049493312836,0.06265214945206085,13.932973116636276,0.025011986669175743,9.543281562626362,0.01713176572052611,1.6607801876962185,0.0029813745829660745,502.7749619483948,0.8890230004403251,35.04391622543335,0.061965789682883826,16.462847232818604,0.02911014062035439,9.686055108904839,0.017127196911274935,1.5687260758131742,0.002773872345161753,508.6277666091919,0.8183544372905001,37.68295776844025,0.06062983133150146,60.78532448410988,0.09780028397847051,12.691217571496964,0.02041947942302136,1.7377640819177032,0.0027959679765066606,503.9553437232971,0.8034026259043192,37.94371271133423,0.06048964220445427,70.3969629406929,0.1122264216197995,13.320797950029373,0.021235937242230166,1.6593795330263674,0.002645373029196906,509.4314556121826,0.8246201244853495,37.77620565891266,0.06114859824586727,56.729610443115234,0.09182860208227855,12.135604474693537,0.019643984607509254,1.704255954362452,0.0027586905789954426,508.1860270500183,0.8541838820711581,39.76218795776367,0.06683422656574281,31.833096146583557,0.05350662197990118,12.858609668910503,0.02161337884236364,2.297583520412445,0.003861890540834282,504.999783039093,0.8491162394579569,38.27383637428284,0.06435435638443512,35.718585312366486,0.06005790865230332,12.9227749183774,0.02172859951744729,2.820769799873233,0.004742895987857324,511.0426573753357,0.7135036436108692,44.00122010707855,0.06143328823266172,141.2830908894539,0.1972555493663886,17.88525015115738,0.024970892283792605,2.0317165311425924,0.0028366265062878863,537.211925983429,0.7774198619363923,39.580686926841736,0.057278721260112235,97.83002465963364,0.14157355893560758,14.521388590335846,0.02101445512840649,1.8750129537656903,0.002713402739481316,546.6883244514465,0.7172645159580563,44.426198840141296,0.058287939547464016,152.19796907901764,0.19968636193355593,16.87495133280754,0.02214022736206605,1.9976529916748405,0.0026209551988576885,525.3713479042053,0.7093394614054639,42.904834508895874,0.05792872474610097,153.88090819120407,0.20776504271191262,16.52434827387333,0.0223106424654183,1.9672582396306098,0.0026561286711042353,Healthy_patient26,0,train
450.57241106033325,0.8722324952983965,36.58303451538086,0.07081860916838359,13.528197437524796,0.02618831761148731,12.53866483271122,0.0242727487220284,3.351442259736359,0.006487829199704172,456.6011891365051,0.873980409608011,36.492043256759644,0.06984942587050785,13.278514564037323,0.02541640686396419,12.608651548624039,0.024134221958359105,3.4583016261458397,0.006619535699157786,439.5783052444458,0.8751451861407206,35.44667887687683,0.07056988485026396,12.550732135772705,0.024986931065797656,11.59938158839941,0.023092911634144647,3.1167643573135138,0.006205086309073172,445.10635137557983,0.877342072141802,35.3803813457489,0.0697377087231326,12.382093220949173,0.02440614763269026,11.458762720227242,0.022586185521901225,3.0074241096153855,0.00592788598047387,449.04651641845703,0.8619291960017823,37.22911322116852,0.07145999011977229,15.438397854566574,0.029633468613621036,14.583042107522488,0.027991642957728005,4.681357050314546,0.008985702307096314,459.37981605529785,0.8616872196828411,37.04575204849243,0.06948901533776304,14.625924438238144,0.02743475382244409,15.895091697573662,0.029815409586557307,6.1700798608362675,0.011573601570394419,441.18340492248535,0.879639591215856,35.17046916484833,0.07012352861384859,12.356286019086838,0.02463619044031225,10.661030448973179,0.021256158689201433,2.1790003729984164,0.004344531040781757,437.56953716278076,0.8817574294925011,34.47018790245056,0.06946174652848669,11.770237118005753,0.023718502190496548,10.189267702400684,0.020532650778057864,2.2478359481319785,0.004529671010457817,439.76758098602295,0.8818371508646845,34.35927927494049,0.0688984141887906,11.649268448352814,0.023359515667617632,10.612784177064896,0.021281121588046664,2.305863756686449,0.00462379769086058,440.03895473480225,0.8826364022861489,34.81803286075592,0.06983850617820764,11.696816563606262,0.023461641245203942,10.020335145294666,0.02009893094049942,1.9765137108042836,0.003964519349940098,438.96557235717773,0.8688133508195826,35.261895179748535,0.06979136232223308,15.437626093626022,0.030554595849238097,13.175772234797478,0.026077869304145754,2.4064026568084955,0.0047628217048004875,443.41520833969116,0.8720565964568691,35.06807470321655,0.06896774241120418,16.43313029408455,0.03231873739074202,11.619319170713425,0.022851502922281244,1.9349449016153812,0.003805420818903471,443.8511257171631,0.8740963664416352,35.729936361312866,0.07036460141032998,14.813668578863144,0.02917323653856443,11.205368727445602,0.022067246249456093,2.182729554362595,0.004298549360014246,449.52713346481323,0.8625844580914288,37.07444894313812,0.07114107485384609,16.2284979224205,0.03114038963155201,14.261812321841717,0.02736657420035456,4.047955449670553,0.007767503222818548,452.3414611816406,0.8520469591230804,36.69187891483307,0.06911416824853436,16.07463502883911,0.030278771836561448,17.880078598856926,0.03367957153262175,7.899893634021282,0.014880529259202056,441.6018056869507,0.8454604615817278,36.66508603096008,0.07019645336695979,24.96393331885338,0.04779423071837528,15.803338564932346,0.03025598569927868,3.2868978241458535,0.006292868633658415,451.6742877960205,0.8522355604163172,36.23197889328003,0.06836382249647006,25.2221719622612,0.04759011623633047,14.18459226936102,0.02676400731364004,2.6745790485292673,0.005046493537242177,448.20217514038086,0.8331561242795154,37.613675355911255,0.06991948213911185,32.97453773021698,0.06129586061605226,16.156984396278858,0.03003396959292334,3.0096345683559775,0.005594563372397175,453.5647921562195,0.8173627848550975,38.75751090049744,0.06984436973840627,43.2189325094223,0.07788423538438778,16.368004716932774,0.029496552971743025,3.0032178815454245,0.005412057050365421,Healthy_patient27,0,train
765.0436825752258,0.8174573923077433,51.476333141326904,0.05500301487835122,80.74154233932495,0.08627320524945299,31.630240887403488,0.03379725213447559,6.990229617804289,0.007469135429976934,751.8534574508667,0.8196423793902979,50.764742374420166,0.05534181404176671,81.29566538333893,0.08862547874001345,28.366895407438278,0.03092452314643755,5.013752644881606,0.005465804681484373,611.9915480613708,0.8111058165293388,44.72468078136444,0.05927606163695713,64.07102119922638,0.08491682300235896,29.23713982105255,0.038749577902927476,4.490663031116128,0.005951720928417626,620.7509560585022,0.8107088180873051,45.02028548717499,0.058797078089108785,67.59052640199661,0.08827410612654334,28.046358324587345,0.03662890856157842,4.2810363583266735,0.005591089135464348,646.0822505950928,0.806858635316734,48.27340602874756,0.06028615470332144,70.44536995887756,0.08797557124816348,29.40023347735405,0.03671642772987737,6.536592043936253,0.008163211001903793,650.4014015197754,0.8071241319011531,48.99627923965454,0.06080257400320234,74.14883852005005,0.09201597164786325,27.508359171450138,0.034136858353013166,4.770862365141511,0.005920464094768167,609.6414022445679,0.8122211426013354,45.073123812675476,0.060050619903692634,71.35938721895218,0.0950716319608769,21.89809723943472,0.02917468776747158,2.613476944155991,0.0034819177666235014,601.7141132354736,0.8557100784858379,42.26982891559601,0.06011279746199442,37.54339277744293,0.053391234929598706,19.333476804196835,0.02749453700622967,2.3143972121179104,0.0032913521163393336,602.6460428237915,0.8588375551863789,42.06004095077515,0.05994023054054084,35.78449410200119,0.050996879169967736,18.972709462046623,0.027038218542505165,2.2363986899144948,0.003187116560607339,609.7849540710449,0.8414673805198246,42.13261330127716,0.058140528906769025,46.44852614402771,0.06409623484883144,23.825020492076874,0.032877127338834466,2.4774449728429317,0.0034187283857405023,614.0844802856445,0.7343259681879076,48.362104177474976,0.05783169924309023,139.70248651504517,0.1670570857298001,31.43545014411211,0.03759070307681485,2.671456316486001,0.0031945437623871883,613.2759137153625,0.7693366071753737,47.54118514060974,0.05963901933730351,103.32284998893738,0.12961547824797273,30.2498067766428,0.03794749344102608,2.7592530120164156,0.003461401798323983,639.3466091156006,0.7887524388218238,46.25103533267975,0.057059217013989694,94.72679781913757,0.11686304695504711,27.549796223640442,0.033987775411055104,2.705326968804002,0.0033375217980843143,614.4343113899231,0.7850818317023014,47.82680916786194,0.06110980173135766,85.78790283203125,0.10961387188960085,29.071098744869232,0.03714504712569136,5.517160475254059,0.007049447551048714,624.4225015640259,0.8075657652520452,47.93219029903412,0.06199071276594143,67.882355093956,0.08779226549532129,28.096072256565094,0.03633665672780573,4.882547462359071,0.00631459975888639,629.6757545471191,0.5189130990225033,66.62972259521484,0.05490926971415629,463.4688355922699,0.3819426872335435,50.249950617551804,0.04141076961020312,3.4269980117678642,0.0028241744195938337,618.0424561500549,0.6733916885087134,53.40781331062317,0.058190788071146464,210.13309288024902,0.22895171167955145,33.13794741779566,0.036105639901160044,3.0839835004881024,0.003360171839428594,638.9877605438232,0.6490598964245006,56.071770668029785,0.056955609965292565,251.4319338798523,0.25539516566479925,34.88793620467186,0.035437862284243074,3.102561098523438,0.0031514656611645693,632.6371803283691,0.5608568081837133,62.04736113548279,0.05500733438494138,387.519695520401,0.3435508792339474,42.35082099586725,0.037545605959126656,3.428361490368843,0.0030393722382712185,Healthy_patient28,0,test
596.3722352981567,0.8741205669955531,39.07286512851715,0.05727026343405251,13.162952244281769,0.019293331577306796,22.706585705280304,0.03328171969862006,10.939341012388468,0.016034118294467607,605.251407623291,0.8890879159941033,38.917506873607635,0.057168119968219466,12.542179137468338,0.01842391404779169,17.725239783525467,0.02603760404542343,6.319075282663107,0.009282445944462094,510.8387179374695,0.8862351734647599,34.567970871925354,0.05997069248332804,11.281597942113876,0.019572026469639715,13.94928877055645,0.024200104493249018,5.776826921850443,0.010022003089023302,513.2599244117737,0.8914512647100399,34.48349070549011,0.05989236630203758,11.023205250501633,0.019145563084785856,12.615856900811195,0.02191174696235653,4.375216651707888,0.0075990589407801306,531.0381259918213,0.8716727046417208,36.36937141418457,0.05969851653779338,13.464595139026642,0.0221014640706266,17.672818392515182,0.02900905349888741,10.672428511083126,0.017518261250971872,535.9192590713501,0.8781179141447832,36.47683036327362,0.05976825361476038,12.882220596075058,0.021107859976855856,16.992552623152733,0.027842747975309765,8.033574186265469,0.013163224288290804,513.3293504714966,0.900087696963315,34.41065716743469,0.06033671975386158,10.82086929678917,0.018973649793338328,9.732207253575325,0.017064755804814803,2.01728912582621,0.0035371776846702513,499.3870530128479,0.8993063794488434,33.47491121292114,0.060282302121455085,10.556313544511795,0.019010024502572456,9.870076075196266,0.017774234086603447,2.014115285128355,0.0036270598405256527,497.55456352233887,0.8988619790024075,33.77753400802612,0.061021128716694684,10.210932344198227,0.018446657969309596,9.923690803349018,0.017927739002851703,2.071614623069763,0.0037424953087365474,503.3155241012573,0.9020378144960597,33.617735266685486,0.06024942008776068,10.220494657754898,0.018317083862279485,9.042660273611546,0.01620617906631051,1.7796660964377224,0.003189502487589587,501.49175786972046,0.8859360645404994,34.11459457874298,0.06026689210780162,16.073204219341278,0.02839494581352271,12.253100715577602,0.021646345440431494,2.125975899398327,0.0037557520977447452,501.0374126434326,0.8916147829443297,34.09186398983002,0.06066774485180419,13.853684216737747,0.024653148316244444,10.99491174519062,0.019565855965643714,1.9659424107521772,0.003498467921977903,501.7460370063782,0.8920003607796583,34.06813955307007,0.0605660842958366,13.988593369722366,0.02486881691590455,10.631437331438065,0.018900489960678116,2.061122413724661,0.0036642480479224322,514.0779685974121,0.878646490340717,36.08945047855377,0.061682995456549525,15.480896949768066,0.02645948008499911,15.471540570259094,0.0264434884445865,3.959551617503166,0.006767545673147876,511.40362548828125,0.8692588260500683,36.0839124917984,0.061333666498679974,14.833863139152527,0.02521387376911074,18.185593381524086,0.03091098061487982,7.814469903707504,0.01328265306726112,509.51607942581177,0.8473204119003185,36.04403638839722,0.05994089095987736,35.18007665872574,0.05850413411633379,17.68244604766369,0.029405740218043725,2.903698328882456,0.004828822805426675,507.3931655883789,0.8570419606576449,35.64992702007294,0.06021658434274552,30.259686529636383,0.05111188488747604,15.811654008924961,0.02670759456788342,2.913949219509959,0.004921975544250075,508.3278560638428,0.851467287163515,35.77526676654816,0.05992484767043348,33.816908061504364,0.05664452699946229,16.380365900695324,0.027437697048927998,2.7018177695572376,0.004525641117661179,518.1152520179749,0.8595743675652285,35.86684775352478,0.05950456554640243,30.03223079442978,0.049824697673249284,15.969646587967873,0.026494296032838004,2.773936027660966,0.004602073182281759,Healthy_patient29,0,train
534.7632913589478,0.7394003256840975,43.984973549842834,0.06081663474939272,95.69147223234177,0.13230957860623244,33.837692618370056,0.04678630965644828,14.961758516728878,0.02068715130382902,529.6281251907349,0.7372402130599635,44.976285099983215,0.06260680736661405,94.85232883691788,0.1320340589838947,33.97897323966026,0.047298593634438196,14.95717479288578,0.0208203269550896,524.7551951408386,0.803356936808951,41.02032220363617,0.06279873109895533,63.010301887989044,0.09646357688475356,20.226921498775482,0.030965749070802844,4.190301524475217,0.0064150061365372615,506.7795100212097,0.7807249243973333,42.541136503219604,0.06553723053811457,73.23067420721054,0.11281634607049798,21.06060855090618,0.03244515946980553,5.502110995352268,0.008476339524248632,506.23358249664307,0.7696507670334961,41.65527367591858,0.06333047518804924,80.58418810367584,0.12251593795671768,23.016019865870476,0.03499233941861782,6.255466468632221,0.00951048040311911,527.8780493736267,0.7666415792680116,44.20071744918823,0.06419306101140906,87.98973435163498,0.12778820597437868,23.539845809340477,0.034187109292406,4.950770664960146,0.007190044453794664,519.0588335990906,0.7818978793764415,44.20787167549133,0.06659368625929322,78.10666346549988,0.1176580198151756,18.157521188259125,0.02735205798038361,4.313900152221322,0.006498356568706068,490.04555463790894,0.8378495225468738,37.67035961151123,0.06440644653535266,40.58280834555626,0.06938597090439813,14.543245747685432,0.02486514037451791,2.0429560388438404,0.003492919638857492,486.9680242538452,0.8381093808862746,37.16385245323181,0.06396184517176956,40.4686079621315,0.06964958328925347,14.396369434893131,0.024777257793416805,2.0347336092963815,0.003501932859285513,491.1860399246216,0.8720396813736043,35.671265959739685,0.06332989310221072,21.04392296075821,0.03736086611168035,13.290437057614326,0.023595516881580212,2.06944527849555,0.003674042530924358,493.48648166656494,0.7242517942493131,47.64796030521393,0.06992921189417318,118.1440823674202,0.17339089683992054,19.379220098257065,0.028441376711912405,2.7164483293890953,0.003986720304680835,493.8951954841614,0.7985140382121879,41.50509965419769,0.06710412458818,64.95048308372498,0.10500987457506224,15.873578555881977,0.02566389677289782,2.2935049617663026,0.0037080658516720284,494.55303287506104,0.7425332355653292,46.637662410736084,0.07002285309570831,106.38818675279617,0.1597336570281214,15.99303413927555,0.024012307268456524,2.4629617067985237,0.0036979470423844944,495.95418643951416,0.7769957080844498,43.5280202627182,0.06819397002845903,77.9422578215599,0.12210966549255976,17.358785293996334,0.02719545885442295,3.513952186331153,0.005505197540108397,498.68711376190186,0.7807373033695699,42.01695263385773,0.06578113087323005,73.07016199827194,0.11439758449933862,19.943350337445736,0.031223019670899556,5.021100219339132,0.00786096158696186,499.65997219085693,0.6578859370969597,58.67171788215637,0.07725113126581808,176.1415472626686,0.2319198121364536,21.42547807842493,0.02821022596941353,3.594601004384458,0.004732893531355032,495.13909673690796,0.6762612259259245,52.1589891910553,0.0712387735201255,159.1932289004326,0.21742619163946966,21.32906688004732,0.029131250210728227,4.350971246138215,0.005942558703752123,499.5536370277405,0.6252665673965011,61.32827305793762,0.07676156459884322,211.76685047149658,0.265058087596964,22.306345015764236,0.027919748241957948,3.9899573428556323,0.004994032165733724,502.8009157180786,0.6564419437718475,54.75656247138977,0.0714885418449354,180.45261865854263,0.23559357997938205,23.0679731965065,0.03011686075067173,4.870724800974131,0.006359073653163278,Healthy_patient3,0,train
83.13588309288025,0.6330118084788822,18.640299558639526,0.1419306476966145,19.675475284457207,0.14981266487036854,8.403224913403392,0.0639836903343585,1.4789753493387252,0.011261188619776265,70.89477932453156,0.6478241269156526,12.855784550309181,0.11747391671812375,15.748969942331314,0.14391134015676765,8.329486729577184,0.0761133967783813,1.6062048161402345,0.014677219431074648,64.61454319953918,0.466319794045389,30.347201824188232,0.21901417550546473,22.301704570651054,0.16095024072415445,18.08950813487172,0.13055103835967272,3.2097711632959545,0.02316475136531914,52.291906118392944,0.45931331166533185,19.00024390220642,0.1668913144878044,22.14727309346199,0.1945336879838174,16.863353807479143,0.1481216398109656,3.545232248492539,0.031140046052080737,49.4740788936615,0.577620294995961,11.557940125465393,0.13494138615832424,11.388374879956245,0.13296167619055352,10.101479403674603,0.11793690036326662,3.1296859001740813,0.03653974229189459,50.13837945461273,0.6058183529759451,9.075064718723297,0.10965333983368812,11.587195441126823,0.1400072306706358,8.943198587745428,0.10806001106735574,3.017569088144228,0.036461065452375235,62.50078999996185,0.4628088652962956,28.076491057872772,0.20790215560481107,23.404522836208344,0.17330693990641452,17.75391487404704,0.13146504544070164,3.310938041191548,0.02451699375177714,57.305140376091,0.3243086839000723,23.282893776893616,0.13176557266265654,56.44983631372452,0.3194682362023612,34.45321474969387,0.19498210209884775,5.208285540342331,0.029475405136062203,53.28612017631531,0.3442504791275757,18.51217257976532,0.11959632750873807,48.66685938835144,0.31440813492593145,29.45429377257824,0.19028697735965616,4.86935876775533,0.031458081078098624,67.8403754234314,0.4126628066475851,25.308679163455963,0.15394889121630298,39.31543546915054,0.23914988447525695,27.804279804229736,0.16912925480163657,4.127861797809601,0.0251091628592184,53.763866782188416,0.20580070679549578,24.87797847390175,0.09522948887426931,135.70115113258362,0.5194453912548612,41.3519134670496,0.15828945215831042,5.547471763566136,0.021234960917063252,64.84659576416016,0.2400534500349625,29.46865087747574,0.10908901581728997,138.64336705207825,0.5132392563266898,32.920587833970785,0.12186762610430533,4.25478636007756,0.015750651716752405,62.52930498123169,0.2813924757091846,23.10100308060646,0.10395843117348698,98.11239278316498,0.44152240475555193,34.01811819523573,0.15308730043934168,4.4530295128934085,0.020039387922434863,44.45799267292023,0.3616653112703685,11.776865124702454,0.09580467616813992,21.723670095205307,0.17672183188115037,34.64938057214022,0.28187235312541653,10.31787757948041,0.08393582755492471,38.97213804721832,0.3898302748983469,10.415755063295364,0.10418665392898796,18.7348675429821,0.18740102366506212,24.9859971255064,0.249929786152461,6.8633084166795015,0.06865226135514206,48.234310269355774,0.22456520785035483,21.059212148189545,0.09804569251252333,110.54957926273346,0.5146873482023689,30.246711798012257,0.1408200735903489,4.699960641562939,0.021881677844403955,54.33606958389282,0.2569491654255847,24.14033281803131,0.11415692040647239,103.26760756969452,0.48834090841925,25.483668692409992,0.12050940475896908,4.238544601947069,0.020043600989723822,53.353968143463135,0.2310591617902799,27.359620988368988,0.1184858654837806,90.20492446422577,0.390648998777669,53.41536572575569,0.23132505530099914,6.57654089294374,0.028480918647271328,60.828646659851074,0.24337704540077582,36.01191908121109,0.14408465330828774,108.4699832201004,0.4339913096933003,39.66088002920151,0.15868424384777083,4.964412574656308,0.019862747749865337,Healthy_patient30,0,train
17.154726557433605,0.46600763263502126,3.8736810833215714,0.10522843049570635,12.100988768041134,0.3287229970969274,3.2120951442047954,0.08725646829390549,0.47062343411380425,0.012784471478439457,15.156551748514175,0.4295985258611575,4.489603832364082,0.12725369332594333,12.115218125283718,0.34339472021520234,2.999180165119469,0.08500900462756347,0.5201811315491796,0.014744055970133408,27.455277524888515,0.4330824704597995,9.271224588155746,0.14624528363212863,19.40641114115715,0.3061187952717678,6.21526762098074,0.0980402931066008,1.0468521672300994,0.016513157529703303,24.057353496551514,0.4022219662942619,10.361373394727707,0.17323484816955562,18.35358426719904,0.30685897156386827,5.992377803660929,0.10018832633905835,1.0464489480946213,0.017495887633255873,17.977597527205944,0.4695797125020753,3.8723088651895523,0.10114575548168668,11.487294284626842,0.300051235402207,4.424850352341309,0.11557828865468382,0.5223915233509615,0.013645007959347201,25.628163181245327,0.5075358446390931,5.693625949323177,0.1127556132217658,13.738472677767277,0.27207440834715707,4.681464866735041,0.09271094492739035,0.7535505589330569,0.01492318886459367,28.444636657834053,0.419597600006356,13.055167019367218,0.19258170933605231,18.832331031560898,0.2778028420057829,6.145931662991643,0.09066096384409687,1.312208542600274,0.019356884807711906,32.123581260442734,0.23384222357794343,17.3862122297287,0.12656218167070454,70.95685575902462,0.5165273695440094,15.121944595128298,0.11007954313306004,1.784292749594897,0.012988682074282611,28.392833650112152,0.272420761431063,16.401589423418045,0.15736835338340963,44.898765079677105,0.4307902452093486,12.78776852414012,0.12269482085796223,1.7432349773589522,0.016725819118216537,36.305641889572144,0.2958098164024007,19.685738623142242,0.16039476028462477,54.48586231470108,0.44393796911403827,10.815888153389096,0.08812530841940265,1.4399220703635365,0.01173214577953361,46.104209899902344,0.12016732967501177,33.02572590112686,0.08607919538657342,269.45041808485985,0.7023032666945603,32.22670092061162,0.08399659385277405,2.85970407538116,0.007453614391080378,38.883354902267456,0.11505452275095736,35.51590973138809,0.10509036718878009,236.91749891638756,0.7010308096533582,24.94265316799283,0.07380446115308639,1.696484297979623,0.005019839253817993,41.2485174536705,0.11117100004786264,31.995521783828735,0.08623277570537015,271.0484266281128,0.7305165496794275,25.009559769183397,0.06740455031916553,1.7346425242722034,0.004675124248174152,20.2942596077919,0.26088436079710087,8.759430766105652,0.1126031962005916,23.594210650771856,0.30330550032854803,19.99284266680479,0.2570096214618138,5.149506156332791,0.06619732121194571,17.305003881454468,0.2872636850053514,8.94257079064846,0.1484469958135013,19.274360485374928,0.31995507525335326,11.995430437847972,0.19912457543534184,2.723468122072518,0.045209668492452226,54.08409810066223,0.11598981101734347,62.567442297935486,0.1341833563438348,297.21008437871933,0.6374025403062837,46.59748975932598,0.09993388483630161,5.82406694535166,0.01249040749623639,30.623259782791138,0.0933545091531015,43.499587059020996,0.13260778333401135,224.58213686943054,0.6846349898968671,26.77777209877968,0.08163160252129593,2.549173880368471,0.007771115094724101,32.617986142635345,0.08314791573152797,41.35874807834625,0.10542936908924647,273.23354279994965,0.6965114122131852,39.394372552633286,0.1004218946865407,5.684030854143202,0.014489408279499603,35.49945688247681,0.07053511670540187,45.82224524021149,0.09104582716354953,387.5106934905052,0.7699585962802752,31.306242786347866,0.06220347246024193,3.149064812809229,0.0062569873905314825,Healthy_patient31,0,test
48.99211937189102,0.6696591941507158,7.7621583342552185,0.10609871060140212,12.852997988462448,0.17568393418621586,2.919876986183226,0.03991095904106847,0.632627398124896,0.008647202020597744,43.25246852636337,0.6362692449803765,7.413659706711769,0.10905929360438157,13.57842980325222,0.19974668668143958,2.9971839340869337,0.04409033804964074,0.7365060237934813,0.010834436684161628,65.56784182786942,0.6974047132629057,10.415210545063019,0.11078017395815959,11.127512946724892,0.11835649549534842,5.542086880654097,0.05894776164857453,1.36426592618227,0.014510855635011758,48.42346388846636,0.6660689802171453,6.461120590567589,0.08887327872148333,10.838454462587833,0.14908388891083288,5.704295152798295,0.0784630786437178,1.2730397807899863,0.017510773506820676,34.48719283938408,0.6312934616348836,6.463904768228531,0.1183227882831097,6.00434972345829,0.10991056127536464,5.556084046140313,0.10170498790544388,2.1178841565269977,0.03876820090119815,33.98294934630394,0.6490112014345772,5.448615163564682,0.10405842757860498,8.011872053146362,0.15301187233527083,3.8759964145720005,0.07402433097088103,1.0416807769797742,0.019894167680665927,50.20442262291908,0.6419185203511443,8.459259539842606,0.1081608966578,11.85221740603447,0.15154357848721647,6.260355635546148,0.08004550229818122,1.433706077747047,0.01833150220565799,57.63657343387604,0.5360030090374323,19.380970418453217,0.18023726678121124,19.713394209742546,0.18332870927668038,8.718754077330232,0.08108182256649656,2.0806247843429446,0.019349192338179545,54.09249156713486,0.5505464014079698,13.716086775064468,0.1396005618642862,20.73198300600052,0.21100744867406998,8.023898594081402,0.08166620483272315,1.6879152050241828,0.017179383220950806,67.30007600784302,0.5685174837652088,20.98482197523117,0.1772693122252783,20.124702006578445,0.1700034476182655,8.34997852705419,0.07053645498321807,1.6186207993887365,0.013673301408029248,74.58003807067871,0.45413626482243097,15.793880313634872,0.09617283656907354,58.611477077007294,0.3568997544658319,13.147446789778769,0.0800580494663115,2.091078734025359,0.012733094676352075,64.45192289352417,0.31147471057793,14.269803702831268,0.06896121603207939,112.64999923110008,0.5443999857859382,13.8500947766006,0.06693290236111821,1.7032384928315878,0.008231185242934192,70.43277513980865,0.36823506482183643,16.327829033136368,0.08536479175330089,88.66717982292175,0.4635677728848854,14.128069572150707,0.07386405837880868,1.7153801312670112,0.008968312161168583,37.49188792705536,0.3105677733341604,9.859616532921791,0.08167311175462307,13.789974391460419,0.11423062101923136,47.15424843132496,0.39060689520504005,12.424743887037039,0.10292159868694511,27.721127092838287,0.48120925728712843,5.748828589916229,0.09979354471266398,11.121443122625351,0.19305641387078384,10.2654779702425,0.1781977699973813,2.7503422731533647,0.04774301413204245,67.22429764270782,0.4735454684882751,11.300577968358994,0.07960421567595698,41.941611498594284,0.2954476396587464,17.406857166439295,0.12261843739298836,4.086197343654931,0.028784238784033158,53.884489476680756,0.3152836314986385,10.525781512260437,0.061587418787420696,88.11823451519012,0.515588757525873,15.239146899431944,0.0891657993247463,3.1403304198756814,0.018374392863321567,70.15237188339233,0.2763554653339196,15.379581034183502,0.060585710208163224,143.1553966999054,0.5639406795229107,23.079799000173807,0.09091964278995857,2.0811760341748595,0.008198502145047965,68.4404935836792,0.2152979120044361,13.891464293003082,0.04369932331523909,207.6538560986519,0.6532308476566955,25.56801486387849,0.08043104200528624,2.333571677096188,0.007340875018343065,Healthy_patient32,0,train
23.17829132080078,0.5848261667853731,6.334602773189545,0.15983237964688957,3.8497750889509916,0.09713611659702112,5.46930468827486,0.1379994949392391,0.800813847919926,0.020205842031477007,16.656465247273445,0.4790670370619998,6.114648796617985,0.1758672466326559,3.7337488159537315,0.10738868996742905,7.3402230753563344,0.21111675663962984,0.9234620104543865,0.026560269698285385,13.904185332357883,0.5125319214700478,4.793322399258614,0.17669001676783763,3.208143714815378,0.11825763417291453,4.575645841658115,0.16866608860094737,0.647130717872642,0.02385433898825274,29.89911139011383,0.2937030293729781,16.838175803422928,0.16540368635220717,22.20105528831482,0.21808397943261462,31.83936896547675,0.3127624428857283,1.0227754388470203,0.010046861956471788,24.778321601450443,0.503119022503472,10.228872880339622,0.2076952833063356,4.823256216943264,0.097935283599283,8.593234965577722,0.1744839721416418,0.8257374208187684,0.01676643844926761,28.246073186397552,0.3612434169812224,13.645143866539001,0.17450986418610143,13.753507569432259,0.1758957444127642,21.473985634744167,0.2746341374855732,1.0725365825928748,0.013716836934338743,33.86365467309952,0.41643772537386775,13.648521080613136,0.16784245907287912,15.828737586736679,0.19465363498986848,16.848753434605896,0.20719726277111275,1.127785054501146,0.013868917792271881,31.254987448453903,0.6347461952312291,7.362839892506599,0.14952924283117772,3.8514387160539627,0.07821747089847046,5.951189704239368,0.12086055155501477,0.8196778279962018,0.01664653948410797,37.10046947002411,0.3463942355890782,14.747601479291916,0.13769324793367266,28.88682520389557,0.26970628345238085,25.249112999998033,0.23574222434039976,1.120745078427717,0.010464008684468496,41.521413803100586,0.48891598765798133,15.506500393152237,0.1825895426101981,12.448755577206612,0.14658449871204232,14.50141215045005,0.1707545961126039,0.947375314659439,0.011155374907174338,29.21637013554573,0.5264371733843299,9.737369261682034,0.17545345730963094,6.440534096211195,0.11604920628280813,8.978880560956895,0.16178657652323594,1.1251496609766036,0.02027358649999511,45.95006275177002,0.4599193263600441,12.382389396429062,0.12393672280053714,19.088687419891357,0.19106081109575201,21.44523292966187,0.21464773913207316,1.0425900488626212,0.010435400611593537,34.948575019836426,0.455237601445223,15.042600154876709,0.19594381774131817,9.32686062157154,0.12149100946084877,16.419766415841877,0.21388268549421585,1.032163425348699,0.013444885858394193,19.33775618672371,0.5764102976173657,5.318203926086426,0.15852239930141995,2.764357078820467,0.08239859222227267,5.496787051670253,0.16384551701855637,0.631491724983789,0.018823193840385253,42.327293276786804,0.40044218547542876,14.249678447842598,0.13481070813251347,21.093067705631256,0.19955337269478648,26.896002049557865,0.254452694880521,1.1353426701389253,0.010741038816750276,22.03484880924225,0.42678992465003407,7.8337880074977875,0.15173155134343289,7.668467231094837,0.1485294761980611,12.064914343878627,0.2336836494005492,2.02724353922531,0.03926539840792272,44.89524447917938,0.41102422511700953,14.458978325128555,0.13237460740024976,21.924012422561646,0.2007183683255845,26.72631180472672,0.2446843029191625,1.2231863614870235,0.01119849623799371,27.751184910535812,0.5101544729711045,10.658146515488625,0.19593041291702207,6.1717264000326395,0.11345583401504251,8.924960684031248,0.16406898043193788,0.8915931562660262,0.01639029966489298,40.02849578857422,0.44056690324172215,11.950955986976624,0.13153618606531084,16.69274304807186,0.1837258674456115,21.237627542577684,0.23374837385983696,0.9469703116919845,0.010422669387518508,Healthy_patient35,0,train
93.99596643447876,0.7670493158989063,10.829850971698761,0.08837644948221449,11.514800049364567,0.0939659416846844,5.09777252189815,0.04160011406719149,1.1038827111478895,0.009008178867003253,87.04736690223217,0.7509698625203329,10.956161618232727,0.09452034538202433,10.809330128133297,0.09325360949031758,5.839230617508292,0.050375862821673396,1.2611733648227528,0.0108803197856518,43.341117680072784,0.5303845899315979,14.731344997882843,0.1802740398509692,10.772154405713081,0.13182365852509767,11.364553734660149,0.13907311336100295,1.5072261185850948,0.018444598331332347,40.68790066242218,0.5097650909187519,15.572783172130585,0.19510618882656736,9.60592556744814,0.12034942674669458,12.595364540815353,0.15780310720807128,1.3549876092001796,0.016976186299914948,48.32201099395752,0.6566951684116317,8.134657144546509,0.1105498288176965,8.516727678477764,0.11574215977545574,6.580816528759897,0.08943316575091272,2.029412627220154,0.027579677244303435,42.489884465932846,0.6330462870697028,7.566242128610611,0.11272757143944741,7.101957760751247,0.10581031339292282,8.217716183513403,0.12243372236836125,1.7439114535227418,0.025982105729565743,39.32881385087967,0.47674826414317817,17.747285842895508,0.21513457667282246,11.546645194292068,0.13996971975631517,12.486122712492943,0.15135817092349396,1.3850118927657604,0.016789268504190217,29.926307797431946,0.3488444625947567,14.030204564332962,0.1635470437739477,18.647570297122,0.21737067208657435,20.3479419387877,0.23719153457196038,2.834940672852099,0.03304628697276091,31.23970353603363,0.36159641425548966,14.754734635353088,0.17078456366530395,18.529450431466103,0.21447651788419217,19.872499734163284,0.23002217795947008,1.9974538153037429,0.023120326235544175,30.883817672729492,0.3506609161760566,19.14305317401886,0.21735397597350067,19.461125522851944,0.2209654317343785,16.903563246130943,0.1919263686031317,1.6816080743446946,0.019093307512932544,32.183761179447174,0.24446935382510102,18.950020283460617,0.1439452395833914,55.33415101468563,0.4203207968016968,22.75576241314411,0.17285383463793216,2.423731160350144,0.018410775151878625,33.63317942619324,0.2356501986644656,14.881520092487335,0.10426707275532758,69.03554666042328,0.4836961763052696,23.443185281008482,0.16425420858353865,1.7315890016034245,0.01213234369139854,32.40867292881012,0.2447398180471305,20.283743053674698,0.15317626843825702,56.72574786841869,0.42837450463954885,21.316530955955386,0.16097554870624836,1.6862295339815319,0.012733860168815296,23.179628245532513,0.20404334048770978,7.797714680433273,0.06864095207705982,14.199512869119644,0.12499406843040314,52.374403074383736,0.46103621879297,16.050234764814377,0.14128542021185725,26.583849251270294,0.2715539889085377,6.373855069279671,0.06510892205368231,14.17577140033245,0.144805488220706,38.28477020561695,0.39107888272746033,12.477017398923635,0.1274527180896137,25.7666717171669,0.21142499658061262,14.369243294000626,0.11790491405515953,57.099381655454636,0.46852137923643944,20.878380484879017,0.17131477324963673,3.7577767157927155,0.03083393687815169,27.03451097011566,0.23918989883359315,7.350966185331345,0.06503823428292056,55.25134998559952,0.4888405352729951,21.08932241052389,0.18658938937043615,2.299154200591147,0.020341942240055044,25.051496624946594,0.16944327798738149,13.097994148731232,0.08859219458411473,87.80677431821823,0.5939073378618487,19.416422503069043,0.13132877148871702,2.4732282920740545,0.016728418077938054,24.786914587020874,0.16218795513167472,10.53907424211502,0.06896021262785902,96.5743960738182,0.631914220799821,18.642803475260735,0.12198525810701263,2.2851432133466005,0.014952353333632656,Healthy_patient36,0,train
15.841509006917477,0.620553728938779,1.9118639826774597,0.07489275946856919,1.1861982494592667,0.0464665169613052,4.32616912946105,0.16946746576570446,2.2622812485788018,0.08861952886564209,17.14237168431282,0.6096287509267542,2.36203658208251,0.08400036107582413,1.3610244113951921,0.04840168135305092,4.695079248398542,0.16696962068105253,2.5588503221515566,0.09099958596331818,22.04054629802704,0.5393152141069569,6.7397686541080475,0.16491695466944997,2.6204320304095745,0.0641199561219394,6.327605033293366,0.15483162790844016,3.1392996311187744,0.07681624719321355,37.86429297924042,0.7008238090262039,6.977100268006325,0.12913797145143555,2.2396348230540752,0.04145302299401266,5.018077461048961,0.09287874890913714,1.9291573381051421,0.03570644761921077,12.263201519846916,0.3563164212262039,3.8707959353923798,0.11246884859257912,2.2989862374961376,0.06679875131034665,10.584977474063635,0.3075543760912949,5.398643820546567,0.15686160277957548,8.983690172433853,0.39610748293951237,2.821782611310482,0.12441760413759519,1.9534025266766548,0.08612912323978196,6.572350764647126,0.2897870772935008,2.3487043967470527,0.10355871238960973,20.749584317207336,0.5493338413221099,7.09296678006649,0.18778239737712757,2.693111687898636,0.07129865186725544,5.000199843198061,0.13237754285826042,2.236403990536928,0.05920756657524661,28.40020328760147,0.5682266034216945,7.419253796339035,0.14844321154763424,3.242528934031725,0.0648759864154135,6.6116861663758755,0.13228553102822735,4.3067460441961884,0.0861686675870304,33.76568856835365,0.7048762033915801,6.174823671579361,0.1289026361012704,2.3789014033973217,0.04966079652352147,3.646911833435297,0.07613116972431512,1.936679910402745,0.04042919425931295,29.984950125217438,0.607191545552542,9.378096774220467,0.18990530419096174,3.6145045161247253,0.07319327110391517,4.4197710901498795,0.08949982001002538,1.9856940149329603,0.04021005914255572,41.37093260884285,0.6927248916060803,6.862436950206757,0.11490630238945682,3.8202954083681107,0.06396794937369497,5.316685635596514,0.08902386889472669,2.3516734070144594,0.03937698773604122,41.10481286048889,0.7168804674399358,5.87459259480238,0.10245468577304273,4.197104297578335,0.07319877847283146,4.3987586963921785,0.0767156926642094,1.7631787918508053,0.03075037564998059,48.644309759140015,0.721178741650952,7.135669216513634,0.1057902347033676,4.851726919412613,0.07192952951539416,4.925264339894056,0.07301976236338106,1.894144100137055,0.028081731766905146,17.12662624567747,0.44387741617359683,5.200450174510479,0.1347820845324888,1.7336476631462574,0.044931619002719414,10.019480392336845,0.25967876008708746,4.503930741921067,0.11673012020410754,15.57849933207035,0.5573599648950334,3.424098864197731,0.12250574218131324,2.502765581011772,0.08954272851567624,4.309744793921709,0.1541919510887526,2.1354087125509977,0.07639961331922454,31.360846042633057,0.6851040115786938,5.780677333474159,0.1262837496610044,2.3430866189301014,0.05118669438710695,4.38313374761492,0.09575323668547342,1.9075626526027918,0.04167230768772147,35.04899378120899,0.7029167144386541,4.255746863782406,0.08535011366221731,3.3282743133604527,0.06674940968925007,5.125887434929609,0.10280100983312211,2.103326034732163,0.042182752376756415,34.81584095954895,0.6990335653777277,5.68725349009037,0.11418885699196109,2.839544788002968,0.057012470832276396,4.52228269726038,0.09079853625207061,1.9407564816065133,0.03896657054596423,36.331334948539734,0.7070508211807074,5.269977018237114,0.10255999631243311,3.062306448817253,0.05959611152219004,4.626526270061731,0.09003768243293635,2.0941884629428387,0.040755388551733114,Healthy_patient37,0,train
14.96334932744503,0.4776064078111067,5.464312791824341,0.1744122085603358,5.029755067080259,0.1605418143484654,4.464590296149254,0.14250265011063937,1.407868086011149,0.044936919169452784,12.886175960302353,0.38422020589357364,5.985046938061714,0.1784529385528287,6.928680561482906,0.20658875682784802,5.691146222874522,0.16968985836136113,2.0474674557335675,0.06104824036438849,23.020359486341476,0.4384051889434183,11.632096320390701,0.22152440269990667,9.406966991722584,0.17914851172665408,6.8097744304686785,0.12968696025894,1.6401253496296704,0.031234936371080945,23.03760254383087,0.4033521837707246,13.282958701252937,0.23256371355887623,13.1803879737854,0.2307678614585429,6.098572801798582,0.10677641706901148,1.5158314366126433,0.02653982414284476,12.428406357765198,0.5016565220562783,3.518984407186508,0.14203924687226652,2.783634278923273,0.11235779156583536,4.503929125145078,0.1817952644505045,1.5397787634283304,0.062151175055115325,13.888136774301529,0.3855247270430693,6.553272098302841,0.18191413851943625,7.038447812199593,0.1953822687450891,6.5502709075808525,0.1818308276151226,1.9938568633515388,0.05534803807728278,24.085853695869446,0.410465683591139,13.79349359869957,0.23506560533792373,12.692862212657928,0.21630889362000275,6.438561107963324,0.10972450550825649,1.6685652190353721,0.028435311942678045,30.004155039787292,0.42680630474002196,11.377393811941147,0.16184236496602966,18.715280562639236,0.26622311904869556,8.169509019702673,0.11621050323249815,2.0328926376532763,0.028917708012754697,35.30546274781227,0.3622128304082323,15.29556168615818,0.15692327078676727,36.44270598888397,0.373880262617055,8.417482757940888,0.08635831447514992,2.010383029701188,0.02062532171279549,38.80703154206276,0.36684527697078073,17.62732681632042,0.16663221409188497,38.72854506969452,0.3661033394777473,8.442734885960817,0.07980969671112702,2.180190148879774,0.020609472748459954,41.38418883085251,0.29643450589871334,15.436295494437218,0.11057002099286453,69.15895143151283,0.4953848359784633,11.266316451132298,0.08070050530989592,2.360764602199197,0.01691013182006292,46.30473989248276,0.22136137344651846,22.68798753619194,0.10846069092300992,127.11278229951859,0.6076669502466574,11.215944554656744,0.053618201870557915,1.860207230783999,0.008892783513256274,46.599864065647125,0.24442380856990456,19.14165836572647,0.10040108772643191,111.51719546318054,0.5849256898635237,11.386584721505642,0.05972447473910128,2.00659966096282,0.010524939101038572,18.306998372077942,0.3133210674154954,7.933204084634781,0.13577539699866178,7.51962873339653,0.12869712737340488,18.366013139486313,0.31433109481277044,6.303033508360386,0.10787531339966751,23.043139725923538,0.3095025809434912,11.09175917506218,0.14897831340333142,19.45820191502571,0.26135169880712394,16.110648319125175,0.21638922884421805,4.7484239474870265,0.06377817800183538,37.54668182134628,0.2562605205746313,27.13239499926567,0.18518178783498787,58.2958841919899,0.3978762677746019,19.359749265015125,0.132132566293157,4.182910685427487,0.028548857522621974,45.476191222667694,0.14830893935643857,35.021729707717896,0.11421439324035869,205.83086922764778,0.6712646130036992,17.339874155819416,0.05654955429384882,2.9628268154338,0.009662500105654734,48.00127601623535,0.17841782332437006,31.238030910491943,0.11610986087337091,174.55366024374962,0.6488053380801347,13.05890715494752,0.04853916360041613,2.186695487005636,0.008127814121708161,47.23667711019516,0.1496076564646034,28.3901287317276,0.0899170069980526,223.88820526003838,0.7090970776983607,13.761500027030706,0.04358532171259102,2.4605188228888437,0.0077929371263922844,Healthy_patient38,0,val
62.9573478102684,0.8363802914166268,2.592646211385727,0.034442972412909265,7.881953375414014,0.10471073973649549,1.5619070902466774,0.0207497353802624,0.27973631386703346,0.0037162610537059882,62.408716678619385,0.8376464318595663,2.3757622838020325,0.031887353335933566,7.6989544946700335,0.10333495230673263,1.687174843158573,0.022645169817747102,0.3342356350040063,0.004486092680020412,36.929382503032684,0.6385346145657258,5.78187420964241,0.09997261177108341,11.420547157526016,0.19746917449165874,3.2537322393618524,0.056259285169211255,0.44904585456242785,0.007764314002320784,32.964771300554276,0.6139726082304895,5.48198102414608,0.10210251898845801,10.970846347510815,0.20433325883149375,3.6211017509922385,0.06744343124526135,0.6522474442608654,0.012148182704297449,51.86341813206673,0.8202720694004236,2.8267353549599648,0.044707659903093104,6.0626306012272835,0.09588659460538466,2.0359765961766243,0.032201015589523,0.4383319678599946,0.006932660501575581,39.10533158481121,0.7021000073561104,2.707117445766926,0.04860378627565573,5.225859709084034,0.09382547063262844,6.315154505893588,0.11338274975182691,2.344202578533441,0.04208798598377843,35.773627787828445,0.5903808557380704,6.842255398631096,0.11291940032977767,13.719850480556488,0.22642202002406991,3.8039289256557822,0.06277716164586347,0.4544902158668265,0.007500562262218507,29.643457531929016,0.5418756031865483,7.645943611860275,0.1397660951710686,10.597936004400253,0.19372783889096892,5.833438792265952,0.10663392287509665,0.9845057839993387,0.01799653987631758,29.97452664375305,0.4739476915337143,7.215365886688232,0.11408707287391628,20.091636836528778,0.31768257797629307,5.380326092243195,0.0850720066883429,0.5825218828395009,0.009210650927733422,38.03644531965256,0.5374444680514787,8.707132026553154,0.12302937093459183,18.533137559890747,0.26186811552692557,4.990769052878022,0.0705181884440171,0.5053076143667568,0.007139857042986792,44.45191806554794,0.19816435992138764,11.427295058965683,0.05094229247101571,152.30323886871338,0.6789599899799231,15.428387607680634,0.06877895685821211,0.7075902276556008,0.003154400769461435,44.8540623486042,0.18954740530828104,10.501725256443024,0.04437891841654252,171.14022251963615,0.7232162132910653,9.642016494646668,0.040745901548353204,0.4996750450809486,0.0021115614357578804,54.18165594339371,0.23259965640718358,13.879352569580078,0.05958349892833264,154.83099475502968,0.6646831949696701,9.431133412756026,0.040487474093246725,0.6163989157357719,0.0026461756015669076,23.192475020885468,0.4696015178550285,4.539120689034462,0.09190817122270051,15.345430605113506,0.3107144665591272,5.493307577446103,0.11122855900847836,0.8172301145968959,0.0165472853546654,28.898015916347504,0.5822358747118925,4.013944685459137,0.08087277001122367,12.583091586828232,0.2535235414723512,3.636412702035159,0.07326627324560218,0.5013680752599612,0.01010154055893043,35.63037073612213,0.13932254979733136,8.50884485244751,0.03327144613376277,196.8292495906353,0.7696454558599755,14.186791460961103,0.05547346039204382,0.5849001969909295,0.002287087816886598,39.69980365037918,0.2208683784730531,7.9131913632154465,0.04402474531945628,123.96316097676754,0.6896644274730863,7.510728167369962,0.041785656324349225,0.6572871212847531,0.0036567924100551013,36.402081578969955,0.22080279914986292,7.0479885041713715,0.04275073079876135,110.99658216536045,0.673267982903983,9.901335348375142,0.060058174296981424,0.514422296138946,0.0031203128504112606,37.47976204752922,0.20944391774739923,7.028223901987076,0.03927502920032883,125.73305003345013,0.7026197913407398,8.195008572191,0.04579524008601205,0.5128714631719049,0.00286602162552006,Healthy_patient39,0,train
622.0280194282532,0.8761453108261674,37.599790811538696,0.05296044451157427,30.310854464769363,0.04269375683566811,15.404800489544868,0.021698128205757068,4.616414453834295,0.0065023596208331,629.0391316413879,0.8721482553008395,37.4290417432785,0.051894503556247175,28.718978464603424,0.039818201606264376,18.99894516170025,0.02634159949969474,7.066428368911147,0.009797440036954163,545.8030977249146,0.8797397534060419,35.37269341945648,0.0570146353435027,23.329378962516785,0.037602905115691795,12.552916266024113,0.02023311979435592,3.356184565462172,0.005409586340407606,555.2172975540161,0.8841125985379915,34.973817586898804,0.05569133541726261,21.872172832489014,0.034828640324777733,12.63259071111679,0.02011578646608319,3.2979972902685404,0.005251639253884919,590.5162076950073,0.8678493326026065,37.21939957141876,0.054699313341469546,30.670770674943924,0.045075152068315916,16.19323366880417,0.023798308749229228,5.836710123345256,0.008577893238378738,639.7849655151367,0.8781965544026674,37.32291066646576,0.051231043732291835,27.745386689901352,0.038084519494799726,16.907156631350517,0.023207495484741814,6.760960258543491,0.009280386885499245,512.7633857727051,0.8838257083556307,34.66515064239502,0.05975066116626051,20.076491117477417,0.03460488692354786,10.247342675924301,0.01766285415574964,2.4110951954498887,0.004155889398811265,504.1952109336853,0.8926809450436383,33.18665099143982,0.05875718437509784,13.693560093641281,0.024244538425438,11.030515767633915,0.019529600889178805,2.7041589599102736,0.00478773126664708,506.19624280929565,0.8916436520148653,33.0667827129364,0.05824576400432183,14.479423642158508,0.025504903204563077,11.152439206838608,0.019644558339809028,2.8164856350049376,0.004961122436440756,507.2077307701111,0.894123001447702,33.52455008029938,0.05909821463972737,14.032329440116882,0.024736666567069625,10.109966419637203,0.017822191917178442,2.3938303757458925,0.004219925428322605,506.5234112739563,0.8471894119656486,36.59933698177338,0.06121448700255852,38.385219752788544,0.06420147820758619,13.50797388702631,0.02259285987475848,2.870910937897861,0.0048017629494482815,518.1215329170227,0.8516958263167115,35.811976194381714,0.058868255262791915,37.80282983183861,0.062140849868700776,13.889690063893795,0.022832077620185662,2.715020587667823,0.004462990931610165,508.3596076965332,0.8390107593139178,36.70571851730347,0.060580133232673694,44.54342329502106,0.07351569801255028,13.404917448759079,0.022123846578183674,2.8898951280862093,0.004769562862674577,532.2873454093933,0.8565541986074413,36.7250314950943,0.059097741459397876,30.201915234327316,0.04860077460615239,16.265076145529747,0.02617368115788647,5.9493122063577175,0.009573604169121912,540.186466217041,0.8472937306014624,37.46856951713562,0.05877023219185673,28.251677453517914,0.04431334489546912,21.26348425447941,0.033352218217782066,10.373132228851318,0.016270474093429688,518.3721113204956,0.7996900260749799,40.27249002456665,0.062128166030788384,69.11047202348709,0.10661637454555589,17.05459000170231,0.02631002946593159,3.4066384695470333,0.005255403882744306,583.7197017669678,0.8191053121955775,41.31669902801514,0.057977703260294826,65.8663267493248,0.09242699530590809,17.916245594620705,0.025140991295532957,3.811860864982009,0.005348997942686679,573.5965490341187,0.7662984237959752,44.707892537117004,0.059727673815545876,105.69845396280289,0.14120823914606478,20.774034664034843,0.027753148176604445,3.7520126029849052,0.005012515065809691,540.7770228385925,0.7476384437111512,44.335758447647095,0.06129535103499751,111.70082813501358,0.15442932998474376,22.299629263579845,0.030829823409369673,4.200319342315197,0.005807051859737912,Healthy_patient4,0,train
104.11934161186218,0.5917392844350877,33.4324756860733,0.19000609236580687,33.636999540030956,0.1911684585229227,3.824454874265939,0.021735444688929732,0.9414846316212788,0.00535071998725294,82.01729798316956,0.5253036694201001,32.16633176803589,0.20601863905588516,35.82544095814228,0.22945446944334968,4.903805862180889,0.0314078526953671,1.2202379633672535,0.007815369385298015,73.59834623336792,0.5214817877650003,19.94466659426689,0.1413181263472424,36.09352730214596,0.2557410336991292,8.94164815172553,0.0633561336954794,2.554921177215874,0.01810291849314865,51.10355758666992,0.3780408660839818,19.37937507033348,0.14335979884238417,54.03741338849068,0.3997441963541848,8.998635794967413,0.0665678130868751,1.6610004615504295,0.012287325632574139,84.84825277328491,0.628901798622092,18.254043340682983,0.13530037819111945,15.108162373304367,0.11198286564408032,11.204141359776258,0.08304596055745818,5.5003470638766885,0.04076899698525011,39.031028151512146,0.4148747526562561,14.658614069223404,0.15581164971225503,27.765085130929947,0.2951250164730335,8.977397613227367,0.095423968844138,3.646938418969512,0.038764612314317326,61.85569143295288,0.4153515998577284,22.592416524887085,0.1517046553175368,53.490068927407265,0.35917771171599633,9.132059507071972,0.0613203965292293,1.8534500799141824,0.012445636579509168,56.18202817440033,0.458636673209617,14.470546931028366,0.11812894122242715,35.46717193722725,0.2895329035639076,13.413293465971947,0.109498152557276,2.964856969192624,0.02420332944677227,50.445728182792664,0.4121078909155308,15.002263933420181,0.12255847167389747,42.25281149148941,0.34517723613609735,12.256685066968203,0.10012892695812248,2.4515437530353665,0.02002747431635191,55.94240379333496,0.36824333121416697,19.03988689184189,0.1253308921242341,60.99821816384792,0.4015234514727813,13.641208864748478,0.08979385677992056,2.2952324422076344,0.015108468408897112,59.74569082260132,0.16055137230128894,16.138388454914093,0.04336782080001602,264.43044742941856,0.7105896781592945,28.55673185735941,0.07673896518750414,3.256926740054041,0.008752163551896352,56.9632294178009,0.18562776108388546,16.426036536693573,0.05352801126186994,206.13042759895325,0.6717233232303427,24.78515612334013,0.08076812158147124,2.5632021985948086,0.00835278284243063,62.47724676132202,0.18420199551794492,18.795850217342377,0.05541590414054928,231.3654641509056,0.6821360159058097,23.65946564078331,0.0697553270964324,2.8798772781156003,0.008490757339263652,44.6713650226593,0.4602789479227084,9.615517258644104,0.09907510471856816,25.689070612192154,0.26469167415175787,13.62876645848155,0.14042629509557683,3.4480900894850492,0.03552797811138873,31.08954095840454,0.48644858396026736,8.277294382452965,0.1295123056578302,15.401086926460266,0.24097611916654205,7.4682890716940165,0.11685404581534643,1.6750466716475785,0.026208945400013995,56.4122474193573,0.11145238806877908,12.814549833536148,0.025317413262353067,398.00069384276867,0.786320875537154,36.21047901362181,0.07154021588932004,2.7176035563461483,0.00536910724239385,49.58180367946625,0.11986085789052599,14.837049782276154,0.03586762448104643,307.8573768734932,0.7442256344390636,38.30527700856328,0.09260057164645007,3.0798375862650573,0.007445311542913813,50.40705847740173,0.06999921676831827,17.031951785087585,0.02365191147835741,610.8593919873238,0.8482875273083751,38.052877608686686,0.05284322689813192,3.7576128486543894,0.005218117546817317,50.856080532073975,0.06580807408275184,17.503791093826294,0.022650010952083827,655.8036477565765,0.8486138645325855,44.295930817723274,0.0573192008963162,4.33448490453884,0.005608849536262697,Healthy_patient40,0,test
122.44916582107544,0.5104158427282254,90.35775864124298,0.3766463512809463,21.952018186450005,0.09150456670807071,3.7008714247494936,0.015426674362588405,1.4409796921536326,0.006006564920169217,125.61741924285889,0.5108646220277439,89.83927369117737,0.36536100545704725,22.511244602501392,0.09154939286722154,5.641617825254798,0.022943497608016786,2.2822402850724757,0.00928148203997051,65.3244218826294,0.4389159051336429,48.78556156158447,0.3277910204659589,25.598563246428967,0.17199718319152657,6.6142320316284895,0.044441137866359316,2.5085147409699857,0.016854753342512234,69.49594056606293,0.46139328205428315,47.277886390686035,0.31388450883187957,23.818288058042526,0.15813295007595232,7.487217344343662,0.049708684504767224,2.5425844937562943,0.016880574533117722,67.7566089630127,0.5254512886445617,40.26291239261627,0.31223816429231516,14.812411591410637,0.11486998652617182,4.653677091002464,0.03608918246982758,1.4637529710307717,0.01135137806712378,87.25814819335938,0.5805709498713472,43.21924367547035,0.28755867357839027,11.823404856026173,0.07866686985799466,5.749210907146335,0.038252299716196314,2.2471235156990588,0.014951206976071593,64.71353459358215,0.4225252884968342,48.884499192237854,0.31917491841454715,29.38862904906273,0.19188318248209468,7.4239535965025425,0.048472211490985906,2.748345541767776,0.017944399115538065,42.735844135284424,0.3283714027955895,38.0460889339447,0.2923365115844348,31.44067221879959,0.24158216247329145,14.30052949115634,0.10988164677092675,3.621706615202129,0.02782827637575748,61.98065507411957,0.3765981872138038,43.610474944114685,0.26497986811927704,41.5143920481205,0.252243942402821,13.503352247178555,0.08204718022930842,3.971458727028221,0.02413082203478977,63.05858385562897,0.40239419905421114,38.57409429550171,0.24615192459471075,39.9141483604908,0.254703178828475,11.410896308720112,0.07281607356027239,3.7507585738785565,0.023934623962330703,35.73844975233078,0.19412827031613222,44.13537621498108,0.2397396726422712,78.88180083036423,0.4284793453756779,21.03665028512478,0.11426932509377541,4.304813434369862,0.023383386572143314,53.07017409801483,0.1871034254993584,50.25773048400879,0.17718791564569825,157.03973877429962,0.5536569940382949,19.564155250787735,0.06897509809677771,3.7090484611690044,0.013076566719870699,50.92061221599579,0.2012318215404785,40.41885435581207,0.1597302022233809,140.7309576869011,0.5561509520416772,17.07475832104683,0.06747728610828335,3.89934997074306,0.015409738086180092,30.92256173491478,0.40870101614371573,20.88829094171524,0.2760788645704395,12.47385723516345,0.16486596973906867,8.89257736504078,0.11753248118266839,2.4833069313317537,0.032821668364107714,46.9932559132576,0.4398706464592526,25.824291169643402,0.24172293301214623,22.02246744930744,0.20613674888659575,8.708493564277887,0.08151405173703817,3.285753956530243,0.030755619904967245,38.27139973640442,0.2664921390654426,37.246275544166565,0.25935397477882677,44.938898116350174,0.3129193906874145,19.43790415674448,0.1353503841865638,3.717262254562229,0.025884111281752314,54.83824324607849,0.19418326787387027,73.61069858074188,0.26065689115431484,127.92911186814308,0.45299943120505387,21.938494261354208,0.07768462765638559,4.088027095422149,0.014475782110375424,34.07483100891113,0.11519510155403352,42.25390601158142,0.1428456972475019,197.93276244401932,0.6691415333694947,17.293841391801834,0.05846443713446375,4.245700587518513,0.0143532306945062,40.55497431755066,0.10712537002792274,47.540807008743286,0.1255783446528705,266.4233945608139,0.7037534903349972,19.190392144024372,0.05069113947188199,4.865313969086856,0.012851655512327519,Healthy_patient41,0,test
32.79114431142807,0.6068726999350146,7.367905020713806,0.13635938930094038,4.594667926430702,0.08503449905058771,7.262786813080311,0.13441394421756658,2.0164822777733207,0.03731946749589076,33.840323746204376,0.5780489502464046,8.211919844150543,0.1402732338206801,5.4194638431072235,0.09257344607283344,8.453900054097176,0.14440665782067194,2.6167075391858816,0.04469771203941,27.3558107316494,0.5740769164961271,6.8029448091983795,0.14276358384946558,4.091915890574455,0.0858711328304636,7.542733106762171,0.15828845309539832,1.8584169261157513,0.03899991372854534,24.64891256392002,0.5269764452832171,6.8576604425907135,0.1466119656850722,4.278261050581932,0.09146621761032199,8.528620660305023,0.18233592200392731,2.4607659988105297,0.05260944941746136,29.442218959331512,0.44384101650719443,13.239896714687347,0.1995912476710458,9.180753141641617,0.1383997181841607,11.490566946566105,0.17322012722113336,2.981620855629444,0.044947890416465755,36.54438281059265,0.5159979123410072,12.551702797412872,0.17722703030334166,8.25541739165783,0.11656451175211408,10.563413687050343,0.1491528653791486,2.9078171588480473,0.04105768022438845,14.194237470626831,0.4916060184804206,4.984353393316269,0.1726290779239285,3.354206070303917,0.11617023420928771,4.968727044761181,0.17208787188785568,1.3716731281019747,0.047506797498507475,8.834111526608467,0.42033605691908105,3.6996443569660187,0.17603286038738145,2.5242579728364944,0.12010677471670894,4.625665981322527,0.22009391588021962,1.333102760836482,0.06343039209660893,8.918672762811184,0.4204712167235353,3.7500017434358597,0.17679399589057848,2.541047342121601,0.11979778786694731,4.664881933480501,0.2199260623868805,1.336533647030592,0.0630109371320584,17.973356425762177,0.47512239163182307,7.002875357866287,0.1851197299776408,4.372526228427887,0.1155869315619737,6.862910903990269,0.18141979522456944,1.6172289475798607,0.04275115160399295,14.538567781448364,0.43038171875985487,5.453981041908264,0.16145288656942935,4.429864078760147,0.13113619888488082,7.74287635833025,0.22921050307963955,1.6153458077460527,0.0478186927061954,16.705857396125793,0.4565901947351587,6.085184574127197,0.16631505607993877,4.659770771861076,0.1273568661395767,7.516860295087099,0.20544439142206106,1.6206234018318355,0.04429349162326474,27.743818879127502,0.5982005437298034,6.45225927233696,0.13912089830940452,3.70728699862957,0.0799349616577508,6.864851076155901,0.14801702910013123,1.610576253850013,0.03472656720291011,31.082862585783005,0.2935982273316461,16.11748307943344,0.15224030438347907,12.509817898273468,0.11816351692313946,33.065460950136185,0.31232518221484773,13.093075267970562,0.12367276914688768,33.55243504047394,0.3976545502094053,14.591922342777252,0.17293958870371445,11.126145869493484,0.13186412628355001,18.42965091764927,0.2184233286595659,6.67568164691329,0.07911840614376432,48.64714935421944,0.44469114406986954,22.409372568130493,0.20484755340233637,17.078641086816788,0.1561185094064819,17.823433861136436,0.16292677577571058,3.4367666374891996,0.03141601734560163,146.29127669334412,0.6484299318319013,23.983348727226257,0.10630518464129034,18.178492963314056,0.0805754055842807,33.40244518220425,0.1480549335687147,3.7528938967734575,0.016634544373812888,20.25696313381195,0.4409999529626275,7.260912716388702,0.1580721722817589,6.17704239487648,0.1344760015405166,10.369607042521238,0.22574934790495674,1.8696363777853549,0.04070252531014024,16.605594091117382,0.375208999246891,8.003047615289688,0.1808315601466086,6.883939445018768,0.15554493358496196,10.824758686125278,0.24458907350281117,1.9395786384120584,0.04382543351872731,Healthy_patient42,0,train
34.75242751836777,0.5711455422967747,9.31743311882019,0.15312917029032994,10.718920543789864,0.1761621884854862,4.802428729832172,0.07892645081532518,1.2556757684797049,0.020636648112084002,40.51954251527786,0.5757629067248741,10.85611292719841,0.15426006185386898,12.156764551997185,0.17274168611821533,5.561265524476767,0.07902286661391288,1.2817103983834386,0.01821247868912876,17.510693669319153,0.5327632616836329,5.399937450885773,0.16429322239027921,5.194352053105831,0.158038281886827,3.567858502268791,0.10855217781719721,1.1948407054878771,0.036353056222063716,22.9529287815094,0.5509672057384759,6.437950611114502,0.15453799785871208,7.302710011601448,0.1752958747753258,3.8788638710975647,0.09310911077370643,1.0868842359632254,0.02608981085377971,35.25603261590004,0.5569794104688092,12.02345484495163,0.1899481108466902,8.064167082309723,0.1273987653789837,6.36263170093298,0.10051768707002988,1.592341951560229,0.025156026235487076,38.7047124505043,0.5394810388700128,13.358854591846466,0.18620080855887794,10.520624876022339,0.1466404806633379,7.54034873470664,0.10510025553202945,1.6198018942959607,0.022577416375741954,53.41105794906616,0.6161618675863654,12.326109766960144,0.1421967492448348,14.914280831813812,0.1720544674438264,4.91275367513299,0.056674621243196104,1.1192826838232577,0.012912294481777359,8.199515976011753,0.40462619162577773,3.321232110261917,0.16389473527609094,5.0026389211416245,0.24686807619649223,2.829071233049035,0.1396077917544914,0.9119639489799738,0.045003205147147694,8.113656599074602,0.40353622339463263,3.2204577922821045,0.16017086245029874,5.055444657802582,0.2514347285813035,2.7931711561977863,0.1389195766302742,0.9236595775000751,0.04593860894349088,35.627260595560074,0.5742302485185165,9.024286031723022,0.14545092505215737,12.512450635433197,0.20167218915663374,3.886225175112486,0.06263709336052242,0.9932883097790182,0.016009543912169997,12.215561836957932,0.4170504072087398,4.866735175251961,0.16615477156975222,7.879151523113251,0.2690014094343175,3.401378696784377,0.11612616672884209,0.9275454082526267,0.03166724505834835,11.306696072220802,0.3970306739427383,4.68874990940094,0.16464381147133522,8.363753609359264,0.29369027972489675,3.1772548761218786,0.11156819257340753,0.9416879392229021,0.03306704228762221,19.313731908798218,0.49689665366328983,6.645504027605057,0.17097310498125995,8.776879884302616,0.2258083660220996,3.2080129142850637,0.08253458676677132,0.92458121990785,0.023787288566579266,32.42061397433281,0.482603290210402,13.726653754711151,0.2043307468158119,11.211431309580803,0.166889918934145,8.18757038936019,0.12187765511975641,1.6323317792266607,0.02429838891988466,37.212710946798325,0.5061336157526267,13.688566386699677,0.18617949145589627,13.482784882187843,0.1833806376695518,7.406152330338955,0.10073178122196734,1.73327764775604,0.023574473899957836,50.837851881980896,0.4158735021926924,25.75228250026703,0.21066373806871266,23.981659829616547,0.19617935244174659,19.956108435988426,0.1632487683523315,1.7156440410763025,0.014034638944516791,52.95135301351547,0.4665696818333216,22.15481185913086,0.19521245316533076,24.378994315862656,0.2148103678949456,12.361787397414446,0.10892328306380902,1.6438246220350266,0.014484214042593046,19.205325812101364,0.44953630167657155,8.129824131727219,0.19029362527944127,10.270540162920952,0.24040105782277313,4.124931985512376,0.09655169027469575,0.9919027416035533,0.023217324946518327,22.14111614227295,0.4504713894262053,9.3049898147583,0.18931438069863077,12.439262256026268,0.2530826231117842,4.234584618359804,0.08615460956972124,1.0310402438044548,0.020976997193658486,Healthy_patient43,0,train
20.45194160938263,0.493901698989858,5.328750491142273,0.12868601775494976,6.716010130941868,0.16218747723118582,6.009144999086857,0.1451171229221497,2.9030842455103993,0.07010768310185678,28.161652982234955,0.5696549525054856,6.129252523183823,0.1239827455153633,5.337161481380463,0.10796029878316497,6.380487181246281,0.1290647294208032,3.4277806840837,0.06933727377518291,6.435743823647499,0.2936535523997282,3.0627457201480865,0.1397485955724099,4.99251276999712,0.22780103597718362,4.6238825507462025,0.21098097968358626,2.801226045936346,0.12781583636709207,8.08000024408102,0.3811645069664235,3.5207266807556152,0.16608613971476144,3.440010204911232,0.16227843491403085,4.144898537546396,0.19553071284212697,2.0125611647963524,0.09494020556265723,12.191431805491447,0.3566605633036804,6.480926334857941,0.18959961997891944,6.149272359907627,0.17989707679819125,6.420291941612959,0.18782575968134627,2.9402469927445054,0.08601698023786263,11.246331416070461,0.37578514604243624,6.045739054679871,0.20201244739692648,4.813317313790321,0.1608322823500145,5.473760362714529,0.18290033978232983,2.34840895421803,0.07846978442829293,7.436677746474743,0.35755423821759774,3.4469214975833893,0.16572741649972955,6.0177998170256615,0.28933482163357005,2.7652419935911894,0.13295237849650005,1.1320992526598275,0.0544311451526026,3.473060008138418,0.3231253981480581,1.881786547601223,0.17507702890202148,1.8853197507560253,0.17540574987818033,2.3958607129752636,0.22290528956405184,1.112307924311608,0.10348653350768824,3.5560812074691057,0.3269812287561784,1.9259118065238,0.1770873532501168,1.8761811703443527,0.17251462738248816,2.4042362719774246,0.22106922889729355,1.1130799227394164,0.1023475617139231,4.72139379195869,0.3147969853819655,2.5071402490139008,0.16716254290493035,4.4134859777987,0.2942673587623431,2.3504884615540504,0.15671784953259477,1.0057094544172287,0.06705526341816627,7.562906831502914,0.3918342218806368,2.693048357963562,0.13952684217053646,5.178809627890587,0.2683141397907721,2.8412413764744997,0.1472047228307213,1.0252860598266125,0.053120073327333296,4.8962629325687885,0.2151578070971482,3.032338425517082,0.133250868059159,10.61066946387291,0.46626751976365494,3.0981018096208572,0.13614072624404863,1.1192402872256935,0.04918307883598923,7.918035119771957,0.48948838714010634,2.396830514073372,0.1481706868983622,2.470912627875805,0.1527504006597388,2.3856252543628216,0.14747798417347696,1.0047414707951248,0.062112541128315706,11.471058122813702,0.3074801006681166,7.111985594034195,0.19063577422336667,9.918929800391197,0.2658755191448871,6.436576623469591,0.1725315316994509,2.368118153885007,0.06347707426417876,11.872778430581093,0.17883894496159286,7.925520151853561,0.11938163173150047,15.996169626712799,0.24094933769668436,18.680730685591698,0.2813867189096833,11.912904843688011,0.17944336670053904,15.519579157233238,0.263185408891088,9.042524188756943,0.1533456804411068,25.463315904140472,0.4318141065591163,7.086406260728836,0.12017327985527511,1.856409934349358,0.03148152425341381,14.029773861169815,0.23014246549402856,9.842998147010803,0.16146317708483285,25.7811196744442,0.42290991314513376,8.374042995274067,0.13736664041459326,2.9333217814564705,0.048117803861411575,8.428504943847656,0.25692338600018827,4.33587184548378,0.13216897696877153,14.72284261137247,0.44879164222627527,4.109396908432245,0.12526541482351436,1.2089023906737566,0.03685057998125058,6.664637699723244,0.18083773329464425,4.258257895708084,0.11554322085292781,20.76264002919197,0.5633717734195273,3.96669976785779,0.10763210649989004,1.20200723875314,0.03261516593301066,Healthy_patient44,0,train
30.229389131069183,0.5947776346058005,7.208850130438805,0.1418375611303151,5.0216004103422165,0.09880238072456288,6.088902577757835,0.11980205940786988,2.275948142632842,0.044780364131451714,21.062861263751984,0.592320967952162,4.799860671162605,0.13497967266542718,3.8292956426739693,0.10768584919405229,4.345701705664396,0.12220800433986119,1.5221585589461029,0.04280550584849734,18.78978957235813,0.5136238169484879,5.8668526113033295,0.16037195201615242,3.3270208910107613,0.09094498703818353,6.26195102930069,0.17117207070511575,2.3371707131154835,0.06388717329206042,7.623589623719454,0.3764251500889065,2.8363438472151756,0.14004835137896832,5.57211908698082,0.27513099040694144,3.036414932459593,0.14992713447312395,1.1841368372552097,0.05846837365205984,30.611817210912704,0.5044483409774597,9.775791257619858,0.1610940522632652,11.079646617174149,0.18258012309891816,6.50190331786871,0.1071440587566778,2.7145919911563396,0.04473342490367909,21.904869332909584,0.4441288988909848,8.06647276878357,0.16355056103218013,9.171007081866264,0.185945381142781,7.113003879785538,0.14421864531235884,3.0656197164207697,0.06215651362169527,11.278628304600716,0.5160085362809945,3.766601912677288,0.17232580835392722,2.3308287411928177,0.10663774836643646,3.441956337541342,0.15747294827982872,1.0394299041945487,0.04755495871881305,6.566289734095335,0.43230202667352136,2.611360415816307,0.17192302591684705,2.525458950549364,0.16626756765458064,2.5662282090634108,0.1689516760011989,0.919788183644414,0.06055570375385207,6.583056718111038,0.4333487573594875,2.620106466114521,0.17247608973450962,2.516496580094099,0.1656556691791796,2.557661136612296,0.16836544522673183,0.9138077369425446,0.06015403850009146,41.67551964521408,0.5764218386306198,13.427891433238983,0.18572365587213072,6.894004583358765,0.09535225550388374,8.126557782292366,0.11239992730708216,2.1764094564132392,0.030102322686283635,10.554247319698334,0.3175916894461313,4.758041501045227,0.1431759549495711,12.340206518769264,0.371333636373618,4.496665012091398,0.13531078008737002,1.0829665283672512,0.03258793914330953,11.185308530926704,0.2906897614066219,4.3358860313892365,0.1126833178062025,16.83884660154581,0.4376169228977465,4.8014562875032425,0.12478280583495048,1.3170113093219697,0.03422719205447859,5.746815912425518,0.3905302674262876,1.9556601271033287,0.13289871888557545,4.762590955942869,0.32364633703420254,1.719761036336422,0.11686797483413855,0.5305894191842526,0.03605670181979583,32.060158893465996,0.35396928314804227,15.17980021238327,0.16759689237232336,29.99402730166912,0.3311575709270241,10.355347089469433,0.11433114845714945,2.983946219086647,0.032945105095460864,21.111220717430115,0.29903661253691294,9.481994211673737,0.13431072826653168,18.534301981329918,0.2625350260137765,13.157640606164932,0.18637559279540605,8.31228718534112,0.11774204038737285,37.5080880522728,0.28415815351340323,20.030168056488037,0.15174688620658452,46.65516918897629,0.3534556789489991,24.70426332950592,0.1871574429983751,3.0995375248603523,0.02348183833263803,30.47150631248951,0.34389836882598934,12.974846541881561,0.14643281877048933,30.496830761432648,0.34418417802077117,11.32286550104618,0.12778872617300943,3.340088843367994,0.03769590820974069,15.261217832565308,0.22825576020688712,7.019827306270599,0.10499267069596122,34.96004036068916,0.5228829492469937,8.015955373644829,0.11989134862432038,1.6031243149191141,0.02397727122583758,16.88415601849556,0.21703216855261723,6.120556980371475,0.07867480925577477,45.07450096309185,0.5793962505280453,7.993883188813925,0.10275490239038822,1.7225408465601504,0.022141869273174464,Healthy_patient45,0,train
34.2984756231308,0.6307638889860347,7.899744927883148,0.14527974617474954,5.598009839653969,0.10294983648372157,4.278603568673134,0.07868538112480243,2.301258619874716,0.042321147230691754,36.38520759344101,0.6230707362155428,8.899292379617691,0.15239403651953645,5.915809407830238,0.10130401794689974,4.668099589645863,0.07993787696768377,2.528183067217469,0.043293332350337284,10.526572443544865,0.4894661833838471,4.208876624703407,0.19570499218768664,2.8295412212610245,0.13156844259853978,2.7443691324442625,0.127608097722033,1.196870836429298,0.05565228410789347,10.845729477703571,0.4936821526270681,4.262156829237938,0.19400730606622768,3.06471661478281,0.13950153363942047,2.6418751683086157,0.12025439346830831,1.1545751155354083,0.052554614198975405,22.545860201120377,0.48354366700433926,8.630005359649658,0.18508872141701332,8.934307515621185,0.19161512489256077,4.5986525639891624,0.09862783252597859,1.917491152882576,0.04112465416010802,23.99942421913147,0.496900098798578,8.814891874790192,0.182509405371082,8.43976704776287,0.17474257055414152,4.91873699054122,0.10184081393985227,2.125468149781227,0.044007111336346216,9.092508215457201,0.44915175197697516,4.812103286385536,0.23770829462654966,2.855512138456106,0.14105659839808984,2.456201246008277,0.12133143756496173,1.0274082738906145,0.05075191743342358,4.218790935352445,0.3843646851795642,2.151991568505764,0.19606317886162164,1.782776478677988,0.16242481091691052,1.9619203135371208,0.17874620838424862,0.8605315031018108,0.07840111665765505,4.167408544570208,0.3838316233167615,2.1026308313012123,0.19365900813006307,1.7793527692556381,0.16388406717801235,1.9462934397161007,0.17925983556143976,0.8617015907075256,0.0793654658137233,5.650794971734285,0.3742614040860601,4.332025721669197,0.2869171571856279,2.1763062961399555,0.14414032966846296,2.0647347886115313,0.13675076602786765,0.8746627024374902,0.05793034303198142,5.7343150191009045,0.3589506889807727,2.9822370558977127,0.18667897427203387,3.9879852905869484,0.2496357564823529,2.3438518177717924,0.14671799893371307,0.9268274554051459,0.058016581331127484,6.162822317332029,0.32360525842840043,3.1344562023878098,0.16458798537052838,6.115580856800079,0.32112464414864383,2.6366544291377068,0.13844878109302225,0.9947450770996511,0.05223333095940509,5.038795344531536,0.3745270340348561,3.162239693105221,0.2350451193560238,2.3494395539164543,0.17463075350489618,2.0173660181462765,0.149948164129948,0.885915425606072,0.06584892897427592,14.39274387061596,0.32606433042129557,7.874739646911621,0.1784004310293045,13.241103321313858,0.29997417638466073,6.170007333159447,0.13978010919018874,2.4622164834290743,0.055780952974550456,12.118178091943264,0.2779587691527324,7.201659649610519,0.16518691480475148,18.349643602967262,0.4208920112886528,4.4143495336174965,0.10125343543102652,1.513203778769821,0.03470886932283683,16.497375398874283,0.2580137692099872,9.27124997973442,0.14499943746946098,30.61731794476509,0.4788452353801966,6.017049919813871,0.09410477071654462,1.5369098456576467,0.024036787223810627,16.44445389509201,0.15234733404091716,9.666354805231094,0.0895525867788221,72.66577488183975,0.6732018679300622,6.942738674581051,0.06432002757664551,2.2212203107774258,0.020578183673553054,10.099684912711382,0.3434373165895949,4.828360989689827,0.16418723516195127,9.914953976869583,0.3371555862737568,3.479062182828784,0.11830465907062512,1.0855894214473665,0.0369152029040719,9.005230769515038,0.2800940480266399,4.202963322401047,0.13072680099037623,14.49458272755146,0.4508320169162684,3.353062717244029,0.1042919314116214,1.0948999486863613,0.03405520265509406,Healthy_patient46,0,test
11.66487718373537,0.42964862196256554,3.4398452192544937,0.12669869857506255,6.704457104206085,0.24694308482267735,4.153265679255128,0.15297588201138376,1.1873618592508137,0.04373371262831078,12.239865690469742,0.3963870779263274,3.6484335064888,0.11815422923894012,5.868595868349075,0.19005401093548532,6.1549657471477985,0.19932807670824348,2.9667080715298653,0.0960766051910037,6.209868185222149,0.3748708089341096,2.304062247276306,0.1390892129605023,4.247164845466614,0.256388392443732,2.914911698549986,0.17596433190116778,0.8893484398722649,0.053687253760488274,5.019789446145296,0.35499939498030786,1.943278856575489,0.13742863635287925,3.457083687186241,0.24448487939864177,2.7905660811811686,0.1973487695251052,0.9295579888857901,0.06573831974306592,15.232182279229164,0.34860157318989154,7.598691701889038,0.17390258551958082,11.464448064565659,0.26237373987515356,6.63819171115756,0.1519207183333897,2.7615910582244396,0.06320138308198442,15.854314491152763,0.3002009320955142,6.333795756101608,0.11993021778048907,12.687968790531158,0.2402462786670318,11.48066994547844,0.21738611408502398,6.455593671649694,0.12223645737194098,11.7631311789155,0.40849579512656886,3.4753908663988113,0.12068917142485568,7.879585027694702,0.27363270052832217,4.613447468727827,0.16021022492638545,1.0646566292271018,0.03697210799386782,3.516230847686529,0.3088266770711164,1.5641450136899948,0.1373771313544601,3.137558326125145,0.2755682871650938,2.3779617361724377,0.20885375647835344,0.7898783916607499,0.06937414793097622,3.6030078772455454,0.31378545425047033,1.5730416849255562,0.13699598126791776,3.1130456402897835,0.2711147112693934,2.39732887968421,0.208783038263731,0.7959688345436007,0.06932081494848749,6.878516998142004,0.36303457533604505,2.337034948170185,0.1233441002157343,5.351298466324806,0.28243099010199596,3.4769751597195864,0.18350789870894182,0.9034523605369031,0.04768243563728285,7.029848553240299,0.4498778057967891,1.7865952774882317,0.11433383766323606,3.410969726741314,0.21828629232678745,2.5796949453651905,0.16508854961192918,0.8190203318372369,0.0524135146012582,4.734737502411008,0.2450461107148469,2.3349899873137474,0.12084729399633659,7.897145554423332,0.4087163866793169,3.4613339323550463,0.1791411704613023,0.8936157147400081,0.046249038148197294,18.576236724853516,0.7051812595065912,1.8073390126228333,0.06860924632660324,2.8040923923254013,0.10644747018901213,2.3767380975186825,0.09022447280094835,0.7780929165892303,0.029537551176845114,11.19588914513588,0.29090369104209163,5.5896066427230835,0.1452352004171085,13.947448819875717,0.36239768809119166,5.997256256639957,0.15582719322831123,1.7563824616372585,0.04563622722129698,9.941757000982761,0.24136295940465932,5.082108721137047,0.12338189324368029,17.969821840524673,0.43626588126975663,6.167511567473412,0.14973297415544357,2.028870073147118,0.04925629192646017,14.659463576972485,0.2590431270676395,7.89418888092041,0.13949592102322603,22.121149241924286,0.39089640926284525,9.843934867531061,0.1739493165862519,2.0720857521519065,0.03661522606003737,11.86974560469389,0.24783804123476058,5.480029344558716,0.11442197532248348,22.190877437591553,0.4633413200733182,6.458878763020039,0.13486016587976923,1.8936233697459102,0.039538497489668506,6.1513187773525715,0.2890450746994415,2.587167367339134,0.12156872566996797,7.661001831293106,0.3599837574263556,3.894042966887355,0.18297766397520543,0.987989884801209,0.04642477822902951,5.165023952722549,0.260515891801591,2.329141989350319,0.11747835209327334,7.98389932513237,0.4026956451275741,3.449874471873045,0.1740063807777325,0.8981979948002845,0.045303730199829036,Healthy_patient47,0,val
67.04285627603531,0.6444003352481675,18.306749403476715,0.17596021572131942,8.004703342914581,0.07693934602813322,8.04355576634407,0.0773127864821032,2.641274561174214,0.02538731652027659,76.25819605588913,0.6313587144479155,21.591005980968475,0.17875678267803438,8.837452441453934,0.07316725153505721,10.28629495948553,0.08516254380438265,3.811312045902014,0.031554707534610246,38.13937121629715,0.6311868723433454,11.14750263094902,0.18448540433884605,4.692356243729591,0.07765606948797511,5.404258888214827,0.08943769014022082,1.0413596471771598,0.017233963689612605,24.668357402086258,0.5696800637528567,9.416793406009674,0.21746723466189846,3.9290322363376617,0.09073532130252707,4.319983644410968,0.09976377907315408,0.9679584365803748,0.022353601209563638,59.608903139829636,0.5583377184028152,22.71173483133316,0.21273362767554768,15.136371165513992,0.14177759522980204,7.748062163591385,0.07257364458317321,1.5563047900795937,0.014577414108661889,55.20829874277115,0.5637988311128689,21.98263168334961,0.22449128718135045,11.310158431529999,0.11550173159851111,7.705868776887655,0.07869396282904442,1.715023923665285,0.01751418727822511,26.790174543857574,0.6081798020087191,9.601108491420746,0.21796051577854716,3.61505851149559,0.08206760900986429,3.584751625545323,0.0813795942353969,0.458667203434743,0.010412478967472527,14.859253749251366,0.5840704226597264,5.056343674659729,0.19874893026307813,2.329925797879696,0.09158203827039132,2.7535491064190865,0.10823333510147069,0.4417874941136688,0.01736527370533343,14.920132398605347,0.586402873594732,5.049906030297279,0.1984754108366019,2.3266546353697777,0.09144402526688529,2.736602822318673,0.10755613395529434,0.410188568290323,0.016121556346486467,35.58179089426994,0.6648885454447818,11.027527898550034,0.20606261798642164,3.4046024531126022,0.06361909043853987,3.0646038772538304,0.057265808243504523,0.4368965787580237,0.008163937886752175,21.03936757147312,0.48260904609584543,10.415726363658905,0.23891990800980215,6.157034948468208,0.14123241837781972,5.3770360220223665,0.12334050520271975,0.6058893969748169,0.01389812231381296,15.054158121347427,0.5027962634153229,6.916236191987991,0.23099649187942323,3.780117765069008,0.12625276499862234,3.721125108189881,0.12428245970431921,0.46923393104225397,0.01567202000231227,29.46794617176056,0.5524240255754003,14.96204760670662,0.2804876363480149,4.316923871636391,0.08092767814124995,4.065312791615725,0.07621082393993504,0.5307539461646229,0.00994983599539991,54.986985951662064,0.5236895482931528,23.74066412448883,0.226103276190886,14.975167363882065,0.14262172215257996,9.973385956138372,0.09498534782238792,1.3230010578408837,0.012600105540993263,47.36463525891304,0.5228617769901429,20.41169625520706,0.22532625274196044,11.861453115940094,0.13093947456754956,9.111566130071878,0.1005832649589776,1.8379465779289603,0.020289230741369423,72.94642907381058,0.4617864944220409,34.01875674724579,0.21535533160932774,26.446883618831635,0.1674216795776318,19.726561024785042,0.12487875799130035,4.827074368484318,0.030557736399699238,63.56900134682655,0.4654381215617041,32.51663827896118,0.23807960986344215,24.96438580751419,0.18278369315252935,14.109732903540134,0.10330833329488717,1.4190872753970325,0.010390242127437234,34.9881055355072,0.43466920597947933,19.262413024902344,0.23930354749519328,15.399230390787125,0.19130990787328073,9.993925429880619,0.12415795496031741,0.8499632040038705,0.010559383691729249,24.82048822939396,0.4673445771800209,12.129253566265106,0.22838152203317216,9.000179469585419,0.16946423575086964,6.494482746347785,0.12228451209514972,0.6652059878688306,0.01252515294078756,Healthy_patient48,0,test
44.30715239048004,0.5450414993238673,9.676710695028305,0.11903741543260994,17.86518320441246,0.21976736743570807,6.395786292850971,0.07867734129443935,3.0465047657489777,0.037476376513375376,46.010689079761505,0.5363627496743693,10.024811059236526,0.11686274064222298,18.899864748120308,0.22032235612038426,7.773254528641701,0.0906155559998976,3.0741630531847477,0.03583659756312592,10.806223586201668,0.33893270172879936,5.053550660610199,0.15850251154446257,10.673666536808014,0.3347751050877714,3.7915408425033092,0.11892009925702757,1.5581135461106896,0.04886958238193914,15.567714259028435,0.43470377917595654,5.083110421895981,0.14193781268084346,9.537545263767242,0.26632085489473223,4.159092392772436,0.11613607180846236,1.4647734994068742,0.040901481440005404,17.0842315107584,0.3172827370992817,9.194824784994125,0.1707632662958302,13.73891519010067,0.2551546210050468,8.838920935988426,0.16415353689210563,4.988556804135442,0.09264583870773567,19.17956478893757,0.3563428014113361,9.90200099349022,0.18397220231156225,16.175492733716965,0.3005292590510708,6.241254694759846,0.11595811514634344,2.3250409103929996,0.043197622079687414,12.482426680624485,0.3275050401862553,5.868139088153839,0.1539640630028688,15.39429123699665,0.40390447300102017,3.1956149954348803,0.08384427517801699,1.1732213743962348,0.030782148631838754,4.906625064089894,0.31399003183581714,2.4514744132757187,0.15687738904336052,4.481830440461636,0.28680611709717163,2.685733512043953,0.17186834941210657,1.1010271226987243,0.07045811261154411,4.983262564986944,0.31754590214974787,2.4490585327148438,0.1560601094256229,4.431163407862186,0.28236476877798944,2.7284344360232353,0.17386263780899264,1.1011274219490588,0.07016658183764717,8.317106045782566,0.3232117405963303,4.12286551296711,0.1602190150462726,9.466833531856537,0.3678913947861244,2.7943335603922606,0.10859082581003016,1.031546771991998,0.04008702376124252,7.922170825302601,0.2662997894616374,3.8410322070121765,0.12911436657939535,13.243885688483715,0.4451865591225107,3.5429410208016634,0.11909418121874993,1.199039310682565,0.040305103617706645,8.495925847440958,0.19393544990697772,5.50815024971962,0.12573386538635625,24.641958117485046,0.5624989341853569,3.994427626952529,0.09118030605072128,1.1675467072054744,0.026651444470587773,6.32408120110631,0.3487321610909837,3.4207104444503784,0.1886300488284364,4.745252288877964,0.26166996169069767,2.5969705563038588,0.1432061236391254,1.0474792746827006,0.057761704750756836,15.075841695070267,0.1676079065854901,10.460456103086472,0.11629567256208612,19.70618513226509,0.21908643667206315,22.1105740070343,0.24581758668468812,22.594022542238235,0.2511923974956725,16.93599234521389,0.24126517160515512,11.848496794700623,0.16879020456362126,33.2027480751276,0.47299659499268776,6.409988809376955,0.09131481749390952,1.7993640284985304,0.02563321134462632,30.049246579408646,0.22081131870036674,21.48500108718872,0.15787854812945254,72.14343735575676,0.5301326772371757,10.133686475455761,0.07446551673195041,2.274254711344838,0.016711939201054616,36.931783095002174,0.20208730601224847,26.249241948127747,0.14363342751459773,103.81766188144684,0.5680806570357892,12.676369406282902,0.0693639225796944,3.0765663404017687,0.016834686857670093,12.52007806301117,0.184621290784585,8.212558925151825,0.12110253800137519,40.324622482061386,0.5946275906245224,5.2946424297988415,0.07807489016543695,1.4630180899985135,0.021573690424080444,13.704091839492321,0.16651060775332974,9.53385865688324,0.11584048164484441,52.37790623307228,0.6364140799598493,5.398718778043985,0.06559675426509108,1.2870389325544238,0.015638076376885475,Healthy_patient49,0,val
559.9637846946716,0.8789765316690679,37.826290130615234,0.05937602076006621,16.223166584968567,0.025465544535742683,17.584519401192665,0.027602463403513813,5.4656470492482185,0.008579439631609427,557.4003438949585,0.8832803016320994,36.993536710739136,0.058621532301130944,15.782563865184784,0.02500972222937011,16.28040286153555,0.02579861908542191,4.6002959832549095,0.007289824751977666,532.5148010253906,0.8817245373670587,34.17950749397278,0.05659356392447037,14.26466590166092,0.023619072969650524,16.699517250061035,0.02765063824181145,6.288408361375332,0.010412187497009,539.2248511314392,0.8877989461828941,34.32017529010773,0.05650595552381681,14.350024908781052,0.023626390669833325,15.342615142464638,0.025260626483718168,4.1350426860153675,0.006808081139737528,545.4795641899109,0.8555540386902956,34.6567360162735,0.054357142619229644,15.512180745601654,0.024329983664012768,25.116937160491943,0.039394504281938234,16.809228867292404,0.026364330744523812,541.9069948196411,0.8798254162877802,35.23635017871857,0.05720877707948976,15.539080023765564,0.025228826498519197,16.51200756430626,0.026808445116763755,6.731164455413818,0.010928535017447099,534.1507835388184,0.8899126359232663,34.30892503261566,0.05715978868212198,14.717140644788742,0.02451923656778759,14.25611486285925,0.023751152570779574,2.795375172048807,0.004657186256044542,526.2110419273376,0.9026141185743851,32.88638758659363,0.056410290509767966,11.42782261967659,0.019602237922077187,9.9112948179245,0.017000925338330548,2.5490624010562897,0.0043724276554391265,528.7182006835938,0.9029007634148731,33.106624364852905,0.05653672669952912,11.376266330480576,0.019427437037955863,9.908834986388683,0.01692148040713357,2.467384128831327,0.004213592440508311,536.1005954742432,0.9016231428852661,33.834215342998505,0.05690296155635746,11.913827061653137,0.02003687794753685,10.265162773430347,0.0172641261735994,2.481180304661393,0.0041728914372401735,529.3069310188293,0.8748700169528633,33.97224235534668,0.056151345284937586,22.3310604095459,0.03691010650752246,16.054208509624004,0.026535351887315286,3.347640372812748,0.005533179367361415,531.04736328125,0.8734282272740117,33.767240047454834,0.05553790990007129,23.294532001018524,0.03831315848197098,16.26805453747511,0.026756517437670727,3.6262461319565773,0.00596418690627534,533.2603340148926,0.8760898270694202,34.13703012466431,0.05608349789194242,24.14454883337021,0.03966691738130617,13.904997132718563,0.022844426551823702,3.2353477384895086,0.005315331105507567,529.105432510376,0.8776924112839656,33.710349559783936,0.05591951277077827,16.419581532478333,0.027237184164106962,17.02412787079811,0.02824001970653427,6.577477045357227,0.010910872074614934,532.7498054504395,0.8690466945648752,34.071086049079895,0.055578367947321204,16.737132340669632,0.02730240234410923,20.03698456287384,0.03268527745156134,9.432817123830318,0.015387257692133107,530.4489183425903,0.8393958226596149,34.52795481681824,0.05463791146709198,39.5832661986351,0.0626375644202913,21.773668989539146,0.034455206075070806,5.60752853192389,0.00887349537793108,530.9700002670288,0.8346001419065647,34.67964243888855,0.05451086593632284,42.35491198301315,0.06657516532701536,22.178663820028305,0.0348613216607052,6.013654228299856,0.009452505169391834,532.837254524231,0.8200174901797495,35.06721079349518,0.05396718404789855,40.69005250930786,0.06262053647836198,26.328891903162003,0.04051922359843743,14.864260539412498,0.0228755656955526,532.8224639892578,0.7684725621306295,35.45898079872131,0.05114133818780496,56.08972716331482,0.0808963946821685,41.872821509838104,0.06039181266567726,27.108626067638397,0.039097892333719714,Healthy_patient5,0,train
42.37569385766983,0.617041220677145,9.275383412837982,0.13506077145377993,6.2179688066244125,0.09054112660570636,7.930556133389473,0.11547846399002523,2.8760266415774822,0.04187841727334357,35.43846568465233,0.6006206562186768,7.724606096744537,0.13091870353932372,5.487651139497757,0.09300618875076583,7.548545032739639,0.1279347732321215,2.803807144984603,0.04751967825911219,10.043192498385906,0.416853143186085,4.421418100595474,0.1835155537314738,3.5199044346809387,0.14609729202613647,4.624487850815058,0.1919441747778842,1.483876496553421,0.061589836278420546,11.780425131320953,0.46399343732699644,4.894705414772034,0.1927868616612884,3.123646557331085,0.12303049227631495,4.420047551393509,0.17409159972224886,1.1703817080706358,0.04609760901315136,22.138569325208664,0.44928030416693937,9.843667984008789,0.1997674773382018,9.945872068405151,0.20184160784998764,5.859026558697224,0.11890313216474542,1.4884924851357937,0.030207478480125755,27.4535029232502,0.46461803675401747,11.233869731426239,0.19011994623627115,10.752110376954079,0.18196673948198208,7.578787844628096,0.12826201229003095,2.0700570652261376,0.03503326523769835,7.330894894897938,0.4446052013717729,3.863732948899269,0.23432824920019937,1.9645950011909008,0.11914904914628699,2.7859967667609453,0.16896554530728997,0.5433299425058067,0.03295195497445078,3.0830278135836124,0.31949293595047495,2.045215457677841,0.21194485769664842,1.9289791658520699,0.19989933738840138,2.1671696277335286,0.2245829194328496,0.42536061094142497,0.04407994953162558,3.0755208991467953,0.316113532832746,2.0607788115739822,0.21181454845396774,1.9696445874869823,0.20244743228639278,2.19265781249851,0.22536956506928993,0.4305634570773691,0.04425492135760354,3.4966444801539183,0.2905679277373728,2.9440679252147675,0.2446493262334939,1.8396673426032066,0.1528746575467698,3.2407038398087025,0.26929949684284504,0.5127444653771818,0.04260859163951851,6.590863361954689,0.3620525502859125,3.395894944667816,0.18654497259299624,4.017646960914135,0.22069936038182555,3.614354318007827,0.19854549041713693,0.5854026465676725,0.03215762632212881,5.928813673555851,0.3239770139439932,3.2744746059179306,0.17893200283767216,4.5794577896595,0.25024214655182786,3.8321027904748917,0.20940331195125791,0.6852570688351989,0.03744552471524888,4.8160566464066505,0.36561490129185525,2.477153792977333,0.1880551675362665,2.485684357583523,0.18870277236433322,2.9207667568698525,0.22173241054094853,0.4728230177424848,0.035894748266596506,21.694627106189728,0.3966783959066177,10.010595560073853,0.18304011262341707,12.776897951960564,0.23362094952995135,7.681515574455261,0.1404537289943667,2.527083871886134,0.0462068129456472,23.997835516929626,0.35184166920614623,12.831974923610687,0.18813461210489366,19.051484063267708,0.2793212724933296,10.03304298222065,0.14709837425092795,2.2920110430568457,0.03360407194470254,23.80256712436676,0.30871443982538704,13.997164726257324,0.18154037104622409,25.92385956645012,0.3362271700507414,10.57376367598772,0.13713955780580186,2.804859943687916,0.0363784612718456,29.529973074793816,0.31490378000445357,15.76256400346756,0.16808992594344668,32.491345942020416,0.34648347388125855,12.308739103376865,0.13125878783988923,3.6819685604423285,0.03926403233095197,9.323313646018505,0.33024058385558036,4.5559748858213425,0.1613769377980245,8.129654362797737,0.2879600435260378,5.399942055344582,0.1912710528519913,0.8229984156787395,0.029151381968366006,14.521881863474846,0.34266817972237057,6.451717734336853,0.15223911011618288,13.209560960531235,0.31170176509023134,7.0957719422876835,0.1674366502942322,1.0999130497220904,0.025954294776983043,Healthy_patient50,0,train
67.23970240354538,0.6572568815906704,15.617637932300568,0.15265980720127043,14.308304950594902,0.13986129558152974,4.108075315132737,0.040155751355933814,1.029814419336617,0.01006626427059563,63.61406856775284,0.615017858008712,18.04266494512558,0.17443564603168715,15.821847140789032,0.15296488272724656,4.589469917118549,0.044370781831308666,1.3664558250457048,0.013210831401045594,12.916827946901321,0.49011659360275306,4.754663839936256,0.1804111392158614,6.319268353283405,0.23977855028377443,1.9629437401890755,0.07448200930833897,0.40089850511867553,0.015211707589272126,16.627826884388924,0.4203113325745239,10.06756043434143,0.25448362984253603,10.496707748621702,0.26533143820559185,2.0024413857609034,0.050616885363518285,0.36620244616642594,0.00925671401382992,36.854640394449234,0.455702646765552,18.202785313129425,0.22507497989174616,20.667718827724457,0.255553549609964,4.332182386890054,0.05356684962456563,0.8169902581721544,0.010101974108172172,37.022393226623535,0.4552336196761941,19.442260324954987,0.23906532698300423,19.48035165667534,0.23953370445150543,4.55444928444922,0.05600228004440544,0.8266858151182532,0.01016506884489081,41.342541605234146,0.5851125333350793,12.739742398262024,0.18030296782091595,11.900054678320885,0.16841903930688104,3.6650661937892437,0.051870932028457606,1.0100144238676876,0.014294527508666124,5.620679441839457,0.26615837346319293,6.015058949589729,0.28483359047141904,7.741550721228123,0.3665888740615602,1.532695666886866,0.07257837596573329,0.20781575667206198,0.009840786038094533,5.637107837945223,0.2650608523190825,5.976041793823242,0.2809977699384646,7.753591675311327,0.36457943986065244,1.6576375858858228,0.07794330780643689,0.24284253420773894,0.011418630075363605,9.656323254108429,0.4361677104442305,5.283137410879135,0.23863471508009,5.7319153398275375,0.2589056232318077,1.2177261235192418,0.05500362832380714,0.2499123445013538,0.011288322920064632,16.074438653886318,0.22826994322679262,23.83082413673401,0.3384168486297191,27.04731810092926,0.3840936470800747,3.106414399109781,0.04411358018727711,0.35955577506683767,0.005105980876136473,7.837558716535568,0.2429379845617184,6.9322390258312225,0.21487611619195,14.552740834653378,0.451086065966019,2.642126585356891,0.08189704611071352,0.29689628374762833,0.009202787169599071,6.887423239648342,0.4067093534785575,4.0264575481414795,0.23776641702319595,4.341500870883465,0.2563700459351708,1.3971013608388603,0.08250025756218775,0.2820260610897094,0.01665392600088801,23.322653606534004,0.3358249329413887,15.269535839557648,0.21986738455563065,26.036051854491234,0.37489539207680334,4.105461316183209,0.05911489723512571,0.7151420603040606,0.010297393191051574,21.45648753643036,0.2823433562812331,17.54819929599762,0.23091465821288948,30.89705617725849,0.4065706712473536,5.2777871042490005,0.06944977001577694,0.8147763186134398,0.010721544242746918,46.50686138868332,0.24792665155624113,39.74613702297211,0.21188543733460502,91.8739010989666,0.48977694870672783,8.268248952925205,0.04407778155571163,1.1879979902878404,0.006333180846714346,42.54491659998894,0.18803143290824564,43.77226233482361,0.19345580779572272,126.02551397681236,0.5569821231254765,11.570812568068504,0.051138341333291606,2.3514117309823632,0.010392294837263519,23.82240417599678,0.17629452162889248,44.63389980792999,0.3303072165570665,61.593767270445824,0.4558164514396764,4.660127338953316,0.03448665020881012,0.41824417328462005,0.0030951601655544703,20.08263821899891,0.20104136866645944,29.367842197418213,0.29399280740734635,45.566522657871246,0.4561530203657835,4.449181888252497,0.04453944778102428,0.4268786004977301,0.004273355779386461,Healthy_patient51,0,val
29.63295643031597,0.4129803936167201,14.745388865470886,0.2054994584159633,18.57885080575943,0.2589245908268301,6.9783961065113544,0.09725458131919903,1.8183140023611486,0.025340975821287432,18.753996767103672,0.34187701831592054,12.38329666852951,0.22574198953603447,14.540208667516708,0.2650615357714825,6.8815185613930225,0.12544702211858413,2.2969531575217843,0.04187243425797833,10.472430109977722,0.300166768353217,7.3431695997715,0.21047411776307245,11.07486429810524,0.31743408085821456,4.721760276705027,0.13533778772577118,1.276481641922146,0.036587245299724805,9.729397747665644,0.3320150435305982,6.108826130628586,0.20846328069670428,7.439072608947754,0.2538578522683651,4.597124766558409,0.1568765733573475,1.4296658267267048,0.04878725014698493,18.898723758757114,0.25055954445462997,22.671646535396576,0.30058100750391326,24.078360587358475,0.31923124211958026,7.999921176582575,0.10606306707608608,1.7774260020814836,0.02356513884579048,35.556206837296486,0.18728176765742066,44.71467316150665,0.23552127110270593,93.3665257692337,0.49178046651906976,14.499949719756842,0.07637418206295543,1.71671990910545,0.009042312657848212,37.80904093384743,0.4646220161954939,14.736958265304565,0.18109730087559503,21.49435728788376,0.2641366026024351,5.991433020681143,0.07362661472529074,1.344123849645257,0.016517465601185204,5.227486580610275,0.2713436849463147,3.7024080604314804,0.19218127694842066,5.819335371255875,0.30206484114793397,3.529302280396223,0.18319585737517913,0.986653781728819,0.051214339582151505,5.1647454015910625,0.2691445857535814,3.6333194971084595,0.18933910481984584,5.85087525844574,0.30490010160910197,3.5358263701200485,0.18425855481460576,1.0047162822447717,0.052357653002865,13.963685929775238,0.30948585765814735,8.264469474554062,0.18317057804687475,16.951451897621155,0.37570557340446836,4.810502590611577,0.1066181613872869,1.128869163338095,0.02501982950322265,12.423437468707561,0.31736569967867867,6.449256390333176,0.1647509211424564,14.032832682132721,0.3584788649563825,5.093541231006384,0.13011819640838174,1.14642741298303,0.029286317814100737,13.025254651904106,0.25195742137135463,10.10693547129631,0.19550615073327804,21.868740499019623,0.4230237037221236,5.5501843094825745,0.10736144237675647,1.145138272549957,0.022151281796487277,6.9717458710074425,0.2506010943065127,5.415329694747925,0.19465533779392896,10.262674123048782,0.36889430758547076,4.116785749793053,0.14797886110764333,1.0535580462310463,0.03787039920644431,24.652439132332802,0.22817409775833786,28.334439635276794,0.2622533683000959,42.44368776679039,0.39284348740252106,10.761226736009121,0.09960203889283195,1.8504401580430567,0.017127007646213246,20.918262101709843,0.19981348291412315,25.393959641456604,0.24256582579703756,45.0009448826313,0.4298538515152301,11.184953235089779,0.10683987279957634,2.1908220294862986,0.020926966974032863,37.92238272726536,0.25431870752883273,38.63533127307892,0.2590999512077934,55.02526205778122,0.36901567152606407,15.5951187312603,0.10458547576023615,1.9355236925184727,0.012980193977073656,20.67968901246786,0.27591373531369245,22.878818809986115,0.30525509129380807,20.730113089084625,0.2765865063268681,8.704536337405443,0.11613816501685828,1.9566780282184482,0.02610650204877309,13.288344770669937,0.16513313813672884,17.236470818519592,0.21419616707617928,40.66507977247238,0.5053415117758291,7.891264986246824,0.09806408349094418,1.3893310423009098,0.01726509952031859,67.93326812982559,0.44167766323032914,22.294917583465576,0.1449535311823829,53.67571911215782,0.34898021017270686,8.535838928073645,0.05549695304305278,1.3675998938269913,0.008891642371528322,Healthy_patient52,0,train
25.147622153162956,0.20002255892929144,17.927922308444977,0.14259753365865108,35.97756940126419,0.2861632583735921,42.968102499842644,0.3417655061782301,3.70271341688931,0.029451142860235292,28.163598209619522,0.2128248541628256,19.1614191532135,0.14479777074232478,37.09358501434326,0.2803063998533243,45.109807416796684,0.3408828699137517,2.803870288655162,0.021188105327773602,12.793158411979675,0.16456895846261016,11.577458530664444,0.14893040722855197,23.32399046421051,0.3000357452224342,27.23751626908779,0.35037865858948125,2.8052487391978502,0.03608623049692242,13.653453409671783,0.17593850201487396,13.930778980255127,0.17951212137657263,22.793673396110535,0.2937194446268943,25.722006782889366,0.33145397039200586,1.5036435220390558,0.019375961589653247,29.384812235832214,0.24687534226026156,20.25067538022995,0.17013525134591123,35.552397191524506,0.29869206426738965,31.12203473597765,0.26147054864999825,2.7170029785484076,0.02282679347643929,27.319577410817146,0.22401148502580112,21.605373680591583,0.17715690729573097,35.90356665849686,0.294397353368584,34.26102275401354,0.2809290374524785,2.866605662740767,0.023505216857405368,22.702931851148605,0.18783706991006352,19.767357528209686,0.16354903156596887,42.20164966583252,0.34916345917674685,34.250105790793896,0.28337483273231684,1.9429785697720945,0.016075606614903863,6.017720002681017,0.1383005023744319,8.315289199352264,0.19110371920706737,13.990980625152588,0.3215436491407846,14.299866806715727,0.3286425361058926,0.8880605273880064,0.02040959317182351,6.0282036773860455,0.13836929399392756,8.317857384681702,0.19092521013816402,14.007051229476929,0.32151299015163964,14.319092735648155,0.3286754825318634,0.8938456722535193,0.02051702318440534,12.581519141793251,0.14233098018098164,15.953136563301086,0.18047308424569683,32.79214334487915,0.3709677545224213,25.591656640172005,0.28951079221834286,1.477753805462271,0.016717388832557325,10.719940021634102,0.14392024840300327,9.563144475221634,0.12838972285386946,33.421823024749756,0.448703729880568,19.69293512776494,0.26438693776759803,1.0874375011771917,0.014599361094961214,8.518479228019714,0.14283334573247933,8.084869921207428,0.13556281464648198,26.496401518583298,0.44427762015570416,15.548340447247028,0.26070633351584754,0.9911981862969697,0.016619885949486976,6.0215588472783566,0.13292146772434035,8.517823070287704,0.18802465823789546,14.015797078609467,0.30938837704082833,15.70410593226552,0.34665654903609033,1.0423427948262542,0.023008947960845523,19.81138888001442,0.17923216404371203,18.088325560092926,0.163643738139589,34.709209978580475,0.31401164524029346,34.8744838014245,0.31550686524266264,3.05137768574059,0.027605587333742843,29.66436441242695,0.1977692635119759,27.05231249332428,0.18035498228505126,47.57477408647537,0.3171761208842668,43.28083271533251,0.28854885583560863,2.422532906755805,0.016150777483097425,45.97381490468979,0.22500776333226147,35.567058086395264,0.17407439876197983,57.384907484054565,0.2808566073706168,60.98324005305767,0.29846777939877117,4.411995884031057,0.021593451136370744,37.580950409173965,0.2073095721894751,31.456729888916016,0.17352624520531365,56.93988370895386,0.31410017053055006,52.632661022245884,0.29034003453653706,2.669153497554362,0.014723977538124173,23.80597397685051,0.15279888557438612,16.737922310829163,0.10743252422322053,81.84912586212158,0.5253494450229769,31.64562812447548,0.2031177852846255,1.7607450378127396,0.011301359894791018,20.12008100748062,0.15226144795421384,15.718240976333618,0.11894992517475418,65.43911361694336,0.49521938745930294,29.052748203277588,0.21986062117918592,1.811479616444558,0.013708618232543067,Healthy_patient53,0,train
21.389354690909386,0.3906219514290992,7.20561283826828,0.1315921208844687,10.916621044278145,0.19936421069964505,13.313106045126915,0.243129890456219,1.9324807338416576,0.035291826530568046,27.496240332722664,0.47211334708130276,7.131460398435593,0.12244792733631901,9.828078776597977,0.1687491493546652,12.21258520334959,0.20969137624271153,1.5723956967703998,0.0269981999850015,4.885109497234225,0.2041513163689535,3.151445358991623,0.13170057270307312,6.276289254426956,0.2622894561378848,8.705880653113127,0.36382336905453255,0.9101412564050406,0.03803528573555604,4.6885726526379585,0.23001764546822626,2.7451925724744797,0.13467696432562917,4.840997613966465,0.23749549284585883,7.415217459201813,0.3637846711495097,0.6935543783474714,0.03402522621077602,10.865403611212969,0.230188069860384,8.495047837495804,0.17997110232212432,13.476100966334343,0.2854967732153909,13.20458935201168,0.27974468735811886,1.1611464219167829,0.024599367243981936,11.474134419113398,0.23433997555806363,7.88262751698494,0.16098946309941384,13.622171312570572,0.27821003099963726,14.257017254829407,0.2911756959603208,1.7276733587495983,0.035284834382564446,5.4560413509607315,0.2599665198854244,2.6365540474653244,0.12562510731131069,6.0776974111795425,0.2895868530436969,6.223970580846071,0.2965563982551022,0.5932135868351907,0.028265121504465748,1.1915121730417013,0.11464998859189048,1.1917291916906834,0.11467087061575305,2.88822128623724,0.2779111661718336,4.7092603128403425,0.4531356484299145,0.411883155698888,0.039632326190608407,1.193886616267264,0.11467222157939727,1.1906829662621021,0.11436451257399495,2.8845589235424995,0.277060464144817,4.729338774457574,0.4542506603886991,0.4128302405588329,0.039652141313091645,2.1294433902949095,0.1727614263587904,1.6189753115177155,0.1313472268538362,3.5684405863285065,0.28950705540255417,4.603219464421272,0.3734585122762196,0.4058404944371432,0.03292577910859958,3.0075078858062625,0.09894121576386172,3.2234522700309753,0.1060453700084461,12.693807780742645,0.41760182256770645,10.75852920487523,0.3539348855525955,0.7136194780468941,0.02347670610739022,3.2306301686912775,0.12922700087497657,2.6254744827747345,0.10502043736569262,10.137565046548843,0.40550823174885325,8.450058886781335,0.33800704820324656,0.5559243268799037,0.022237281807230974,5.774672642350197,0.494179463757488,1.610319845378399,0.1378064259142603,1.7063566148281097,0.1460249695732727,1.901023155078292,0.16268395830396698,0.6930033313110471,0.05930518245101201,8.194505549967289,0.1336185297114707,9.583021640777588,0.15625949046297472,25.162719249725342,0.4102999905472323,17.3088458776474,0.2822357643266138,1.0785212072078139,0.0175862249517085,10.648556184023619,0.14451707385015497,9.455678313970566,0.1283279101493223,32.04478049278259,0.4348963210557631,19.6570333391428,0.26677578534167573,1.877675678115338,0.02548290960308392,13.362928964197636,0.10151715060234545,14.184937238693237,0.10776188467388922,75.0811710357666,0.570385921219782,27.562189027667046,0.20938784468199814,1.4410041982773691,0.010947198821985162,12.789798244833946,0.11486699318281887,11.462069392204285,0.10294247192422545,60.30273127555847,0.5415873878333306,24.83846152573824,0.2230777480716801,1.951355311088264,0.017525398987944956,5.142283800989389,0.076747056359152,6.043201386928558,0.09019298338669592,37.596988260746,0.5611238680421876,17.121034912765026,0.2555263540927421,1.0995018507819623,0.01640973811922235,4.373754067346454,0.09353133308712348,5.02767613530159,0.1075152475480569,23.61531749367714,0.5050060182737589,12.89895435795188,0.27584001705453787,0.8467455981299281,0.018107384036522813,Healthy_patient54,0,train
16.517507299780846,0.44503882893078234,4.569806843996048,0.12312641667903844,7.726215094327927,0.20817098217311858,6.480027388781309,0.17459437118462132,1.821198819205165,0.049069401032439314,16.879853680729866,0.4219805920302864,4.471839979290962,0.1117918269682721,7.206220671534538,0.18014879292150052,7.861308008432388,0.1965253651053742,3.5822706185281277,0.08955342297456678,9.703608341515064,0.3911555533079877,3.4849481284618378,0.14047937277168496,6.110729239881039,0.24632544851534763,4.552416464313865,0.1835093625294706,0.9558411662001163,0.03853026287550914,4.014245204627514,0.2830722923747603,1.758750542998314,0.12402170832712832,3.0532722398638725,0.21530741848707877,3.6841608565300703,0.2597957538650401,1.6705606514587998,0.11780282694599252,14.00937171280384,0.27605897366698207,6.434836953878403,0.12680043913593275,17.12967100739479,0.33754542990907915,10.080841787159443,0.19864608452918903,3.0930282920598984,0.060949072758817,11.598340578377247,0.3247882538976705,5.343154147267342,0.149624309966578,9.190537214279175,0.2573625523440983,7.547845967113972,0.21136228030049017,2.0305901877582073,0.05686260349116296,17.74392904341221,0.5169300018953369,4.319105118513107,0.1258275442624172,6.8218115493655205,0.19873834304203308,4.510356539860368,0.131399230068737,0.930391114205122,0.02710488073147585,0.9463441711850464,0.199981507730231,0.5412378422915936,0.11437441370467878,1.65578518435359,0.34990062572030317,1.3310372019186616,0.281274862348862,0.25775399792473763,0.05446859049592503,0.93605612590909,0.19913131191003977,0.5336387809365988,0.11352331082794456,1.6498242393136024,0.35097432312238097,1.3213651371188462,0.28109978235666205,0.25981354736723006,0.05527127178297265,5.3770067021250725,0.35373898623248967,2.4759824946522713,0.1628883105616245,4.010491356253624,0.26383957194895097,2.824551375582814,0.18581973122060058,0.5124602743890136,0.033713400036334294,1.7200489826500416,0.2685265591604484,0.68721261061728,0.10728464107831304,2.27382904663682,0.3549802919401489,1.4896586346440017,0.23255902100434034,0.23475857550511137,0.03664948681674937,2.629006188362837,0.2335974489808551,1.2592398636043072,0.11188837101069952,4.669771693646908,0.414927420021871,2.4198906738311052,0.2150167202807256,0.2765217972919345,0.024570039705848767,2.6222856380045414,0.38648044791780845,1.1814103722572327,0.1741198606388925,1.4472538009285927,0.21330067523050844,1.2490202318876982,0.184084407770961,0.2850708357873373,0.0420146084418296,8.735568270087242,0.22226257146355974,4.683726936578751,0.11916994530531413,14.829895198345184,0.3773229788159368,9.256910908967257,0.23552730158167406,1.7968196077272296,0.04571720283351529,7.641542788594961,0.22055462144661672,4.266541048884392,0.12314337195462716,13.470754161477089,0.38880068683503327,8.417173817753792,0.24294133218697886,0.8509284218307585,0.024559987576743998,17.91142065823078,0.28953995649666314,9.196896493434906,0.14866877739202647,17.013687193393707,0.27502800273742406,14.865282863378525,0.24029882585529938,2.8743669651448727,0.04646443751858697,17.506725557148457,0.3089218962897359,8.32907548546791,0.146974017780296,15.787400364875793,0.27858285904363544,13.625201281160116,0.24042891421158005,1.4219912439584732,0.025092312674752627,3.835850916802883,0.2563540860469178,1.4103814326226711,0.09425732411907162,5.99620595574379,0.40073296144026743,3.3063724227249622,0.2209684627850065,0.41428572963923216,0.027687165608736675,4.420576296746731,0.21734928662184785,2.142794281244278,0.10535612941429624,9.156937323510647,0.4502249619287682,4.194717648439109,0.206244350796362,0.42355648754164577,0.02082527123872571,Healthy_patient55,0,train
6.172922175377607,0.3981864257841292,2.6402468383312225,0.1703100123206473,3.0669118985533714,0.19783218585694903,2.887709517031908,0.18627267582867454,0.7348027674015611,0.0473987002095999,6.519065089523792,0.38639227381265934,3.0028811022639275,0.17798411906600264,2.8143085092306137,0.16680721072097277,3.2942415960133076,0.19525338116616459,1.2411275198683143,0.07356301523420067,2.748879535123706,0.36404436440655175,1.296418722718954,0.17168956437945043,1.7291325777769089,0.22899547332223458,1.4327108850702643,0.18973924352428223,0.34380482288543135,0.04553135436748102,2.890486903488636,0.37980608922675607,1.286060880869627,0.16898666902142925,1.3566404581069946,0.17826073048749178,1.5468589896336198,0.2032551895422577,0.5303807875607163,0.0696913217220652,6.627503961324692,0.3551988616417629,3.202584907412529,0.17164146865280014,4.272435247898102,0.22897974038905308,3.675900239497423,0.1970086458186277,0.8801488461904228,0.04717128349775619,7.255937144160271,0.3633774018431137,3.4409607648849487,0.1723233481417776,3.1168240681290627,0.156090579256237,4.111955635249615,0.20592677769179846,2.042369677685201,0.10228189306707328,9.013258647173643,0.4087372743045538,4.200346261262894,0.19047917619697738,4.234668783843517,0.1920356492636035,3.3941282592713833,0.15391844255680753,1.2090702624991536,0.05482945767805776,1.3265340700745583,0.34284464691101496,0.5612886790186167,0.14506587001001173,0.9480262622237206,0.2450187571256218,0.8278373149223626,0.21395575005349687,0.20551239693304524,0.053114975899854644,1.3138489620760083,0.3407201975305291,0.5596731416881084,0.1451399277183219,0.9427934940904379,0.24449445469699896,0.8350900080986321,0.21656373048051808,0.20468796172644943,0.05308168957363196,6.3455736599862576,0.3743123262272887,3.8745937943458557,0.2285543110929005,3.700342833995819,0.21827560568171747,2.4256916660815477,0.14308655747967444,0.6064154598861933,0.0357711995184189,2.6621056124567986,0.3498869370027302,1.0437272861599922,0.13717958502918642,2.385948944836855,0.3135910026437431,1.2586152413859963,0.1654228253052243,0.25807677034754306,0.033919650019115934,2.097423093393445,0.301198053987528,0.9140296615660191,0.13125818830627364,2.5321743935346603,0.3636300191849849,1.201906812377274,0.17259845860507073,0.21806711697718129,0.0313152799161427,4.204816969111562,0.36667028956943726,2.7055028527975082,0.23592644382706793,2.767968602478504,0.24137360946874917,1.4806446842849255,0.1291158257599291,0.30863622738979757,0.02691383137481654,5.950676377862692,0.27986738709953946,3.244649738073349,0.152599735994036,7.800572842359543,0.3668702178784771,3.6975937373936176,0.17390223096145838,0.5689932249952108,0.02676042806648902,5.207752434536815,0.3282020705567359,2.7151068449020386,0.17111099259826307,4.235424429178238,0.26692418366974735,3.034424737095833,0.19123498940901718,0.6748100793920457,0.04252776376623651,13.383584201335907,0.3030481511590702,6.907823383808136,0.15641573090618663,14.653055429458618,0.33179313477816835,7.636372916400433,0.17291247688682326,1.5823907712474465,0.03583050626975154,8.768599092960358,0.2774652792020879,4.596265122294426,0.1454398783573178,12.634959429502487,0.39980873896133207,4.629678336903453,0.14649717460524136,0.9730074140243232,0.030788928874020873,3.9461436793208122,0.3043556146023263,1.6619164645671844,0.12817921700157872,5.2162084877491,0.40231235079002337,1.8048234581947327,0.13920125507495398,0.3364767710445449,0.025951562531117637,3.727911164984107,0.24385015432161494,1.7174857258796692,0.11234418975289978,7.392588123679161,0.48356403224618866,2.117992302402854,0.1385421290732743,0.33173564495518804,0.021699494606022336,Healthy_patient56,0,train
203.58005166053772,0.8310170633672075,27.627478003501892,0.11277581202796527,5.396013751626015,0.022026615403568733,5.741875071078539,0.023438426903169888,2.631562895141542,0.010742082298088628,90.63518142700195,0.7291179558377338,17.200864791870117,0.13837297149110406,5.141087144613266,0.041357659251590996,7.204094998538494,0.05795359965407834,4.126753222197294,0.033197813765492905,20.03844763338566,0.5479281514140917,6.94757904112339,0.18997350545576375,2.9979716390371323,0.08197606362643908,4.451104324311018,0.12171029456930722,2.136202526278794,0.05841198493439829,11.83266305923462,0.38796652003762144,6.796731218695641,0.22284959398809875,3.2533294558525085,0.10666938635913707,5.6081193052232265,0.18387767148539047,3.008342968299985,0.09863682812975226,19.706278055906296,0.3987612486857079,11.670034378767014,0.23614593622805025,8.189857840538025,0.16572373178671174,7.035559318959713,0.1423662251832424,2.8170093651860952,0.05700285811628772,18.532626017928123,0.39756167476109777,9.813905328512192,0.21052778136114117,6.633202463388443,0.14229538101200875,7.6338050365448,0.16376029561016012,4.002186950296164,0.08585486725559219,16.834276288747787,0.4847385372015155,10.942541405558586,0.31508758815743787,2.3416425958275795,0.06742697975730166,3.1485662013292313,0.09066213174454155,1.4615436485037208,0.04208476313920345,4.821494776755571,0.32140173400444566,3.197212055325508,0.2131267472310756,2.142785891890526,0.14283850406186835,3.2588792890310287,0.2172374964410019,1.5810864940285683,0.10539551826160844,4.955039059743285,0.33034908119222783,3.172055311501026,0.21147876838322638,2.104107864201069,0.14027943902911955,3.197393573820591,0.21316805308418485,1.5708073731511831,0.10472465831124139,5.586497880518436,0.31462861322144564,5.447049021720886,0.3067749270665133,2.1687789112329483,0.12214448404334044,3.137889213860035,0.17672426498937377,1.4156331242993474,0.07972771067932677,6.741804927587509,0.3211541941992664,3.78108412027359,0.18011660629294365,3.5494784116744995,0.16908378266247595,5.140270639210939,0.24486313277128108,1.7797856321558356,0.08478228407403295,7.90372034534812,0.3508674098879811,4.036067858338356,0.17917191065860477,4.5379709005355835,0.20145273699556987,4.715271092951298,0.20932356953611597,1.3332008593715727,0.0591843729217283,6.49773546308279,0.3523097491288526,3.2921449542045593,0.17850138244337574,2.925243355333805,0.1586078347624114,4.04596659168601,0.21937388540966138,1.6821558959782124,0.09120714825569888,135.8791080713272,0.7679954661018488,13.88284158706665,0.07846651002360558,13.46280226111412,0.0760924268956336,10.983146712183952,0.062077290602032084,2.7190678268671036,0.015368306376879982,18.421537309885025,0.3109145257878748,10.9513258934021,0.18483399293003086,16.65477755665779,0.281095555654422,9.941398493945599,0.16778866749382496,3.280483627691865,0.055367258133847325,18.89865694195032,0.2690988391789397,12.356503963470459,0.1759448241794858,23.88127174973488,0.34004651895158755,12.530968800187111,0.1784290369562033,2.562024281360209,0.036480780733783726,21.173324048519135,0.2044240630599383,11.803443133831024,0.11395980139846905,54.6190869808197,0.5273359844518252,13.341826856136322,0.12881257795534207,2.637816559523344,0.02546757313442542,11.516619123518467,0.3239028808019893,6.122269541025162,0.1721877505990218,7.583183586597443,0.21327570036013052,8.258586633950472,0.23227129189561346,2.0751197328791022,0.058362376343244884,10.252806536853313,0.33962158464461734,5.127279534935951,0.16983981842549203,6.855926215648651,0.22710079598164198,6.256881829351187,0.20725760445983574,1.6960190748795867,0.05618019648841288,Healthy_patient57,0,train
34.93989568948746,0.6753296616680649,7.315769761800766,0.14140157606609172,3.8305449783802032,0.07403801852311011,4.026834413409233,0.07783196453042616,1.6244956096634269,0.031398779212307146,33.97318810224533,0.6978895049196601,6.115105122327805,0.12561869888422317,3.0314726531505585,0.0622736065487156,3.9985610470175743,0.08213988575625322,1.5615684781223536,0.032078303891147915,3.1113888435065746,0.3814437729402004,1.6987819522619247,0.20826384288992153,1.316393930464983,0.16138460757165785,1.5821316111832857,0.19396297968902046,0.44817779248114675,0.054944796909199796,4.140532813966274,0.4555203134822178,1.5459836423397064,0.1700812395500315,1.1323407143354416,0.1245743531902269,1.7548040533438325,0.19305459668929456,0.5160164290573448,0.0567694970882293,12.98769786208868,0.3291950731537439,9.778546869754791,0.24785373715250214,8.895781934261322,0.22547857331645352,6.226207196712494,0.15781370612070228,1.5646587265655398,0.03965891025659815,13.115384131669998,0.3728028648300774,8.233281791210175,0.23402982390006713,6.916771173477173,0.19660820323362127,5.673015583306551,0.1612546335242611,1.2420283975079656,0.03530447451197309,3.3758244030177593,0.4872810647244648,1.2953975647687912,0.1869832755630728,0.9106089137494564,0.1314412208889673,1.0714276609942317,0.15465449297593858,0.27462076040683314,0.03963994584755652,0.9434207044541836,0.26439295740475144,0.7204611338675022,0.20190870200226793,0.6979136150330305,0.19558977645967632,0.9821388344280422,0.27524368480625844,0.22431773267453536,0.06286487932704586,0.9565893337130547,0.26613761582756995,0.730329230427742,0.20318863414540983,0.6990782115608454,0.19449412819567788,0.9808476697653532,0.27288665169214854,0.22749651508638635,0.0632929701391938,1.1052864836528897,0.3165874732766983,0.8891018703579903,0.2546656625094673,0.6491590831428766,0.1859387922736624,0.6700742691755295,0.19192953403801125,0.17762977059464902,0.050878537902160716,2.3429072834551334,0.30524756959769384,1.2942995876073837,0.16862886817519132,1.5712361447513103,0.20470977141788052,2.149207123555243,0.2800111876641625,0.31778290844522417,0.041402603145071805,2.18891741335392,0.2994173053766752,1.3481077402830124,0.18440475848492588,1.5026344805955887,0.2055421389592946,1.941115828230977,0.26552105948227434,0.32981538865715265,0.04511473769682991,1.6926118228584528,0.3275483680626982,1.247882217168808,0.24148583759614106,0.9817587360739708,0.189986544752629,1.0093336822465062,0.19532275267476049,0.23593073268420994,0.04565649691377124,10.456416107714176,0.28977337850782614,7.705420523881912,0.21353642730242417,9.37246960401535,0.2597345165054973,7.217404581606388,0.20001228796996862,1.333095045760274,0.03694338971428383,8.19354622811079,0.30031305135247816,5.500698626041412,0.20161375098969464,6.913435116410255,0.2533939197185994,5.774246005341411,0.21163991620314188,0.9014244852587581,0.0330393617360859,11.621617242693901,0.27353029724305794,7.260457783937454,0.17088457951147765,13.202816814184189,0.3107459428591821,8.966746963560581,0.21104437627111872,1.435856583993882,0.03379480411516362,11.59392062574625,0.2829097716023985,6.80040168762207,0.16594042260194378,13.024740636348724,0.31782401463290333,8.272466868162155,0.20186111219900862,1.2894534831866622,0.03146467896374573,4.3625331446528435,0.3165834844068854,2.2585228383541107,0.1638981312165071,3.091132290661335,0.22431954070989107,3.617349363863468,0.26250644475505935,0.4505025715334341,0.03269239891165711,3.588240634649992,0.31388997622696013,1.8731507360935211,0.1638583639971682,2.5531448274850845,0.22334248195744294,3.0408082446083426,0.2660020117920436,0.37617904122453183,0.032907166026385166,Healthy_patient58,0,train
20.818838819861412,0.48497775063527016,5.330516755580902,0.12417513042941428,9.582509107887745,0.22322588463251883,5.681970160454512,0.13236228645783318,1.5135753159411252,0.035258947844963515,18.654419600963593,0.4104537589098175,5.443979650735855,0.11978404897452098,9.453172728419304,0.20799844556959857,9.00577163696289,0.19815426581719534,2.8909418378025293,0.06360948072886762,6.445610519498587,0.3174848090647956,2.7696080952882767,0.13641973784437,5.200020648539066,0.25613206968373387,4.070877943187952,0.2005150485914957,1.8159896517172456,0.08944833481560487,6.016620364040136,0.30828608838408433,3.0023341327905655,0.15383683693124087,5.765496451407671,0.2954187302925089,3.9352796655148268,0.20164010713222733,0.7966231587342918,0.04081823725993858,18.227270051836967,0.476488255068467,5.841238647699356,0.1526987641465407,7.653959572315216,0.20008601565704653,5.03810877352953,0.13170374123591175,1.4927688827738166,0.03902322389203403,21.725821629166603,0.47298629274268983,7.168622136116028,0.1560659047150967,8.803367160260677,0.19165544428453285,6.478667169809341,0.14104510378783963,1.7568226419389248,0.03824725446984097,9.051919259130955,0.3420136128626853,4.169096931815147,0.15752326807229275,8.753567717969418,0.33074083351339134,3.8470715414732695,0.14535600674003513,0.6448912562336773,0.024366278811595483,1.9058083109557629,0.22141102532347548,1.260675311088562,0.14646143141653503,3.096638225018978,0.3597580304986055,1.9150903187692165,0.22248938081978803,0.42934614419937134,0.04988013194159595,1.9252771893516183,0.22307521930796145,1.2581440396606922,0.14577680508583415,3.1003773733973503,0.3592300196217323,1.9177479445934296,0.22220283171881544,0.4290722878649831,0.04971512426565665,3.1596549842506647,0.3246897014451401,1.8989114314317703,0.19513427536094297,2.508703162893653,0.25779715982743456,1.8177215261384845,0.1867911093376159,0.3463153401389718,0.035587754028866554,2.8182628266513348,0.21273262901832962,1.818805269896984,0.13728997277280777,5.641783352941275,0.4258621281426451,2.5051400531083345,0.18909699426084983,0.4639189832378179,0.03501827580536762,3.2462510392069817,0.2201011352837272,1.83786291629076,0.12461011470951307,6.590136654675007,0.44682205468718506,2.606376178562641,0.17671657211644337,0.4682795947883278,0.03175012320313131,3.4301614463329315,0.387177548484428,1.578863613307476,0.17821334440254263,1.3470467403531075,0.1520471449474844,1.8349720165133476,0.2071214367040052,0.6683579224627465,0.07544052546153977,11.90929140895605,0.15891845390530063,5.471955984830856,0.0730181800987103,6.961171895265579,0.09289038591605091,31.18306115269661,0.4161090442958087,19.414157569408417,0.25906393578412945,15.579128295183182,0.363246738851624,6.192115306854248,0.14437686430141702,7.336846426129341,0.17106769308592687,9.216640330851078,0.21489742429203365,4.563826175406575,0.10641127946899841,20.177282363176346,0.3820073827128704,9.259869754314423,0.1753129358770032,11.509100541472435,0.21789660748619513,9.343769073486328,0.17690136383035054,2.5290683591738343,0.04788171009358077,22.949040338397026,0.3848548401645241,9.36482846736908,0.15704794230316194,13.47057792544365,0.22590125939804312,10.158245742321014,0.17035353042505408,3.687687460333109,0.0618424277092168,5.0223943293094635,0.22439057733031298,3.222899854183197,0.14399274759004863,9.43933692574501,0.421730776897099,3.832911031320691,0.17124683224386075,0.8648341118823737,0.03863906593867869,6.145871169865131,0.20776078068305015,3.3108255863189697,0.11192224657942856,15.327432721853256,0.5181428800156646,4.136100480332971,0.13982061143601454,0.6612490371335298,0.022353481285842206,Healthy_patient59,0,test
580.8605256080627,0.8661245947848898,38.90182375907898,0.0580067414711195,28.181150794029236,0.04202108206010211,18.196014016866684,0.027132185046592313,4.503634747117758,0.006715396637296252,578.4263596534729,0.863202135707527,39.48038160800934,0.05891769825807802,27.64821892976761,0.041260224798507564,19.118841230869293,0.02853159145898273,5.419952666386962,0.008088349776904641,538.2575273513794,0.8779102665042929,35.29273307323456,0.05756325016103618,20.68874827027321,0.03374381886858203,15.365989096462727,0.025062277622308633,3.5072391740977764,0.005720386843780169,535.8113803863525,0.88126645247559,35.03929531574249,0.057630271790575525,21.16597816348076,0.034812374600660105,13.260014615952969,0.021809178505968488,2.7248943615704775,0.004481722627205916,542.3303899765015,0.8600497548207435,38.09223127365112,0.06040822121160906,27.58166480064392,0.04374013422034042,18.012330874800682,0.028564692370076597,4.563633736222982,0.007237197377230351,562.4091720581055,0.8652751959058026,38.73632752895355,0.05959643806773432,25.772560596466064,0.03965148245625939,17.94044131040573,0.02760164599145987,5.1187250800430775,0.007875237578743869,509.48246145248413,0.8744705186346446,35.15036582946777,0.060331730653615225,24.27699226140976,0.04166878277458463,11.56060603260994,0.019842506696395965,2.1477995049208403,0.0036864612407595614,496.05296993255615,0.8862990840764602,33.61892592906952,0.060067019178657116,16.386781483888626,0.029278303528968343,11.492013271898031,0.020532808902368957,2.13957516849041,0.0038227843135454093,498.64389419555664,0.8881979287385003,33.416279673576355,0.05952197698138674,15.75361841917038,0.02806076924418601,11.477925952523947,0.02044479071320491,2.1190642677247524,0.0037745343227220123,505.0893654823303,0.8911944651861103,33.788275837898254,0.0596170231898694,16.061844170093536,0.028339988135366735,9.857943587005138,0.017393644299888218,1.9580717850476503,0.00345487918876526,509.9468159675598,0.8423699294880869,35.500468254089355,0.058642442708954357,39.52181947231293,0.06528522434043593,17.988409250974655,0.029714657603255472,2.414068015292287,0.003987745859267357,509.82797622680664,0.8595035545681141,34.694281578063965,0.05849003924858586,29.296458333730698,0.04939001241253226,17.070966847240925,0.028779426334561608,2.2759572458453476,0.003836967436206133,511.62688875198364,0.8739497639127827,35.33550477027893,0.06035932968076348,21.126905471086502,0.03608851382636042,14.948947161436081,0.02553546173921859,2.380859013646841,0.004066930840874829,533.0350103378296,0.8435132653091133,37.12978947162628,0.058756872156674314,36.120139837265015,0.057159129337945654,20.99440786242485,0.03322307388034713,4.643151234835386,0.007347659315919571,568.8551678657532,0.8585841119999997,38.09757602214813,0.05750140866444219,28.580790281295776,0.04313753979943738,20.712310880422592,0.03126149158749019,6.304462969303131,0.009515447948630448,509.56321144104004,0.7447732812699781,39.28663504123688,0.05742101359117372,101.86451035737991,0.14888430703087308,29.738281182944775,0.04346522032726009,3.7330386871472,0.005456177780715018,511.15027475357056,0.8118561053171943,37.713125705718994,0.059899471578184676,56.24360680580139,0.08933129419203271,21.478286251425743,0.03411379918239698,3.021691521629691,0.00479932973019131,518.3714146614075,0.7993716326232561,39.76756691932678,0.06132488018175343,62.49998313188553,0.0963801477897752,24.20921065658331,0.037332606890975784,3.6254425402730703,0.005590732514239562,519.0068340301514,0.7672533965365039,41.02642273902893,0.060649802912679435,87.2944523692131,0.12904832978592692,25.92414280772209,0.03832393971977378,3.1958983968943357,0.004724531045115865,Healthy_patient6,0,train
22.154826164245605,0.28262315980207064,6.941471219062805,0.08855048173533991,24.99950408935547,0.3189119511405119,18.629268765449524,0.23764857211068283,5.664917970076203,0.0722658352113947,28.18727147579193,0.3345430383601904,6.9110395312309265,0.08202426279503602,23.698251485824585,0.2812647213016176,18.584249511361122,0.22056875219420147,6.8752275593578815,0.08159922534895446,7.827335014939308,0.18975952072141988,3.864184871315956,0.09368014372201533,15.468269497156143,0.3750000990845372,11.294759705662727,0.2738209344967948,2.794158671051264,0.06773930197523283,6.020533412694931,0.17250518925007544,3.113088607788086,0.08919873084772952,13.257461935281754,0.37986351430242193,10.253173932433128,0.2937822263221348,2.256335183046758,0.06465033927763826,12.918245762586594,0.2432330063231631,7.30304691195488,0.13750644540750748,15.177888631820679,0.28577900973581655,13.143436387181282,0.2474730396545146,4.567961161956191,0.08600849887899831,17.417569175362587,0.2970568418259351,8.47786432504654,0.14459007318825026,15.584825098514557,0.2657993705989072,13.307606816291809,0.22696138670720328,3.845926919952035,0.06559232767970416,4.924214247614145,0.1180354702644632,3.782848075032234,0.09067644684464937,19.03405100107193,0.45625414492024957,12.227936908602715,0.2931087501057499,1.7490387165453285,0.04192518786488797,1.8700501676648855,0.11890504850024987,1.3639643490314484,0.08672614771437474,6.380107641220093,0.4056720090367311,5.305677944794297,0.3373555984009969,0.80745615134947,0.0513411963476474,1.8821921572089195,0.11934070398426039,1.3770764619112015,0.08731376006174474,6.389287516474724,0.4051138281782268,5.311966456472874,0.33680610878556777,0.8110632488969713,0.051425598990200314,2.2688891161233187,0.11917787154832214,2.5212971046566963,0.1324360985024005,6.846542552113533,0.3596281382935416,6.559300195425749,0.34454016751290456,0.8418099076952785,0.044217724142831115,3.914418090134859,0.11392573347954453,2.825904905796051,0.08224550411403977,18.606870502233505,0.5415367804139751,8.103223279118538,0.2358372647900507,0.9089678023010492,0.026454717202389844,3.674694284796715,0.13700418835922396,2.1069295182824135,0.07855297508057638,14.257903143763542,0.5315795809184747,5.894420646131039,0.21976258536993093,0.8878184333443642,0.03310067027179412,2.50040696375072,0.12646827213105555,2.641470804810524,0.1336031507718678,6.784817531704903,0.34316979691661004,6.815458789467812,0.34471960340066515,1.0288676979253069,0.052039176779801466,8.950633220374584,0.19016050288475728,7.030313551425934,0.14936238894623488,13.548012405633926,0.2878340323765897,12.591899648308754,0.26752095750568383,4.947975577786565,0.1051221182867343,9.064173050224781,0.16335599903742487,7.816510796546936,0.14087042723936932,17.539906084537506,0.3161070365256516,15.332483485341072,0.27632450788333046,5.73416368290782,0.10334202931422377,10.732208952307701,0.12764759403404946,9.270314812660217,0.11026000211446121,41.792369186878204,0.4970733797109541,18.24125750362873,0.2169593084556075,4.040710009634495,0.048059715684927715,15.816396221518517,0.1514345140236675,11.443995893001556,0.10957084864804635,53.19461923837662,0.5093133227199967,20.374299369752407,0.19507428117117234,3.6144901076331735,0.03460703343711706,7.512440204620361,0.07329180282940591,7.15391132235527,0.06979397423684566,69.6781684756279,0.6797842573560849,16.477263644337654,0.16075314082981934,1.6786313327029347,0.016376824747844188,6.082539819180965,0.08210844259438242,4.7428717613220215,0.06402421115583666,52.14590626955032,0.7039196254767722,9.980696357786655,0.13472980996540942,1.127332896925509,0.01521791080759928,Healthy_patient60,0,train
37.83059573173523,0.30000170035779167,9.48125770688057,0.07518764583473081,32.62726178765297,0.25873856398469464,29.682824790477753,0.2353887835050829,16.47933103144169,0.13068330631769995,25.77768337726593,0.2571679363866599,8.345913290977478,0.08326199320903908,32.378505408763885,0.323020237986152,23.072189554572105,0.2301769049155137,10.66247870400548,0.10637292750263534,9.166681990027428,0.23531991659233156,5.012460470199585,0.1286759790568666,16.627216324210167,0.4268409401386993,6.238789778202772,0.1601573493921735,1.9089787495322526,0.04900581481992908,9.103826522827148,0.19936037993114708,5.307553708553314,0.1162276017879968,22.669942378997803,0.4964383179272961,6.74903005734086,0.14779380879287343,1.8348217564634979,0.04017989156068662,22.095322340726852,0.30282806225712017,11.214173913002014,0.15369617620962175,26.2209150493145,0.35937148924758616,10.561328254640102,0.144748581663318,2.871519448235631,0.039355690622353924,21.31636007130146,0.28928450353395085,10.328155219554901,0.14016348218535724,27.7390056848526,0.3764462816928807,11.169558756053448,0.15158217672389585,3.1334116319194436,0.04252355586391538,33.46789303421974,0.37381360379146084,9.6736319065094,0.10804788939139275,35.57719084620476,0.39737302582503087,8.497135426849127,0.09490722384486122,2.315114740282297,0.025858257147254367,4.8410554677248,0.15283230863332842,3.396440163254738,0.10722574751434123,17.10506145656109,0.5400074527445602,5.211796022951603,0.16453660232239534,1.1212494568899274,0.035397888785374844,4.453644743189216,0.14031645862810824,3.395259365439415,0.1069709861818083,17.41267864406109,0.548603569312609,5.343368664383888,0.16834808597550005,1.1350510511547327,0.035760899901974355,13.657156929373741,0.2445682746976493,6.884153991937637,0.12327936724077226,27.889414131641388,0.49943527278605776,5.969469267874956,0.10689946723573047,1.441704822704196,0.025817618039790224,6.384464535862207,0.12173535872767657,4.2856645584106445,0.08171662783528216,33.24234026670456,0.6338461423951289,7.305238511413336,0.13929215610531098,1.2277328162454069,0.023409714936601368,5.746825136244297,0.12648963511492028,3.777498558163643,0.0831440670181103,28.761853113770485,0.6330584660815592,5.994868356734514,0.1319491533199655,1.1521251578815281,0.025358678465444675,8.137795902788639,0.2126469169433185,5.396626770496368,0.1410180420286262,18.892599374055862,0.4936782708646647,4.666138673201203,0.12192982162973692,1.1758911884389818,0.030726948533653674,15.544987194240093,0.26329254514485595,8.627139180898666,0.14612179501179426,17.86406084895134,0.3025717544036163,12.43376825004816,0.21059640946565059,4.5707863960415125,0.07741749597408294,17.009823366999626,0.2000946998175122,9.535456359386444,0.1121701405527864,25.835678935050964,0.3039174663694649,22.80094873905182,0.2682184814656199,9.826957814395428,0.11559921179461664,27.00185352563858,0.23934207446147113,13.812895357608795,0.12243629964403073,35.33747363090515,0.3132282840145638,26.01912957429886,0.23063129507318614,10.645642526447773,0.09436204680674819,29.604998469352722,0.20149836586297282,14.539704501628876,0.09896054209364677,37.454687774181366,0.254925140030599,43.03359600901604,0.2928964607784243,22.29127410799265,0.1517194912343571,9.366754364222288,0.11993146142075858,5.183724939823151,0.06637215875019295,52.779164880514145,0.675781826933048,9.329029235988855,0.11944843073740867,1.442220650613308,0.018466122158591763,8.8406634144485,0.10805824515398982,4.984434217214584,0.060924072023536995,58.07173380255699,0.7098030264898845,8.576135780662298,0.10482495930635104,1.3409045711159706,0.01638969702623771,Healthy_patient61,0,val
53.9111664891243,0.6779790428815783,9.718454331159592,0.12221787794291401,7.471120923757553,0.09395573761446088,5.369430683553219,0.06752518472010384,3.0472802948206663,0.03832215684094295,33.67187166213989,0.6208311015614333,5.326876223087311,0.09821522446520671,6.282992027699947,0.1158437790687032,5.726559497416019,0.10558445567299171,3.228467364795506,0.05952543923166503,7.6899861469864845,0.4678681064585483,2.3832172080874443,0.14499783239066744,3.6478299535810947,0.22193840930826328,1.892823539674282,0.11516168539713362,0.8223696027416736,0.050033966445387365,4.516087464988232,0.42423903107532374,1.6187314800918102,0.15206283757993244,2.625024188309908,0.24659347872058662,1.381607672199607,0.12978754391368327,0.5036976465489715,0.047317108710473885,28.181822389364243,0.6145941038175716,4.572929099202156,0.09972723632685013,6.4027122631669044,0.13963146708595842,4.447495799511671,0.09699176502385702,2.249405491165817,0.04905542774576286,27.86512663960457,0.5385180691932088,3.3765872567892075,0.06525551717407596,5.896398164331913,0.11395307818688827,9.387112528085709,0.18141420203485692,5.218863926827908,0.10085913341097004,18.0367052257061,0.6204939346942793,3.937971569597721,0.13547305028034792,5.183273781090975,0.17831360566025584,1.5039332807064056,0.05173791261683501,0.4064183731097728,0.013981496748281988,1.47321355342865,0.3642350779021636,0.6676385998725891,0.16506595182289124,0.8147498052567244,0.20143750245699066,0.8551278011873364,0.21142049674800267,0.2339480947703123,0.05784097106995182,1.5184554504230618,0.3696760727065571,0.6855827327817678,0.16690877042166774,0.7971354071050882,0.19406686355654973,0.8786116521805525,0.21390268968499018,0.22774446400580928,0.055445603630235256,7.158954739570618,0.5326733709453051,1.5277882665395737,0.11367750679160321,3.2016386203467846,0.23822299462548163,1.1932346588000655,0.08878451549896575,0.3580544962314889,0.02664161213864437,2.499106867238879,0.2909414229471121,0.9324427284300327,0.10855326668196869,3.7587126288563013,0.43758240794918496,1.1377988052554429,0.13246044327599402,0.26166415243642405,0.03046245914574025,2.843188401311636,0.22754937811072615,1.1423110961914062,0.09142277712846006,6.749556362628937,0.540188385733066,1.4784161755815148,0.11832233178329511,0.28134744003182277,0.022517127244452675,2.7449677623808384,0.5013885336297419,0.7593541741371155,0.13870162014070644,1.070833370089531,0.19559558423567902,0.729658333119005,0.13327745655415185,0.16991818652604707,0.031036805439720754,12.656286418437958,0.22294567060860135,5.008233681321144,0.08822208819643111,14.440746426582336,0.2543796647548147,14.208647981286049,0.2502911555489539,10.454563587903976,0.1841614208911989,17.586264073848724,0.11473819264118,12.338038891553879,0.08049715830541765,38.5349395275116,0.25141379069239833,54.70897316932678,0.3569381578909504,30.104758828878403,0.19641270047005363,17.50544825196266,0.32181346895308827,6.772656410932541,0.12450592651263359,17.198157250881195,0.3161643486556399,9.74958100169897,0.17923257021676653,3.170414360240102,0.0582836856618717,11.090066559612751,0.3800662624157567,4.230220377445221,0.144973345237228,7.041557140648365,0.24132031035588825,4.965344842523336,0.1701667024051743,1.8521086294203997,0.06347337958595274,4.421289578080177,0.15414047690889926,1.597049631178379,0.05567832358628487,19.91346088796854,0.6942477537313935,2.3878119001165032,0.08324685785736793,0.363895843969658,0.012686587916054455,9.471086449921131,0.29544544465265754,1.9837794229388237,0.06188293146747001,17.920979142189026,0.5590352996217376,2.3280310900881886,0.0726216769547113,0.35309624404180795,0.011014647303423563,Healthy_patient62,0,test
15.312178134918213,0.3247175356493138,5.702822744846344,0.12093684723589139,12.54024213552475,0.265934505647327,11.382998626679182,0.24139343402267247,2.2171363523229957,0.047017677444795306,14.64530922472477,0.3197773021143595,5.5090018808841705,0.12028791825289568,14.645684361457825,0.3197854931474459,9.10278982296586,0.19875753571579333,1.8956786030903459,0.04139175076950557,4.852838836610317,0.21269439370475265,3.062569782137871,0.1342289420526696,7.072026759386063,0.30995887036340725,6.560069277882576,0.28752035760886957,1.2685120338574052,0.05559743627030094,5.6002658531069756,0.23003580071668223,3.329667016863823,0.13676897462274193,8.618916615843773,0.3540295116411265,5.622229464352131,0.2309379751905255,1.1741135618649423,0.04822773782892385,9.438891142606735,0.1847110755907516,7.543862760066986,0.14762698112186984,20.912546783685684,0.409240762648494,10.532425697892904,0.20611061721601706,2.6731137381866574,0.05231056342286753,11.73308240622282,0.216544356495183,8.184730380773544,0.15105639865370624,20.897602260112762,0.3856836317205409,11.170494638383389,0.20616130437460475,2.1973652616143227,0.04055430875596516,14.454364627599716,0.32409125544430256,5.760122060775757,0.12915166029675834,14.295916989445686,0.32053859192054784,8.633065298199654,0.19356789751129905,1.4562059142626822,0.03265059482709216,3.348329618573189,0.21916885503255418,2.0768329352140427,0.13594154350273419,5.139732450246811,0.3364272352535817,3.7821667920798063,0.2475661777037082,0.9303352504502982,0.06089618850742173,3.226531168445945,0.20930907314149547,2.0593644082546234,0.13359351980472925,5.28561045229435,0.34288409657285035,3.9061228688806295,0.25339502846209716,0.9375230590812862,0.060818282018827816,5.561354037374258,0.21882132341617183,3.738958314061165,0.14711593633176628,9.844815731048584,0.38736170950078735,5.260295135900378,0.20697562778089862,1.0096229505725205,0.03972540297037587,4.258428823202848,0.1815858402214473,2.6778024435043335,0.1141855427995765,11.354566410183907,0.48417587038421495,4.227206900715828,0.18025449026504003,0.9333219025284052,0.039798256329721254,3.8779048025608063,0.18200931408936555,2.437499389052391,0.1144039409120376,9.311528012156487,0.4370362123116974,4.724194020032883,0.22172986625237942,0.9549526544287801,0.04482066643452004,3.7560355365276337,0.26124639767985286,2.1072519943118095,0.146567301391025,4.504823811352253,0.31332743831976323,3.1338222101330757,0.21796912074033503,0.8754342119209468,0.060889741869023885,10.546628773212433,0.16416175967561814,8.675856500864029,0.13504257147008455,31.566422402858734,0.49134178890215563,11.464209366589785,0.17844420462481517,1.9922272684052587,0.031009675327326493,7.97908378764987,0.1632786858787943,8.000930905342102,0.16372575082534221,22.081467986106873,0.4518605357455618,9.358345169574022,0.19150297727833054,1.4480555783957243,0.029632050271971192,16.409658282995224,0.18254581305238726,12.314073741436005,0.13698533902116006,43.05106747150421,0.47891260005716996,15.688121415674686,0.17451922701257983,2.4304489148780704,0.02703702085670292,13.64199597388506,0.156080930711337,12.164802104234695,0.1391800465256595,45.88526725769043,0.5249829448145754,13.891761358827353,0.1589385487472824,1.8195217587053776,0.020817529201145685,7.75424799323082,0.17299671486270063,3.9799727350473404,0.08879290538648785,25.9497731924057,0.5789375730099545,6.115978756919503,0.13644704606310917,1.0231212140060961,0.022825760677747785,5.613315764814615,0.13522853563915171,3.9007188975811005,0.09397093029511394,24.31341578066349,0.5857264672359922,6.643661009147763,0.16005024252891853,1.0387351070530713,0.025023824300823623,Healthy_patient63,0,train
12.463293224573135,0.3565578768124526,5.0820257514715195,0.1453898483490872,8.094610512256622,0.23157580310984235,6.536938741803169,0.18701293122390072,2.7776063028723,0.0794635405047171,12.396278381347656,0.25424529415478714,5.111117720603943,0.10482804502760952,8.313878372311592,0.17051605226258934,14.353487744927406,0.2943872831500149,8.582397367805243,0.17602332540499915,5.002543620765209,0.2049114288478742,2.7184680849313736,0.11135238826271826,4.777628660202026,0.19569858645566426,7.53358194604516,0.30858642281474585,4.380977327004075,0.17945117361899743,3.2375197149813175,0.24732065624840097,1.9777304381132126,0.15108281428316178,3.424238882958889,0.26158450982269027,3.045813776552677,0.23267585322851866,1.4050704869441688,0.10733616641722828,9.843002244830132,0.23883426494476626,9.630465179681778,0.23367718659960116,14.018206715583801,0.3401429780754889,5.896094154566526,0.143065020044129,1.824920542538166,0.04428055033601476,15.593415439128876,0.25267798948759246,16.900742173194885,0.2738621035167916,20.44823083281517,0.3313461297547896,7.5092823430895805,0.12168151181204934,1.2609282028861344,0.020432265428777067,1.998898796737194,0.2526787499904931,1.4815305173397064,0.18727875558543527,2.3999676182866096,0.30337744902152286,1.5564684895798564,0.19675158791860362,0.4739652150310576,0.059913457483945116,1.4502207608893514,0.21538296033827098,1.3096643090248108,0.19450788702966437,2.2827399149537086,0.3390265081183564,1.356939964927733,0.20152914268598285,0.3336546076461673,0.04955350182772541,1.4454761324450374,0.2138412312240395,1.3225373215973377,0.19565387683831012,2.29358446970582,0.33930890722395074,1.3542048325762153,0.20033871347139195,0.34377360867802054,0.05085727124230764,1.6167558562010527,0.26734476823732956,1.4289053939282894,0.23628204586835497,1.5679122414439917,0.25926804792299407,1.1258299723267555,0.1861658653481361,0.30805303528904915,0.050939272623185275,2.037999652326107,0.1487903728939055,2.1441435664892197,0.15653973268929233,6.356890618801117,0.4641041643641264,2.8005367452278733,0.20446171624707585,0.3575498200953007,0.02610401380559996,2.212597345933318,0.12378372294408431,2.510237790644169,0.14043521283796775,9.018753111362457,0.5045539978115988,3.688256294466555,0.20633943909412164,0.44485895906109363,0.024887627312227514,4.507224936038256,0.32560560087918494,2.6182064563035965,0.1891413671445969,4.000966414809227,0.289033072917029,2.260221926495433,0.16328027310386,0.4559705776628107,0.032939685955329125,10.16982951760292,0.18814355293931617,15.185382038354874,0.28093211636357673,19.8182535469532,0.36664101683533906,7.588298469781876,0.1403847952807425,1.2918000956997275,0.02389851858102554,11.71309394389391,0.16179402788896277,23.10309362411499,0.3191251254404892,26.525971204042435,0.36640564357515215,9.978068057447672,0.1378279581208556,1.074867703486234,0.014847244974540284,13.42545072734356,0.15871371629100373,28.002793550491333,0.3310449325828803,30.724099725484848,0.3632158164489401,11.277511812746525,0.13332109637639367,1.1592461285181344,0.013704438300782221,18.161418192088604,0.1536643325178382,38.86973333358765,0.32887804050754116,43.11795508861542,0.3648223788554391,16.47815716266632,0.13942220782230424,1.561634677927941,0.013213040296877249,4.290987078100443,0.13432375556078568,5.159293949604034,0.16150497000788935,15.867812484502792,0.4967211801523967,5.977762956172228,0.18712607507563378,0.6492530186660588,0.020324019203294488,4.529315631836653,0.12495292773661845,5.641432851552963,0.15563356779029286,17.51501813530922,0.48319723624104977,7.771510494872928,0.21439728828888338,0.7908982103690505,0.02181897994315555,Healthy_patient64,0,train
26.452072888612747,0.39894735491922373,5.794224381446838,0.08738787695469413,11.839494615793228,0.17856200080956341,15.52893739938736,0.23420578516773846,6.689941149204969,0.10089698214878025,39.97898921370506,0.5333211270441148,7.476859956979752,0.09974157569847934,13.396295309066772,0.178707052203263,11.043563440442085,0.14732152604350246,3.0666125025600195,0.04090871901064038,14.497892335057259,0.3728507365383175,4.450866520404816,0.11446552519595049,9.011180058121681,0.23174576304623926,8.754596523940563,0.22514705493804743,2.169368801638484,0.05579092028144528,15.00938568264246,0.36691898122830496,4.30923618376255,0.10534345534519825,10.535606056451797,0.25755310194517433,8.919459700584412,0.21804483778640432,2.1328515596687794,0.05213962369491814,23.348801240324974,0.37579482164321654,7.3514743745327,0.1183206783490415,15.518906712532043,0.249774055640234,11.878702811896801,0.19118561842224163,4.033895011991262,0.06492482594526632,20.66472727060318,0.3690253003807539,6.669077098369598,0.11909463634631419,15.623446941375732,0.27899943343194494,10.869001135230064,0.19409578245307055,2.1718789814040065,0.03878484738791643,23.745404914021492,0.4463516082990742,7.088389128446579,0.13324320638826145,10.915093928575516,0.20517526432570027,9.204757578670979,0.1730254069837659,2.2452328065410256,0.042204514003198176,5.781588200479746,0.27617295273933423,2.390067048370838,0.11416791564968047,6.339257523417473,0.30281151263453354,5.090757604688406,0.24317359013053816,1.3329944522120059,0.0636740288459136,6.325402546674013,0.2960399169777301,2.326044239103794,0.10886294403395579,6.259447008371353,0.2929530822760228,5.117749959230423,0.2395196609012647,1.3380780429579318,0.06262439581102669,8.9522904753685,0.36577551252441987,3.0310753136873245,0.1238446327690748,5.734682455658913,0.2343094675217288,5.327527888119221,0.21767381756954612,1.4292456330731511,0.05839656961523042,12.888076275587082,0.2970075006557048,3.9278578758239746,0.0905180281124743,16.581049144268036,0.382112571285518,8.420640148222446,0.19405481709338399,1.5754768890328705,0.03630708285291886,8.830499581992626,0.2513847870121411,3.126802906394005,0.0890131611869043,14.179483294487,0.4036585195242699,7.491292927414179,0.21326053633973718,1.499343624804169,0.04268299593694748,7.78886628895998,0.29370102981455654,2.718844547867775,0.10252165257301939,9.99510332942009,0.37689337986383126,4.680970136076212,0.17650909625261282,1.3359262137673795,0.05037484149597998,17.265813373029232,0.27271930598174626,7.143606275320053,0.11283565410566736,19.26432755589485,0.3042865069684765,14.989211559295654,0.23675961771081505,4.646872973069549,0.07339891523329484,22.701072826981544,0.3747955329775535,6.714356750249863,0.11085427265888122,16.93463760614395,0.27959147903497467,11.89816090464592,0.19643906663341604,2.3209912050515413,0.03831964869517459,22.351164549589157,0.23912114061341402,10.332433938980103,0.11054025320783956,41.26054799556732,0.4414208162239102,16.516018509864807,0.17669455995051161,3.0119742415845394,0.0322232300043246,35.042075008153915,0.3879249637177897,9.42244440317154,0.10430893154536892,27.388689875602722,0.30319998241538815,15.520999692380428,0.17182153856840626,2.957886878401041,0.03274458375304697,14.267032638192177,0.1679760931109824,7.011314660310745,0.08254927805085531,48.565283834934235,0.5717942088097658,13.238684181123972,0.1558686030283837,1.8525844914838672,0.021811817000012695,11.882840998470783,0.1814580485815549,5.225167155265808,0.07979140978398906,35.365455627441406,0.5400515387001259,11.349777907133102,0.17331785817276,1.6620927532203496,0.025381144761570214,Healthy_patient65,0,train
10.923742190003395,0.5371336692265424,1.5327755697071552,0.07536843615835576,1.9250881746411324,0.09465892336564719,4.593505371361971,0.22586823744242174,1.3619906408712268,0.0669707338070329,8.156764328479767,0.44220530208518,1.743777684867382,0.09453598349210773,2.179337240755558,0.11814911453662268,4.475515238940716,0.24263255483703106,1.8902557287365198,0.10247704504905854,4.61339857429266,0.36665342681092294,0.8272464834153652,0.0657460553379639,1.2581640370190144,0.09999356184697655,3.8059039898216724,0.3024771689481511,2.0777373630553484,0.16512978705598555,2.3232184164226055,0.2937594108464233,0.8872245848178864,0.11218513484663889,1.1628376953303814,0.14703504150774938,2.342831362038851,0.2962393702460492,1.1924632266163826,0.1507810425531392,4.720601595938206,0.17297099304489463,1.6563944220542908,0.06069315154731085,3.583777643740177,0.13131580060117948,9.545719049870968,0.34977162758332536,7.78479765355587,0.2852484272232897,4.455203711986542,0.22767659821632777,2.2719213664531708,0.11610318215918462,4.944855362176895,0.25269952179811883,5.2421482764184475,0.26789223660176,2.653994431719184,0.13562846122460878,10.142971441149712,0.557479267604495,1.3844887427985668,0.07609444380477584,1.8972488045692444,0.10427682658592576,3.6757568195462227,0.20202740701206023,1.0938815525732934,0.06012205499274327,0.7998237507417798,0.17649405049792521,0.3788837306201458,0.08360682490723295,0.7628893330693245,0.16834387369741366,1.7099160999059677,0.37732065121113295,0.8802191666327417,0.19423459968629522,0.806558158248663,0.17718969797117098,0.3879835121333599,0.0852346239755094,0.7650447841733694,0.16806978251443871,1.7153075858950615,0.3768294077297038,0.8770532086491585,0.19267648780917707,2.305285135284066,0.3510940851955217,0.5901435669511557,0.08987864997759014,1.1511540934443474,0.17532034852041012,2.0445042541250587,0.31137725212110834,0.4749168576672673,0.07232966418536968,1.673862248659134,0.24890916549116068,0.6321481242775917,0.09400263504764675,1.6140210647135973,0.24001057233045203,2.243235131725669,0.3335769028099965,0.5615249639376998,0.08350072432074399,1.8882255144417286,0.2358131994096854,0.6064861956983805,0.07574172105588146,1.4416164346039295,0.18003791452105558,3.011226313188672,0.376060436440822,1.059739108197391,0.13234672857255556,0.7385477367788553,0.22246606876565905,0.29160192515701056,0.08783661597436142,0.5569821987301111,0.16777472051348707,1.3360441392287612,0.402444517192556,0.396645943634212,0.11947807755393647,3.740148726850748,0.18330600037561418,2.3349266424775124,0.11443557335844258,6.133632592856884,0.3006114837889895,5.6672566793859005,0.2777542367613097,2.527888583019376,0.12389270571564405,4.069445356726646,0.17999548198221677,2.1225283592939377,0.09388147070718829,9.045966766774654,0.40011181019774805,5.211321152746677,0.23050174665750356,2.1593356020748615,0.09550949045534335,9.89156973361969,0.2563947832760838,5.6702229380607605,0.14697521429686802,12.586320728063583,0.32624417177659026,7.904632527381182,0.20489230711750073,2.5267041195183992,0.06549352353295718,6.900856971740723,0.20117701298876203,2.909381717443466,0.08481565781702477,14.981599308550358,0.43675059648836656,6.8009655103087425,0.19826493034217751,2.7096094228327274,0.07899180236366915,2.2215609066188335,0.20946074463080835,0.9752343632280827,0.09195035585236593,3.264976881444454,0.30783963057334623,3.3008432406932116,0.3112213043744372,0.843481280375272,0.0795279645690423,2.8788479566574097,0.24996375355524253,0.8596722185611725,0.07464336353081172,2.6466000005602837,0.22979819714670752,3.863515442237258,0.3354601689286758,1.2684260187670588,0.11013451683856243,Healthy_patient66,0,train
23.694720089435577,0.3862920238932261,17.80744406580925,0.29031250770562417,5.477210134267807,0.08929426387265668,10.567577764391899,0.17228188334143094,3.7919279225170612,0.06181932118706214,16.188332706689835,0.4118529765641644,6.8948725163936615,0.17541483859753412,4.661733731627464,0.11860078169303508,8.795107670128345,0.22375937897840206,2.7660495499148965,0.07037202416686433,6.6645667552948,0.30850056428889616,5.144477739930153,0.2381361525832469,2.525814898312092,0.1169191261831863,5.575128503143787,0.25807083226175714,1.693106316961348,0.07837332468291348,6.750495754182339,0.3476950904403778,3.342947766184807,0.1721838762998931,2.4979519695043564,0.12866101506906855,5.3638851791620255,0.2762754929999126,1.4597065993584692,0.07518452519074798,33.99661558866501,0.27374243625360933,52.20308834314346,0.4203418586107453,13.007578492164612,0.1047376676927921,19.376100309193134,0.15601732148600395,5.608598802238703,0.04516071595684937,20.948252379894257,0.3361237461380334,11.25100725889206,0.18052726495288174,11.144587606191635,0.1788197157177624,13.973503641784191,0.22421089385279133,5.00568525865674,0.08031837933853112,19.917555451393127,0.4652266928988689,8.942095011472702,0.2088660578818141,4.050085291266441,0.09460035347271738,7.677880167961121,0.17933700788389295,2.224965031258762,0.05196988786270665,3.0719363540410995,0.30532878356667503,1.4989827871322632,0.14898830517123232,1.2601546496152878,0.12525047459618613,3.2508341781795025,0.3231099641419327,0.9791688746772707,0.09732247252397379,2.937278635799885,0.2922441883616313,1.5343619287014008,0.15266115752216225,1.3157911375164986,0.13091448266099556,3.2527995072305202,0.3236368999207409,1.010537130292505,0.10054327153446993,9.058918759226799,0.3664851506228143,5.47161728143692,0.22135825884246674,3.0667471140623093,0.12406748618586083,5.6817666888237,0.22986000604502282,1.4393289061263204,0.05822909830383531,3.1782641392201185,0.3093930834038337,1.5758456736803055,0.15340315675215638,1.3305495008826256,0.12952441794234293,3.2274837642908096,0.3141844446304492,0.9604334910400212,0.09349489727121779,5.322943467646837,0.37424658371451003,2.3601536229252815,0.1659381572977122,1.9663289189338684,0.13824905051929257,3.6028174068778753,0.25330761344104386,0.9708482543937862,0.06825859502744139,5.315993342548609,0.34716573313707055,3.017684042453766,0.1970725742993951,1.9982919543981552,0.13050025586336625,3.9271115623414516,0.2564635575705426,1.0534711019136012,0.06879787912962547,16.15627259016037,0.2087680878435535,26.80440056324005,0.3463610446129981,13.412600100040436,0.17331490665743352,18.750391356647015,0.24228876605050115,2.2649475913494825,0.029267194835513734,12.498973026871681,0.2395770150482868,8.477383196353912,0.1624922429416029,12.050912141799927,0.23098870229854312,14.250448152422905,0.2731488278371259,4.893285881727934,0.0937932118744413,38.85261160135269,0.30658975930550075,29.416538953781128,0.23212878686195304,28.728028059005737,0.22669568003056947,26.787247881293297,0.21138079377131405,2.940652937628329,0.023204980030662698,28.247582763433456,0.29943708812615966,16.330244958400726,0.17310794483485406,25.788966059684753,0.27337464473925643,20.546682476997375,0.21780407984251404,3.4221417512744665,0.03627624245721583,8.476501196622849,0.44439075231492164,3.096039354801178,0.16231358035139046,2.4887208715081215,0.13047417970423605,3.987852232530713,0.2090679411973796,1.0253183674067259,0.05375354643207224,9.01114609837532,0.4425793417558918,3.181422919034958,0.15625449260083166,2.8404592126607895,0.13950817741713534,4.279254946857691,0.2101741351111138,1.0482380860485137,0.05148385311502738,Healthy_patient67,0,train
35.238302767276764,0.516807847174276,6.119907855987549,0.08975507205457524,7.19896724820137,0.10558064586686088,16.3455898091197,0.2397257647689417,3.28176736459136,0.048130670135346276,19.14227755367756,0.3975085866029165,4.623608037829399,0.09601385681351965,6.385038495063782,0.13259172637429462,15.445856504142284,0.320748697254862,2.558852265588939,0.053137132954407244,8.058539524674416,0.2337233797376246,3.406867131590843,0.09881002604434203,5.476495638489723,0.15883586173735284,13.956882327795029,0.4047941563436551,3.5801773611456156,0.1038365761370254,8.536439627408981,0.29102418489345055,2.8157524466514587,0.0959945945165905,4.241748556494713,0.1446096347021821,10.733419932425022,0.3659236078848978,3.0050457129254937,0.102447978002879,16.83434820175171,0.3785479586218829,5.2274985164403915,0.11754888685809173,7.228984028100967,0.16255557470666238,11.99995606392622,0.2698387141047063,3.1800597980618477,0.07150886570865672,12.597834900021553,0.30365656398289786,4.6100949347019196,0.11112112506762188,7.824477046728134,0.18860017088876538,12.391250491142273,0.2986770804231782,4.063457988202572,0.09794505963753666,16.51160317659378,0.3641258633986019,4.786035478115082,0.10554512981485693,6.829301625490189,0.15060471864513905,15.07763510197401,0.33250295811965674,2.1412921771407127,0.04722133002174537,4.213726222515106,0.22051613840475326,1.9519032537937164,0.10214858425456717,4.191546469926834,0.21935540960243938,7.161888610571623,0.37480176373337604,1.5894063832238317,0.08317810400486413,4.2023748233914375,0.218532256824018,1.9371483772993088,0.10073575644367753,4.23954401165247,0.2204651321472251,7.234614409506321,0.37621504044826415,1.6163162030279636,0.08405181413681517,7.514232710003853,0.23914172230431402,3.459969252347946,0.11011410453457107,5.188254877924919,0.16511708582153925,13.134221203625202,0.4179988032017125,2.1249937480315566,0.06762828413786315,5.3443463034927845,0.21859975224957875,2.302764505147934,0.09418995733593778,6.110468074679375,0.2499364246626192,9.063139945268631,0.3707095375432866,1.6273706522770226,0.06656432820857766,6.012927357107401,0.2490327148252844,2.4204452633857727,0.1002456905311642,5.899570554494858,0.2443379046900601,8.367874760180712,0.3465657316452687,1.4443123997189105,0.0598179583082226,5.354224611073732,0.22960326398611472,2.7443921267986298,0.11768676806489008,3.9115471690893173,0.16773745266514867,9.509976096451283,0.40781284140735047,1.7993220901116729,0.07715967387649605,11.976766541600227,0.2966129897008254,4.751932799816132,0.11768493522146872,9.373038828372955,0.23212985406444797,11.651587791740894,0.28855971080890286,2.6251030266284943,0.06501251020435507,10.246441513299942,0.2532576694952725,4.20976622402668,0.10405130226264737,10.632143259048462,0.2627909230762095,12.111149154603481,0.2993469884957836,3.2590633891522884,0.080553116670087,18.764210745692253,0.2843484324154639,8.51341113448143,0.12901022821617447,20.570010006427765,0.3117130893150368,14.960834555327892,0.2267129649676959,3.181736445054412,0.04821528508562888,27.207035958766937,0.3660738835446786,8.25586450099945,0.11108363235450704,20.963574320077896,0.282067369483354,14.589917868375778,0.19630906882942503,3.304768138565123,0.04446604578803529,10.335376761853695,0.2729550964928353,3.7030955255031586,0.09779796322631722,11.786188378930092,0.3112707219467243,10.01352196931839,0.26445498005030715,2.0265683606266975,0.053521238283816094,7.704206719994545,0.2375045767620565,3.0864700078964233,0.09514941376271122,10.504806205630302,0.3238412003354728,9.367886081337929,0.28879233122458325,1.77477102028206,0.05471247791517623,Healthy_patient68,0,train
21.036815240979195,0.5569244744788194,7.047435849905014,0.18657241897936883,4.082794949412346,0.10808710375403813,3.8598283529281616,0.10218433029946149,1.7463178527541459,0.04623167248831213,26.033359825611115,0.6090143046841594,7.068655610084534,0.165361382866622,4.8603275790810585,0.11370061493942459,3.4641254022717476,0.0810384036995401,1.320244797039777,0.030885293810253883,6.78614916652441,0.39017988129483366,4.374472737312317,0.25151690767301177,2.6584358513355255,0.15285077876283581,2.4382298570126295,0.14018970300146658,1.1350729165133089,0.0652627292678522,7.382307641208172,0.4380252224206925,3.761867269873619,0.22320835539357733,2.907298933714628,0.17250300637367894,1.9988373909145594,0.11859993314974576,0.8033018973655999,0.04766348266230551,9.56288993358612,0.38329076010571755,6.765918076038361,0.27118516475544696,3.909820631146431,0.1567097532228055,3.2354496717453003,0.12968025069614092,1.4753619791008532,0.05913407121988906,8.598316799849272,0.33189445419111174,6.9017015397548676,0.2664052184686952,4.337743289768696,0.1674366012664451,4.089440178126097,0.15785211774124866,1.9795787706971169,0.07641160833249933,4.484687652438879,0.32408625141783315,3.7476992160081863,0.2708277330522961,2.8922177106142044,0.2090063051787974,1.8462630901485682,0.1334203249789221,0.8670771149918437,0.06265938537215127,2.1661419924348593,0.2736206505821324,2.319172687828541,0.2929510354686691,1.4657890796661377,0.18515414178532655,1.409837843850255,0.1780865471408926,0.5556465185945854,0.0701876250229794,2.169946599751711,0.2732218986267858,2.332905776798725,0.2937403831630128,1.465286459773779,0.18449686670507093,1.4129844848066568,0.1779114304993676,0.5609435873338953,0.07062942100576283,4.627444688230753,0.3079957850954786,4.258868500590324,0.28346390628803786,2.6238439604640007,0.1746391226731485,2.1495897229760885,0.14307347120648675,1.3646297983359545,0.09082771473684834,4.418905405327678,0.3654311997481867,3.0384907573461533,0.2512747436372072,2.058157965540886,0.1702039454639833,1.939946187660098,0.16042815986711123,0.6368043597321957,0.05266195128351158,2.5586420064792037,0.2909549423947953,2.4758874475955963,0.2815445411538578,1.441069133579731,0.16387059451297104,1.7908315435051918,0.2036436856972904,0.5275157128926367,0.059986236241085476,4.970862563699484,0.327264729141302,4.773445725440979,0.3142674741834987,2.5446075722575188,0.16752833079456428,1.9827997907996178,0.1305408122156034,0.9174022730439901,0.0603986536650316,7.705846853554249,0.3374013290375312,6.169012933969498,0.2701108914214908,4.057449609041214,0.17765586529427116,3.4585260413587093,0.15143193279621348,1.4479805072769523,0.0633999814504934,6.916483197361231,0.3129893043317964,5.761688709259033,0.2607317750118097,3.737364560365677,0.1691257103363523,4.003957990556955,0.18118977380242562,1.6786510753445327,0.07596343651761595,8.258928295224905,0.34556323447018067,5.832877844572067,0.244054441713117,4.8112030029296875,0.20130636953783532,3.7239201106131077,0.1558131796683646,1.2729752254672348,0.053262774610502425,10.632569625973701,0.31437826820222975,8.6891468167305,0.25691615709955834,8.07782430946827,0.23884089233226605,4.805107697844505,0.14207491600932923,1.6162949847057462,0.047789766356616636,5.517880957573652,0.3682579380363658,3.8089344799518585,0.25420453403900134,2.6555181816220284,0.17722666681309146,2.26643150113523,0.1512594051459445,0.7349742309888825,0.049051455965596874,4.168403137475252,0.3271335424060463,3.4867581725120544,0.273638492935683,2.140954405069351,0.1680206965500885,2.299442147836089,0.18045871058311316,0.6466485975543037,0.05074855752506906,Healthy_patient69,0,test
569.0447835922241,0.9008596667961057,36.93022859096527,0.05846456093164265,12.03764209151268,0.01905689421334162,11.125631839036942,0.017613082977653925,2.5303350556641817,0.004005795081256042,541.9421987533569,0.8981081297250411,36.55589509010315,0.06058053173441679,11.915804356336594,0.019746904354848722,10.817427355796099,0.017926670913058055,2.195122570730746,0.0036377632726353596,518.2275762557983,0.8980210743631417,35.190311551094055,0.060980238864572725,11.374285370111465,0.019710159081034,10.229054871946573,0.017725623387688665,2.056071192957461,0.0035629043035629204,519.5523633956909,0.8995240443583834,35.02740126848221,0.06064449297556676,11.075449168682098,0.019175416245216997,10.020285118371248,0.017348563937600182,1.910355094820261,0.003307482483232635,526.7948589324951,0.8836492121496544,35.913731813430786,0.06024193342850887,13.76472270488739,0.023089037729563007,14.292792864143848,0.023974826138987305,5.392246671020985,0.009044990553286456,534.2650270462036,0.8922803700938831,37.20786690711975,0.062141161359262266,13.105553716421127,0.021887691928901457,11.774056032299995,0.019663946809489012,2.4111192049458623,0.004026829808464159,521.3206534385681,0.8980925429490613,35.846121191978455,0.06175303802721442,11.544126570224762,0.01988736475179896,9.997175216674805,0.01722239173420512,1.767351790331304,0.0030446625377201875,514.3715777397156,0.9037089306518106,34.47438395023346,0.060568682257771456,10.245607912540436,0.01800069788304856,8.530913714319468,0.014988119958198168,1.555888494476676,0.0027335692491712244,510.04210567474365,0.9035794058263321,34.141751646995544,0.06048477826404294,10.221435606479645,0.018108071096947353,8.517641805112362,0.015089667373879451,1.5455584460869431,0.002738077438798134,520.7664155960083,0.9038671545400655,34.63277494907379,0.060110304369799944,10.46817284822464,0.018169062601184574,8.7108813226223,0.015119023191239696,1.5754665681160986,0.002734455297710284,539.7113480567932,0.8958787311516424,36.87856948375702,0.061215548190250935,13.897004663944244,0.02306794354050292,10.20325081795454,0.016936600331496434,1.747779001481831,0.002901176786107266,519.8108744621277,0.8954730048598647,35.19638419151306,0.0606324597283367,14.244063377380371,0.024538105800798266,9.527979671955109,0.016413755475811954,1.708185514435172,0.00294267413518838,521.0985770225525,0.9010654217395481,34.834309339523315,0.060234268562711926,11.83222633600235,0.020459871670511824,8.934072084724903,0.01544848477013931,1.6146251251921058,0.0027919532570888786,520.9716639518738,0.8463645675280109,35.94105565547943,0.05838942524359652,15.028635799884796,0.024415348702113857,27.86890086531639,0.04527549550282922,15.730237670242786,0.02555516302344946,517.1964874267578,0.8862446878929809,35.1340354681015,0.06020410628225316,13.39237642288208,0.022948575157760037,13.054581634700298,0.02236974516973458,4.804564155638218,0.008232885497271268,521.526937007904,0.8835076190279434,36.279786348342896,0.06146080936751524,19.48254182934761,0.03300495702678987,11.008800879120827,0.018649773890619503,1.993319969624281,0.0033768406871319675,548.1132907867432,0.8885142215083945,36.323652029037476,0.05888213613393124,19.99858331680298,0.032418527311196765,10.498571828007698,0.017018617376205095,1.953372738789767,0.0031664976702723085,527.3755149841309,0.8861445227026682,36.251169085502625,0.060912526300454184,18.782223403453827,0.031559607756248026,10.791557475924492,0.01813296081637251,1.9344159569591284,0.0032503824242571303,549.178228855133,0.8850478706209176,37.4379608631134,0.06033448851634692,20.679591089487076,0.03332693667994951,11.163236413151026,0.01799051400361218,2.0477904728613794,0.0033001901791737892,Healthy_patient7,0,train
11.779101938009262,0.36849167530194993,7.79919758439064,0.2439862902119294,6.700862534344196,0.20962651263597729,4.109665118157864,0.12856475750781354,1.5768934302031994,0.04933076434232982,14.474528700113297,0.3680114256685886,8.251880049705505,0.20980207400566603,6.732918530702591,0.17118284116393542,6.647116966545582,0.1690013569440196,3.225293004885316,0.08200230221779038,3.150639859959483,0.2303329992304713,3.7146598398685455,0.27156665949402015,3.977678257972002,0.29079507777963226,2.0512894205749035,0.14996307592478347,0.7843625638633966,0.0573421875710928,4.2722587790340185,0.25199139320362657,4.660748451948166,0.27490574811191987,3.869029864668846,0.22820767101677902,2.8941129706799984,0.1707039758802336,1.257836832664907,0.07419121178744097,4.86156190559268,0.19383700473112342,5.59706574678421,0.22316253103590908,5.8169682919979095,0.2319303409547622,5.211996987462044,0.20780932225815538,3.593076841905713,0.14326080102004993,6.885050229728222,0.27669838654493684,6.522776484489441,0.2621392246723997,5.741082780063152,0.23072429238139347,3.8969679847359657,0.15661247453764465,1.8369934177026153,0.07382562186362539,4.625900473445654,0.25412775073163274,6.075466960668564,0.33376091038314676,4.681512136012316,0.25718282439861667,2.0750397946685553,0.11399406423133979,0.7451318963430822,0.040934450255264064,1.6200524349696934,0.19765319387287505,2.1785944625735283,0.265797664561069,2.257377464324236,0.2754095213027374,1.5050135431811213,0.18361796643776263,0.6354015413671732,0.07752165382555593,1.6176045956090093,0.19779963030341075,2.180155076086521,0.2665879345450695,2.239532742649317,0.2738485967157147,1.5040047597140074,0.18390871678625434,0.6366988774389029,0.07785512164955066,4.229048812761903,0.2796266633781246,4.855178341269493,0.3210266373795486,3.3664900176227093,0.22259387692165686,1.9474060852080584,0.12876339100313036,0.7257878954987973,0.047989431317539584,2.979326445609331,0.15421125459746252,6.378342375159264,0.3301458225146928,6.473622255027294,0.335077551239485,2.420265406370163,0.1252740079306237,1.0682166004553437,0.05529136371773592,2.6793968928977847,0.16876445444166352,5.000045895576477,0.31493281939191753,5.519720029085875,0.34766500694562735,1.882442006841302,0.11856746536682722,0.7949427682906389,0.05007025385396435,3.621723552234471,0.23540714475830074,4.81350564956665,0.31287137322873054,3.9524348378181458,0.2569029321522801,2.209356240928173,0.1436051749753103,0.7879144288599491,0.05121337488537829,5.549840357154608,0.1947970619191484,9.185596108436584,0.32241055935828655,7.243064075708389,0.2542285021624489,4.3861981220543385,0.1539537089693027,2.1256712758913636,0.07461016759081343,6.638605497777462,0.15967258923592006,16.12954843044281,0.38794996358153944,11.77198514342308,0.283141293593427,5.077189087867737,0.12211720186891824,1.9590346310287714,0.047118951720195285,8.703728914260864,0.138209628941237,27.004894971847534,0.42882039990248033,21.537027940154076,0.3419941808192827,4.779263744130731,0.07589164083526717,0.9499218626879156,0.015084149501732815,11.30430817604065,0.12521200374288055,41.14413344860077,0.45573239079617706,30.205681771039963,0.33457279119370276,6.506410090252757,0.0720681559531569,1.1208120570518076,0.012414658314082744,5.732178628444672,0.11771036147787034,18.499474942684174,0.3798869546472957,19.851372309029102,0.4076481843626056,3.5104125794023275,0.07208636723347003,1.1038771928288043,0.022668132278758333,4.441708905622363,0.11743334234532055,14.236902832984924,0.3764062706150531,15.669515751302242,0.41428280121617617,2.7086699474602938,0.07161391527435457,0.7664375733584166,0.02026367054909563,Healthy_patient70,0,train
21.340808779001236,0.43993416407044605,4.126827448606491,0.08507326984027437,12.107726514339447,0.24959703252300025,8.894341379404068,0.18335409310051623,2.039392288774252,0.042041440465763066,32.779806196689606,0.5264253219518249,5.229514881968498,0.083983079060124,13.007611393928528,0.20889495120213905,9.644353859126568,0.15488291952808286,1.607386602088809,0.025813728257829197,4.713716629892588,0.24070594478471546,1.96559476852417,0.10037309897270717,6.332087576389313,0.32334805891144125,5.716040514409542,0.29188961502762467,0.855444656452164,0.04368328230351145,4.914199747145176,0.21822794494792583,2.4118967056274414,0.10710660709335623,6.93959553539753,0.3081709638154977,7.3350478783249855,0.3257320636002663,0.917914874618873,0.04076242054295395,10.982209473848343,0.21706214128745302,6.2988638281822205,0.12449633869023369,20.734463810920715,0.4098143569345475,11.367319148033857,0.2246737909020664,1.2119153961539268,0.023953372185699394,12.405237957835197,0.23233726722681053,6.631908804178238,0.12420878771511161,22.47279641032219,0.4208922168736764,10.83918334171176,0.20300668517149087,1.0441069775260985,0.019555043012910604,2.539566569030285,0.22621308371966733,1.7366831377148628,0.15469586535644064,3.3955839052796364,0.30246322959570243,3.1393446810543537,0.2796386004685086,0.41525709815323353,0.036989220859681,1.2200386552140117,0.15271624958291102,0.8537591844797134,0.10686784401747954,2.3084298372268677,0.28895375212905655,3.27479088306427,0.40991634133277344,0.3319063811795786,0.04154581293777945,1.2171334410086274,0.15445023161691435,0.8595242500305176,0.10907080113381507,2.3101579919457436,0.29315145316523816,3.1985624488443136,0.40588705758982363,0.2950467031914741,0.03744045649420879,1.0107339811511338,0.173152062147507,0.602102592587471,0.10314811560223155,1.7339792922139168,0.29705352324848716,2.237127771601081,0.38324949409439346,0.25331852736417204,0.043396804907380813,2.2859885171055794,0.14836679697219277,1.393556222319603,0.09044554316835147,6.644918903708458,0.43127309105274253,4.674653986468911,0.30339760402814475,0.40856497699860483,0.026516964778568467,1.8990146107971668,0.13156718996118463,1.126212116330862,0.07802602602604017,7.4899986535310745,0.5189207445036316,3.557478779926896,0.24646860732948686,0.3610966324340552,0.02501743217965676,1.9598760604858398,0.1430708385077349,0.9506113529205322,0.06939457351379566,7.454146325588226,0.5441522485339648,3.0266530932858586,0.2209454999011995,0.3073542110505514,0.0224368395433051,9.081217087805271,0.1849559862072621,6.1669797003269196,0.12560208630248634,20.878407895565033,0.4252278615767547,11.926598574966192,0.2429075068024957,1.0461380172055215,0.021306559111001176,9.343806833028793,0.18627716576756032,6.299625784158707,0.12558868750596233,23.363031268119812,0.4657629728581995,10.15645282715559,0.2024779921826792,0.9978573927655816,0.019893181685598636,9.79303539544344,0.16088620636534728,6.6740729212760925,0.10964590956236203,29.42129510641098,0.4833517254750494,13.658284574747086,0.22438697522852127,1.3226408071350306,0.021729183368720015,9.64204853028059,0.17111865250943667,6.441889256238937,0.11432502187484278,27.842719793319702,0.49412826312460395,11.190012115985155,0.1985905576847296,1.230481178034097,0.021837504806386982,4.665200874209404,0.14643281401755665,2.6816886216402054,0.08417369836238517,16.363656044006348,0.5136276586472431,7.473963480442762,0.23459515116616608,0.6744763137539849,0.02117067780664898,3.2578423507511616,0.12307872871294721,1.911634847521782,0.0722200651428393,15.682271167635918,0.5924639042767981,5.103607254102826,0.19281027903032802,0.5142251501092687,0.019427022837087377,Healthy_patient71,0,train
23.742688804864883,0.35954640293362256,7.787516683340073,0.11792992926339423,23.64566257596016,0.35807709034313956,7.714602552354336,0.11682575720712816,3.1446464397013187,0.04762082025271553,27.238759100437164,0.40437230578055516,7.178316682577133,0.10656551782897314,21.65680170059204,0.32150549910183324,7.84567142277956,0.11647271565961542,3.4410460479557514,0.05108396162902303,11.228705957531929,0.3399774410044359,3.558394581079483,0.10773938585042107,12.874834090471268,0.3898181289981161,4.088433340191841,0.12378764836951499,1.2774291820824146,0.03867739577751197,10.410412847995758,0.37092968865067744,2.9319576025009155,0.10446753039597555,9.752345442771912,0.3474823248145895,3.678533688187599,0.13106851530034636,1.2924813819117844,0.046051940838411104,45.985849380493164,0.3905929971715881,12.006165325641632,0.10197754662044407,42.39291822910309,0.36007548437235914,11.184176094830036,0.09499576327555141,6.164310958236456,0.05235820856005727,26.11248244345188,0.3222134655526643,9.631841957569122,0.1188515562825073,33.67859721183777,0.4155751007618113,8.285435378551483,0.10223765023938536,3.332583984360099,0.041122227163631724,25.030805364251137,0.3826185732204528,11.130255609750748,0.17013605671130114,23.715045899152756,0.3625059958618253,4.999547086656094,0.07642261386350946,0.5440802511293441,0.0083167603429113,7.0195639207959175,0.45390953545033563,1.1031566113233566,0.07133396185641905,5.417577795684338,0.3503195138974254,1.6608819565735757,0.10739843184741255,0.2634957635309547,0.017038556948407398,15.873212486505508,0.6514451138961804,1.1271669790148735,0.046259534523878314,5.416032642126083,0.22227687082339323,1.6772840349003673,0.0688366321613114,0.2724586537806317,0.011181848595236597,13.003552854061127,0.30330273332599167,7.100276172161102,0.16561113678353712,18.450446471571922,0.43034937518364136,3.951767550781369,0.09217341699400414,0.3671375240664929,0.008563337712825733,10.275369927287102,0.3620158175274791,2.0303118601441383,0.07153075880352977,13.609282672405243,0.47947427951278676,2.1894989432767034,0.07713914491983044,0.2792961725499481,0.009839999236373987,12.064176082611084,0.294481019541111,2.597403272986412,0.06340142573772106,22.75815087556839,0.5555160523865056,3.181454250589013,0.07765784293278341,0.3664001232245937,0.00894365940187889,11.149684399366379,0.43502017736431414,3.0033914744853973,0.11718142371808794,8.968579597771168,0.34992139217412294,2.232390556484461,0.08709976901978306,0.2762235077098012,0.010777237723691928,35.414182394742966,0.2698294231262649,13.637564718723297,0.10390798183290709,71.09606069326401,0.541698487616675,9.979172799736261,0.07603378809699306,1.119575030170381,0.008530319327159978,21.51494935154915,0.23002905093769233,9.483214735984802,0.10139065864916169,52.668220192193985,0.5631070985772713,8.602106120437384,0.09197020521022282,1.262953840661794,0.01350298662565189,30.96597257256508,0.2021138903816855,18.58745849132538,0.12131973375569881,85.18622899055481,0.5560077309982565,16.928766556084156,0.1104935057342561,1.5420851167291403,0.010065139130103037,27.47331866621971,0.22073770576284638,13.048221349716187,0.10483751453600629,70.85989367961884,0.569332396696235,11.881631650030613,0.09546440832325785,1.1983109801076353,0.009627974681654423,12.013018295168877,0.14986438059392201,5.774425834417343,0.07203691276392342,56.19078651070595,0.7009893108128222,5.6683157198131084,0.07071317161834398,0.5127166185993701,0.006396224210988317,17.26626481115818,0.13932156141760332,7.008701890707016,0.05655324423686464,89.03608244657516,0.7184325136115668,9.801214849576354,0.0790860427293992,0.8187674623914063,0.0066066380045660756,Healthy_patient72,0,val
29.232418656349182,0.617224288190734,3.939872309565544,0.08318794658839497,2.905879758298397,0.061355838751099415,6.64848256111145,0.14037856273788807,4.63444253616035,0.09785336373188346,17.771282643079758,0.5679228585702238,2.2595190182328224,0.07220820948049399,2.0202163755893707,0.06456073441619974,5.339652821421623,0.17064108173954493,3.9010483864694834,0.12466711579353755,15.862342223525047,0.5725197101903838,2.730352357029915,0.09854664072535795,1.9128114208579063,0.06903912580414992,4.238242547959089,0.15297093966838285,2.9624455627053976,0.10692358361172542,17.612942397594452,0.5857034656110145,2.1399325132369995,0.07116164130235171,1.8988941833376884,0.06314611601531056,4.925212167203426,0.16378375458688674,3.4944515228271484,0.1162050224844365,7.247376509010792,0.22766725540685703,4.041089579463005,0.12694576751541894,7.151213988661766,0.2246464302774259,9.472235180437565,0.2975584038468622,3.9212813787162304,0.1231821429534359,10.808033406734467,0.38477677817207423,2.9203821420669556,0.10396851946771477,3.777376890182495,0.13447838797763423,6.399417504668236,0.22782565125029447,4.183890074491501,0.14895066313228233,2.4358266182243824,0.3597252918589168,0.9434994384646416,0.139336933232886,0.7091757636517286,0.104731780435527,1.556167570874095,0.2298163709296072,1.1266827303916216,0.16638962354306303,2.7499676942825317,0.3409577502562272,0.7503695897758007,0.0930353937330144,0.7685155924409628,0.09528524570681053,2.1383494772017,0.26512559712032924,1.658218339085579,0.20559601318361861,2.766184125095606,0.34214750176968545,0.7450720407068729,0.09215747247392188,0.7697063740342855,0.0952044770204629,2.1393909454345703,0.2646198641111153,1.664417295716703,0.20587068462481442,1.3869362827390432,0.241102008945427,0.7759502325206995,0.13488951311659655,0.898599686101079,0.15621062932237417,1.6933731567114592,0.2943723335084245,0.99762810068205,0.1734255151071778,2.7264507301151752,0.3097937428512557,1.0845807828009129,0.12323580118913276,2.0561921671032906,0.23363542221115213,2.117848889902234,0.2406411849476092,0.8157853977754712,0.09269384880085019,2.044012062251568,0.22491403248197986,0.8551838435232639,0.09410064172927717,1.8962296918034554,0.2086527151047148,2.646385693922639,0.2911965584327885,1.6461590752005577,0.18113605225123966,2.141127586364746,0.21805125312447302,1.1322241239249706,0.11530508065554455,2.4069300517439842,0.24512042967827222,2.8209267668426037,0.2872816269331897,1.3181690517812967,0.13424160960852055,9.004358410835266,0.2847905927163729,3.7106348276138306,0.11736026529536289,4.202757149934769,0.13292515081725506,9.093468122184277,0.2876089620386482,5.606252856552601,0.17731502913236089,6.128154888749123,0.2596972171758268,2.4433919116854668,0.10354537237621318,5.0208418518304825,0.21277181802212125,6.436697795987129,0.272772561360772,3.5682202745229006,0.15121303106506678,21.353415459394455,0.49276920973243515,4.651967778801918,0.10735268512056477,4.181561067700386,0.09649718784786246,7.7599601447582245,0.17907530696244606,5.386597394943237,0.12430561033669156,6.734469756484032,0.16455452826970032,3.997413784265518,0.0976754760737145,18.036163479089737,0.4407076548586838,9.209644865244627,0.22503460868209646,2.9477680660784245,0.07202773211580495,3.031584208831191,0.20735657922166045,1.482633151113987,0.10141025855724348,5.396125338971615,0.36908824372451476,3.325315549969673,0.22744743664572276,1.3844913514330983,0.09469748185085851,2.898225201293826,0.1858193727666893,1.4259024001657963,0.09142156707044073,5.640423409640789,0.36163509297003893,3.875248532742262,0.24846111038843177,1.757202846929431,0.11266285680439929,Healthy_patient73,0,test
25.806880474090576,0.2857895252231916,6.183233946561813,0.06847412246148646,7.757828712463379,0.08591143694115484,31.63566303253174,0.35033839627634134,18.916695967316628,0.20948651909782576,29.15629030764103,0.33929621035689744,8.028712421655655,0.09343135460546573,6.9836536049842834,0.0812698452928858,26.027212917804718,0.3028826581154219,15.735801711678505,0.18311993162932913,7.459464147686958,0.26642518487395217,2.921074852347374,0.10433026986377057,4.508619636297226,0.1610316500414165,9.316864110529423,0.3327648198246238,3.7923218961805105,0.13544807539623693,7.392515514045954,0.21924910997112973,3.0656169652938843,0.0909208495911858,4.049812406301498,0.1201103689190206,12.858239442110062,0.381352943814841,6.35124109312892,0.18836672770382293,12.718790121376514,0.1520424402887903,4.961164951324463,0.059306555000606664,9.421928346157074,0.11263123019603764,38.16576540470123,0.45623963067583395,18.38524504750967,0.21978014383873143,23.927383959293365,0.3928426764806816,6.218221366405487,0.10209150856959098,9.09181535243988,0.14927052130717403,15.7276024594903,0.25821767458245715,5.94328797981143,0.09757761906009624,8.678481314331293,0.33018172825296394,3.5538525581359863,0.1352099678619833,4.379815876483917,0.16663458998743716,7.545433782041073,0.2870737720502412,2.126370339654386,0.08089994184737441,3.526548136025667,0.24348129397645638,1.7777115777134895,0.12273744709079958,2.375215418636799,0.16399053728904187,5.181088466197252,0.35771470437884845,1.623292957432568,0.11207601726485372,3.6156411208212376,0.24597267234339218,1.8456173837184906,0.1255576604056169,2.3502971157431602,0.1598911072869432,5.286820221692324,0.35966326708702134,1.6009852145798504,0.10891529287702637,4.839072408154607,0.28848510776170183,2.342115379869938,0.13962705055074492,2.9410379752516747,0.17533229215416798,5.2198763601481915,0.3111870348793506,1.4319783332757652,0.08536851465403465,4.413411859422922,0.22782404255372263,2.304614670574665,0.11896615305864264,4.483325883746147,0.23143306345633993,6.620054963976145,0.34173282074292755,1.5506124054081738,0.08004392018836727,4.931747455149889,0.23290902274850364,2.3173349276185036,0.10943954820902246,5.137976482510567,0.24264849170180391,7.08756410330534,0.33472063279405095,1.69994294969365,0.08028230454661903,4.869204495102167,0.3052205089826852,1.9617152586579323,0.12296787500482886,2.9248633980751038,0.18334171340786498,4.834613174200058,0.303052191635828,1.3626748202368617,0.08541771096879289,9.804430820047855,0.0947131585472433,5.051580339670181,0.04879948039890231,11.600353091955185,0.11206219940434979,51.972365379333496,0.5020655428750371,25.088363140821457,0.24235961877446746,12.682962030172348,0.10608282291237876,5.1725636422634125,0.04326435351299258,13.167357623577118,0.11013440422535983,57.82444804906845,0.4836552114405421,30.709838062524796,0.25686320790872674,11.900124967098236,0.16230643370654468,6.780748337507248,0.09248298514219275,26.704525023698807,0.3642244289372893,22.08347201347351,0.30119764256888953,5.8500036876648664,0.07978850964508374,12.08092500269413,0.16110397892130585,6.211841344833374,0.08283739505520954,28.090619802474976,0.37459967838018404,22.65661683678627,0.3021350699956938,5.948368396610022,0.07932387764760677,7.452664613723755,0.17754464972023276,3.804944857954979,0.09064510977274172,15.115264520049095,0.36009058286334045,13.407131634652615,0.3193977742462895,2.196278229355812,0.05232188339739561,7.5396465100348,0.21533993522114167,3.2837522625923157,0.09378728811327826,10.765564799308777,0.3074754265225433,11.382250178605318,0.32508858510402294,2.0415510777384043,0.05830876503901385,Healthy_patient74,0,train
37.96420878171921,0.47387846242341347,5.308551251888275,0.06626262434190479,17.70208513736725,0.22096172041450018,13.208421289920807,0.16487071830988137,5.93054286390543,0.0740264745103002,55.296915888786316,0.571737273593792,6.040840953588486,0.06245870825715971,15.095849007368088,0.15608211444223488,13.75954507291317,0.14226552529078013,6.524202384054661,0.06745637841603323,6.543752163648605,0.2566371712404185,2.401547446846962,0.09418546545546554,9.555307187139988,0.3747463145782626,5.252866208553314,0.20601035781218435,1.744595461525023,0.06842069091366904,9.054427698254585,0.3545092461307295,2.334269993007183,0.09139399231671816,6.972245916724205,0.2729852980384865,5.555910214781761,0.21753131257450803,1.6238839635625482,0.06358015093955785,16.79919693619013,0.27404455529786087,6.0305236876010895,0.09837566572135534,21.048192501068115,0.34335823168742097,11.399679005146027,0.18596245852524051,6.0233774073421955,0.09825908876812232,20.113813892006874,0.36314140607129364,6.504516750574112,0.11743468301436533,16.58017387986183,0.29934390802095745,9.481566689908504,0.1711833209762573,2.7083079582080245,0.0488966819171263,6.93157833814621,0.365159476471535,1.4594232439994812,0.07688324386329669,6.2775928899645805,0.3307071523069533,3.6683772820979357,0.19325219488022172,0.6453600344248116,0.03399793247799332,1.6753459116443992,0.18301870722047323,0.8790064044296741,0.09602471624461867,3.090875305235386,0.33765445011211276,2.864805217832327,0.31295802482456336,0.6439270870760083,0.07034410159823194,1.7049405304715037,0.18505195350178827,0.8943310678005219,0.09706949199457308,3.0977336391806602,0.3362238454147454,2.868714915588498,0.3113664609888527,0.6475872355513275,0.07028824810004058,123.43236976861954,0.9355557474010272,4.789079338312149,0.03629883075336137,1.4632313922047615,0.011090563531437588,1.6008157348260283,0.012133384168625439,0.6493137562647462,0.0049214741455484165,3.241850519552827,0.17639735481013755,1.6522760167717934,0.08990455205040661,7.900091290473938,0.4298641155701505,5.045591594651341,0.2745435069817867,0.5383035782724619,0.029290470587518644,2.5903405994176865,0.1200396702844935,1.3320438265800476,0.0617286011666224,12.782548442482948,0.5923595147202487,4.178901134058833,0.1936555811991236,0.6952039378229529,0.03221663262951172,3.6683199144899845,0.22450628416414264,1.4222882837057114,0.0870460224375932,6.792429283261299,0.4157061255233301,3.8390541672706604,0.2349554580543267,0.6174060546327382,0.0377861098206074,14.359218388795853,0.24065205762990963,6.289732486009598,0.10541221838933452,22.939438462257385,0.3844515012825755,11.582487523555756,0.1941156809197463,4.497087461873889,0.07536854177843409,15.498039729893208,0.2653706169747596,6.39965957403183,0.10958041398703758,19.294494837522507,0.3303767501236715,13.10123786330223,0.22433053699118055,4.108059111982584,0.07034168192335079,13.09599832445383,0.20353480195228443,6.9094173312187195,0.10738447373571527,31.487062394618988,0.48936422025812026,10.911955416202545,0.169590941410079,1.9383629439398646,0.030125562643801042,23.467474833130836,0.2578622445291445,8.269824296236038,0.0908694041456262,42.48636049032211,0.466843082002241,13.848114885389805,0.1521640488478441,2.9360226076096296,0.03226122047514416,5.387545868754387,0.15354534874913514,2.869061380624771,0.08176840457648993,19.386303886771202,0.5525107096562341,6.698524624109268,0.19090831420639484,0.7462169276550412,0.021267222811746044,5.009605817496777,0.10528388209056141,2.544014647603035,0.053466030652434944,32.79342021048069,0.6891996521418332,6.322211001068354,0.13287011829620046,0.9126356742344797,0.01918031681896992,Healthy_patient75,0,train
13.362278938293457,0.4696581859688013,3.1367230117321014,0.110249729584289,2.8255220875144005,0.09931162073213491,7.334228299558163,0.2577838985818577,1.7923198202624917,0.06299656513291708,12.67556631565094,0.4608854723746319,3.1476568281650543,0.11444926940509538,2.5100753605365753,0.0912667126208329,7.497437510639429,0.2726079405559787,1.6719020055606961,0.060790605043461114,5.241792529821396,0.3268449709057998,1.7654770985245705,0.11008396605154849,1.947599995881319,0.12143999602587384,5.7359749637544155,0.35765905641606677,1.3467053100466728,0.08397201060071116,3.472200136631727,0.26033073702452475,1.4200618788599968,0.10647017481621177,1.4047618806362152,0.10532304629327621,5.405530862510204,0.4052836178997454,1.6350947879254818,0.12259242396624188,11.686167418956757,0.3836826381344185,4.144757837057114,0.13608153677233095,4.238170921802521,0.13914849427058246,8.334544412791729,0.27364146629981134,2.054259396158159,0.06744586452285675,9.402198866009712,0.3610966294304508,3.7027621418237686,0.1422066208181241,3.4150029867887497,0.13115507187178718,7.322666250169277,0.2812310331936679,2.1952723544090986,0.08431064468597006,3.03007885068655,0.18478723998280133,1.500069908797741,0.09148071449202748,1.7535808756947517,0.10694090354540996,9.083215229213238,0.553933529484145,1.0307179340161383,0.06285761249561622,1.2495444463565946,0.14691660539493606,0.7148346565663815,0.08404749544332481,1.0610246565192938,0.12475117730358594,4.7566514406353235,0.5592686876747094,0.7230722019448876,0.08501603418344378,1.2496852288022637,0.1464370410883149,0.7203878983855247,0.08441443480652495,1.0625166222453117,0.12450478463114921,4.776995664462447,0.5597642464463147,0.724356678314507,0.08487949302769626,4.145183973014355,0.48987015698904324,1.559201903641224,0.18426359029823847,0.8622512109577656,0.10189924954493944,1.3207632610574365,0.15608535356974046,0.5744010366033763,0.0678816495980384,3.650723461061716,0.25388616059483105,1.21564981341362,0.08454123327808782,1.8176740892231464,0.1264084504476165,7.029155500233173,0.48883606803217966,0.6661687903106213,0.046328087647284966,5.215718187391758,0.3104140634282966,1.749827265739441,0.10414116950736385,3.168035350739956,0.18854598561036368,5.875323478132486,0.34967054761729816,0.7935502517502755,0.04722823383667771,7.053993672132492,0.3424661501158379,2.3954325169324875,0.11629646836472983,2.3182651922106743,0.11255005210175224,7.818183675408363,0.37956700681391037,1.0117626069113612,0.04912032260376965,9.56685658544302,0.25766972009320865,4.389908462762833,0.11823596128283825,6.652722269296646,0.17918164338282927,14.3896194845438,0.38756400200165475,2.1292627323418856,0.05734867323946905,6.348082549870014,0.23008375040829077,3.000140368938446,0.10873890539605621,5.824193045496941,0.21109558177331206,11.163535587489605,0.40461794811389534,1.2543608392588794,0.045463814308445594,13.874859504401684,0.23801101661228508,8.798392087221146,0.15092868108456517,12.845862984657288,0.2203594859659985,20.004419282078743,0.34315822575035704,2.7714967746287584,0.04754259058679423,12.162874221801758,0.2631620097016829,5.456053793430328,0.11804989964838414,10.618830382823944,0.22975430751525752,16.07911877334118,0.34789582901710703,1.9013221636414528,0.041137954117568445,5.885356787592173,0.23103344238268794,2.1717096492648125,0.08525185035224028,4.710496053099632,0.18491353332597407,11.67750958353281,0.458408102500814,1.0289750033989549,0.04039307143828372,7.46240920573473,0.34951179046739805,2.118236392736435,0.09921039892714126,4.255472496151924,0.19931067439612313,6.6441694758832455,0.3111884521020644,0.8706636971328408,0.04077868410727313,Healthy_patient76,0,test
20.371358409523964,0.5696475685322577,5.762207210063934,0.16112952610255843,4.3799383118748665,0.12247691879567213,3.927909418940544,0.10983676222928525,1.319923193193972,0.0369092243402265,14.913343638181686,0.5499645543794623,4.2893694788217545,0.15818056843734707,3.348084829747677,0.12346848742240366,3.3627271838486195,0.12400845860147407,1.203392713330686,0.044377931159312836,8.654933329671621,0.4548854464178038,3.1594589203596115,0.16605464498488784,2.730219952762127,0.14349473008339347,3.2966780588030815,0.1732665999093624,1.1853314908221364,0.06229857860455246,8.246691055595875,0.48094480662052325,2.9093621373176575,0.16967321815358208,2.3016928285360336,0.1342341073355659,2.746471043676138,0.16017345333840002,0.9426383371464908,0.05497441455192876,15.866245076060295,0.42185698263171395,7.190665304660797,0.19118779232244038,8.111524879932404,0.21567191191024027,4.793745204806328,0.12745768629630866,1.6483030142262578,0.043825626839296764,23.819637298583984,0.5204659294889402,7.698091596364975,0.16820551664030914,7.397094145417213,0.1616286357198494,5.313551846891642,0.11610263692153434,1.5376127576455474,0.03359728122936686,5.504053238779306,0.4526869480486535,2.356018975377083,0.19377338721830847,1.6854431331157684,0.13862113517800048,1.9886152036488056,0.16355585753428886,0.6244997398462147,0.05136267202074867,2.188416004180908,0.3379666211049875,1.164453275501728,0.17983159426914022,1.308967661112547,0.20214958066324548,1.3742546569555998,0.2122321359658103,0.4391514218878001,0.0678200679968165,2.1821064529940486,0.32921802197219036,1.158081229776144,0.17472163708003283,1.3211627267301083,0.19932601317441684,1.4713779669255018,0.2219892357588834,0.4954216863261536,0.07474509201447656,3.348887989297509,0.42139885650695835,1.5253527387976646,0.1919389068709725,1.1192055381834507,0.140832400335281,1.534729308448732,0.19311878381566136,0.41889864625409245,0.05271105247112682,5.309874000027776,0.307685557436267,2.945074200630188,0.17065504701379502,5.348880887031555,0.3099458475620871,3.0565069299191236,0.17711211952205633,0.5971330825705081,0.03460142846579452,4.159673264250159,0.31360260631685805,2.2953374162316322,0.17304815796309936,3.93683772534132,0.29680277581516334,2.382565399631858,0.17962437710347587,0.4897401921916753,0.0369220828014034,3.988888682797551,0.3211818304727435,2.5542202591896057,0.20566358289590786,3.049192450940609,0.24551831117280662,2.3128041680902243,0.1862249702368819,0.5143039582762867,0.04141130522166014,11.994730316102505,0.3490832836463014,6.92005518078804,0.2013947393448379,8.668851226568222,0.2522900450332927,5.0617226883769035,0.14731158853930282,1.7152957040816545,0.04992034343626517,15.732486084103584,0.36789565279996195,7.608619928359985,0.17792344963706289,10.973237320780754,0.2566032021815428,6.306173823773861,0.14746645400891248,2.1429293919354677,0.050111241372519856,15.505047805607319,0.27948527036773024,12.521791279315948,0.22571076626556885,19.302853420376778,0.34794237816613804,6.725954353809357,0.12123826992494657,1.4215086461044848,0.025623315275616246,20.21537796407938,0.28230824202846366,13.498605191707611,0.18850834786658974,26.722667515277863,0.3731826979418431,8.63117303699255,0.12053454014298016,2.5396427223458886,0.03546617202012331,10.548742219805717,0.2365682088154771,7.432560414075851,0.16668409061787925,19.49535410106182,0.4372067213143637,6.075854413211346,0.13625832972373955,1.0381896591279656,0.023282649528540377,7.816062182188034,0.2641133078790869,4.930050164461136,0.1665917986058241,11.696188867092133,0.39522704134903425,4.339285474270582,0.14662921222057707,0.8120079890359193,0.027438639945477673,Healthy_patient77,0,train
52.325316429138184,0.5624650617875374,24.971805334091187,0.26843159274932443,8.066786497831345,0.08671300769053582,5.267278637737036,0.05662001506362861,2.3973760893568397,0.025770322708973798,53.774098455905914,0.526351794262267,25.672333002090454,0.2512860080700181,9.946910426020622,0.09736237892291416,7.675482362508774,0.07512917983455603,5.09497388638556,0.04987063891024478,23.09012821316719,0.4426919597764132,16.35916769504547,0.3136436463397749,6.839592322707176,0.13113104013360663,4.137165989726782,0.07931918363571763,1.7323997635394335,0.033214170114487684,22.00258518755436,0.4282713999702506,15.576679348945618,0.30319374813438155,7.416799873113632,0.14436500247044912,4.300057724118233,0.08369888018898303,2.0792094646021724,0.040470969235935725,54.26941132545471,0.5414491022993418,25.44778335094452,0.25389402822606716,12.287367582321167,0.12259178761257894,5.780054867267609,0.05766794668832288,2.445323407649994,0.024397135173689175,45.43844148516655,0.43740028884085846,28.960726618766785,0.2787822331499867,15.265356793999672,0.1469476340453701,8.663022011518478,0.08339212803568295,5.555424008518457,0.0534777159281018,14.34230324625969,0.30528653533389094,21.451318562030792,0.45660718572896,6.92341073602438,0.14736991960099266,3.2725958563387394,0.06965962393733728,0.9901810120791197,0.021076735398819126,13.724490277469158,0.3673757682110242,11.668648838996887,0.31234521243011537,7.280816994607449,0.19489217322619817,3.2836953587830067,0.08789762538462279,1.4005290772765875,0.0374892207480395,13.776773117482662,0.3680451783469427,11.68524768948555,0.3121702762490399,7.275571621954441,0.19436620116652273,3.2835087943822145,0.08771862391336052,1.411186789162457,0.037699720324134135,12.297223299741745,0.29422167572343044,18.377640664577484,0.43970090648745075,6.774173557758331,0.16207794615284138,3.470257757231593,0.08302891048147068,0.8764808799605817,0.02097056115480679,23.31166584789753,0.3230259458510256,26.602359175682068,0.36862454578158915,15.532478392124176,0.21523101595414498,5.182184984907508,0.0718086908609196,1.5378547124564648,0.02130980155232063,25.62022678554058,0.32047667145230985,32.23932272195816,0.4032731998157436,16.468506261706352,0.2060002089256219,5.060279039666057,0.0632976982142608,0.5557892655488104,0.006952221592063806,21.04227077960968,0.37123753468785675,21.528377413749695,0.379813654173422,7.47271104156971,0.13183704618017103,5.493938777595758,0.09692662492952193,1.1441224082373083,0.0201851400290283,51.72327408194542,0.4529495386477859,34.77364706993103,0.30451876214317514,19.668897941708565,0.1722438961287076,6.19136830791831,0.05421886894141956,1.8349458687007427,0.016068934138911754,51.64188161492348,0.3732616598617398,46.98527479171753,0.33960423418708996,24.49693924188614,0.17706109686592525,10.179159969091415,0.07357381309985539,5.04977435618639,0.03649919598538961,61.34570652246475,0.3682826961119023,59.79711854457855,0.3589859060349381,33.59746503829956,0.20169895675256785,9.66371675208211,0.05801513849408938,2.16832241602242,0.013017302606502383,82.4997273683548,0.3529613599282184,90.09691309928894,0.3854646553057295,44.15674269199371,0.18891727824721086,13.387116566300392,0.057274551316534805,3.595361290499568,0.01538215520230644,31.50731658935547,0.3043347658958888,41.43175691366196,0.40019669733583696,22.2429721057415,0.2148488173987051,6.732048235833645,0.06502604936354484,1.6143889976665378,0.015593670006024305,36.9328533411026,0.2895233256105136,59.39970862865448,0.465645072792801,23.14095228910446,0.1814061156514947,7.04155745729804,0.055200044082312355,1.0492731020785868,0.008225441862878363,Healthy_patient78,0,val
17.184157103300095,0.36984629742044056,3.559236243367195,0.07660371924795752,11.23874643445015,0.24188610075208863,11.907715760171413,0.25628400381585564,2.5731135979294777,0.055379878763657645,17.5549985319376,0.3678872230917845,3.6294609755277634,0.07605995051368053,10.450941383838654,0.21901271010650747,12.669440120458603,0.265504160285949,3.4135830868035555,0.07153595600207857,4.93349889293313,0.18012156527335216,1.959502324461937,0.07154123949321822,6.848705530166626,0.2500455735293496,10.142314814031124,0.3702949284969375,3.5058075543493032,0.12799669320714252,7.016125321388245,0.2360149902478104,2.131523624062538,0.07170218664887777,7.879570454359055,0.2650603657653194,10.290510162711143,0.3461618121748012,2.4097267910838127,0.08106064516319123,8.431333020329475,0.12713712063535448,5.4561765640974045,0.08227436591163592,25.37844944000244,0.38268479968850166,19.136741921305656,0.2885653146839653,7.914146393537521,0.1193383990805426,7.924850944429636,0.16566965876548206,4.713476255536079,0.09853560758801952,15.615967452526093,0.32645307997512996,15.313379153609276,0.32012744677653804,4.267584644258022,0.08921420689483042,6.665468603372574,0.22702490568356715,2.032857708632946,0.06923884231290113,9.222284823656082,0.31410969983688114,9.83155644312501,0.33486140390696273,1.6079089436680079,0.054765148259687854,2.0981893204152584,0.11544697913225671,1.2503538876771927,0.0687972137566863,6.159153088927269,0.3388901140670347,7.021404445171356,0.3863330751776031,1.6453836504369974,0.09053261786641921,2.0857028383761644,0.11477313939376033,1.256482072174549,0.06914234825883737,6.1610972583293915,0.3390360608605647,7.026957377791405,0.38668306136226727,1.6421555746346712,0.0903653901245703,3.9876079112291336,0.12834335889440804,2.7047925293445587,0.08705523864345525,9.904124081134796,0.318769693454646,12.867149755358696,0.41413630822371067,1.606167946010828,0.05169540078378,4.376997334882617,0.12356792087262011,2.419992968440056,0.06831932412965873,14.890469372272491,0.4203759336304201,12.476482301950455,0.35222616325796885,1.2578511866740882,0.03551065810933225,2.727441815659404,0.08296345123671305,2.0407765582203865,0.062076435691813536,14.890196144580841,0.4529306746906207,11.479491770267487,0.349183711357957,1.7373149683699012,0.052845727022895736,3.789096785709262,0.10718211242366078,2.8066302239894867,0.0793910985155731,9.81983795762062,0.2777735791615074,17.091349728405476,0.4834627014467138,1.8450362971052527,0.052190508452544915,7.6717516258358955,0.10749689440041921,5.919693008065224,0.08294697810965071,32.96241942048073,0.4618707555251006,18.573221802711487,0.26024873590509384,6.240107294172049,0.08743663605973563,8.493791084736586,0.13431964207169972,6.240081161260605,0.09867978382292344,26.64295530319214,0.42132802471301256,17.892219573259354,0.28294509542001384,3.9666118901222944,0.06272745397235045,10.762516185641289,0.10503113954739526,9.872809648513794,0.09634851460677599,58.31671983003616,0.5691114821817028,20.47562599182129,0.19982114719013658,3.042093330062926,0.029687716473989312,11.704211346805096,0.12924951187961395,9.936695337295532,0.10973084678554297,43.507429361343384,0.4804521929301469,21.53068609535694,0.23776319358909273,3.876146513968706,0.042804254815603446,4.5551976300776005,0.08777396127048671,3.2599669694900513,0.06281620200926631,26.918197572231293,0.5186859107002321,15.6248774304986,0.301075276599431,1.5386733789928257,0.02964864942058386,4.937270872294903,0.07268496037244647,4.099976986646652,0.06035858118998387,38.88058054447174,0.5723877683095534,17.770907871425152,0.2616177576290334,2.2382577965036035,0.0329509324989829,Healthy_patient79,0,train
651.0390310287476,0.8686548309578482,45.42732846736908,0.060611831933232725,35.2202083170414,0.04699288774375935,14.642589956521988,0.019537010681785146,3.1503913290798664,0.004203438683374582,634.8786792755127,0.8487948084393028,45.13572335243225,0.06034376158357591,48.09088855981827,0.064294640653845,15.591735139489174,0.02084521700439075,4.279602373950183,0.0057215723188856135,563.6047105789185,0.8797721145003808,39.962037205696106,0.06237968794846551,23.392510056495667,0.036515092314851935,11.81903151795268,0.018449197025367823,1.8475059913471341,0.002883908210933941,562.9123678207397,0.8499264809692135,41.332631945610046,0.062407046686021914,42.06029814481735,0.06350573061511522,13.610358633100986,0.02054992016349561,2.391472866293043,0.003610821566153759,574.196216583252,0.8741520154212357,42.072579741477966,0.06405097998351447,23.788182944059372,0.03621495137584836,14.157259412109852,0.02155290559310532,2.646589245647192,0.004029147626296186,581.5019059181213,0.8621950040675411,42.631227016448975,0.06320947631773885,33.01689186692238,0.04895426640528847,14.611530400812626,0.021664569600113245,2.682048825547099,0.003976683609318265,564.0720195770264,0.8654226655641318,40.12311518192291,0.061558545870639095,33.04859536886215,0.050704524430617536,12.729738537222147,0.019530492338687755,1.8144287657923996,0.0027837717959237874,551.6523189544678,0.8986930092465613,36.69904410839081,0.05978616105294432,13.946212351322174,0.022719678890057857,9.947310477495193,0.01620509527427158,1.5935586923733354,0.002596055536165003,553.2149186134338,0.8991248801550297,36.474813520908356,0.059281503864468274,14.084021180868149,0.022890369421142844,9.908649448305368,0.016104253424754664,1.59911243384704,0.002598993134604565,558.2580351829529,0.894628164174736,37.51631414890289,0.06012121481177843,16.6763653755188,0.026724462884118092,9.9649847894907,0.015969239108810346,1.5955462232232094,0.002556919020557076,557.1228551864624,0.8289981460158135,38.72263956069946,0.05761924161936352,57.96362364292145,0.08624980305332818,16.37287437915802,0.024362817606412974,1.861555052921176,0.002769991705081862,557.1662621498108,0.8486750543552845,38.342108488082886,0.058402658624133644,44.40859365463257,0.06764312233886366,14.72375825792551,0.022427212824489295,1.8723436584696174,0.0028519518572289676,563.782452583313,0.8280644034928725,38.863760471343994,0.05708176351486868,60.284027099609375,0.0885431192681709,16.11855223029852,0.023674378790245282,1.7949320953339338,0.0026363349338427034,566.876380443573,0.8569254754964455,40.61769211292267,0.06140022115615225,34.83735951781273,0.05266231210141921,16.33601938933134,0.024694539525474814,2.8560959780588746,0.004317451720508238,564.1738452911377,0.873254712396101,40.191567063331604,0.06221039069708462,25.795820027589798,0.03992797891506291,13.636725939810276,0.021107563365416675,2.260788665153086,0.003499354626334777,564.7321844100952,0.7583534360948351,41.006590366363525,0.05506590480467973,114.90405613183975,0.15429948601182786,21.22218170017004,0.028498312754326495,2.8170281536877155,0.0037828603343308576,563.2612199783325,0.8108480967826985,40.40774476528168,0.05816935690951719,70.68853092193604,0.10176035333059438,18.02049668878317,0.025941579013269975,2.2789011048153043,0.003280613963919904,570.3125500679016,0.7136674559355026,41.71664822101593,0.05220262854553018,162.0907187461853,0.2028341667469432,22.37811914086342,0.0280031280286224,2.631229597143829,0.0032926207434015955,570.1647491455078,0.7329009647996915,41.4931823015213,0.053336151326383766,142.51598715782166,0.18319284845982636,21.383600175380707,0.027486899572298554,2.3985442211851478,0.0030831358417998216,Healthy_patient8,0,train
63.74968981742859,0.6681276065690694,8.546878337860107,0.0895754219960193,7.016725182533264,0.07353867627567957,12.086813069880009,0.1266756514510742,4.015333982184529,0.04208264370815745,57.90157401561737,0.6020404133438613,8.70699030160904,0.09053225459376668,8.536187469959259,0.08875630620004944,15.287351548671722,0.1589525604746569,5.7434568628668785,0.059718465387665745,12.4990349188447,0.340378593311774,3.29831762611866,0.08982107187980154,4.601765587925911,0.1253170750973091,12.01377759128809,0.3271638765260066,4.308082517236471,0.11731938318510877,10.08056452870369,0.3190831324738915,3.456945389509201,0.10942372924997484,4.513048321008682,0.14285287209591113,9.627647072076797,0.30474680037650637,3.9140773974359035,0.12389346580371617,30.46965204179287,0.45633840924347824,9.914469957351685,0.14848720433775933,12.673986703157425,0.1898159822422291,10.78920741379261,0.16158798733424445,2.922544637694955,0.043770416842288905,20.07202823460102,0.36232951040468614,8.827814012765884,0.15935497358833153,12.394912719726562,0.22374633020421375,10.971480153501034,0.19805128739207248,3.130931431427598,0.05651789841069612,11.626790449023247,0.47854854184604,3.652327135205269,0.1503265955089126,3.855302184820175,0.1586808713041301,4.253551699221134,0.17507247354750616,0.907976449932903,0.037371517793411115,3.9395916052162647,0.304285291541872,1.79908587038517,0.13895739036862995,2.7738551795482635,0.21424640332927125,3.6665297634899616,0.28319460234235344,0.7679702336899936,0.059316312417873385,3.9834248051047325,0.30762135313336714,1.7964861690998077,0.13873426341967357,2.780230015516281,0.21470422092544914,3.645452782511711,0.28152134723440986,0.7435229406692088,0.05741881528710032,5.81038586050272,0.3147746702649112,3.583950087428093,0.19415865556964407,3.944075256586075,0.21366825167863487,4.408621164038777,0.23883478766299146,0.7118412619456649,0.038563634823818436,4.7888000681996346,0.2347588025996232,2.829882100224495,0.1387278073600116,5.791494652628899,0.28391336672036693,6.3474158607423306,0.3111659968777813,0.6412167139351368,0.03143402644221699,6.4310279712080956,0.2749849411626894,2.938128486275673,0.12563171743990448,6.291113555431366,0.2690023272536181,6.850277621299028,0.2929116771182595,0.8762892740778625,0.03746933702552849,5.688553338870406,0.31287805344678205,2.70099638402462,0.1485584191020754,3.8900833129882812,0.21395979297528572,5.179284883663058,0.28486760624602414,0.7224574636202306,0.03973612822983265,25.265954554080963,0.366534363236895,10.601397216320038,0.15379495636263718,17.015682011842728,0.24684728051348795,13.349343366920948,0.1936595373886129,2.6996442060917616,0.03916386249836701,27.539875343441963,0.3328720449854817,12.145938038825989,0.14680688212387724,24.514224231243134,0.2963012667749676,15.332119688391685,0.1853179787849849,3.201961583457887,0.038701827330688554,42.06863163411617,0.3711104023110091,17.48149663209915,0.1542138404824102,35.45415049791336,0.3127604474828105,16.736549347639084,0.14764225315718157,1.6179766324348748,0.014273056566588584,55.27933917939663,0.3667938628466708,19.813326954841614,0.13146696102906893,54.52085381746292,0.3617611005172685,19.374338306486607,0.12855414867519072,1.7216949234716594,0.011423926931801035,9.477316543459892,0.2246298638000468,5.6638981103897095,0.13424482080765346,14.612862229347229,0.34635175867079104,11.428095385432243,0.27086691661629547,1.0086405784823,0.02390664010521327,10.762337502092123,0.24511707880030711,5.428208202123642,0.1236298840624321,16.051212668418884,0.36557359028375525,10.548175878822803,0.24023945147476533,1.1169920009560883,0.025439995378740223,Healthy_patient80,0,train
24.453689128160477,0.5169304308552394,5.135447636246681,0.1085590458489326,5.395228028297424,0.11405058494909598,8.107658609747887,0.1713890872006616,4.213547460734844,0.08907085114607044,30.89854571223259,0.5866255263558037,6.181110918521881,0.11735171874467826,5.41009883582592,0.1027136392359996,7.168414480984211,0.13609620844967854,3.013499327003956,0.05721290721383996,9.3056900203228,0.25172119981022095,2.7505439296364784,0.07440288861833344,4.63161763548851,0.1252863942084011,11.405702903866768,0.30852706391144885,8.874686673283577,0.24006245345159566,10.518127538263798,0.42069040768168314,3.1943406611680984,0.12776308997321847,3.7847297191619873,0.1513767049056014,5.3714700900018215,0.21484108590547107,2.1333937123417854,0.08532871153402587,19.97262132167816,0.33704279796375397,6.918198883533478,0.11674627336197466,15.820069253444672,0.26696748109743534,12.175116658210754,0.2054580276633248,4.372406886890531,0.07378541991351126,19.399137899279594,0.3284037515223262,8.327362626791,0.14097209582836848,15.233145505189896,0.25787857982985934,12.296786300837994,0.20816959876415497,3.814567342400551,0.06457597405529096,31.33202138543129,0.6785430340022106,5.326819822192192,0.11536046268033186,3.5165823698043823,0.07615699099564825,4.353797789663076,0.09428817647251317,1.646216026507318,0.03565133584929612,3.2501980550587177,0.2966083319463622,1.3064291030168533,0.1192228136525085,1.7733723372220993,0.16183537186128985,3.160065494477749,0.28838296598555074,1.4678134815767407,0.13395051655428866,3.333096355199814,0.29892481107952107,1.3669823557138443,0.12259619851473004,1.787886843085289,0.16034452048380468,3.2113170474767685,0.28800317765667816,1.4510007863864303,0.1301312922652661,8.793395966291428,0.46972303226464074,2.459139972925186,0.13136161379217057,2.7107279151678085,0.14480086428929861,3.533151727169752,0.18873285691889047,1.223969331011176,0.06538163273499964,4.149264290928841,0.35822877941659187,1.3817878477275372,0.11929733547855226,1.949181228876114,0.1682835229388857,3.078091710805893,0.26574856629522775,1.0243967166170478,0.08844179587074244,3.4990431778132915,0.28975852524512735,1.3445017263293266,0.11133924836394272,2.383868470788002,0.19741002821964793,3.4480087384581566,0.28553232307133847,1.4002991267479956,0.11595987509994356,3.6989615950733423,0.35015474170632593,1.5023945420980453,0.14222115026282237,1.7621012069284916,0.16680575807930692,2.636082151904702,0.2495394021517396,0.9642517496831715,0.0912789477998052,15.699993386864662,0.2605069659183434,6.145622789859772,0.10197313509726988,20.47621300816536,0.33975785803309366,14.092864736914635,0.23384018981707433,3.852383127436042,0.06392185113421876,12.75376270711422,0.22098626933302845,6.899613618850708,0.11955059134185274,22.27511829137802,0.3859641584375486,12.897475883364677,0.22347640807897465,2.8869487028568983,0.050022572808595546,24.737949788570404,0.2514674320909766,14.199379026889801,0.14434023076674685,35.97971189022064,0.3657427488428024,20.081034176051617,0.20412872291930792,3.3762934524565935,0.034320865380166266,25.557221859693527,0.31843385132709046,7.9802879095077515,0.09943153554304363,30.23136806488037,0.37667204270621396,13.770223014056683,0.17157205787356994,2.720022838562727,0.03389051255008201,7.023334324359894,0.3606394781882797,2.0547671988606453,0.10550973884658889,4.409095250070095,0.22640155470779508,4.721119545400143,0.24242361401082418,1.2663522884249687,0.06502561424651215,10.781859502196312,0.4031819062798599,3.541833773255348,0.13244499171377533,5.4928551614284515,0.20540239969299942,5.3095543421804905,0.19854796296879626,1.6158202444203198,0.06042273934456913,Healthy_patient81,0,val
99.77383303642273,0.35599470633483193,60.421677231788635,0.21558555572918986,20.377054572105408,0.0727056717938998,72.15974545478821,0.25746717962610394,27.535433188080788,0.09824688651597444,106.24710154533386,0.34116713749682637,60.93192255496979,0.1956568160251174,20.32050794363022,0.06525062262194306,89.99257123470306,0.2889726635132972,33.93033419549465,0.10895276034281598,12.126781463623047,0.11579106695453793,40.32436800003052,0.38503222054402975,13.264450997114182,0.12665396322423397,30.174917697906494,0.2881214546486999,8.839335210621357,0.08440129462849844,16.559610426425934,0.15462039502907496,31.681341111660004,0.29581501929046317,11.762076079845428,0.10982485716726217,37.09636026620865,0.3463761363219481,9.999099500477314,0.09336359219125158,34.886949479579926,0.19492893254551794,53.583813428878784,0.29939664284844486,22.795985460281372,0.12737132877429502,44.886926889419556,0.2508032623753671,22.818984284996986,0.12749983345637508,39.33101087808609,0.20870430824572295,70.72277665138245,0.3752801631261249,26.02327537536621,0.13808873873948216,38.977574706077576,0.20682885042907292,13.39863970130682,0.0710979394595971,11.837445862591267,0.16964712819711544,33.22782805562019,0.4762011730653477,8.440457865595818,0.1209635468823708,14.223022639751434,0.2038357744673304,2.048117064870894,0.02935237738783563,5.960825093090534,0.13916823715837834,19.021776229143143,0.44410413392258713,7.747800171375275,0.1808890002418499,8.535932015627623,0.19928962728593466,1.5654592532664537,0.036549001391249974,6.2417999394237995,0.1446628832625963,19.038189709186554,0.44123801502126614,7.780463084578514,0.18032366206168793,8.554357174783945,0.19825979450994072,1.5324010327458382,0.03551564514450896,6.0905567817389965,0.17235715517355077,14.048855125904083,0.3975696787207051,5.101978063583374,0.14438128668854033,8.809419944882393,0.2492984820339428,1.2860275688581169,0.03639339738326103,8.181083161383867,0.12702532908844275,29.463289260864258,0.45746803211277814,12.40845400094986,0.19266250224534337,12.662433966994286,0.1966059762489993,1.6898721931502223,0.02623816030443643,6.768510144203901,0.1036145936753675,38.500165432691574,0.5893732760611776,8.569595366716385,0.13118620242373402,10.015729397535324,0.15332410084023254,1.4699072679504752,0.022501826999488335,6.104363288730383,0.15654675283331468,20.534148454666138,0.5265994356380762,4.360731206834316,0.11183120632238724,6.750107247382402,0.17310689434313117,1.2445169906131923,0.03191571086309065,28.65464186668396,0.15512283574656904,45.35209560394287,0.24551504464317578,28.806232035160065,0.15594347405413253,60.17053973674774,0.32573517393068985,21.73875765502453,0.1176834716254328,22.396124832332134,0.1139950711478157,107.7370194196701,0.548375635782702,28.76881903409958,0.14643174197244896,32.72843727469444,0.16658598590679113,4.835329113528132,0.02461156519024218,31.370462834835052,0.14752896004558647,71.6419448852539,0.3369176183409124,53.25208520889282,0.2504338170746732,49.65499246120453,0.2335174153292488,6.719869114458561,0.031602189209579135,34.33480907976627,0.0660355987313657,370.5260365009308,0.7126269031831585,53.53949427604675,0.10297166796761875,56.45652395486832,0.10858194530775583,5.087071571499109,0.009783884810101291,11.68005919456482,0.10875113306380084,42.13786041736603,0.3923387706292851,28.081864655017853,0.26146567829027834,23.031669102609158,0.2144441281962699,2.4702707827091217,0.0230002898203658,9.447845373302698,0.08569810622662823,68.54885160923004,0.621782695927803,13.996005803346634,0.12695288128582252,16.328416645526886,0.14810936556552123,1.9245533063076437,0.017456950994225045,Healthy_patient82,0,train
11.691161282360554,0.4472973250827993,3.0980439335107803,0.11852943698066669,3.3546764254570007,0.12834805331864096,5.515365567058325,0.21101481755462134,2.4780905907973647,0.09481036706327176,17.027484737336636,0.4120754888872366,3.96351158618927,0.09591939148874189,3.878059148788452,0.09385139052079294,10.947421073913574,0.26493424957801426,5.504798794165254,0.13321947952521432,5.810964144766331,0.31029045187515797,2.152352176606655,0.1149300379138055,2.4565678983926773,0.13117437042539562,5.283205293118954,0.2821094945539415,3.024409543722868,0.16149564523169943,6.039739310741425,0.29013365436758526,2.188965916633606,0.10515233323887228,2.1869415566325188,0.1050550881535047,6.445252470672131,0.30961347111656345,3.9561939015984535,0.1900454531234743,16.04404277354479,0.39655658355750467,4.677209913730621,0.11560542502595869,7.910243526101112,0.19551550641531137,8.47241971641779,0.2094106743936064,3.354478757828474,0.08291181060761887,11.043520390987396,0.2540936299720268,4.920803189277649,0.11321976149578979,7.82943731546402,0.1801427513773822,12.661377906799316,0.29131792751628305,7.007266737520695,0.16122592963851817,10.239886455237865,0.49088984884879083,2.6476281359791756,0.12692462764699985,2.6138853430747986,0.12530703212179822,3.8843913041055202,0.18621380895942977,1.47405436495319,0.07066468242298134,3.6520250011235476,0.3355544235776455,1.451727718114853,0.13338727349726606,1.347352810204029,0.12379712500452264,3.0123697109520435,0.2767817804232704,1.420079689938575,0.1304793974972954,3.5833962317556143,0.33017891314142916,1.4653015211224556,0.13501483854373014,1.3935421407222748,0.1284028334246016,2.9887005276978016,0.27538285696555803,1.4219520231708884,0.13102055792468104,5.095057658851147,0.4024837149093823,1.7854970842599869,0.1410452143136041,1.764834687113762,0.13941298973064994,2.880435187369585,0.2275397713614144,1.1332159102894366,0.0895183096849493,4.263834888115525,0.3320211334552344,1.7155425250530243,0.13358781205303727,1.879239372909069,0.14633474395692117,3.624646868556738,0.2822481154295033,1.3587950533255935,0.10580819510530391,4.743908803910017,0.3192670354305294,1.8338919430971146,0.12342169046124328,3.2543226554989815,0.21901726814377348,3.8186679668724537,0.25699794230277556,1.2079578200355172,0.08129606366167823,3.7451913096010685,0.3902069567784855,1.4238636270165443,0.14835063067175705,1.2021887302398682,0.12525459105325612,2.200185773894191,0.2292346970307421,1.02653196034953,0.10695312446575926,8.417905032634735,0.29307310492156974,3.9515353441238403,0.13757445920570396,6.371403053402901,0.22182322897780574,7.5840651243925095,0.264042597928599,2.3979762522503734,0.08348660896632154,8.597255632281303,0.2381122559823633,4.15668511390686,0.11512483892700473,8.122796297073364,0.2249714832159873,10.982536770403385,0.3041757414995105,4.246619168668985,0.11761568037513422,21.690944746136665,0.26767165616894384,14.101381063461304,0.17401455158832332,22.36493593454361,0.27598887516311854,19.493973664939404,0.24056048628944443,3.384407499805093,0.04176443079016988,16.92578835785389,0.28977435399230933,8.129300624132156,0.13917595960451085,16.63689050078392,0.2848283397723355,13.615156851708889,0.23309539253320521,3.1030995082110167,0.05312595409763911,5.465776447206736,0.2962732770074518,2.346999019384384,0.12721945314130895,3.84037933498621,0.20816836940148406,5.250404961407185,0.28459903154788746,1.5448690066114068,0.0837398689018677,7.312777046114206,0.28526973836016517,2.952960193157196,0.11519429299947787,7.518100678920746,0.29327936570700247,6.254846539348364,0.24400011439033636,1.5959204891696572,0.062256488543018115,Healthy_patient83,0,val
24.302718490362167,0.22256843140278235,6.59027037024498,0.06035481748296383,10.510368704795837,0.096255745093661,46.356814444065094,0.4245435949783598,21.43194628506899,0.19627741104223306,19.51769421994686,0.2556594218376446,6.076590836048126,0.07959637457073672,9.417084664106369,0.1233530146281869,28.57333466410637,0.37427793149527333,12.757853537797928,0.16711325746815842,8.992684066295624,0.25303558908525503,3.966423660516739,0.11160698408856487,5.995561107993126,0.16870272831486485,12.408916994929314,0.34916134032665913,4.175620725378394,0.11749335818465614,8.023186661303043,0.23988286331150072,3.7163805812597275,0.1111149537736238,5.23788857460022,0.15660606714310588,11.9617825075984,0.35764176496999317,4.507030202075839,0.13475435080177645,13.583240576088428,0.17961934824478532,6.344853729009628,0.0839018115838594,8.666702896356583,0.11460501762849938,32.59927016496658,0.43107972854392096,14.428301319479942,0.19079409399893496,13.753784991800785,0.30932205882120867,6.19261559844017,0.13927167012860553,8.15520390868187,0.1834102005116456,13.048768945038319,0.29346627692433,3.313914179801941,0.07452979361421014,10.87624043226242,0.3464280275645751,4.940630599856377,0.15736806521455274,6.0460895001888275,0.1925789405883526,7.7637401483953,0.24728923591596375,1.7686818139627576,0.05633573071655586,4.687466163188219,0.22555666074915698,2.8615930899977684,0.13769728875520018,3.847324162721634,0.18512978243512349,7.908129315823317,0.380532078344946,1.4772551292553544,0.07108418971557334,4.70455053076148,0.2252378542038355,2.8575854301452637,0.1368114565422436,3.893420532345772,0.1864037128487966,7.972307227551937,0.38168691381807307,1.4591694441623986,0.06986006258705121,7.229727376252413,0.3143707699688065,3.7603626251220703,0.16351212601799703,3.3593535870313644,0.14607502036957176,7.240998767316341,0.31486088469969187,1.4070118190720677,0.0611811989439329,5.832172613590956,0.15145487813213124,4.111088871955872,0.1067602942069072,12.879001647233963,0.3344529996248399,14.064406890422106,0.365236623248371,1.6209877394139767,0.04209520478775074,6.495424244552851,0.1618878195243319,4.494703322649002,0.11202312472855384,14.94459080696106,0.37246946901908656,12.617816843092442,0.31447843573861023,1.5704602226614952,0.0391411509894175,6.979087483137846,0.26977731599516963,3.503293201327324,0.13542014472259967,4.229517683386803,0.16349242380684204,9.65664592757821,0.37327860213129815,1.5012641330249608,0.05803151334409055,10.276870541274548,0.22324998449813743,5.956054329872131,0.12938657069519807,8.290930986404419,0.180108351735679,17.343109622597694,0.3767536954799708,4.166052458807826,0.09050139759101472,12.528056371957064,0.23461500291461398,7.815502792596817,0.1463622253942521,12.8225639462471,0.24013029541881264,16.570747047662735,0.3103231460218439,3.661489777266979,0.0685693302504774,12.32634199410677,0.16428723862025135,9.926882147789001,0.13230689664043396,22.614135265350342,0.30140441002736246,26.0616245418787,0.3473530372587469,4.100227678194642,0.054648417453205346,19.284036472439766,0.18822114474115884,16.83820080757141,0.16434865366035184,33.30426251888275,0.3250650570498065,29.081396751105785,0.28384792753259225,3.9462485406547785,0.038517217016090656,12.279115706682205,0.11796721159517456,7.569538176059723,0.07272163020721828,57.23429051041603,0.5498579718951322,24.91021914035082,0.23931601936227165,2.096062113530934,0.02013716694020334,9.590596836060286,0.11397629409318434,7.448208957910538,0.08851578991021672,45.630712658166885,0.5422831982733265,19.503923434764147,0.2317879639162068,1.972098309546709,0.02343675380706562,Healthy_patient84,0,val
38.35637238621712,0.5105323756076635,12.19101893901825,0.1622653413973916,15.594757109880447,0.20756990035879092,7.551065023988485,0.10050645890720492,1.436933459714055,0.019125923728949033,30.783371552824974,0.4581282710812732,11.586888670921326,0.1724398922616792,14.113436549901962,0.21004080967955166,9.06492717191577,0.1349072308606923,1.645158878993243,0.024483796116803645,19.26068775355816,0.41557507138424177,8.555903792381287,0.1846050553734097,11.01921871304512,0.23775436588064364,6.124575607478619,0.13214590142586766,1.386686130426824,0.029919605935837194,13.526723086833954,0.37806830545067704,6.298741340637207,0.17604814187736958,8.693591877818108,0.24298357617194027,6.02647366002202,0.16843833276259876,1.2329864874482155,0.03446164373741434,34.841592669487,0.4183663977178019,14.857062876224518,0.17839872979275187,18.671627432107925,0.22420276772080466,11.129042200744152,0.13363388234695422,3.7807682026177645,0.04539822242168736,37.167458683252335,0.39213293228650203,20.121724724769592,0.21229298958072482,22.690828800201416,0.2393981603440472,12.589379832148552,0.13282345912644938,2.213411501608789,0.02335245866227661,45.391787350177765,0.5462319555585168,12.980238854885101,0.15620053025501243,16.452017039060593,0.19797892889302393,6.981243994086981,0.08401031952548456,1.2945513711310923,0.015578265767962243,7.527851954102516,0.3127101724339036,4.4440192729234695,0.18460645103124512,6.797896713018417,0.2823875212048181,4.250301104038954,0.17655931589033105,1.0528669129125774,0.043736539439702175,7.629240822046995,0.3113424778355363,4.615325465798378,0.1883472943188038,6.933433562517166,0.2829472074107333,4.266194865107536,0.17409958752297466,1.060141715221107,0.04326343291195191,20.322535648941994,0.42864838830634644,9.02486926317215,0.19035497002735596,11.717948466539383,0.24715812097494957,5.2494479566812515,0.11072276830999715,1.095934837590903,0.023115752381350836,8.298066098242998,0.25877148182663773,5.417009025812149,0.1689270049288335,11.736836522817612,0.3660080002989603,5.500174019485712,0.17152046807967145,1.1150727379135787,0.034773044865897024,9.066085144877434,0.2911947595923358,5.522353023290634,0.1773731699298821,10.724033623933792,0.34444662090405986,4.7201221734285355,0.1516062136604341,1.1015004720538855,0.035379235913288114,9.710791178047657,0.3436808303039977,5.660435795783997,0.2003321087343813,6.976955622434616,0.2469259051448945,4.487336918711662,0.1588142150109201,1.419740370940417,0.05024694080580646,26.25834223628044,0.3163706792536056,15.921078741550446,0.19182332420646953,28.063879013061523,0.33812448577145804,11.013511650264263,0.13269505479090637,1.7418477106839418,0.020986455977560485,27.447508335113525,0.27139736775143375,18.24165678024292,0.18037111322230864,41.28114295005798,0.40818253510041436,12.38601142540574,0.12247125883896368,1.777706098742783,0.01757772508687959,48.84916603565216,0.3178962737980304,31.181623697280884,0.20292100743548797,51.75669938325882,0.33681766165699784,19.32548874616623,0.1257647030708412,2.5508743496611714,0.016600354038642587,47.8822281062603,0.33303396265725227,27.87472653388977,0.19387632954271067,49.90577411651611,0.3471082773470204,15.946557961404324,0.11091266214354986,2.166524386033416,0.015068768309466869,12.192753791809082,0.2589591244003086,7.7962154150009155,0.1655820458591639,18.933826446533203,0.4021312331784694,6.852948039770126,0.14554820463379295,1.3079565628431737,0.02777939192826515,14.069478124380112,0.26811987761309114,8.684266924858093,0.1654947372225262,21.360580623149872,0.4070652949450351,7.024377204477787,0.13386247448007255,1.3358777086250484,0.025457615739275012,Healthy_patient85,0,train
110.05413770675659,0.6268764396736985,26.502741813659668,0.1509615610637622,13.261383444070816,0.07553781267831845,13.926293432712555,0.07932518873767058,11.814980924129486,0.06729899784655025,99.27825385332108,0.49060722538836204,21.856392920017242,0.10800859071645322,16.55303555727005,0.08180078246043297,35.36483010649681,0.174763762470212,29.305399790406227,0.14481963896453975,31.63450849056244,0.421908509328549,16.430457174777985,0.2191325240999151,9.54230722784996,0.12726547084675874,9.123591721057892,0.12168107444761465,8.248681403696537,0.1100124212771625,50.649575650691986,0.47382363708510034,15.876675724983215,0.1485253161588826,12.272696733474731,0.11481031634305469,15.14698925614357,0.14169914452455695,12.949480436742306,0.12114158588840544,44.44434201717377,0.28728288458684514,44.477012634277344,0.2874940635287928,19.82765692472458,0.12816359107605105,23.275448381900787,0.15044970063052993,22.68138714134693,0.14660976017778107,84.08884924650192,0.5212789647343371,35.51936233043671,0.22018967543909038,15.254760384559631,0.09456647072458807,14.224639728665352,0.0881806034678975,12.224957846105099,0.07578428563408693,21.933299973607063,0.390040206418461,10.903122067451477,0.19389038525492233,11.530221492052078,0.20504210384311666,6.625120684504509,0.1178146217140525,5.241669189184904,0.09321268276944752,19.39103316515684,0.3949313896214091,12.07338547706604,0.24589504144938448,9.22543689608574,0.18789172202451293,4.653944656252861,0.09478550290026319,3.7559514958411455,0.07649634400443026,19.576663598418236,0.3962058351248103,12.137852221727371,0.24565411015795324,9.251786567270756,0.1872439501682088,4.6696661077439785,0.094507879275313,3.774367908015847,0.07638822527371467,6.730807606130838,0.230924669751809,8.026936829090118,0.27539306497007554,8.668058946728706,0.29738907524845837,3.29332922026515,0.11298955594585586,2.4280677093192935,0.0833036340838012,20.218717873096466,0.20393411776265122,24.884484231472015,0.2509949132074542,44.940444201231,0.45328738931733803,7.074293561279774,0.0713541692044318,2.0254408232867718,0.020429410508124704,13.985225841403008,0.2833032576708127,14.17641568183899,0.2871762523041009,13.03894079476595,0.2641340544389426,4.936590898782015,0.10000212361767097,3.2276874501258135,0.0653843119684728,7.0207896158099174,0.24788666261071626,8.61440235376358,0.30415317460185903,6.758405975997448,0.23862254726814847,3.4721864089369774,0.12259428753362292,2.456794770434499,0.08674332798565333,38.566570445895195,0.243299347194461,62.19714057445526,0.3923741085652512,33.38485339283943,0.21061019797069183,15.385338097810745,0.09705925811616557,8.980992373079062,0.05665708815343043,79.33081990480423,0.5236399338130506,37.921987414360046,0.2503121359837638,17.255004972219467,0.11389532684068075,10.252441823482513,0.06767342080055089,6.738542638719082,0.04447918256195397,42.22662565112114,0.2039978042397217,99.11923313140869,0.47884730557900007,45.57878568768501,0.22019216683381213,15.091736286878586,0.07290852672255665,4.979110240936279,0.024054196624909444,91.00862056016922,0.5198638664381662,48.31194043159485,0.2759698146539247,20.769103080034256,0.1186382802330364,9.958035372197628,0.05688277372906767,5.014709074050188,0.028645264945805035,24.138244673609734,0.18412430830295293,34.24278503656387,0.2612008120092174,61.14244867861271,0.4663889699985721,8.800137519836426,0.06712663889691348,2.773928441107273,0.021159270792344066,18.475635290145874,0.2824741134556583,19.76596701145172,0.3022020039079008,18.19195419549942,0.27813691127256873,5.655877377837896,0.0864727476500246,3.317038470879197,0.050714223713847505,Healthy_patient86,0,train
14.745333462953568,0.26527155429075755,13.177026510238647,0.2370573925699038,16.44311362504959,0.29581496543671437,7.927622310817242,0.14261954112493433,3.2927112551406026,0.05923654657768992,10.658877521753311,0.2432116418457329,11.660908877849579,0.2660757465133876,13.15631976723671,0.30019766384469826,6.460531942546368,0.14741482653654137,1.888885376509279,0.04310012125963984,8.103574767708778,0.2319658167368854,8.020607471466064,0.22959086775608717,10.873515829443932,0.3112557176900793,6.0976791605353355,0.17454681016943221,1.8389716404490173,0.05264078764751596,5.645243048667908,0.25960339549207195,4.6191966235637665,0.2124193976388014,5.652883850038052,0.25995476707392756,4.537395592778921,0.20865767734378093,1.2909249970689416,0.0593647624514182,10.77192060649395,0.2443489123641348,11.430536299943924,0.2592888691498757,11.33117851614952,0.2570350494930137,8.644527025520802,0.19609137996384504,1.906014159321785,0.04323578902913078,13.06121164560318,0.25918700803077427,14.405861526727676,0.28587027364150464,12.386312112212181,0.24579428494142258,8.80689886957407,0.1747643197254918,1.7327187391929328,0.03438411366080669,14.020662188529968,0.2465547481163437,14.84590557217598,0.26106673562831545,18.096875429153442,0.3182353659998988,7.151161223649979,0.12575388598113332,2.7517195800319314,0.048389264274308695,3.490939674898982,0.244610834578204,2.5341483503580093,0.17756827692646657,3.55178976804018,0.24887461265906147,3.644816279411316,0.2553929987394657,1.0497084222733974,0.07355327709680225,3.5002269577234983,0.2427078846955087,2.5483442544937134,0.17670375405781935,3.6845812126994133,0.2554911218399143,3.626990895718336,0.2514977739278372,1.0614193002693355,0.07359946547892046,7.797999791800976,0.22430528176914957,8.575106650590897,0.24665834378242188,11.485803484916687,0.33038297714987575,5.097086075693369,0.1466149472858552,1.809122902341187,0.05203845001269763,5.859899450093508,0.20823864861919686,5.765818953514099,0.20489538383522407,10.427633181214333,0.3705586180182868,4.906911637634039,0.17437306851714277,1.1800435311160982,0.04193428101014946,5.0003516506403685,0.1304581187860816,10.525859862565994,0.27461746137402687,16.756194345653057,0.43716557255886757,4.865950766950846,0.12695162810815563,1.1808151970617473,0.03080721917286833,8.629569083452225,0.33872843799562197,5.078137904405594,0.19932741758613337,6.17722487449646,0.2424688547772574,4.294852044433355,0.16858182724591292,1.2965803882107139,0.050893462395074376,10.189566507935524,0.16916217968367658,14.941471427679062,0.2480509717875781,21.25326171517372,0.3528362148013344,12.05988408997655,0.20021227378064965,1.7913046348839998,0.029738359946761266,11.87824572622776,0.16684579683053533,19.595941364765167,0.27525112099924587,25.505904883146286,0.35826443754366105,12.44778423756361,0.17484572450838146,1.7650813087821007,0.02479292011817629,16.58630983531475,0.19492810290489127,22.33351105451584,0.26247121778667637,28.136881053447723,0.33067444777448074,15.271421045064926,0.1794750708586319,2.7612488782033324,0.032451160675319723,19.347965970635414,0.24152980450720146,21.22801387310028,0.2649993311249186,24.443580716848373,0.30514077195280986,12.966560430824757,0.1618677028242191,2.1197939291596413,0.02646238959085093,6.462143950164318,0.10110107944110412,14.683535724878311,0.22972581905413364,33.97331868112087,0.5315169729034913,7.430274114012718,0.1162476013012489,1.3683828692883253,0.021408527300022025,10.107601098716259,0.09440025212070673,28.640360891819,0.2674875336502078,56.90008635818958,0.5314201110078719,9.913228709250689,0.09258490519598643,1.5104825152084231,0.014107198025227209,Healthy_patient87,0,val
63.162514328956604,0.46292516467666434,20.77460664510727,0.15225942640903217,32.854567885398865,0.2407948196855792,17.78884045779705,0.13037641053116453,1.8616413585841656,0.013644178697559779,52.12243127822876,0.46361957644024,15.898399353027344,0.14141337987061756,28.000224709510803,0.24905692235959104,15.362304840236902,0.136644916373105,1.0416406751610339,0.00926520495644644,21.22222876548767,0.3662755300566977,8.37579494714737,0.14455827273437255,17.317882120609283,0.298890211922556,10.417237278074026,0.1797916301777871,0.607469962676987,0.010484355108586677,15.791423887014389,0.3355018003858858,6.225763648748398,0.13227147392640853,15.011306285858154,0.3189275597364494,9.472684735432267,0.2012549853619497,0.5668963947100565,0.012044180589306626,53.978593319654465,0.3250375648787071,28.05678915977478,0.16894679660886872,61.900538206100464,0.3727403580905517,21.08243913948536,0.1269500418253162,1.0504246854688972,0.006325238596556258,51.857218980789185,0.3173257734162125,30.300657749176025,0.185416415385469,58.53947138786316,0.35821595138782003,21.52979179099202,0.1317455499126844,1.192359309643507,0.007296309897814132,17.39796707034111,0.488686256244589,4.907619774341583,0.137848653517878,7.058566749095917,0.19826595516142634,5.88343318272382,0.16525798240139555,0.35392001445870847,0.009941152674711093,5.958237335085869,0.24227031606911958,2.913266643881798,0.11845752206792456,9.34978038072586,0.3801752297909533,6.057897510938346,0.24632263908772517,0.3141625875723548,0.012774292984277362,5.982411187142134,0.2423765923537817,2.9370022863149643,0.11899225640361756,9.381330758333206,0.3800833660239841,6.067373207770288,0.24581881730207736,0.3141801744350232,0.01272896791653924,6.804281078279018,0.43712165044469636,2.1728077977895737,0.13958584599052296,2.8712054044008255,0.18445241028385911,3.4839704111218452,0.2238177521901042,0.23383932397700846,0.015022341090817367,12.620949879288673,0.2664391405045432,5.298278599977493,0.1118512322632867,15.979527711868286,0.33734161611761954,12.89267197996378,0.2721754284743394,0.5775501831667498,0.012192582640211167,9.746118858456612,0.31328691115554996,3.9211939871311188,0.12604594404305894,9.08622807264328,0.29207486264784216,7.908464919775724,0.2542159174006744,0.44723783421795815,0.014376364752874597,29.347801625728607,0.6261559606677358,3.6687245070934296,0.0782748141567936,6.3916983008384705,0.13637137257842175,6.86322215013206,0.14643166508678254,0.5983485938049853,0.012766187510266295,40.403775960206985,0.2726938599067222,21.482435941696167,0.1449896262891271,63.06548488140106,0.4256426556799021,22.124670051038265,0.14932420379031755,1.0889639656525105,0.0073496543339310475,52.35297405719757,0.27231132459565155,29.15212607383728,0.1516332970362487,81.98290205001831,0.4264298839459491,27.423870362341404,0.14264386309266283,1.3422473869286478,0.0069816313294877915,47.0280858874321,0.3047013299578782,22.201903462409973,0.143849135786337,56.9550883769989,0.36901972191425847,26.68970011547208,0.172926177366164,1.4668060750700533,0.009503634975362272,55.60703009366989,0.29627291033797215,27.134626984596252,0.1445726357642101,73.42904090881348,0.39122815256872895,29.520428493618965,0.1572841284545444,1.9974138932302594,0.010642172874544413,17.12716206908226,0.2760540958620901,7.102499455213547,0.1144774631991921,20.705914914608,0.33373612030377436,16.3815883025527,0.26403700329370994,0.7256099386140704,0.011695317341233472,14.10996825993061,0.32232923414941783,5.537590265274048,0.12650115126820513,12.223145335912704,0.27922650160810114,11.197686094790697,0.2558008293632562,0.7066287673078477,0.01614228361101968,Healthy_patient88,0,train
31.177952378988266,0.5226534680750755,3.041328027844429,0.05098348416164982,8.96029344201088,0.15020641463271459,11.09568004310131,0.1860030955428154,5.37794709764421,0.0901535375877447,36.37390625476837,0.6142060625744539,3.6797798424959183,0.06213638624265088,8.505549967288971,0.14362384723950242,7.988748647272587,0.13489719298143985,2.673029978759587,0.04513651096195296,18.023707002401352,0.5331811456755914,1.9328180700540543,0.057177036490695506,4.954979881644249,0.14657927194126041,5.659762796014547,0.1674283104707079,3.2328289411962032,0.09563423542174479,25.242740720510483,0.6445874060212089,3.0624343901872635,0.07820096326057856,4.646835893392563,0.11865953574107721,4.6596219800412655,0.11898603556600917,1.5494497250765562,0.03956605941112621,13.343632072210312,0.4081082906330254,2.797516718506813,0.08556064494500187,6.992218464612961,0.21385349280341706,6.807951509952545,0.20821778046665157,2.7549836095422506,0.0842597911519041,22.40057972073555,0.4974939398786563,3.99493969976902,0.08872352035496721,8.660118117928505,0.1923323563949851,7.2636662647128105,0.16131859054748612,2.7075355714187026,0.060131592823905254,9.957594364881516,0.5437233723693823,1.4915822744369507,0.08144619219311837,3.3888941928744316,0.18504680062598905,2.5315538831055164,0.1382326859498775,0.9440893365535885,0.05155094886163279,6.210590653121471,0.5558324877223689,0.8260983042418957,0.07393375303510322,1.5635601915419102,0.13993476619355055,1.8319207560271025,0.1639523723272624,0.741323531139642,0.06634662072171495,6.234356611967087,0.5564879436305898,0.82054128870368,0.07324273583230752,1.5713303089141846,0.14025928043538272,1.837349446490407,0.16400454430944686,0.7394622000865638,0.06600549579227312,7.936587288975716,0.5170110911851272,1.4178589060902596,0.09236322281776127,2.4551770985126495,0.15993697851946392,2.702027630060911,0.17601750003690148,0.8392524211667478,0.05467120744074612,9.343397818505764,0.3694451320897838,2.0332735180854797,0.08039719789902747,9.28944057226181,0.36731162109592286,3.673190128058195,0.14524076127461452,0.9510510005056858,0.03760528764065141,11.453529618680477,0.4383409232921928,2.006920002400875,0.07680734202591764,8.62795690447092,0.330202716677197,3.3082972653210163,0.12661267976647703,0.7325691336300224,0.02803633823821555,8.419087752699852,0.3247263549768161,1.7893103510141373,0.0690141551287169,10.151087395846844,0.39153002153319677,4.376280717551708,0.16879425984248378,1.190949073061347,0.04593520851878647,9.236526012420654,0.2561917555526321,3.3305204957723618,0.09237801004063094,13.084648936986923,0.36292640517103275,7.85331553965807,0.21782591120386896,2.5481632966548204,0.07067791803183524,23.47511002421379,0.4354154958059712,4.690125301480293,0.08699227528347085,10.774243667721748,0.1998402837591185,10.634101673960686,0.19724093510287066,4.340692596510053,0.08051101004856874,12.528006538748741,0.16967702376123395,6.424693286418915,0.0870148680116526,40.81827771663666,0.5528352700484896,11.936879359185696,0.1616709056144719,2.1265743086114526,0.028801932564151884,23.78633937239647,0.30302819759189265,9.054411500692368,0.11534948502812355,27.79811730980873,0.354136601389567,14.77458193153143,0.18822210777339315,3.0820151967927814,0.03926360821702364,8.994208291172981,0.1818652427731142,3.2348411828279495,0.06540933431849053,29.7203828394413,0.6009539100522633,6.227189000695944,0.12591538940865887,1.2787235006690025,0.02585612344747309,34.72828459739685,0.4405410828894246,5.024676889181137,0.06373987726693671,31.594425722956657,0.4007869286553856,6.265326555818319,0.0794779753032479,1.21826465241611,0.01545413588500513,Healthy_patient89,0,val
543.5499367713928,0.8795302607626633,39.325321316719055,0.0636331784301475,16.07320499420166,0.026008411046486123,14.744419530034065,0.023858273687002815,4.30738528072834,0.0069698760737003235,546.8933753967285,0.8813253312780764,40.19160616397858,0.06476926254842744,15.567142903804779,0.02508664027388578,13.86677061021328,0.022346469625706897,4.016287550330162,0.006472296273903482,535.4123582839966,0.8880063194663005,38.78194844722748,0.06432166678544829,14.72451263666153,0.024421289628659026,11.754285678267479,0.019495029955168178,2.2644490534439683,0.003755694164424053,527.1949729919434,0.8893383811865161,37.262930154800415,0.0628597685483675,13.841079592704773,0.02334886322794641,11.398772358894348,0.01922887409119439,3.0968258446082473,0.0052241129459755925,548.9319877624512,0.8777712162142459,41.29902791976929,0.06603932504164714,18.268421232700348,0.029212169597011815,13.716921627521515,0.021934081540381043,3.153871903195977,0.005043207606714075,536.9641346931458,0.8795514230040403,39.63015627861023,0.06491450377527248,15.971756994724274,0.0261618620033391,13.186579272150993,0.02159971926244935,4.745088584721088,0.007772491954898781,540.861517906189,0.8927308253474678,38.37904608249664,0.0633473751615999,13.943512916564941,0.023014770661511804,10.537732131779194,0.017393284587359854,2.1288041034713387,0.003513744242060631,536.6900796890259,0.8954301267956243,37.59763538837433,0.06272904362706831,13.119825273752213,0.021889517345316783,10.049801394343376,0.016767395704466826,1.9083302691578865,0.003183916527523836,523.4337491989136,0.8977211522262472,35.53700053691864,0.060948146957455644,12.69393914937973,0.021770888287030405,9.594038352370262,0.016454367295524998,1.8106901431456208,0.0031054452337418536,531.430615901947,0.9011806412953896,36.03602713346481,0.061108579502438296,11.526932924985886,0.01954695212257842,8.805799648165703,0.01493255363277163,1.9054976985789835,0.0032312734468221403,525.3976864814758,0.8804165037442582,37.888089060783386,0.06348961893577366,18.269703269004822,0.030614806061026276,12.821539260447025,0.021485238817663708,2.3833609614521265,0.003993832441278208,529.935366153717,0.8845431577518987,37.54399836063385,0.06266667406174631,17.230436503887177,0.028760233205818934,12.111866027116776,0.020216556406967914,2.284619074780494,0.003813378573568117,563.5217409133911,0.8920625067264807,40.1379634141922,0.063538936758898,14.520510762929916,0.022986164134737277,11.240047231316566,0.017793146175052968,2.286301583983004,0.0036192462048310944,545.3641939163208,0.8519853355486482,44.55470287799835,0.06960477769760993,28.420739710330963,0.04439978592060346,18.42611026763916,0.028785857073777232,3.3440898191183805,0.005224243759361202,553.2595176696777,0.8827481343483421,40.244373202323914,0.0642115394815139,17.090476036071777,0.027268551835333846,12.67087235301733,0.020216893831856545,3.481503260321915,0.005554880502953664,536.0988845825195,0.8505162590548954,44.108237981796265,0.06997733933170665,27.964083790779114,0.04436477787517226,18.659707434475422,0.029603464992447658,3.490821832790971,0.005538158745778035,550.3106322288513,0.8696930172680265,42.14588904380798,0.06660599170962403,22.80705761909485,0.03604353176935844,14.371711254119873,0.022712584841905362,3.1289396481588483,0.0049448744110856735,538.5269756317139,0.8588553080185506,43.21194052696228,0.06891540474426311,26.178292632102966,0.04174974810792097,15.857801228761673,0.025290389107897087,3.253746284171939,0.005189150021368283,536.7538132667542,0.8579411782004543,42.869075655937195,0.06852144198618071,27.21936535835266,0.043507123392913856,15.448377639055252,0.024692510766290143,3.3394542736932635,0.005337745654160961,Healthy_patient9,0,train
8.389704525470734,0.40229543370939297,3.0705245062708855,0.14723498118621253,1.9234550073742867,0.09223175429634403,4.385239195078611,0.21027697680504367,3.0856622830033302,0.14796085400300676,9.217700190842152,0.4399901699417105,2.8255690038204193,0.13487340230572112,1.9928542524576187,0.09512527670177762,4.3344597443938255,0.20689756013501923,2.579203464090824,0.12311359091577155,3.544817477464676,0.17341332821739416,2.0667782947421074,0.1011072939741425,1.7710717245936394,0.08664125705371063,6.6643958911299706,0.3260238586009655,6.394372768700123,0.3128142621537872,3.8871110528707504,0.36377091171706777,2.107466697692871,0.1972248982870994,1.3472584709525108,0.12608166724101913,2.3695210851728916,0.2217489631147977,0.9742443389259279,0.091173559640016,7.29798474162817,0.2525447590442079,4.325461715459824,0.14968141553582373,3.349088355898857,0.11589428339494497,7.708102360367775,0.26673676668346624,6.217150170356035,0.21514277534155712,8.765891119837761,0.339827560140688,5.237611144781113,0.20304662606048696,3.7016142159700394,0.14350058772101945,5.496475446969271,0.21308202611480018,2.5935234427452087,0.10054319996300543,6.333913683891296,0.5044300789735495,1.9568951204419136,0.15584626021316794,1.297362096607685,0.10332134246058282,2.1242591980844736,0.1691750611908765,0.8441440386231989,0.06722725716182322,1.1146211074665189,0.27099721751463807,0.7727255448698997,0.1878723372090059,0.6499269567430019,0.15801638394004722,1.0898343324661255,0.26497082252599863,0.48592730541713536,0.11814323881031022,1.116315608844161,0.27272326145087433,0.7695514112710953,0.18800648228262387,0.6490383334457874,0.15856434300623107,1.0769986752420664,0.2631178754137544,0.48131340672262013,0.11758803784651634,2.1384931094944477,0.356549069700945,1.5244486629962921,0.2541699808079689,0.7638043537735939,0.12734842612417288,1.1333013884723186,0.18895434077228374,0.43770508433226496,0.07297818259462947,2.0708131324499846,0.339290805551632,1.1627356708049774,0.19050754324910885,1.1814268976449966,0.19356999312057332,1.334979790262878,0.2187287502361734,0.35340215533506125,0.05790290784251242,1.4765791166573763,0.2832324153765855,0.9671657681465149,0.18551846866276053,1.072625083848834,0.20574731815234776,1.2752332603558898,0.2446109337620859,0.4217093598563224,0.0808908640462203,2.7751483507454395,0.35646220673537105,1.6435542032122612,0.21111122149879535,0.978399770334363,0.1256734765581398,1.7075656466186047,0.2193333622599595,0.6805847103241831,0.0874197329477343,5.908888712525368,0.30987915825178447,4.198727667331696,0.2201933829830339,3.4343025386333466,0.18010472554641113,4.217723585665226,0.2211895837019502,1.3087219055742025,0.06863314951682029,5.504088819026947,0.2724823844049058,4.663836315274239,0.23088530753120698,4.118055552244186,0.2038661861902384,4.451692091301084,0.22038301262162865,1.4621241046115756,0.07238310925202014,8.349983632564545,0.2648710300472064,7.640584856271744,0.24236808957938275,7.315821468830109,0.2320662235232853,6.774185325950384,0.21488490564430807,1.4441393334418535,0.04580975120581747,8.305514499545097,0.21832757844633544,9.045650005340576,0.23778356671910664,13.197914063930511,0.34693439139485027,6.393341755494475,0.16806217408125698,1.0991068095900118,0.028892289358450698,2.437190003693104,0.27226874249118715,1.7618764340877533,0.1968266242709959,2.239834912121296,0.25022137543114426,1.9784906338900328,0.22102550728649012,0.5340211729053408,0.05965775052018255,2.883418031036854,0.2830978062458649,1.9697737619280815,0.19339500023934514,2.560170516371727,0.25136093656858854,2.174485762603581,0.21349389595256793,0.59738815180026,0.05865236099363345,Healthy_patient90,0,val
14.604660734534264,0.38708908576937173,3.6514174044132233,0.09677895642549894,14.204594537615776,0.3764855352160733,4.153770439326763,0.1100935674632166,1.1150131551548839,0.02955285512583942,14.012188196182251,0.3410071052798072,4.29113931953907,0.10443115502167405,16.455431036651134,0.40046699525979695,5.057384122163057,0.12307884362106748,1.2744621229358017,0.031015900817654336,7.26908053830266,0.3523432199761844,2.4374556094408035,0.11814712375988085,7.0125458389520645,0.33990859890842595,2.953429661691189,0.14315715880298016,0.9581692507490516,0.04644389855252862,6.568360526114702,0.3321858517890113,2.5382350012660027,0.12836776431256222,6.474018506705761,0.32741463316417246,3.196767944842577,0.16167216743163199,0.9957675719633698,0.05035958330262203,12.682125858962536,0.2919819282312662,5.211330354213715,0.1199810112590953,18.22221513092518,0.4195319909092699,5.814229983836412,0.13386163335233417,1.504724697675556,0.034643436248034454,10.984729625284672,0.2386597619667974,5.866512030363083,0.12745879165920052,20.848569944500923,0.4529665189800946,6.809827990829945,0.14795374877369277,1.5170954344794154,0.03296117862021472,23.781103044748306,0.4965670344861833,4.069022759795189,0.08496420713901613,14.830542743206024,0.3096727101327921,4.1030358131974936,0.0856744248707177,1.1073181862011552,0.023121623371290787,3.885918291285634,0.34077513152347066,1.635301448404789,0.14340756145345876,2.817065514624119,0.24704221738503454,2.2143670320510864,0.19418864732196692,0.8505222173407674,0.07458644231606913,4.024729182943702,0.3472961877856849,1.624038964509964,0.14013925299122698,2.8283583782613277,0.24406066540442842,2.2537000477313995,0.19447306872385894,0.8579248280730098,0.07403082509480075,8.25002334266901,0.3543646590865838,2.7643990963697433,0.11873970565608206,8.242701210081577,0.35405015027729203,3.067922782152891,0.13177701027568958,0.956122080096975,0.0410684747043525,4.591691868379712,0.2934519531219823,2.0497597828507423,0.13099877538618382,5.671603757888079,0.36246839896805494,2.4589364267885685,0.15714898075216888,0.8751756800338626,0.05593189177161006,4.2079920675605536,0.26777128977954134,1.8890563920140266,0.12020817968155634,6.389714498072863,0.40660297476841284,2.347405856475234,0.14937478106721197,0.8807051405310631,0.0560427747032775,4.709928913041949,0.370644933752295,1.8160831481218338,0.14291553663588835,2.88132955878973,0.22674444204008248,2.424515610560775,0.19079575179348354,0.8755305795930326,0.06889933577825058,9.053712341934443,0.21473318584853282,7.265648066997528,0.17232442314897556,15.85228417813778,0.3759796375218726,7.903562508523464,0.18745428316155732,2.087406503967941,0.049508470319061706,11.830923847854137,0.264805581127227,7.194705426692963,0.16103545049021709,17.03960284590721,0.38138880714763607,6.61311062797904,0.14801790844239582,1.9994310261681676,0.044752252792524025,12.686166822910309,0.16742236371319447,13.380157709121704,0.1765811266545028,27.48506188392639,0.36272690495447346,19.133289620280266,0.25250657811400107,3.08875435590744,0.040763026563828214,10.498762547969818,0.1800199978553556,8.498199105262756,0.14571677163987465,24.81037625670433,0.4254181252424035,11.31839208304882,0.19407400721816764,3.194249304011464,0.05477109804419857,4.8415576703846455,0.1931251221303029,2.7667488157749176,0.11036297392858511,13.53458284586668,0.5398816131179208,3.0128358975052834,0.12017915313152559,0.9138131970539689,0.03645113769166557,4.965983483940363,0.1920411849361472,2.7441283613443375,0.10611909279072082,14.04398149996996,0.5430994398586988,3.1365240961313248,0.12129355765071877,0.9683329998515546,0.03744672476371445,Healthy_patient91,0,test
31.571529164910316,0.4813754986331258,8.707522988319397,0.13276481473125257,10.083665654063225,0.1537470534581944,12.068819485604763,0.18401497017930968,3.1545368935912848,0.04809766299811756,29.42044970393181,0.41742352390442367,8.351719349622726,0.11849594947266821,10.044213861227036,0.14250941732691216,16.408794790506363,0.23281142924074155,6.255875755101442,0.0887596800552544,10.040919706225395,0.3253325637826592,4.52828723192215,0.14671955735211453,6.230844900012016,0.20188357293567552,8.130835194140673,0.26344453862767314,1.9326686765998602,0.06261976730187761,10.04473027586937,0.30945227625901156,4.767634019255638,0.1468785282540467,7.128232896327972,0.21960250149993624,8.797453872859478,0.27102690181538003,1.721656123176217,0.05303979217162548,15.779470771551132,0.3093069766384817,7.424069911241531,0.1455255788894313,13.558838188648224,0.2657784476791367,11.268611773848534,0.22088575017140866,2.9845762941986322,0.05850324662154157,16.729928635060787,0.347592621875086,6.398415684700012,0.13293793011349983,11.493104368448257,0.2387887221790542,11.621291805058718,0.241452033431291,1.8881103424355388,0.03922869240106897,17.8477483689785,0.4197321919430352,6.926474332809448,0.16289249456253269,7.586436331272125,0.17841306838994705,8.456987001001835,0.19888613497790017,1.704106434714049,0.040076110126584914,5.289518304169178,0.21930742830125563,2.699227325618267,0.1119120058087779,6.863924413919449,0.28458349602163174,8.057179637253284,0.33405675980259286,1.209343841765076,0.050140310065741815,5.560333721339703,0.2240057760856374,2.674732521176338,0.10775531906082053,7.094973400235176,0.2858308695981841,8.251621015369892,0.33242802719170844,1.2406176710501313,0.04998000806364952,9.038877815008163,0.3403580463098692,4.65939074754715,0.17544889579061054,5.418504297733307,0.20403324112158855,6.13108803704381,0.23086551104576,1.3091073101386428,0.049294305732171695,8.872863031923771,0.18381832532732084,4.253199860453606,0.08811316852498138,19.26032331585884,0.39901442910206975,14.334018506109715,0.29695660437042004,1.549336706288159,0.03209747267520801,7.1495531052351,0.22068305733236418,3.053702712059021,0.09425770265107457,9.29852844774723,0.2870148184560333,11.424929160624743,0.3526497754280883,1.470667649526149,0.045394646132439646,5.17281087487936,0.2805383249944807,2.3175147026777267,0.12568634511588522,3.576576016843319,0.19396932717051185,6.24656904488802,0.33877171603652095,1.1254035322926939,0.06103428668260126,13.302750460803509,0.23396851200329102,7.009293407201767,0.12327931381631128,21.428262531757355,0.3768798576011412,12.987232878804207,0.22841919501138272,2.1294725770130754,0.03745312156787378,13.539315477013588,0.243852353522242,6.190693140029907,0.1114986274374982,18.467219948768616,0.3326072913483383,15.389720097184181,0.27717940926321344,1.9356463886797428,0.03486231842870811,16.6286548525095,0.13596591381645476,9.647152096033096,0.07888093547539807,72.59680253267288,0.5935952537386365,21.32241975516081,0.17434496731712176,2.1051442832686007,0.01721292965238888,20.890012085437775,0.11304254231970629,11.09609305858612,0.06004451141667851,120.87462019920349,0.654091262052065,29.05344422161579,0.15721748673590596,2.8836212204769254,0.015604197475644245,14.26203103363514,0.17414101310109567,6.380061715841293,0.07790127564747946,41.47912359237671,0.506464793681,17.91941848397255,0.21879812781378571,1.8586879107169807,0.02269478975663925,10.036336600780487,0.28682971306528393,3.7406102269887924,0.106903365318858,9.237813413143158,0.26400861948337084,10.47641921043396,0.299406888749299,1.4993955958634615,0.04285141338318825,Healthy_patient92,0,test
17.16117462515831,0.34430925354879854,11.654471457004547,0.23382678957093805,10.654891192913055,0.21377194238775596,8.852836094796658,0.17761682717922808,1.5189542709849775,0.030475187313279407,20.874346658587456,0.38512458406870476,11.938656747341156,0.22026414954967174,10.20752015709877,0.18832526924900658,9.610781900584698,0.1773156517219679,1.570237419102341,0.028970345410649006,7.748116385191679,0.29178272083366313,5.500134691596031,0.20712702100509411,6.318959981203079,0.23796278275818064,5.853577684611082,0.22043716672755975,1.1336157233454287,0.042690308675502366,6.6338915303349495,0.2704479566066507,5.227315753698349,0.2131052124776139,5.788647845387459,0.23598938483419626,5.7792714312672615,0.2356071307639406,1.1001455904915929,0.044850315317598484,24.79147545993328,0.30572299500899186,20.918648719787598,0.2579641517702428,22.423526912927628,0.27652197698214037,11.30812943726778,0.13944935246383902,1.6495206304825842,0.02034152377478599,24.720210552215576,0.3155051374958588,19.71876561641693,0.25167147520507827,20.254264056682587,0.2585060654148971,12.13070983439684,0.15482478460850793,1.5272639598697424,0.01949253727565786,14.26756939291954,0.3386773318363969,9.671418905258179,0.22957591862356247,9.015898376703262,0.2140154585717516,7.848290327936411,0.1862992885853416,1.3241461208090186,0.031432002382947355,3.7214874010533094,0.2540511184403421,2.2667806297540665,0.15474408272480789,4.210981249809265,0.28746691334829233,3.5740395095199347,0.24398543831869993,0.8752883304841816,0.059752447167857756,3.683877322822809,0.24879551625494178,2.1866971850395203,0.1476814799653151,4.458022773265839,0.30107845081580364,3.6310344096273184,0.24522670038058114,0.8472160301171243,0.05721785258335833,10.386177442967892,0.30738617985568156,7.729241222143173,0.2287522955874647,7.756781995296478,0.22956738401594118,6.657638397067785,0.19703746108446843,1.2588545260950923,0.03725667945644409,5.690651603043079,0.2907209805832555,5.011945143342018,0.2560475861714506,4.084215238690376,0.2086522145320223,3.8997354693710804,0.19922761025549293,0.8877247278578579,0.04535160845777864,6.689785420894623,0.26226117637318186,6.23241363465786,0.24433072641828393,6.555996343493462,0.2570162128029723,5.083726771175861,0.19929849456817436,0.946182054001838,0.03709338983738748,8.123636484146118,0.2914480025134738,5.803554832935333,0.20821149085602,6.617658838629723,0.23741872911205172,6.175042897462845,0.22153919878281308,1.1534717120230198,0.04138257873564142,16.25312578678131,0.2499482769705511,14.801263213157654,0.22762084571604113,21.661863535642624,0.33312641135827414,10.897231414914131,0.16758279309708984,1.4124725544825196,0.021721672858043755,15.810803055763245,0.24387220766981468,15.642934262752533,0.24128293165353626,20.56799426674843,0.3172490449397918,11.443992853164673,0.17651676463337773,1.3666039635427296,0.02107905110347957,33.40979887545109,0.24766982254048378,37.91218101978302,0.28104638343667915,34.52117568254471,0.25590855805680973,25.99230644106865,0.19268328874638962,3.061064868234098,0.02269194721963774,28.529415786266327,0.28199446616242735,26.55793523788452,0.26250768070016905,27.01022356748581,0.2669782526534443,16.685919761657715,0.16492931614403578,2.386632048524916,0.023590284339923474,9.874402079731226,0.26560865048398835,11.100224614143372,0.29858169193693823,8.44496038556099,0.2271585168689678,6.696559090167284,0.18012878232663898,1.0603616803418845,0.028522358383466624,13.063553035259247,0.2760903762454516,12.068860620260239,0.25506814727264876,12.648491740226746,0.26731830414522345,8.362475391477346,0.1767359133418554,1.1728394045494497,0.024787258994820847,Healthy_patient93,0,train
153.57583343982697,0.8458031280431909,11.837965250015259,0.06519637767131223,3.6949100345373154,0.020349337490486855,6.728105150163174,0.03705434803348267,5.737158067524433,0.03159680876152737,139.71062779426575,0.8658968185850515,12.098061382770538,0.07498121673187155,3.4481337517499924,0.02137080115403076,4.0284631215035915,0.024967559417411307,2.062607596628368,0.012783604111634858,44.42028506100178,0.7626597425986181,5.925086781382561,0.10172886448968206,1.9371962398290634,0.033260065386841196,3.4474238380789757,0.05918943053532843,2.5139176240190864,0.0431618969895302,68.53314039111137,0.8139444144527086,8.502486109733582,0.10098108795955557,2.340652346611023,0.027799118686625417,3.1989183239638805,0.03799244697122506,1.623599668033421,0.01928293192988532,178.62206554412842,0.8172545605598992,18.071988940238953,0.08268527930637759,4.324426293373108,0.01978566925255493,9.860061056911945,0.04511301468613675,7.685017384588718,0.035161476195031564,134.89623647928238,0.726511705576493,21.962355852127075,0.11828283001103039,5.606472626328468,0.030194823045692463,12.59472145140171,0.06783148886680769,10.616831660270691,0.057179152499976425,148.47816288471222,0.9065934506617973,8.144353717565536,0.049728644244817884,2.5155018344521523,0.01535941342440242,3.0730302203446627,0.018763628383612667,1.564856382086873,0.009554863285369669,33.40313532948494,0.7487220650065017,4.947973549365997,0.11090746233658969,1.6456642374396324,0.03688710996765436,2.9064732491970062,0.06514779620415034,1.7102849977090955,0.03833556648510393,33.82419714331627,0.7459966106011037,5.287166841328144,0.11660908096654475,1.6547239497303963,0.03649512958870837,2.912913553416729,0.06424464795470514,1.6619513565674424,0.03665453088893811,68.0800488293171,0.8435801011814084,6.819691136479378,0.08450281452295097,1.8985186144709587,0.023524550179237345,2.6065509673208,0.03229778131122757,1.2989063579589128,0.016094752805175763,67.02780178189278,0.8041867029844445,9.001755952835083,0.10800134046372153,2.5377710461616516,0.0304476900075432,3.387830490246415,0.04064654008924152,1.3933983873575926,0.016717726455049223,48.39616683125496,0.7626265234274002,6.562719613313675,0.10341529857893579,3.026787042617798,0.047696093112398606,3.8234423585236073,0.06024978307833284,1.650736840441823,0.026012301802932566,20.97803796827793,0.6738952212595284,4.632323190569878,0.14880802800410747,1.6981725096702576,0.05455182895900865,2.594405520707369,0.0833422784846621,1.2265855595469475,0.03940264329269334,200.03020572662354,0.8428878658547327,24.96155059337616,0.10518305488737206,4.349829807877541,0.018329325564979966,5.416624680161476,0.02282458891752122,2.5571117037907243,0.01077516477539397,116.18515413999557,0.7660861529539984,18.292839854955673,0.1206168844446403,4.464885458350182,0.029439965454160135,7.570796508342028,0.04991930694419724,5.147013494744897,0.03393769020300396,219.24631714820862,0.8063503847232486,30.64465194940567,0.11270577864443371,7.071211144328117,0.026006702875806496,10.916223339736462,0.04014799885450811,4.021159315481782,0.014789134902003086,209.6139886379242,0.8188108905831294,29.841898530721664,0.11657080556221396,5.806703880429268,0.02268261009955603,7.397985361516476,0.028898600812600077,3.337470328435302,0.013037092942500581,119.15153187513351,0.8277149132265246,15.277295261621475,0.10612742381743587,3.6157014220952988,0.025117343786892694,4.320260711014271,0.030011735168294775,1.5875909170135856,0.011028584000852116,83.29903477430344,0.8113890522902601,10.57733291387558,0.10303039107237782,3.4956413209438324,0.03404991553902441,3.759112596511841,0.03661630432333695,1.5311395367607474,0.01491433677500064,Healthy_patient94,0,train
44.84211045503616,0.4513575239503378,5.459652602672577,0.054954043316990095,4.151964455842972,0.04179152982101953,28.638072073459625,0.2882560426041756,16.257625371217728,0.16364086030747696,62.16643303632736,0.5516934152484108,6.824890166521072,0.06056720292224357,4.581930100917816,0.04066214743779327,23.501166120171547,0.20856011783048975,15.608515188097954,0.1385171165610626,7.624502956867218,0.29559597805109633,2.2830002680420876,0.08851012334056446,1.856020599603653,0.07195645768996435,9.285276629030704,0.3599828660517781,4.744862258434296,0.1839545748665968,11.017384842038155,0.4419302441732552,2.2574970051646233,0.09055290497851334,1.4702382385730743,0.05897431678035644,7.184573005884886,0.2881881815234761,3.0004513990134,0.12035435254439894,16.900366604328156,0.35509763784389853,4.908263027667999,0.10312868636796856,5.040886431932449,0.10591526838004525,13.73237456381321,0.2885342006929534,7.011685907840729,0.14732420671513433,15.63733585178852,0.39626871202103686,5.1199745535850525,0.12974625224907335,4.959974467754364,0.12569165953991118,9.444555334746838,0.23933627911966115,4.299604456871748,0.10895709707031746,7.363206773996353,0.32955625473083233,2.7785444781184196,0.124359771485102,1.4927885048091412,0.06681298024761721,7.9545428194105625,0.35602277922153036,2.753709187731147,0.12324821431491809,2.886008245870471,0.2725607693205221,1.2677003927528858,0.11972432677940531,1.2659175544977188,0.11955595173505203,3.832497928291559,0.3619492720608593,1.3363705216906965,0.12620968010416125,2.869990834966302,0.27041966747954826,1.2690978273749352,0.11957843498889663,1.2742595486342907,0.12006478878820882,3.846767093986273,0.36245463426340524,1.3529841848649085,0.12748247447994102,4.729020958766341,0.26909929035107355,2.3705002814531326,0.13489048770941944,1.9072536677122116,0.10852999235485042,6.488549679517746,0.3692231710094613,2.0781924314796925,0.11825705857519528,6.972853288054466,0.31479827876204636,2.712880641222,0.12247642694657128,3.4330562353134155,0.15498966479352264,6.892786346375942,0.31118355543647164,2.1386503437533975,0.09655207406138808,3.064000703394413,0.30245614946088806,1.2640621028840542,0.1247791346438635,1.7216972596943378,0.16995359143606573,3.06692511215806,0.30274482609634784,1.0137112739030272,0.10006629836283486,4.478413254022598,0.36862387047504086,1.9793730080127716,0.16292470076809265,1.3516738452017307,0.11125798718789451,3.317421030253172,0.2730611291999028,1.0221238855738193,0.08413231236906923,32.98556736111641,0.38858820581456405,6.598668038845062,0.07773595481651056,7.749761313199997,0.09129646948978785,24.259713903069496,0.285792831633421,13.291952066123486,0.1565865382457165,13.667628161609173,0.3287436430788131,5.186709553003311,0.12475447633521508,6.610889405012131,0.15900987657092808,11.370715737342834,0.2734966500191627,4.739395402371883,0.11399535399588102,18.355497732758522,0.27605066726086985,9.26412445306778,0.13932434707521124,13.603313952684402,0.20458197038677015,18.703095242381096,0.2812782304610919,6.567188559100032,0.09876478481605681,14.972220480442047,0.2775292516639749,7.485803663730621,0.13875894304471684,12.784790366888046,0.2369824374305819,14.116299703717232,0.2616636655968725,4.5891467006877065,0.08506570226385388,8.879025220870972,0.25116777430191545,4.625102072954178,0.13083379815753285,7.6907084584236145,0.21755294959255586,11.072342164814472,0.31321180745254207,3.083795134909451,0.08723367049545376,7.2978764697909355,0.34699388991930635,2.479281932115555,0.11788301506507622,3.1041421219706535,0.14759339298542876,6.321092747151852,0.30055051903855673,1.8293213550932705,0.08697918299163195,Healthy_patient95,0,train
22.583247184753418,0.5467480950175381,3.1838666796684265,0.07708249516366145,1.6701216101646423,0.04043421219874992,9.09329641237855,0.22015179881900895,4.774133626371622,0.11558339880104164,21.799325570464134,0.7040759483074155,2.7845819890499115,0.08993659910453473,1.583237860351801,0.05113551308365839,3.3501588329672813,0.10820363454261131,1.4443066683597863,0.04664830496178003,5.652947887778282,0.5250634468134193,1.179763000458479,0.10958007038821768,0.7702833507210016,0.07154632223427675,2.264519499614835,0.21033564035052008,0.8987049385905266,0.08347452021356615,5.447333678603172,0.528098965974653,1.1703180745244026,0.11345803313746429,0.8657174371182919,0.08392812159904803,2.080432476475835,0.20169027719423674,0.7511847838759422,0.07282460209459792,8.175119630992413,0.3780020062270261,3.25070458650589,0.15030640661113553,2.16460794955492,0.10008736074329487,5.26546174287796,0.2434649512618698,2.7712919153273106,0.12813927515667367,7.047212019562721,0.3487727474474537,2.254997693002224,0.11160182760115915,1.6809873022139072,0.08319354635420866,5.489993009716272,0.27170460320347656,3.732551597058773,0.18472727539370196,9.433876693248749,0.6835240660394218,1.1889924705028534,0.08614750800272503,0.7616590019315481,0.05518539990122513,1.7205119114369154,0.12465832823702452,0.6967807540204376,0.05048469781960353,1.0031346660107374,0.28560486755664866,0.4952089171856642,0.14099211401808848,0.39890257734805346,0.11357250589750542,1.1136080296710134,0.31705800287915265,0.5014622299931943,0.1427725096486048,1.0014632903039455,0.2845796038503166,0.48970422334969044,0.1391562079548477,0.3962559197098017,0.11260158384850379,1.1262338003143668,0.320034864821681,0.5054399776272476,0.14362773952465097,2.0715847574174404,0.3916404343820556,0.8806680887937546,0.16649342084925356,0.5497549958527088,0.10393312878391399,1.2333839368075132,0.23317560097001977,0.5541150635108352,0.10475741501475713,2.08291950635612,0.27696724674467826,0.8915855959057808,0.11855475306736007,1.1224643923342228,0.14925486624186204,2.689787086099386,0.35766284836883505,0.7336976637598127,0.09756028557726457,2.9473403096199036,0.31139529506960595,1.0908546186983585,0.11525204427832927,1.4275587275624275,0.15082583770444263,3.3987929951399565,0.35909261789270824,0.600401459261775,0.06343420505491391,2.3768489062786102,0.3571447440754489,0.8467573635280132,0.12723355746020043,0.6982081346213818,0.10491258611014134,1.8446273356676102,0.2771732590874089,0.8887000356335193,0.13353585326680042,6.930081456899643,0.36991954511538283,2.7258789390325546,0.1455041911755017,2.17569088190794,0.11613580393716377,4.753214154392481,0.25372094523914746,2.1491580829024315,0.11471951453280423,9.289776936173439,0.38579195740279554,3.3642596900463104,0.13971318579032632,3.209831267595291,0.1332999808462962,6.049918107688427,0.2512449722881225,2.1659719040617347,0.08994990367245949,7.931817103177309,0.32045809980911877,3.5971709936857224,0.14533146268126165,4.3335627019405365,0.17508286572962484,7.4266989305615425,0.3000505175779725,1.4622454205527902,0.05907705420202223,12.827385775744915,0.3258523677100435,5.404260516166687,0.13728370813050972,7.276089370250702,0.18483352652020676,11.555881470441818,0.29355251365716517,2.302019109018147,0.05847788398207482,3.8378650285303593,0.28874571274721433,1.4565243795514107,0.10958310596668222,2.1812024787068367,0.16410500621523202,4.956758912652731,0.3729268420098891,0.8591540060006082,0.06463933306098227,6.579313412308693,0.2892081279355142,2.594915971159935,0.11406521366882112,4.6100685596466064,0.20264565832894726,7.918351054191589,0.3480684596107988,1.0467580102849752,0.04601254045591857,Healthy_patient96,0,train
14.416704401373863,0.3720085882492562,5.372882634401321,0.1386418440723599,3.9885391891002655,0.10292025081492442,11.146267421543598,0.28761824424602633,3.8292933832854033,0.09881107261743313,19.990990191698074,0.46993891329271936,5.403042823076248,0.12701222142587637,3.3502149134874344,0.07875529629318549,10.005573607981205,0.2352063776289414,3.7897290866822004,0.08908719135927737,4.505885984748602,0.26801137049040497,2.9563388377428055,0.17584386871290686,2.396543927490711,0.14254710940784696,5.751982927322388,0.34212956843715947,1.2015424298588187,0.07146808295168175,5.229469981044531,0.34449942288497803,2.311936065554619,0.1523023639522735,1.8089599460363388,0.1191680341775449,5.081626072525978,0.33475997675634234,0.747917199274525,0.04927020222886121,8.628546305000782,0.22929893783943517,7.29605308175087,0.19388865319016915,8.257569760084152,0.21944043737992827,11.018355570733547,0.29280682281813364,2.4295942280441523,0.0645651487723338,7.113324247300625,0.2257221707307781,5.432155609130859,0.17237481565748872,6.545423448085785,0.20770136966759553,10.707650993019342,0.3397784413509742,1.7150724953971803,0.054423202593163474,3.876814141869545,0.3068843262508031,2.7754665911197662,0.21970287036681574,1.5576009564101696,0.12329797162910427,3.885251507163048,0.3075522187699373,0.5376857852097601,0.04256261298333959,1.5921093141660094,0.15290094614859034,1.608804389834404,0.15450428634829078,1.720026932656765,0.1651857338338859,5.005684871226549,0.4807295241113189,0.4860590063035488,0.04667950955791407,1.5822219960391521,0.15172431382891544,1.6111852750182152,0.15450169503100628,1.7200975343585014,0.16494563896386064,5.027299301698804,0.48208376502936834,0.48746514064259827,0.046744587146849294,1.9253810793161392,0.2544687303216529,1.6037739515304565,0.2119634006759061,0.996517576277256,0.13170512845620785,2.5568703059107065,0.33792974665219555,0.4837347859283909,0.06393299389403757,2.8443049900233746,0.12609471297196215,2.8155568465590477,0.12482024032879413,3.6566384732723236,0.16210736202579962,12.514245327562094,0.5547858538991253,0.7261476928833872,0.032191830774318884,3.3247081618756056,0.15754397035331802,3.1882361322641373,0.15107713346408047,3.5011970549821854,0.165907038505317,10.327288649976254,0.48936687904184567,0.7619366002036259,0.036104978635438864,1.7785790851339698,0.18890992058848083,1.3370735496282578,0.14201587109195457,1.4937511384487152,0.15865721760809098,4.232827305793762,0.44958533296933606,0.5727275403914973,0.060831657742137515,7.521263726055622,0.18834164390686212,7.641685098409653,0.19135714237317808,9.551286786794662,0.23917590452504953,13.957319173961878,0.3495083450737261,1.2625966325867921,0.031616964121184206,6.940259221941233,0.18870884785979486,5.855591714382172,0.15921623827320744,8.385473161935806,0.22800488116429843,14.253573536872864,0.38756123568476636,1.34270606841892,0.03650879701793289,8.93707200884819,0.18699693996539007,8.563286155462265,0.17917594325457492,12.150207757949829,0.2542277457797034,16.451191563159227,0.3442203976928339,1.6908535086549819,0.03537897330749768,8.20797959342599,0.17938641359678204,7.331980377435684,0.16024134191605396,12.432655572891235,0.2717172319106734,16.423238214105368,0.3589319112383763,1.3600060581229627,0.02972310133811431,5.777591276913881,0.16596369010075612,4.358183950185776,0.12519062977003703,6.999190390110016,0.20105462799038418,16.577917881309986,0.47620752211450085,1.0994978928938508,0.03158353002432182,3.8231947906315327,0.1735746136032673,2.5036298483610153,0.11366582330561459,3.7443753331899643,0.16999617786586677,11.15630054101348,0.5065006262284807,0.7987319597741589,0.036262758996770596,Healthy_patient97,0,train
12.85090234875679,0.34728712615146573,8.27131336927414,0.2235267665691432,10.109181709587574,0.27319394143596987,4.480586629360914,0.12108488662930104,1.29169785650447,0.03490727921412016,16.386054158210754,0.37835831332322467,7.578713089227676,0.17499448457296793,11.179699033498764,0.2581422000034301,6.080800969153643,0.1404072985557876,2.0830296240746975,0.04809770354458977,3.8365270141512156,0.16300907307434898,4.675758540630341,0.19866693569893915,5.78289108723402,0.24570756633352797,5.674320757389069,0.2410945533751617,3.5661680810153484,0.1515218715180222,3.513187747448683,0.2076355197363373,3.5623993575572968,0.21054401167485795,6.325884237885475,0.37387078515206523,2.7524160984903574,0.16267258917652108,0.7660872908309102,0.04527709426021847,9.77187104523182,0.19347164232984762,14.916737109422684,0.2953339860303208,14.328087478876114,0.2836794103352932,8.099358908832073,0.16035785395215985,3.391973029822111,0.06715710735237856,10.380689062178135,0.23277651263112023,10.921650379896164,0.24490702615026,15.526940941810608,0.3481760355805957,6.376608658581972,0.14298903637969748,1.3891989449039102,0.03115138925832656,3.000041875988245,0.2019458717442519,3.7270089089870453,0.25088118574213236,5.934481255710125,0.3994757540307747,1.8339989092200994,0.12345444624117351,0.360142256366089,0.02424274224166752,1.5246863141655922,0.16465927741400657,1.75722686201334,0.18977261267669118,3.539185330271721,0.3822161278044382,1.9379597874358296,0.20929095728862726,0.5005858519580215,0.0540610248162368,1.5259632263332605,0.16458300633901912,1.7595326602458954,0.18977467476121013,3.5367015451192856,0.38145150733302363,1.942649937234819,0.20952481777866053,0.5068463513161987,0.05466599378808663,1.7025429643690586,0.22079007186323313,1.987833634018898,0.25778728648403476,2.5583937615156174,0.33177896492545406,1.1936534270644188,0.15479599132408076,0.26871535077225417,0.03484768540319729,2.973511939868331,0.09144683776512047,6.843142211437225,0.2104527334235819,18.064975410699844,0.555566921882382,4.3099108673632145,0.1325462038963078,0.3247500464785844,0.009987303032607786,2.4443566482514143,0.11878687638692811,4.2384143024683,0.20597157791357865,10.49974762648344,0.5102496905651005,2.8707352690398693,0.13950733244552277,0.524411991937086,0.025484522688869995,1.943142818287015,0.19900898017954552,2.5037237033247948,0.25642145094063057,3.6337409168481827,0.3721533318565522,1.4065845152363181,0.14405680698255996,0.27690420183353126,0.028359430040711765,8.163977477699518,0.15869374387331947,16.106343805789948,0.31307974643897346,18.085364043712616,0.35154851140248394,7.681111577898264,0.14930765754009104,1.4080633549019694,0.02737034074513212,7.5912572927773,0.14766238717593214,14.269901752471924,0.2775729600867103,20.32460705935955,0.39534689459851474,7.842962317168713,0.15255846213853091,1.3808243963867426,0.026859296000311915,9.216638065874577,0.09447059778397757,31.031970381736755,0.31807789037869466,45.11204534769058,0.46239874678748494,11.032338991761208,0.11308154362338706,1.167923329398036,0.011971221426455791,9.813096724450588,0.08927166699434048,37.28086042404175,0.33915130467888827,50.70580366253853,0.46128064833641824,10.873677369207144,0.098919977288016,1.250539436005056,0.011376402702336967,4.383182933554053,0.06296510447667282,15.229356408119202,0.21877207314552685,42.61086222529411,0.6121116623533843,6.849180471152067,0.0983895425957035,0.5403086254373193,0.007761617428712493,3.314891582354903,0.0802892925907713,9.558283731341362,0.23150918215735253,24.143404126167297,0.584772319053041,3.777707810513675,0.0914990672199611,0.49255779944360256,0.011930138978874094,Healthy_patient98,0,train
51.9869379401207,0.38845852088490224,4.724834069609642,0.03530506174880308,6.884647339582443,0.05144369005592877,34.573966324329376,0.2583447371903864,35.65841494500637,0.2664479901199795,60.7431235909462,0.5887940948567798,4.9253465831279755,0.04774227619241199,5.4533164501190186,0.0528599837051185,17.651807069778442,0.17110216188793145,14.391713365912437,0.13950148335775825,11.6608816832304,0.18230567871879583,1.9656891450285912,0.030731492134935357,3.9836510568857193,0.062280214261054866,21.792041912674904,0.340695763792199,24.56108482182026,0.38398685109301495,10.525782108306885,0.27228976723448534,1.960174784064293,0.05070744674360616,3.4805575609207153,0.09003798467017425,11.850177139043808,0.3065503296264493,10.839855127036572,0.28041447172528494,17.571051985025406,0.12440004199254653,5.665025532245636,0.040107411593841825,13.890616238117218,0.09834318655461154,51.43735069036484,0.3641676429686732,52.682306468486786,0.3729817168903269,18.042657271027565,0.2402042309566075,6.95053368806839,0.09253335438352404,10.56530573964119,0.14065728245512524,21.472387313842773,0.28586467082131045,18.082935586571693,0.24074046138343277,11.02610957622528,0.38916112285696186,1.5872873961925507,0.05602252917302003,2.585653305053711,0.09125936365471847,7.062005631625652,0.2492500208007615,6.07196331769228,0.21430696351453815,3.0763660818338394,0.12146380728585612,0.9835253320634365,0.038832417279577626,2.9002714455127716,0.11451108306474363,9.454477943480015,0.37329006248524227,8.91278924047947,0.3519026298845804,3.093444675207138,0.12249436982059594,0.9782990179955959,0.038738731184017085,2.8755917102098465,0.11386781772003035,9.405958957970142,0.3724576115258281,8.900475911796093,0.35244146974952845,3.418093718588352,0.2251079022779846,0.8919411711394787,0.05874122318492158,1.440085031092167,0.09484073496526761,5.337954711169004,0.3515455942449695,4.096171163022518,0.2697645453268567,6.814983271062374,0.215588695949553,2.5156061947345734,0.07957998390814834,9.3187255859375,0.2947933717628655,8.428194306790829,0.2666218459443451,4.533532403409481,0.14341610243508804,5.705094274133444,0.17659334247795244,1.7808807119727135,0.05512471176991125,6.657642409205437,0.20607815919801506,10.223548702895641,0.31645588147703363,7.939228888601065,0.2457479050770876,4.578390244394541,0.22536654780044268,1.0712306052446365,0.05273022405587633,2.8456515967845917,0.14007427116885487,6.924911551177502,0.34087164413802956,4.895121397450566,0.24095731283679656,15.581675037741661,0.19325997496784167,7.296662747859955,0.09050072322677441,21.7049018740654,0.2692065379813811,21.154495283961296,0.26237982881384925,14.887728452682495,0.18465293501015356,15.515945300459862,0.21028962708897014,6.874140083789825,0.09316611568195338,18.310371041297913,0.24816284303484204,18.523907840251923,0.2510569350770768,14.55932880192995,0.19732447911715761,17.503858596086502,0.1938737968020739,8.502717286348343,0.0941766110820582,32.80857056379318,0.36338971249878965,19.670368894934654,0.21787019594702567,11.799293048679829,0.1306896836700526,23.79377841949463,0.20599282880090514,11.65924397110939,0.10093901880337565,48.06939297914505,0.41615711737500377,19.609599485993385,0.16976861760059836,12.375784896314144,0.10714241742011708,11.58489714562893,0.2143979429994147,4.305302605032921,0.0796768422633215,17.447075217962265,0.32288737578464716,12.666326008737087,0.23441159705572764,8.030952636152506,0.148626241896889,11.007737129926682,0.2122621300122857,4.170649766921997,0.08042261480384774,15.005398720502853,0.28934901483414843,12.674362570047379,0.24439965852311038,9.00101825594902,0.17356658182660778,Healthy_patient99,0,val
