path,start_sample,end_sample_exclusive,length,value
Alzehiemers/eyes-closed/patient5/C3.txt,14408,14440,32,0.0
Alzehiemers/eyes-closed/patient5/C3.txt,15110,15142,32,0.0
Alzehiemers/eyes-closed/patient5/C3.txt,15812,15844,32,0.0
Alzehiemers/eyes-closed/patient5/C4.txt,14408,14440,32,0.0
Alzehiemers/eyes-closed/patient5/C4.txt,15110,15142,32,0.0
Alzehiemers/eyes-closed/patient5/C4.txt,15812,15844,32,0.0
Alzehiemers/eyes-closed/patient5/Cz.txt,14408,14440,32,0.0
Alzehiemers/eyes-closed/patient5/Cz.txt,15110,15142,32,0.0
Alzehiemers/eyes-closed/patient5/Cz.txt,15812,15844,32,0.0
Alzehiemers/eyes-closed/patient5/F3.txt,14408,14440,32,0.0
Alzehiemers/eyes-closed/patient5/F3.txt,15110,15142,32,0.0
Alzehiemers/eyes-closed/patient5/F3.txt,15812,15844,32,0.0
Alzehiemers/eyes-closed/patient5/F4.txt,14408,14440,32,0.0
Alzehiemers/eyes-closed/patient5/F4.txt,15110,15142,32,0.0
Alzehiemers/eyes-closed/patient5/F4.txt,15812,15844,32,0.0
Alzehiemers/eyes-closed/patient5/F7.txt,14408,14440,32,0.0
Alzehiemers/eyes-closed/patient5/F7.txt,15110,15142,32,0.0
Alzehiemers/eyes-closed/patient5/F7.txt,15812,15844,32,0.0
Alzehiemers/eyes-closed/patient5/F8.txt,14408,14440,32,0.0
Alzehiemers/eyes-closed/patient5/F8.txt,15110,15142,32,0.0
Alzehiemers/eyes-closed/patient5/F8.txt,15812,15844,32,0.0
Alzehiemers/eyes-closed/patient5/Fp1.txt,14408,14440,32,0.0
Alzehiemers/eyes-closed/patient5/Fp1.txt,15110,15142,32,0.0
Alzehiemers/eyes-closed/patient5/Fp1.txt,15812,15844,32,0.0
Alzehiemers/eyes-closed/patient5/Fp2.txt,14408,14440,32,0.0
Alzehiemers/eyes-closed/patient5/Fp2.txt,15110,15142,32,0.0
Alzehiemers/eyes-closed/patient5/Fp2.txt,15812,15844,32,0.0
Alzehiemers/eyes-closed/patient5/Fz.txt,14408,14440,32,0.0
Alzehiemers/eyes-closed/patient5/Fz.txt,15110,15142,32,0.0
Alzehiemers/eyes-closed/patient5/Fz.txt,15812,15844,32,0.0
Alzehiemers/eyes-closed/patient5/O1.txt,14408,14440,32,0.0
Alzehiemers/eyes-closed/patient5/O1.txt,15110,15142,32,0.0
Alzehiemers/eyes-closed/patient5/O1.txt,15812,15844,32,0.0
Alzehiemers/eyes-closed/patient5/O2.txt,14408,14440,32,0.0
Alzehiemers/eyes-closed/patient5/O2.txt,15110,15142,32,0.0
Alzehiemers/eyes-closed/patient5/O2.txt,15812,15844,32,0.0
Alzehiemers/eyes-closed/patient5/P3.txt,14408,14440,32,0.0
Alzehiemers/eyes-closed/patient5/P3.txt,15110,15142,32,0.0
Alzehiemers/eyes-closed/patient5/P3.txt,15812,15844,32,0.0
Alzehiemers/eyes-closed/patient5/P4.txt,14408,14440,32,0.0
Alzehiemers/eyes-closed/patient5/P4.txt,15110,15142,32,0.0
Alzehiemers/eyes-closed/patient5/P4.txt,15812,15844,32,0.0
Alzehiemers/eyes-closed/patient5/Pz.txt,14408,14440,32,0.0
Alzehiemers/eyes-closed/patient5/Pz.txt,15110,15142,32,0.0
Alzehiemers/eyes-closed/patient5/Pz.txt,15812,15844,32,0.0
Alzehiemers/eyes-closed/patient5/T3.txt,14408,14440,32,0.0
Alzehiemers/eyes-closed/patient5/T3.txt,15110,15142,32,0.0
Alzehiemers/eyes-closed/patient5/T3.txt,15812,15844,32,0.0
Alzehiemers/eyes-closed/patient5/T4.txt,14408,14440,32,0.0
Alzehiemers/eyes-closed/patient5/T4.txt,15110,15142,32,0.0
Alzehiemers/eyes-closed/patient5/T4.txt,15812,15844,32,0.0
Alzehiemers/eyes-closed/patient5/T5.txt,14408,14440,32,0.0
Alzehiemers/eyes-closed/patient5/T5.txt,15110,15142,32,0.0
Alzehiemers/eyes-closed/patient5/T5.txt,15812,15844,32,0.0
Alzehiemers/eyes-closed/patient5/T6.txt,14408,14440,32,0.0
Alzehiemers/eyes-closed/patient5/T6.txt,15110,15142,32,0.0
Alzehiemers/eyes-closed/patient5/T6.txt,15812,15844,32,0.0
Alzehiemers/eyes-closed/patient8/C3.txt,6201,6232,31,0.0
Alzehiemers/eyes-closed/patient8/C3.txt,7282,7314,32,0.0
Alzehiemers/eyes-closed/patient8/C3.txt,90236,90267,31,0.0
Alzehiemers/eyes-closed/patient8/C3.txt,91564,91595,31,0.0
Alzehiemers/eyes-closed/patient8/C3.txt,92653,92684,31,0.0
Alzehiemers/eyes-closed/patient8/C4.txt,6201,6232,31,0.0
Alzehiemers/eyes-closed/patient8/C4.txt,7282,7314,32,0.0
Alzehiemers/eyes-closed/patient8/C4.txt,90236,90267,31,0.0
Alzehiemers/eyes-closed/patient8/C4.txt,91564,91595,31,0.0
Alzehiemers/eyes-closed/patient8/C4.txt,92653,92684,31,0.0
Alzehiemers/eyes-closed/patient8/Cz.txt,6201,6232,31,0.0
Alzehiemers/eyes-closed/patient8/Cz.txt,7282,7314,32,0.0
Alzehiemers/eyes-closed/patient8/Cz.txt,90236,90267,31,0.0
Alzehiemers/eyes-closed/patient8/Cz.txt,91564,91595,31,0.0
Alzehiemers/eyes-closed/patient8/Cz.txt,92653,92684,31,0.0
Alzehiemers/eyes-closed/patient8/F3.txt,6201,6232,31,0.0
Alzehiemers/eyes-closed/patient8/F3.txt,7282,7314,32,0.0
Alzehiemers/eyes-closed/patient8/F3.txt,90236,90267,31,0.0
Alzehiemers/eyes-closed/patient8/F3.txt,91564,91596,32,0.0
Alzehiemers/eyes-closed/patient8/F3.txt,92653,92684,31,0.0
Alzehiemers/eyes-closed/patient8/F4.txt,6201,6232,31,0.0
Alzehiemers/eyes-closed/patient8/F4.txt,7282,7314,32,0.0
Alzehiemers/eyes-closed/patient8/F4.txt,90236,90267,31,0.0
Alzehiemers/eyes-closed/patient8/F4.txt,91564,91596,32,0.0
Alzehiemers/eyes-closed/patient8/F4.txt,92653,92684,31,0.0
Alzehiemers/eyes-closed/patient8/F7.txt,6201,6232,31,0.0
Alzehiemers/eyes-closed/patient8/F7.txt,7282,7314,32,0.0
Alzehiemers/eyes-closed/patient8/F7.txt,90236,90267,31,0.0
Alzehiemers/eyes-closed/patient8/F7.txt,91564,91595,31,0.0
Alzehiemers/eyes-closed/patient8/F7.txt,92653,92684,31,0.0
Alzehiemers/eyes-closed/patient8/F8.txt,6201,6232,31,0.0
Alzehiemers/eyes-closed/patient8/F8.txt,7282,7314,32,0.0
Alzehiemers/eyes-closed/patient8/F8.txt,90236,90267,31,0.0
Alzehiemers/eyes-closed/patient8/F8.txt,91564,91596,32,0.0
Alzehiemers/eyes-closed/patient8/F8.txt,92653,92684,31,0.0
Alzehiemers/eyes-closed/patient8/Fp1.txt,6201,6232,31,0.0
Alzehiemers/eyes-closed/patient8/Fp1.txt,7282,7314,32,0.0
Alzehiemers/eyes-closed/patient8/Fp1.txt,90236,90267,31,0.0
Alzehiemers/eyes-closed/patient8/Fp1.txt,91564,91596,32,0.0
Alzehiemers/eyes-closed/patient8/Fp1.txt,92653,92684,31,0.0
Alzehiemers/eyes-closed/patient8/Fp2.txt,6201,6232,31,0.0
Alzehiemers/eyes-closed/patient8/Fp2.txt,7282,7314,32,0.0
Alzehiemers/eyes-closed/patient8/Fp2.txt,90236,90267,31,0.0
Alzehiemers/eyes-closed/patient8/Fp2.txt,91564,91595,31,0.0
Alzehiemers/eyes-closed/patient8/Fp2.txt,92653,92684,31,0.0
Alzehiemers/eyes-closed/patient8/Fz.txt,6201,6232,31,0.0
Alzehiemers/eyes-closed/patient8/Fz.txt,7282,7314,32,0.0
Alzehiemers/eyes-closed/patient8/Fz.txt,90236,90267,31,0.0
Alzehiemers/eyes-closed/patient8/Fz.txt,91564,91596,32,0.0
Alzehiemers/eyes-closed/patient8/Fz.txt,92653,92684,31,0.0
Alzehiemers/eyes-closed/patient8/O1.txt,6201,6232,31,0.0
Alzehiemers/eyes-closed/patient8/O1.txt,7282,7314,32,0.0
Alzehiemers/eyes-closed/patient8/O1.txt,90236,90267,31,0.0
Alzehiemers/eyes-closed/patient8/O1.txt,91564,91596,32,0.0
Alzehiemers/eyes-closed/patient8/O1.txt,92653,92684,31,0.0
Alzehiemers/eyes-closed/patient8/O2.txt,6201,6232,31,0.0
Alzehiemers/eyes-closed/patient8/O2.txt,7282,7314,32,0.0
Alzehiemers/eyes-closed/patient8/O2.txt,90236,90267,31,0.0
Alzehiemers/eyes-closed/patient8/O2.txt,91564,91596,32,0.0
Alzehiemers/eyes-closed/patient8/O2.txt,92653,92684,31,0.0
Alzehiemers/eyes-closed/patient8/P3.txt,6201,6232,31,0.0
Alzehiemers/eyes-closed/patient8/P3.txt,7282,7314,32,0.0
Alzehiemers/eyes-closed/patient8/P3.txt,90236,90267,31,0.0
Alzehiemers/eyes-closed/patient8/P3.txt,91564,91596,32,0.0
Alzehiemers/eyes-closed/patient8/P3.txt,92653,92684,31,0.0
Alzehiemers/eyes-closed/patient8/P4.txt,6201,6232,31,0.0
Alzehiemers/eyes-closed/patient8/P4.txt,7282,7314,32,0.0
Alzehiemers/eyes-closed/patient8/P4.txt,90236,90267,31,0.0
Alzehiemers/eyes-closed/patient8/P4.txt,91564,91596,32,0.0
Alzehiemers/eyes-closed/patient8/P4.txt,92653,92684,31,0.0
Alzehiemers/eyes-closed/patient8/Pz.txt,6201,6232,31,0.0
Alzehiemers/eyes-closed/patient8/Pz.txt,7282,7314,32,0.0
Alzehiemers/eyes-closed/patient8/Pz.txt,90236,90267,31,0.0
Alzehiemers/eyes-closed/patient8/Pz.txt,91564,91596,32,0.0
Alzehiemers/eyes-closed/patient8/Pz.txt,92653,92684,31,0.0
Alzehiemers/eyes-closed/patient8/T3.txt,6201,6232,31,0.0
Alzehiemers/eyes-closed/patient8/T3.txt,7282,7314,32,0.0
Alzehiemers/eyes-closed/patient8/T3.txt,90236,90267,31,0.0
Alzehiemers/eyes-closed/patient8/T3.txt,91564,91596,32,0.0
Alzehiemers/eyes-closed/patient8/T3.txt,92653,92684,31,0.0
Alzehiemers/eyes-closed/patient8/T4.txt,6201,6232,31,0.0
Alzehiemers/eyes-closed/patient8/T4.txt,7282,7314,32,0.0
Alzehiemers/eyes-closed/patient8/T4.txt,90236,90267,31,0.0
Alzehiemers/eyes-closed/patient8/T4.txt,91564,91596,32,0.0
Alzehiemers/eyes-closed/patient8/T4.txt,92653,92684,31,0.0
Alzehiemers/eyes-closed/patient8/T5.txt,6201,6232,31,0.0
Alzehiemers/eyes-closed/patient8/T5.txt,7282,7314,32,0.0
Alzehiemers/eyes-closed/patient8/T5.txt,90236,90267,31,0.0
Alzehiemers/eyes-closed/patient8/T5.txt,91564,91596,32,0.0
Alzehiemers/eyes-closed/patient8/T5.txt,92653,92684,31,0.0
Alzehiemers/eyes-closed/patient8/T6.txt,6201,6232,31,0.0
Alzehiemers/eyes-closed/patient8/T6.txt,7282,7314,32,0.0
Alzehiemers/eyes-closed/patient8/T6.txt,90236,90267,31,0.0
Alzehiemers/eyes-closed/patient8/T6.txt,91564,91596,32,0.0
Alzehiemers/eyes-closed/patient8/T6.txt,92653,92684,31,0.0
Alzehiemers/eyes-closed/patient12/C3.txt,0,98,98,0.0
Alzehiemers/eyes-closed/patient12/C3.txt,18747,18778,31,0.0
Alzehiemers/eyes-closed/patient12/C3.txt,19596,19628,32,0.0
Alzehiemers/eyes-closed/patient12/C4.txt,0,98,98,0.0
Alzehiemers/eyes-closed/patient12/C4.txt,18747,18778,31,0.0
Alzehiemers/eyes-closed/patient12/C4.txt,19596,19628,32,0.0
Alzehiemers/eyes-closed/patient12/Cz.txt,0,98,98,0.0
Alzehiemers/eyes-closed/patient12/Cz.txt,18747,18778,31,0.0
Alzehiemers/eyes-closed/patient12/Cz.txt,19596,19628,32,0.0
Alzehiemers/eyes-closed/patient12/F3.txt,0,98,98,0.0
Alzehiemers/eyes-closed/patient12/F3.txt,18747,18778,31,0.0
Alzehiemers/eyes-closed/patient12/F3.txt,19596,19628,32,0.0
Alzehiemers/eyes-closed/patient12/F4.txt,0,98,98,0.0
Alzehiemers/eyes-closed/patient12/F4.txt,18747,18778,31,0.0
Alzehiemers/eyes-closed/patient12/F4.txt,19596,19628,32,0.0
Alzehiemers/eyes-closed/patient12/F7.txt,0,98,98,0.0
Alzehiemers/eyes-closed/patient12/F7.txt,18747,18778,31,0.0
Alzehiemers/eyes-closed/patient12/F7.txt,19596,19628,32,0.0
Alzehiemers/eyes-closed/patient12/F8.txt,0,98,98,0.0
Alzehiemers/eyes-closed/patient12/F8.txt,18747,18778,31,0.0
Alzehiemers/eyes-closed/patient12/F8.txt,19596,19628,32,0.0
Alzehiemers/eyes-closed/patient12/Fp1.txt,0,98,98,0.0
Alzehiemers/eyes-closed/patient12/Fp1.txt,18747,18778,31,0.0
Alzehiemers/eyes-closed/patient12/Fp1.txt,19596,19628,32,0.0
Alzehiemers/eyes-closed/patient12/Fp2.txt,0,98,98,0.0
Alzehiemers/eyes-closed/patient12/Fp2.txt,18747,18778,31,0.0
Alzehiemers/eyes-closed/patient12/Fp2.txt,19596,19628,32,0.0
Alzehiemers/eyes-closed/patient12/Fz.txt,0,98,98,0.0
Alzehiemers/eyes-closed/patient12/Fz.txt,18747,18778,31,0.0
Alzehiemers/eyes-closed/patient12/Fz.txt,19596,19628,32,0.0
Alzehiemers/eyes-closed/patient12/O1.txt,0,98,98,0.0
Alzehiemers/eyes-closed/patient12/O1.txt,18747,18778,31,0.0
Alzehiemers/eyes-closed/patient12/O1.txt,19596,19628,32,0.0
Alzehiemers/eyes-closed/patient12/O2.txt,0,98,98,0.0
Alzehiemers/eyes-closed/patient12/O2.txt,18747,18778,31,0.0
Alzehiemers/eyes-closed/patient12/O2.txt,19596,19628,32,0.0
Alzehiemers/eyes-closed/patient12/P3.txt,0,98,98,0.0
Alzehiemers/eyes-closed/patient12/P3.txt,18747,18778,31,0.0
Alzehiemers/eyes-closed/patient12/P3.txt,19596,19628,32,0.0
Alzehiemers/eyes-closed/patient12/P4.txt,0,98,98,0.0
Alzehiemers/eyes-closed/patient12/P4.txt,18747,18778,31,0.0
Alzehiemers/eyes-closed/patient12/P4.txt,19596,19628,32,0.0
Alzehiemers/eyes-closed/patient12/Pz.txt,0,98,98,0.0
Alzehiemers/eyes-closed/patient12/Pz.txt,18747,18778,31,0.0
Alzehiemers/eyes-closed/patient12/Pz.txt,19596,19628,32,0.0
Alzehiemers/eyes-closed/patient12/T3.txt,0,98,98,0.0
Alzehiemers/eyes-closed/patient12/T3.txt,18747,18778,31,0.0
Alzehiemers/eyes-closed/patient12/T3.txt,19596,19628,32,0.0
Alzehiemers/eyes-closed/patient12/T4.txt,0,98,98,0.0
Alzehiemers/eyes-closed/patient12/T4.txt,18747,18778,31,0.0
Alzehiemers/eyes-closed/patient12/T4.txt,19596,19628,32,0.0
Alzehiemers/eyes-closed/patient12/T5.txt,0,98,98,0.0
Alzehiemers/eyes-closed/patient12/T5.txt,18747,18778,31,0.0
Alzehiemers/eyes-closed/patient12/T5.txt,19596,19628,32,0.0
Alzehiemers/eyes-closed/patient12/T6.txt,0,98,98,0.0
Alzehiemers/eyes-closed/patient12/T6.txt,18747,18778,31,0.0
Alzehiemers/eyes-closed/patient12/T6.txt,19596,19628,32,0.0
Alzehiemers/eyes-closed/patient13/C3.txt,0,122,122,0.0
Alzehiemers/eyes-closed/patient13/C3.txt,72772,72804,32,0.0
Alzehiemers/eyes-closed/patient13/C3.txt,74137,74169,32,0.0
Alzehiemers/eyes-closed/patient13/C3.txt,74827,74859,32,0.0
Alzehiemers/eyes-closed/patient13/C4.txt,0,122,122,0.0
Alzehiemers/eyes-closed/patient13/C4.txt,72772,72804,32,0.0
Alzehiemers/eyes-closed/patient13/C4.txt,74137,74169,32,0.0
Alzehiemers/eyes-closed/patient13/C4.txt,74827,74859,32,0.0
Alzehiemers/eyes-closed/patient13/Cz.txt,0,122,122,0.0
Alzehiemers/eyes-closed/patient13/Cz.txt,72772,72804,32,0.0
Alzehiemers/eyes-closed/patient13/Cz.txt,74137,74169,32,0.0
Alzehiemers/eyes-closed/patient13/Cz.txt,74827,74859,32,0.0
Alzehiemers/eyes-closed/patient13/F3.txt,0,122,122,0.0
Alzehiemers/eyes-closed/patient13/F3.txt,72772,72804,32,0.0
Alzehiemers/eyes-closed/patient13/F3.txt,74137,74169,32,0.0
Alzehiemers/eyes-closed/patient13/F3.txt,74827,74858,31,0.0
Alzehiemers/eyes-closed/patient13/F4.txt,0,122,122,0.0
Alzehiemers/eyes-closed/patient13/F4.txt,72772,72804,32,0.0
Alzehiemers/eyes-closed/patient13/F4.txt,74137,74169,32,0.0
Alzehiemers/eyes-closed/patient13/F4.txt,74827,74858,31,0.0
Alzehiemers/eyes-closed/patient13/F7.txt,0,122,122,0.0
Alzehiemers/eyes-closed/patient13/F7.txt,72772,72804,32,0.0
Alzehiemers/eyes-closed/patient13/F7.txt,74137,74169,32,0.0
Alzehiemers/eyes-closed/patient13/F7.txt,74827,74858,31,0.0
Alzehiemers/eyes-closed/patient13/F8.txt,0,122,122,0.0
Alzehiemers/eyes-closed/patient13/F8.txt,72772,72804,32,0.0
Alzehiemers/eyes-closed/patient13/F8.txt,74137,74169,32,0.0
Alzehiemers/eyes-closed/patient13/F8.txt,74827,74858,31,0.0
Alzehiemers/eyes-closed/patient13/Fp1.txt,0,122,122,0.0
Alzehiemers/eyes-closed/patient13/Fp1.txt,72772,72804,32,0.0
Alzehiemers/eyes-closed/patient13/Fp1.txt,74137,74169,32,0.0
Alzehiemers/eyes-closed/patient13/Fp1.txt,74827,74858,31,0.0
Alzehiemers/eyes-closed/patient13/Fp2.txt,0,122,122,0.0
Alzehiemers/eyes-closed/patient13/Fp2.txt,72772,72804,32,0.0
Alzehiemers/eyes-closed/patient13/Fp2.txt,74137,74169,32,0.0
Alzehiemers/eyes-closed/patient13/Fp2.txt,74827,74858,31,0.0
Alzehiemers/eyes-closed/patient13/Fz.txt,0,122,122,0.0
Alzehiemers/eyes-closed/patient13/Fz.txt,72772,72804,32,0.0
Alzehiemers/eyes-closed/patient13/Fz.txt,74137,74169,32,0.0
Alzehiemers/eyes-closed/patient13/Fz.txt,74827,74858,31,0.0
Alzehiemers/eyes-closed/patient13/O1.txt,0,122,122,0.0
Alzehiemers/eyes-closed/patient13/O1.txt,72772,72804,32,0.0
Alzehiemers/eyes-closed/patient13/O1.txt,74137,74169,32,0.0
Alzehiemers/eyes-closed/patient13/O1.txt,74827,74858,31,0.0
Alzehiemers/eyes-closed/patient13/O2.txt,0,122,122,0.0
Alzehiemers/eyes-closed/patient13/O2.txt,72772,72804,32,0.0
Alzehiemers/eyes-closed/patient13/O2.txt,74137,74169,32,0.0
Alzehiemers/eyes-closed/patient13/O2.txt,74827,74859,32,0.0
Alzehiemers/eyes-closed/patient13/P3.txt,0,122,122,0.0
Alzehiemers/eyes-closed/patient13/P3.txt,72772,72804,32,0.0
Alzehiemers/eyes-closed/patient13/P3.txt,74137,74169,32,0.0
Alzehiemers/eyes-closed/patient13/P3.txt,74827,74858,31,0.0
Alzehiemers/eyes-closed/patient13/P4.txt,0,122,122,0.0
Alzehiemers/eyes-closed/patient13/P4.txt,72772,72804,32,0.0
Alzehiemers/eyes-closed/patient13/P4.txt,74137,74169,32,0.0
Alzehiemers/eyes-closed/patient13/P4.txt,74827,74858,31,0.0
Alzehiemers/eyes-closed/patient13/Pz.txt,0,122,122,0.0
Alzehiemers/eyes-closed/patient13/Pz.txt,72772,72804,32,0.0
Alzehiemers/eyes-closed/patient13/Pz.txt,74137,74169,32,0.0
Alzehiemers/eyes-closed/patient13/Pz.txt,74827,74858,31,0.0
Alzehiemers/eyes-closed/patient13/T3.txt,0,122,122,0.0
Alzehiemers/eyes-closed/patient13/T3.txt,72772,72804,32,0.0
Alzehiemers/eyes-closed/patient13/T3.txt,74137,74169,32,0.0
Alzehiemers/eyes-closed/patient13/T3.txt,74827,74859,32,0.0
Alzehiemers/eyes-closed/patient13/T4.txt,0,122,122,0.0
Alzehiemers/eyes-closed/patient13/T4.txt,72772,72804,32,0.0
Alzehiemers/eyes-closed/patient13/T4.txt,74137,74169,32,0.0
Alzehiemers/eyes-closed/patient13/T4.txt,74827,74859,32,0.0
Alzehiemers/eyes-closed/patient13/T5.txt,0,122,122,0.0
Alzehiemers/eyes-closed/patient13/T5.txt,72772,72804,32,0.0
Alzehiemers/eyes-closed/patient13/T5.txt,74137,74169,32,0.0
Alzehiemers/eyes-closed/patient13/T5.txt,74827,74858,31,0.0
Alzehiemers/eyes-closed/patient13/T6.txt,0,122,122,0.0
Alzehiemers/eyes-closed/patient13/T6.txt,72772,72804,32,0.0
Alzehiemers/eyes-closed/patient13/T6.txt,74137,74169,32,0.0
Alzehiemers/eyes-closed/patient13/T6.txt,74827,74859,32,0.0
Alzehiemers/eyes-closed/patient14/C3.txt,0,126,126,0.0
Alzehiemers/eyes-closed/patient14/C3.txt,106612,106644,32,0.0
Alzehiemers/eyes-closed/patient14/C3.txt,108748,108779,31,0.0
Alzehiemers/eyes-closed/patient14/C3.txt,109273,109304,31,0.0
Alzehiemers/eyes-closed/patient14/C4.txt,0,126,126,0.0
Alzehiemers/eyes-closed/patient14/C4.txt,106612,106643,31,0.0
Alzehiemers/eyes-closed/patient14/C4.txt,108748,108779,31,0.0
Alzehiemers/eyes-closed/patient14/C4.txt,109273,109304,31,0.0
Alzehiemers/eyes-closed/patient14/Cz.txt,0,126,126,0.0
Alzehiemers/eyes-closed/patient14/Cz.txt,106612,106643,31,0.0
Alzehiemers/eyes-closed/patient14/Cz.txt,108748,108779,31,0.0
Alzehiemers/eyes-closed/patient14/Cz.txt,109273,109304,31,0.0
Alzehiemers/eyes-closed/patient14/F3.txt,0,126,126,0.0
Alzehiemers/eyes-closed/patient14/F3.txt,106612,106643,31,0.0
Alzehiemers/eyes-closed/patient14/F3.txt,108748,108779,31,0.0
Alzehiemers/eyes-closed/patient14/F3.txt,109273,109304,31,0.0
Alzehiemers/eyes-closed/patient14/F4.txt,0,126,126,0.0
Alzehiemers/eyes-closed/patient14/F4.txt,106612,106643,31,0.0
Alzehiemers/eyes-closed/patient14/F4.txt,108748,108779,31,0.0
Alzehiemers/eyes-closed/patient14/F4.txt,109273,109304,31,0.0
Alzehiemers/eyes-closed/patient14/F7.txt,0,126,126,0.0
Alzehiemers/eyes-closed/patient14/F7.txt,106612,106643,31,0.0
Alzehiemers/eyes-closed/patient14/F7.txt,108748,108779,31,0.0
Alzehiemers/eyes-closed/patient14/F7.txt,109273,109304,31,0.0
Alzehiemers/eyes-closed/patient14/F8.txt,0,126,126,0.0
Alzehiemers/eyes-closed/patient14/F8.txt,106612,106643,31,0.0
Alzehiemers/eyes-closed/patient14/F8.txt,108748,108779,31,0.0
Alzehiemers/eyes-closed/patient14/F8.txt,109273,109304,31,0.0
Alzehiemers/eyes-closed/patient14/Fp1.txt,0,126,126,0.0
Alzehiemers/eyes-closed/patient14/Fp1.txt,106612,106643,31,0.0
Alzehiemers/eyes-closed/patient14/Fp1.txt,108748,108779,31,0.0
Alzehiemers/eyes-closed/patient14/Fp1.txt,109273,109304,31,0.0
Alzehiemers/eyes-closed/patient14/Fp2.txt,0,126,126,0.0
Alzehiemers/eyes-closed/patient14/Fp2.txt,106612,106643,31,0.0
Alzehiemers/eyes-closed/patient14/Fp2.txt,108748,108779,31,0.0
Alzehiemers/eyes-closed/patient14/Fp2.txt,109273,109304,31,0.0
Alzehiemers/eyes-closed/patient14/Fz.txt,0,126,126,0.0
Alzehiemers/eyes-closed/patient14/Fz.txt,106612,106643,31,0.0
Alzehiemers/eyes-closed/patient14/Fz.txt,108748,108779,31,0.0
Alzehiemers/eyes-closed/patient14/Fz.txt,109273,109304,31,0.0
Alzehiemers/eyes-closed/patient14/O1.txt,0,126,126,0.0
Alzehiemers/eyes-closed/patient14/O1.txt,106612,106643,31,0.0
Alzehiemers/eyes-closed/patient14/O1.txt,108748,108779,31,0.0
Alzehiemers/eyes-closed/patient14/O1.txt,109273,109304,31,0.0
Alzehiemers/eyes-closed/patient14/O2.txt,0,126,126,0.0
Alzehiemers/eyes-closed/patient14/O2.txt,106612,106643,31,0.0
Alzehiemers/eyes-closed/patient14/O2.txt,108748,108779,31,0.0
Alzehiemers/eyes-closed/patient14/O2.txt,109273,109304,31,0.0
Alzehiemers/eyes-closed/patient14/P3.txt,0,126,126,0.0
Alzehiemers/eyes-closed/patient14/P3.txt,106612,106643,31,0.0
Alzehiemers/eyes-closed/patient14/P3.txt,108748,108779,31,0.0
Alzehiemers/eyes-closed/patient14/P3.txt,109273,109304,31,0.0
Alzehiemers/eyes-closed/patient14/P4.txt,0,126,126,0.0
Alzehiemers/eyes-closed/patient14/P4.txt,106612,106643,31,0.0
Alzehiemers/eyes-closed/patient14/P4.txt,108748,108779,31,0.0
Alzehiemers/eyes-closed/patient14/P4.txt,109273,109304,31,0.0
Alzehiemers/eyes-closed/patient14/Pz.txt,0,126,126,0.0
Alzehiemers/eyes-closed/patient14/Pz.txt,106612,106643,31,0.0
Alzehiemers/eyes-closed/patient14/Pz.txt,108748,108779,31,0.0
Alzehiemers/eyes-closed/patient14/Pz.txt,109273,109304,31,0.0
Alzehiemers/eyes-closed/patient14/T3.txt,0,126,126,0.0
Alzehiemers/eyes-closed/patient14/T3.txt,106612,106643,31,0.0
Alzehiemers/eyes-closed/patient14/T3.txt,108748,108779,31,0.0
Alzehiemers/eyes-closed/patient14/T3.txt,109273,109304,31,0.0
Alzehiemers/eyes-closed/patient14/T4.txt,0,126,126,0.0
Alzehiemers/eyes-closed/patient14/T4.txt,106612,106643,31,0.0
Alzehiemers/eyes-closed/patient14/T4.txt,108748,108779,31,0.0
Alzehiemers/eyes-closed/patient14/T4.txt,109273,109304,31,0.0
Alzehiemers/eyes-closed/patient14/T5.txt,0,126,126,0.0
Alzehiemers/eyes-closed/patient14/T5.txt,106612,106643,31,0.0
Alzehiemers/eyes-closed/patient14/T5.txt,108748,108779,31,0.0
Alzehiemers/eyes-closed/patient14/T5.txt,109273,109304,31,0.0
Alzehiemers/eyes-closed/patient14/T6.txt,0,126,126,0.0
Alzehiemers/eyes-closed/patient14/T6.txt,106612,106643,31,0.0
Alzehiemers/eyes-closed/patient14/T6.txt,108748,108779,31,0.0
Alzehiemers/eyes-closed/patient14/T6.txt,109273,109304,31,0.0
Alzehiemers/eyes-closed/patient15/C3.txt,0,129,129,0.0
Alzehiemers/eyes-closed/patient15/C3.txt,90753,90784,31,0.0
Alzehiemers/eyes-closed/patient15/C3.txt,91863,91894,31,0.0
Alzehiemers/eyes-closed/patient15/C3.txt,93374,93406,32,0.0
Alzehiemers/eyes-closed/patient15/C4.txt,0,129,129,0.0
Alzehiemers/eyes-closed/patient15/C4.txt,90753,90784,31,0.0
Alzehiemers/eyes-closed/patient15/C4.txt,91863,91894,31,0.0
Alzehiemers/eyes-closed/patient15/C4.txt,93374,93406,32,0.0
Alzehiemers/eyes-closed/patient15/Cz.txt,0,129,129,0.0
Alzehiemers/eyes-closed/patient15/Cz.txt,90753,90784,31,0.0
Alzehiemers/eyes-closed/patient15/Cz.txt,91863,91894,31,0.0
Alzehiemers/eyes-closed/patient15/Cz.txt,93374,93406,32,0.0
Alzehiemers/eyes-closed/patient15/F3.txt,0,129,129,0.0
Alzehiemers/eyes-closed/patient15/F3.txt,90753,90784,31,0.0
Alzehiemers/eyes-closed/patient15/F3.txt,91863,91894,31,0.0
Alzehiemers/eyes-closed/patient15/F3.txt,93374,93406,32,0.0
Alzehiemers/eyes-closed/patient15/F4.txt,0,129,129,0.0
Alzehiemers/eyes-closed/patient15/F4.txt,90753,90784,31,0.0
Alzehiemers/eyes-closed/patient15/F4.txt,91863,91894,31,0.0
Alzehiemers/eyes-closed/patient15/F4.txt,93374,93406,32,0.0
Alzehiemers/eyes-closed/patient15/F7.txt,0,129,129,0.0
Alzehiemers/eyes-closed/patient15/F7.txt,90753,90784,31,0.0
Alzehiemers/eyes-closed/patient15/F7.txt,91863,91894,31,0.0
Alzehiemers/eyes-closed/patient15/F7.txt,93374,93406,32,0.0
Alzehiemers/eyes-closed/patient15/F8.txt,0,129,129,0.0
Alzehiemers/eyes-closed/patient15/F8.txt,90753,90784,31,0.0
Alzehiemers/eyes-closed/patient15/F8.txt,91863,91894,31,0.0
Alzehiemers/eyes-closed/patient15/F8.txt,93374,93406,32,0.0
Alzehiemers/eyes-closed/patient15/Fp1.txt,0,129,129,0.0
Alzehiemers/eyes-closed/patient15/Fp1.txt,90753,90784,31,0.0
Alzehiemers/eyes-closed/patient15/Fp1.txt,91863,91894,31,0.0
Alzehiemers/eyes-closed/patient15/Fp1.txt,93374,93406,32,0.0
Alzehiemers/eyes-closed/patient15/Fp2.txt,0,129,129,0.0
Alzehiemers/eyes-closed/patient15/Fp2.txt,90753,90784,31,0.0
Alzehiemers/eyes-closed/patient15/Fp2.txt,91863,91894,31,0.0
Alzehiemers/eyes-closed/patient15/Fp2.txt,93374,93406,32,0.0
Alzehiemers/eyes-closed/patient15/Fz.txt,0,129,129,0.0
Alzehiemers/eyes-closed/patient15/Fz.txt,90753,90784,31,0.0
Alzehiemers/eyes-closed/patient15/Fz.txt,91863,91894,31,0.0
Alzehiemers/eyes-closed/patient15/Fz.txt,93374,93406,32,0.0
Alzehiemers/eyes-closed/patient15/O1.txt,0,129,129,0.0
Alzehiemers/eyes-closed/patient15/O1.txt,90753,90784,31,0.0
Alzehiemers/eyes-closed/patient15/O1.txt,91863,91894,31,0.0
Alzehiemers/eyes-closed/patient15/O1.txt,93374,93406,32,0.0
Alzehiemers/eyes-closed/patient15/O2.txt,0,129,129,0.0
Alzehiemers/eyes-closed/patient15/O2.txt,90753,90784,31,0.0
Alzehiemers/eyes-closed/patient15/O2.txt,91863,91894,31,0.0
Alzehiemers/eyes-closed/patient15/O2.txt,93374,93406,32,0.0
Alzehiemers/eyes-closed/patient15/P3.txt,0,129,129,0.0
Alzehiemers/eyes-closed/patient15/P3.txt,90753,90784,31,0.0
Alzehiemers/eyes-closed/patient15/P3.txt,91863,91894,31,0.0
Alzehiemers/eyes-closed/patient15/P3.txt,93374,93406,32,0.0
Alzehiemers/eyes-closed/patient15/P4.txt,0,129,129,0.0
Alzehiemers/eyes-closed/patient15/P4.txt,90753,90784,31,0.0
Alzehiemers/eyes-closed/patient15/P4.txt,91863,91894,31,0.0
Alzehiemers/eyes-closed/patient15/P4.txt,93374,93406,32,0.0
Alzehiemers/eyes-closed/patient15/Pz.txt,0,129,129,0.0
Alzehiemers/eyes-closed/patient15/Pz.txt,90753,90784,31,0.0
Alzehiemers/eyes-closed/patient15/Pz.txt,91863,91894,31,0.0
Alzehiemers/eyes-closed/patient15/Pz.txt,93374,93406,32,0.0
Alzehiemers/eyes-closed/patient15/T3.txt,0,129,129,0.0
Alzehiemers/eyes-closed/patient15/T3.txt,90753,90784,31,0.0
Alzehiemers/eyes-closed/patient15/T3.txt,91863,91894,31,0.0
Alzehiemers/eyes-closed/patient15/T3.txt,93374,93406,32,0.0
Alzehiemers/eyes-closed/patient15/T4.txt,0,129,129,0.0
Alzehiemers/eyes-closed/patient15/T4.txt,90753,90784,31,0.0
Alzehiemers/eyes-closed/patient15/T4.txt,91863,91894,31,0.0
Alzehiemers/eyes-closed/patient15/T4.txt,93374,93406,32,0.0
Alzehiemers/eyes-closed/patient15/T5.txt,0,129,129,0.0
Alzehiemers/eyes-closed/patient15/T5.txt,90753,90784,31,0.0
Alzehiemers/eyes-closed/patient15/T5.txt,91863,91894,31,0.0
Alzehiemers/eyes-closed/patient15/T5.txt,93374,93406,32,0.0
Alzehiemers/eyes-closed/patient15/T6.txt,0,129,129,0.0
Alzehiemers/eyes-closed/patient15/T6.txt,90753,90784,31,0.0
Alzehiemers/eyes-closed/patient15/T6.txt,91863,91894,31,0.0
Alzehiemers/eyes-closed/patient15/T6.txt,93374,93406,32,0.0
Alzehiemers/eyes-closed/patient16/C3.txt,0,122,122,0.0
Alzehiemers/eyes-closed/patient16/C3.txt,4922,4954,32,0.0
Alzehiemers/eyes-closed/patient16/C3.txt,6921,6953,32,0.0
Alzehiemers/eyes-closed/patient16/C3.txt,7700,7731,31,0.0
Alzehiemers/eyes-closed/patient16/C3.txt,74632,74664,32,0.0
Alzehiemers/eyes-closed/patient16/C3.txt,76259,76291,32,0.0
Alzehiemers/eyes-closed/patient16/C3.txt,77764,77796,32,0.0
Alzehiemers/eyes-closed/patient16/C3.txt,106669,106700,31,0.0
Alzehiemers/eyes-closed/patient16/C3.txt,109525,109556,31,0.0
Alzehiemers/eyes-closed/patient16/C4.txt,0,122,122,0.0
Alzehiemers/eyes-closed/patient16/C4.txt,4922,4954,32,0.0
Alzehiemers/eyes-closed/patient16/C4.txt,6921,6953,32,0.0
Alzehiemers/eyes-closed/patient16/C4.txt,7700,7731,31,0.0
Alzehiemers/eyes-closed/patient16/C4.txt,74632,74664,32,0.0
Alzehiemers/eyes-closed/patient16/C4.txt,76259,76291,32,0.0
Alzehiemers/eyes-closed/patient16/C4.txt,77764,77796,32,0.0
Alzehiemers/eyes-closed/patient16/C4.txt,106669,106700,31,0.0
Alzehiemers/eyes-closed/patient16/C4.txt,109525,109556,31,0.0
Alzehiemers/eyes-closed/patient16/Cz.txt,0,122,122,0.0
Alzehiemers/eyes-closed/patient16/Cz.txt,4922,4954,32,0.0
Alzehiemers/eyes-closed/patient16/Cz.txt,6921,6953,32,0.0
Alzehiemers/eyes-closed/patient16/Cz.txt,7700,7731,31,0.0
Alzehiemers/eyes-closed/patient16/Cz.txt,74632,74664,32,0.0
Alzehiemers/eyes-closed/patient16/Cz.txt,76259,76291,32,0.0
Alzehiemers/eyes-closed/patient16/Cz.txt,77764,77796,32,0.0
Alzehiemers/eyes-closed/patient16/Cz.txt,106669,106700,31,0.0
Alzehiemers/eyes-closed/patient16/Cz.txt,109525,109556,31,0.0
Alzehiemers/eyes-closed/patient16/F3.txt,0,122,122,0.0
Alzehiemers/eyes-closed/patient16/F3.txt,4922,4954,32,0.0
Alzehiemers/eyes-closed/patient16/F3.txt,6921,6953,32,0.0
Alzehiemers/eyes-closed/patient16/F3.txt,7700,7731,31,0.0
Alzehiemers/eyes-closed/patient16/F3.txt,74632,74664,32,0.0
Alzehiemers/eyes-closed/patient16/F3.txt,76259,76291,32,0.0
Alzehiemers/eyes-closed/patient16/F3.txt,77764,77796,32,0.0
Alzehiemers/eyes-closed/patient16/F3.txt,106669,106700,31,0.0
Alzehiemers/eyes-closed/patient16/F3.txt,109525,109556,31,0.0
Alzehiemers/eyes-closed/patient16/F4.txt,0,122,122,0.0
Alzehiemers/eyes-closed/patient16/F4.txt,4922,4954,32,0.0
Alzehiemers/eyes-closed/patient16/F4.txt,6921,6953,32,0.0
Alzehiemers/eyes-closed/patient16/F4.txt,7700,7731,31,0.0
Alzehiemers/eyes-closed/patient16/F4.txt,74632,74664,32,0.0
Alzehiemers/eyes-closed/patient16/F4.txt,76259,76291,32,0.0
Alzehiemers/eyes-closed/patient16/F4.txt,77764,77796,32,0.0
Alzehiemers/eyes-closed/patient16/F4.txt,106669,106700,31,0.0
Alzehiemers/eyes-closed/patient16/F4.txt,109525,109556,31,0.0
Alzehiemers/eyes-closed/patient16/F7.txt,0,122,122,0.0
Alzehiemers/eyes-closed/patient16/F7.txt,4922,4954,32,0.0
Alzehiemers/eyes-closed/patient16/F7.txt,6921,6953,32,0.0
Alzehiemers/eyes-closed/patient16/F7.txt,7700,7731,31,0.0
Alzehiemers/eyes-closed/patient16/F7.txt,74632,74664,32,0.0
Alzehiemers/eyes-closed/patient16/F7.txt,76259,76291,32,0.0
Alzehiemers/eyes-closed/patient16/F7.txt,77764,77796,32,0.0
Alzehiemers/eyes-closed/patient16/F7.txt,106669,106700,31,0.0
Alzehiemers/eyes-closed/patient16/F7.txt,109525,109556,31,0.0
Alzehiemers/eyes-closed/patient16/F8.txt,0,122,122,0.0
Alzehiemers/eyes-closed/patient16/F8.txt,4922,4954,32,0.0
Alzehiemers/eyes-closed/patient16/F8.txt,6921,6953,32,0.0
Alzehiemers/eyes-closed/patient16/F8.txt,7700,7731,31,0.0
Alzehiemers/eyes-closed/patient16/F8.txt,74632,74664,32,0.0
Alzehiemers/eyes-closed/patient16/F8.txt,76259,76291,32,0.0
Alzehiemers/eyes-closed/patient16/F8.txt,77764,77796,32,0.0
Alzehiemers/eyes-closed/patient16/F8.txt,106669,106700,31,0.0
Alzehiemers/eyes-closed/patient16/F8.txt,109525,109556,31,0.0
Alzehiemers/eyes-closed/patient16/Fp1.txt,0,122,122,0.0
Alzehiemers/eyes-closed/patient16/Fp1.txt,4922,4954,32,0.0
Alzehiemers/eyes-closed/patient16/Fp1.txt,6921,6953,32,0.0
Alzehiemers/eyes-closed/patient16/Fp1.txt,7700,7731,31,0.0
Alzehiemers/eyes-closed/patient16/Fp1.txt,74632,74664,32,0.0
Alzehiemers/eyes-closed/patient16/Fp1.txt,76259,76291,32,0.0
Alzehiemers/eyes-closed/patient16/Fp1.txt,77764,77796,32,0.0
Alzehiemers/eyes-closed/patient16/Fp1.txt,106669,106700,31,0.0
Alzehiemers/eyes-closed/patient16/Fp1.txt,109525,109556,31,0.0
Alzehiemers/eyes-closed/patient16/Fp2.txt,0,122,122,0.0
Alzehiemers/eyes-closed/patient16/Fp2.txt,4922,4954,32,0.0
Alzehiemers/eyes-closed/patient16/Fp2.txt,6921,6953,32,0.0
Alzehiemers/eyes-closed/patient16/Fp2.txt,7700,7731,31,0.0
Alzehiemers/eyes-closed/patient16/Fp2.txt,74632,74664,32,0.0
Alzehiemers/eyes-closed/patient16/Fp2.txt,76259,76291,32,0.0
Alzehiemers/eyes-closed/patient16/Fp2.txt,77764,77796,32,0.0
Alzehiemers/eyes-closed/patient16/Fp2.txt,106669,106700,31,0.0
Alzehiemers/eyes-closed/patient16/Fp2.txt,109525,109556,31,0.0
Alzehiemers/eyes-closed/patient16/Fz.txt,0,122,122,0.0
Alzehiemers/eyes-closed/patient16/Fz.txt,4922,4954,32,0.0
Alzehiemers/eyes-closed/patient16/Fz.txt,6921,6953,32,0.0
Alzehiemers/eyes-closed/patient16/Fz.txt,7700,7731,31,0.0
Alzehiemers/eyes-closed/patient16/Fz.txt,74632,74664,32,0.0
Alzehiemers/eyes-closed/patient16/Fz.txt,76259,76291,32,0.0
Alzehiemers/eyes-closed/patient16/Fz.txt,77764,77796,32,0.0
Alzehiemers/eyes-closed/patient16/Fz.txt,106669,106700,31,0.0
Alzehiemers/eyes-closed/patient16/Fz.txt,109525,109556,31,0.0
Alzehiemers/eyes-closed/patient16/O1.txt,0,122,122,0.0
Alzehiemers/eyes-closed/patient16/O1.txt,4922,4954,32,0.0
Alzehiemers/eyes-closed/patient16/O1.txt,6921,6953,32,0.0
Alzehiemers/eyes-closed/patient16/O1.txt,7700,7731,31,0.0
Alzehiemers/eyes-closed/patient16/O1.txt,74632,74664,32,0.0
Alzehiemers/eyes-closed/patient16/O1.txt,76259,76291,32,0.0
Alzehiemers/eyes-closed/patient16/O1.txt,77764,77796,32,0.0
Alzehiemers/eyes-closed/patient16/O1.txt,106669,106700,31,0.0
Alzehiemers/eyes-closed/patient16/O1.txt,109525,109556,31,0.0
Alzehiemers/eyes-closed/patient16/O2.txt,0,122,122,0.0
Alzehiemers/eyes-closed/patient16/O2.txt,4922,4954,32,0.0
Alzehiemers/eyes-closed/patient16/O2.txt,6921,6953,32,0.0
Alzehiemers/eyes-closed/patient16/O2.txt,7700,7731,31,0.0
Alzehiemers/eyes-closed/patient16/O2.txt,74632,74664,32,0.0
Alzehiemers/eyes-closed/patient16/O2.txt,76259,76291,32,0.0
Alzehiemers/eyes-closed/patient16/O2.txt,77764,77796,32,0.0
Alzehiemers/eyes-closed/patient16/O2.txt,106669,106700,31,0.0
Alzehiemers/eyes-closed/patient16/O2.txt,109525,109556,31,0.0
Alzehiemers/eyes-closed/patient16/P3.txt,0,122,122,0.0
Alzehiemers/eyes-closed/patient16/P3.txt,4922,4954,32,0.0
Alzehiemers/eyes-closed/patient16/P3.txt,6921,6953,32,0.0
Alzehiemers/eyes-closed/patient16/P3.txt,7700,7731,31,0.0
Alzehiemers/eyes-closed/patient16/P3.txt,74632,74664,32,0.0
Alzehiemers/eyes-closed/patient16/P3.txt,76259,76291,32,0.0
Alzehiemers/eyes-closed/patient16/P3.txt,77764,77796,32,0.0
Alzehiemers/eyes-closed/patient16/P3.txt,106669,106700,31,0.0
Alzehiemers/eyes-closed/patient16/P3.txt,109525,109556,31,0.0
Alzehiemers/eyes-closed/patient16/P4.txt,0,122,122,0.0
Alzehiemers/eyes-closed/patient16/P4.txt,4922,4954,32,0.0
Alzehiemers/eyes-closed/patient16/P4.txt,6921,6953,32,0.0
Alzehiemers/eyes-closed/patient16/P4.txt,7700,7731,31,0.0
Alzehiemers/eyes-closed/patient16/P4.txt,74632,74664,32,0.0
Alzehiemers/eyes-closed/patient16/P4.txt,76259,76291,32,0.0
Alzehiemers/eyes-closed/patient16/P4.txt,77764,77796,32,0.0
Alzehiemers/eyes-closed/patient16/P4.txt,106669,106700,31,0.0
Alzehiemers/eyes-closed/patient16/P4.txt,109525,109556,31,0.0
Alzehiemers/eyes-closed/patient16/Pz.txt,0,122,122,0.0
Alzehiemers/eyes-closed/patient16/Pz.txt,4922,4954,32,0.0
Alzehiemers/eyes-closed/patient16/Pz.txt,6921,6953,32,0.0
Alzehiemers/eyes-closed/patient16/Pz.txt,7700,7731,31,0.0
Alzehiemers/eyes-closed/patient16/Pz.txt,74632,74664,32,0.0
Alzehiemers/eyes-closed/patient16/Pz.txt,76259,76291,32,0.0
Alzehiemers/eyes-closed/patient16/Pz.txt,77764,77796,32,0.0
Alzehiemers/eyes-closed/patient16/Pz.txt,106669,106700,31,0.0
Alzehiemers/eyes-closed/patient16/Pz.txt,109525,109556,31,0.0
Alzehiemers/eyes-closed/patient16/T3.txt,0,122,122,0.0
Alzehiemers/eyes-closed/patient16/T3.txt,4922,4954,32,0.0
Alzehiemers/eyes-closed/patient16/T3.txt,6921,6953,32,0.0
Alzehiemers/eyes-closed/patient16/T3.txt,7700,7731,31,0.0
Alzehiemers/eyes-closed/patient16/T3.txt,74632,74664,32,0.0
Alzehiemers/eyes-closed/patient16/T3.txt,76259,76291,32,0.0
Alzehiemers/eyes-closed/patient16/T3.txt,77764,77796,32,0.0
Alzehiemers/eyes-closed/patient16/T3.txt,106669,106700,31,0.0
Alzehiemers/eyes-closed/patient16/T3.txt,109525,109556,31,0.0
Alzehiemers/eyes-closed/patient16/T4.txt,0,122,122,0.0
Alzehiemers/eyes-closed/patient16/T4.txt,4922,4954,32,0.0
Alzehiemers/eyes-closed/patient16/T4.txt,6921,6953,32,0.0
Alzehiemers/eyes-closed/patient16/T4.txt,7700,7731,31,0.0
Alzehiemers/eyes-closed/patient16/T4.txt,74632,74664,32,0.0
Alzehiemers/eyes-closed/patient16/T4.txt,76259,76291,32,0.0
Alzehiemers/eyes-closed/patient16/T4.txt,77764,77796,32,0.0
Alzehiemers/eyes-closed/patient16/T4.txt,106669,106700,31,0.0
Alzehiemers/eyes-closed/patient16/T4.txt,109525,109556,31,0.0
Alzehiemers/eyes-closed/patient16/T5.txt,0,122,122,0.0
Alzehiemers/eyes-closed/patient16/T5.txt,4922,4954,32,0.0
Alzehiemers/eyes-closed/patient16/T5.txt,6921,6953,32,0.0
Alzehiemers/eyes-closed/patient16/T5.txt,7700,7731,31,0.0
Alzehiemers/eyes-closed/patient16/T5.txt,74632,74664,32,0.0
Alzehiemers/eyes-closed/patient16/T5.txt,76259,76291,32,0.0
Alzehiemers/eyes-closed/patient16/T5.txt,77764,77796,32,0.0
Alzehiemers/eyes-closed/patient16/T5.txt,106669,106700,31,0.0
Alzehiemers/eyes-closed/patient16/T5.txt,109525,109556,31,0.0
Alzehiemers/eyes-closed/patient16/T6.txt,0,122,122,0.0
Alzehiemers/eyes-closed/patient16/T6.txt,4922,4954,32,0.0
Alzehiemers/eyes-closed/patient16/T6.txt,6921,6953,32,0.0
Alzehiemers/eyes-closed/patient16/T6.txt,7700,7731,31,0.0
Alzehiemers/eyes-closed/patient16/T6.txt,74632,74664,32,0.0
Alzehiemers/eyes-closed/patient16/T6.txt,76259,76291,32,0.0
Alzehiemers/eyes-closed/patient16/T6.txt,77764,77796,32,0.0
Alzehiemers/eyes-closed/patient16/T6.txt,106669,106700,31,0.0
Alzehiemers/eyes-closed/patient16/T6.txt,109525,109556,31,0.0
Alzehiemers/eyes-closed/patient17/C3.txt,0,126,126,0.0
Alzehiemers/eyes-closed/patient17/C3.txt,7558,7589,31,0.0
Alzehiemers/eyes-closed/patient17/C3.txt,8196,8228,32,0.0
Alzehiemers/eyes-closed/patient17/C3.txt,50093,50124,31,0.0
Alzehiemers/eyes-closed/patient17/C3.txt,51104,51135,31,0.0
Alzehiemers/eyes-closed/patient17/C3.txt,76164,76195,31,0.0
Alzehiemers/eyes-closed/patient17/C3.txt,80220,80251,31,0.0
Alzehiemers/eyes-closed/patient17/C4.txt,0,126,126,0.0
Alzehiemers/eyes-closed/patient17/C4.txt,7558,7589,31,0.0
Alzehiemers/eyes-closed/patient17/C4.txt,8196,8228,32,0.0
Alzehiemers/eyes-closed/patient17/C4.txt,50093,50124,31,0.0
Alzehiemers/eyes-closed/patient17/C4.txt,51104,51135,31,0.0
Alzehiemers/eyes-closed/patient17/C4.txt,76164,76195,31,0.0
Alzehiemers/eyes-closed/patient17/C4.txt,80220,80251,31,0.0
Alzehiemers/eyes-closed/patient17/Cz.txt,0,126,126,0.0
Alzehiemers/eyes-closed/patient17/Cz.txt,7558,7589,31,0.0
Alzehiemers/eyes-closed/patient17/Cz.txt,8196,8228,32,0.0
Alzehiemers/eyes-closed/patient17/Cz.txt,50093,50124,31,0.0
Alzehiemers/eyes-closed/patient17/Cz.txt,51104,51135,31,0.0
Alzehiemers/eyes-closed/patient17/Cz.txt,76164,76195,31,0.0
Alzehiemers/eyes-closed/patient17/Cz.txt,80220,80251,31,0.0
Alzehiemers/eyes-closed/patient17/F3.txt,0,126,126,0.0
Alzehiemers/eyes-closed/patient17/F3.txt,7558,7589,31,0.0
Alzehiemers/eyes-closed/patient17/F3.txt,8196,8228,32,0.0
Alzehiemers/eyes-closed/patient17/F3.txt,50093,50124,31,0.0
Alzehiemers/eyes-closed/patient17/F3.txt,51104,51135,31,0.0
Alzehiemers/eyes-closed/patient17/F3.txt,76164,76195,31,0.0
Alzehiemers/eyes-closed/patient17/F3.txt,80220,80251,31,0.0
Alzehiemers/eyes-closed/patient17/F4.txt,0,126,126,0.0
Alzehiemers/eyes-closed/patient17/F4.txt,7558,7589,31,0.0
Alzehiemers/eyes-closed/patient17/F4.txt,8196,8228,32,0.0
Alzehiemers/eyes-closed/patient17/F4.txt,50093,50124,31,0.0
Alzehiemers/eyes-closed/patient17/F4.txt,51104,51135,31,0.0
Alzehiemers/eyes-closed/patient17/F4.txt,76164,76195,31,0.0
Alzehiemers/eyes-closed/patient17/F4.txt,80220,80251,31,0.0
Alzehiemers/eyes-closed/patient17/F7.txt,0,126,126,0.0
Alzehiemers/eyes-closed/patient17/F7.txt,7558,7589,31,0.0
Alzehiemers/eyes-closed/patient17/F7.txt,8196,8228,32,0.0
Alzehiemers/eyes-closed/patient17/F7.txt,50093,50124,31,0.0
Alzehiemers/eyes-closed/patient17/F7.txt,51104,51136,32,0.0
Alzehiemers/eyes-closed/patient17/F7.txt,76164,76195,31,0.0
Alzehiemers/eyes-closed/patient17/F7.txt,80220,80251,31,0.0
Alzehiemers/eyes-closed/patient17/F8.txt,0,126,126,0.0
Alzehiemers/eyes-closed/patient17/F8.txt,7558,7589,31,0.0
Alzehiemers/eyes-closed/patient17/F8.txt,8196,8228,32,0.0
Alzehiemers/eyes-closed/patient17/F8.txt,50093,50124,31,0.0
Alzehiemers/eyes-closed/patient17/F8.txt,51104,51135,31,0.0
Alzehiemers/eyes-closed/patient17/F8.txt,76164,76195,31,0.0
Alzehiemers/eyes-closed/patient17/F8.txt,80220,80251,31,0.0
Alzehiemers/eyes-closed/patient17/Fp1.txt,0,126,126,0.0
Alzehiemers/eyes-closed/patient17/Fp1.txt,7558,7589,31,0.0
Alzehiemers/eyes-closed/patient17/Fp1.txt,8196,8228,32,0.0
Alzehiemers/eyes-closed/patient17/Fp1.txt,50093,50124,31,0.0
Alzehiemers/eyes-closed/patient17/Fp1.txt,51104,51135,31,0.0
Alzehiemers/eyes-closed/patient17/Fp1.txt,76164,76195,31,0.0
Alzehiemers/eyes-closed/patient17/Fp1.txt,80220,80251,31,0.0
Alzehiemers/eyes-closed/patient17/Fp2.txt,0,126,126,0.0
Alzehiemers/eyes-closed/patient17/Fp2.txt,7558,7589,31,0.0
Alzehiemers/eyes-closed/patient17/Fp2.txt,8196,8228,32,0.0
Alzehiemers/eyes-closed/patient17/Fp2.txt,50093,50124,31,0.0
Alzehiemers/eyes-closed/patient17/Fp2.txt,51104,51135,31,0.0
Alzehiemers/eyes-closed/patient17/Fp2.txt,76164,76195,31,0.0
Alzehiemers/eyes-closed/patient17/Fp2.txt,80220,80251,31,0.0
Alzehiemers/eyes-closed/patient17/Fz.txt,0,126,126,0.0
Alzehiemers/eyes-closed/patient17/Fz.txt,7558,7589,31,0.0
Alzehiemers/eyes-closed/patient17/Fz.txt,8196,8228,32,0.0
Alzehiemers/eyes-closed/patient17/Fz.txt,50093,50124,31,0.0
Alzehiemers/eyes-closed/patient17/Fz.txt,51104,51135,31,0.0
Alzehiemers/eyes-closed/patient17/Fz.txt,76164,76195,31,0.0
Alzehiemers/eyes-closed/patient17/Fz.txt,80220,80251,31,0.0
Alzehiemers/eyes-closed/patient17/O1.txt,0,126,126,0.0
Alzehiemers/eyes-closed/patient17/O1.txt,7558,7589,31,0.0
Alzehiemers/eyes-closed/patient17/O1.txt,8196,8228,32,0.0
Alzehiemers/eyes-closed/patient17/O1.txt,50093,50124,31,0.0
Alzehiemers/eyes-closed/patient17/O1.txt,51104,51135,31,0.0
Alzehiemers/eyes-closed/patient17/O1.txt,76164,76195,31,0.0
Alzehiemers/eyes-closed/patient17/O1.txt,80220,80251,31,0.0
Alzehiemers/eyes-closed/patient17/O2.txt,0,126,126,0.0
Alzehiemers/eyes-closed/patient17/O2.txt,7558,7589,31,0.0
Alzehiemers/eyes-closed/patient17/O2.txt,8196,8228,32,0.0
Alzehiemers/eyes-closed/patient17/O2.txt,50093,50124,31,0.0
Alzehiemers/eyes-closed/patient17/O2.txt,51104,51136,32,0.0
Alzehiemers/eyes-closed/patient17/O2.txt,76164,76195,31,0.0
Alzehiemers/eyes-closed/patient17/O2.txt,80220,80251,31,0.0
Alzehiemers/eyes-closed/patient17/P3.txt,0,126,126,0.0
Alzehiemers/eyes-closed/patient17/P3.txt,7558,7589,31,0.0
Alzehiemers/eyes-closed/patient17/P3.txt,8196,8228,32,0.0
Alzehiemers/eyes-closed/patient17/P3.txt,50093,50124,31,0.0
Alzehiemers/eyes-closed/patient17/P3.txt,51104,51135,31,0.0
Alzehiemers/eyes-closed/patient17/P3.txt,76164,76195,31,0.0
Alzehiemers/eyes-closed/patient17/P3.txt,80220,80251,31,0.0
Alzehiemers/eyes-closed/patient17/P4.txt,0,126,126,0.0
Alzehiemers/eyes-closed/patient17/P4.txt,7558,7589,31,0.0
Alzehiemers/eyes-closed/patient17/P4.txt,8196,8228,32,0.0
Alzehiemers/eyes-closed/patient17/P4.txt,50093,50124,31,0.0
Alzehiemers/eyes-closed/patient17/P4.txt,51104,51135,31,0.0
Alzehiemers/eyes-closed/patient17/P4.txt,76164,76195,31,0.0
Alzehiemers/eyes-closed/patient17/P4.txt,80220,80251,31,0.0
Alzehiemers/eyes-closed/patient17/Pz.txt,0,126,126,0.0
Alzehiemers/eyes-closed/patient17/Pz.txt,7558,7589,31,0.0
Alzehiemers/eyes-closed/patient17/Pz.txt,8196,8228,32,0.0
Alzehiemers/eyes-closed/patient17/Pz.txt,50093,50124,31,0.0
Alzehiemers/eyes-closed/patient17/Pz.txt,51104,51135,31,0.0
Alzehiemers/eyes-closed/patient17/Pz.txt,76164,76195,31,0.0
Alzehiemers/eyes-closed/patient17/Pz.txt,80220,80251,31,0.0
Alzehiemers/eyes-closed/patient17/T3.txt,0,126,126,0.0
Alzehiemers/eyes-closed/patient17/T3.txt,7558,7589,31,0.0
Alzehiemers/eyes-closed/patient17/T3.txt,8196,8228,32,0.0
Alzehiemers/eyes-closed/patient17/T3.txt,50093,50124,31,0.0
Alzehiemers/eyes-closed/patient17/T3.txt,51104,51136,32,0.0
Alzehiemers/eyes-closed/patient17/T3.txt,76164,76195,31,0.0
Alzehiemers/eyes-closed/patient17/T3.txt,80220,80251,31,0.0
Alzehiemers/eyes-closed/patient17/T4.txt,0,126,126,0.0
Alzehiemers/eyes-closed/patient17/T4.txt,7558,7589,31,0.0
Alzehiemers/eyes-closed/patient17/T4.txt,8196,8228,32,0.0
Alzehiemers/eyes-closed/patient17/T4.txt,50093,50124,31,0.0
Alzehiemers/eyes-closed/patient17/T4.txt,51104,51135,31,0.0
Alzehiemers/eyes-closed/patient17/T4.txt,76164,76195,31,0.0
Alzehiemers/eyes-closed/patient17/T4.txt,80220,80251,31,0.0
Alzehiemers/eyes-closed/patient17/T5.txt,0,126,126,0.0
Alzehiemers/eyes-closed/patient17/T5.txt,7558,7589,31,0.0
Alzehiemers/eyes-closed/patient17/T5.txt,8196,8228,32,0.0
Alzehiemers/eyes-closed/patient17/T5.txt,50093,50124,31,0.0
Alzehiemers/eyes-closed/patient17/T5.txt,51104,51135,31,0.0
Alzehiemers/eyes-closed/patient17/T5.txt,76164,76195,31,0.0
Alzehiemers/eyes-closed/patient17/T5.txt,80220,80251,31,0.0
Alzehiemers/eyes-closed/patient17/T6.txt,0,126,126,0.0
Alzehiemers/eyes-closed/patient17/T6.txt,7558,7589,31,0.0
Alzehiemers/eyes-closed/patient17/T6.txt,8196,8228,32,0.0
Alzehiemers/eyes-closed/patient17/T6.txt,50093,50124,31,0.0
Alzehiemers/eyes-closed/patient17/T6.txt,51104,51135,31,0.0
Alzehiemers/eyes-closed/patient17/T6.txt,76164,76195,31,0.0
Alzehiemers/eyes-closed/patient17/T6.txt,80220,80251,31,0.0
Alzehiemers/eyes-closed/patient18/C3.txt,0,122,122,0.0
Alzehiemers/eyes-closed/patient18/C3.txt,13968,14000,32,0.0
Alzehiemers/eyes-closed/patient18/C3.txt,14544,14576,32,0.0
Alzehiemers/eyes-closed/patient18/C4.txt,0,122,122,0.0
Alzehiemers/eyes-closed/patient18/C4.txt,13968,14000,32,0.0
Alzehiemers/eyes-closed/patient18/C4.txt,14544,14576,32,0.0
Alzehiemers/eyes-closed/patient18/Cz.txt,0,122,122,0.0
Alzehiemers/eyes-closed/patient18/Cz.txt,13968,14000,32,0.0
Alzehiemers/eyes-closed/patient18/Cz.txt,14544,14576,32,0.0
Alzehiemers/eyes-closed/patient18/F3.txt,0,122,122,0.0
Alzehiemers/eyes-closed/patient18/F3.txt,13968,14000,32,0.0
Alzehiemers/eyes-closed/patient18/F3.txt,14544,14576,32,0.0
Alzehiemers/eyes-closed/patient18/F4.txt,0,122,122,0.0
Alzehiemers/eyes-closed/patient18/F4.txt,13968,14000,32,0.0
Alzehiemers/eyes-closed/patient18/F4.txt,14544,14576,32,0.0
Alzehiemers/eyes-closed/patient18/F7.txt,0,122,122,0.0
Alzehiemers/eyes-closed/patient18/F7.txt,13968,14000,32,0.0
Alzehiemers/eyes-closed/patient18/F7.txt,14544,14576,32,0.0
Alzehiemers/eyes-closed/patient18/F8.txt,0,122,122,0.0
Alzehiemers/eyes-closed/patient18/F8.txt,13968,14000,32,0.0
Alzehiemers/eyes-closed/patient18/F8.txt,14544,14576,32,0.0
Alzehiemers/eyes-closed/patient18/Fp1.txt,0,122,122,0.0
Alzehiemers/eyes-closed/patient18/Fp1.txt,13968,14000,32,0.0
Alzehiemers/eyes-closed/patient18/Fp1.txt,14544,14576,32,0.0
Alzehiemers/eyes-closed/patient18/Fp2.txt,0,122,122,0.0
Alzehiemers/eyes-closed/patient18/Fp2.txt,13968,14000,32,0.0
Alzehiemers/eyes-closed/patient18/Fp2.txt,14544,14576,32,0.0
Alzehiemers/eyes-closed/patient18/Fz.txt,0,122,122,0.0
Alzehiemers/eyes-closed/patient18/Fz.txt,13968,14000,32,0.0
Alzehiemers/eyes-closed/patient18/Fz.txt,14544,14576,32,0.0
Alzehiemers/eyes-closed/patient18/O1.txt,0,122,122,0.0
Alzehiemers/eyes-closed/patient18/O1.txt,13968,14000,32,0.0
Alzehiemers/eyes-closed/patient18/O1.txt,14544,14576,32,0.0
Alzehiemers/eyes-closed/patient18/O2.txt,0,122,122,0.0
Alzehiemers/eyes-closed/patient18/O2.txt,13968,14000,32,0.0
Alzehiemers/eyes-closed/patient18/O2.txt,14544,14576,32,0.0
Alzehiemers/eyes-closed/patient18/P3.txt,0,122,122,0.0
Alzehiemers/eyes-closed/patient18/P3.txt,13968,14000,32,0.0
Alzehiemers/eyes-closed/patient18/P3.txt,14544,14576,32,0.0
Alzehiemers/eyes-closed/patient18/P4.txt,0,122,122,0.0
Alzehiemers/eyes-closed/patient18/P4.txt,13968,14000,32,0.0
Alzehiemers/eyes-closed/patient18/P4.txt,14544,14576,32,0.0
Alzehiemers/eyes-closed/patient18/Pz.txt,0,122,122,0.0
Alzehiemers/eyes-closed/patient18/Pz.txt,13968,14000,32,0.0
Alzehiemers/eyes-closed/patient18/Pz.txt,14544,14576,32,0.0
Alzehiemers/eyes-closed/patient18/T3.txt,0,122,122,0.0
Alzehiemers/eyes-closed/patient18/T3.txt,13968,14000,32,0.0
Alzehiemers/eyes-closed/patient18/T3.txt,14544,14576,32,0.0
Alzehiemers/eyes-closed/patient18/T4.txt,0,122,122,0.0
Alzehiemers/eyes-closed/patient18/T4.txt,13968,14000,32,0.0
Alzehiemers/eyes-closed/patient18/T4.txt,14544,14576,32,0.0
Alzehiemers/eyes-closed/patient18/T5.txt,0,122,122,0.0
Alzehiemers/eyes-closed/patient18/T5.txt,13968,14000,32,0.0
Alzehiemers/eyes-closed/patient18/T5.txt,14544,14576,32,0.0
Alzehiemers/eyes-closed/patient18/T6.txt,0,122,122,0.0
Alzehiemers/eyes-closed/patient18/T6.txt,13968,14000,32,0.0
Alzehiemers/eyes-closed/patient18/T6.txt,14544,14576,32,0.0
Alzehiemers/eyes-closed/patient19/C3.txt,0,128,128,0.0
Alzehiemers/eyes-closed/patient19/C4.txt,0,128,128,0.0
Alzehiemers/eyes-closed/patient19/Cz.txt,0,128,128,0.0
Alzehiemers/eyes-closed/patient19/F3.txt,0,128,128,0.0
Alzehiemers/eyes-closed/patient19/F4.txt,0,128,128,0.0
Alzehiemers/eyes-closed/patient19/F7.txt,0,128,128,0.0
Alzehiemers/eyes-closed/patient19/F8.txt,0,128,128,0.0
Alzehiemers/eyes-closed/patient19/Fp1.txt,0,128,128,0.0
Alzehiemers/eyes-closed/patient19/Fp2.txt,0,128,128,0.0
Alzehiemers/eyes-closed/patient19/Fz.txt,0,128,128,0.0
Alzehiemers/eyes-closed/patient19/O1.txt,0,128,128,0.0
Alzehiemers/eyes-closed/patient19/O2.txt,0,128,128,0.0
Alzehiemers/eyes-closed/patient19/P3.txt,0,128,128,0.0
Alzehiemers/eyes-closed/patient19/P4.txt,0,128,128,0.0
Alzehiemers/eyes-closed/patient19/Pz.txt,0,128,128,0.0
Alzehiemers/eyes-closed/patient19/T3.txt,0,128,128,0.0
Alzehiemers/eyes-closed/patient19/T4.txt,0,128,128,0.0
Alzehiemers/eyes-closed/patient19/T5.txt,0,128,128,0.0
Alzehiemers/eyes-closed/patient19/T6.txt,0,128,128,0.0
Alzehiemers/eyes-closed/patient20/C3.txt,0,129,129,0.0
Alzehiemers/eyes-closed/patient20/C3.txt,65973,66005,32,0.0
Alzehiemers/eyes-closed/patient20/C3.txt,66645,66676,31,0.0
Alzehiemers/eyes-closed/patient20/C3.txt,67333,67364,31,0.0
Alzehiemers/eyes-closed/patient20/C4.txt,0,129,129,0.0
Alzehiemers/eyes-closed/patient20/C4.txt,65973,66005,32,0.0
Alzehiemers/eyes-closed/patient20/C4.txt,66645,66676,31,0.0
Alzehiemers/eyes-closed/patient20/C4.txt,67333,67364,31,0.0
Alzehiemers/eyes-closed/patient20/Cz.txt,0,129,129,0.0
Alzehiemers/eyes-closed/patient20/Cz.txt,65973,66005,32,0.0
Alzehiemers/eyes-closed/patient20/Cz.txt,66645,66676,31,0.0
Alzehiemers/eyes-closed/patient20/Cz.txt,67333,67364,31,0.0
Alzehiemers/eyes-closed/patient20/F3.txt,0,129,129,0.0
Alzehiemers/eyes-closed/patient20/F3.txt,65973,66005,32,0.0
Alzehiemers/eyes-closed/patient20/F3.txt,66645,66676,31,0.0
Alzehiemers/eyes-closed/patient20/F3.txt,67333,67364,31,0.0
Alzehiemers/eyes-closed/patient20/F4.txt,0,129,129,0.0
Alzehiemers/eyes-closed/patient20/F4.txt,65973,66005,32,0.0
Alzehiemers/eyes-closed/patient20/F4.txt,66645,66676,31,0.0
Alzehiemers/eyes-closed/patient20/F4.txt,67333,67364,31,0.0
Alzehiemers/eyes-closed/patient20/F7.txt,0,129,129,0.0
Alzehiemers/eyes-closed/patient20/F7.txt,65973,66005,32,0.0
Alzehiemers/eyes-closed/patient20/F7.txt,66645,66676,31,0.0
Alzehiemers/eyes-closed/patient20/F7.txt,67333,67364,31,0.0
Alzehiemers/eyes-closed/patient20/F8.txt,0,129,129,0.0
Alzehiemers/eyes-closed/patient20/F8.txt,65973,66005,32,0.0
Alzehiemers/eyes-closed/patient20/F8.txt,66645,66676,31,0.0
Alzehiemers/eyes-closed/patient20/F8.txt,67333,67364,31,0.0
Alzehiemers/eyes-closed/patient20/Fp1.txt,0,129,129,0.0
Alzehiemers/eyes-closed/patient20/Fp1.txt,65973,66005,32,0.0
Alzehiemers/eyes-closed/patient20/Fp1.txt,66645,66676,31,0.0
Alzehiemers/eyes-closed/patient20/Fp1.txt,67333,67364,31,0.0
Alzehiemers/eyes-closed/patient20/Fp2.txt,0,129,129,0.0
Alzehiemers/eyes-closed/patient20/Fp2.txt,65973,66005,32,0.0
Alzehiemers/eyes-closed/patient20/Fp2.txt,66645,66676,31,0.0
Alzehiemers/eyes-closed/patient20/Fp2.txt,67333,67364,31,0.0
Alzehiemers/eyes-closed/patient20/Fz.txt,0,129,129,0.0
Alzehiemers/eyes-closed/patient20/Fz.txt,65973,66005,32,0.0
Alzehiemers/eyes-closed/patient20/Fz.txt,66645,66676,31,0.0
Alzehiemers/eyes-closed/patient20/Fz.txt,67333,67364,31,0.0
Alzehiemers/eyes-closed/patient20/O1.txt,0,129,129,0.0
Alzehiemers/eyes-closed/patient20/O1.txt,65973,66005,32,0.0
Alzehiemers/eyes-closed/patient20/O1.txt,66645,66676,31,0.0
Alzehiemers/eyes-closed/patient20/O1.txt,67333,67364,31,0.0
Alzehiemers/eyes-closed/patient20/O2.txt,0,129,129,0.0
Alzehiemers/eyes-closed/patient20/O2.txt,65973,66005,32,0.0
Alzehiemers/eyes-closed/patient20/O2.txt,66645,66676,31,0.0
Alzehiemers/eyes-closed/patient20/O2.txt,67333,67364,31,0.0
Alzehiemers/eyes-closed/patient20/P3.txt,0,129,129,0.0
Alzehiemers/eyes-closed/patient20/P3.txt,65973,66005,32,0.0
Alzehiemers/eyes-closed/patient20/P3.txt,66645,66676,31,0.0
Alzehiemers/eyes-closed/patient20/P3.txt,67333,67364,31,0.0
Alzehiemers/eyes-closed/patient20/P4.txt,0,129,129,0.0
Alzehiemers/eyes-closed/patient20/P4.txt,65973,66005,32,0.0
Alzehiemers/eyes-closed/patient20/P4.txt,66645,66676,31,0.0
Alzehiemers/eyes-closed/patient20/P4.txt,67333,67364,31,0.0
Alzehiemers/eyes-closed/patient20/Pz.txt,0,129,129,0.0
Alzehiemers/eyes-closed/patient20/Pz.txt,65973,66005,32,0.0
Alzehiemers/eyes-closed/patient20/Pz.txt,66645,66676,31,0.0
Alzehiemers/eyes-closed/patient20/Pz.txt,67333,67364,31,0.0
Alzehiemers/eyes-closed/patient20/T3.txt,0,129,129,0.0
Alzehiemers/eyes-closed/patient20/T3.txt,65973,66005,32,0.0
Alzehiemers/eyes-closed/patient20/T3.txt,66645,66676,31,0.0
Alzehiemers/eyes-closed/patient20/T3.txt,67333,67364,31,0.0
Alzehiemers/eyes-closed/patient20/T4.txt,0,129,129,0.0
Alzehiemers/eyes-closed/patient20/T4.txt,65973,66005,32,0.0
Alzehiemers/eyes-closed/patient20/T4.txt,66645,66676,31,0.0
Alzehiemers/eyes-closed/patient20/T4.txt,67333,67364,31,0.0
Alzehiemers/eyes-closed/patient20/T5.txt,0,129,129,0.0
Alzehiemers/eyes-closed/patient20/T5.txt,65973,66005,32,0.0
Alzehiemers/eyes-closed/patient20/T5.txt,66645,66676,31,0.0
Alzehiemers/eyes-closed/patient20/T5.txt,67333,67364,31,0.0
Alzehiemers/eyes-closed/patient20/T6.txt,0,129,129,0.0
Alzehiemers/eyes-closed/patient20/T6.txt,65973,66005,32,0.0
Alzehiemers/eyes-closed/patient20/T6.txt,66645,66676,31,0.0
Alzehiemers/eyes-closed/patient20/T6.txt,67333,67364,31,0.0
Alzehiemers/eyes-closed/patient21/C3.txt,0,127,127,0.0
Alzehiemers/eyes-closed/patient21/C3.txt,16825,16856,31,0.0
Alzehiemers/eyes-closed/patient21/C3.txt,17389,17420,31,0.0
Alzehiemers/eyes-closed/patient21/C3.txt,18077,18108,31,0.0
Alzehiemers/eyes-closed/patient21/C3.txt,92641,92672,31,0.0
Alzehiemers/eyes-closed/patient21/C3.txt,95408,95439,31,0.0
Alzehiemers/eyes-closed/patient21/C4.txt,0,127,127,0.0
Alzehiemers/eyes-closed/patient21/C4.txt,16825,16856,31,0.0
Alzehiemers/eyes-closed/patient21/C4.txt,17389,17420,31,0.0
Alzehiemers/eyes-closed/patient21/C4.txt,18077,18108,31,0.0
Alzehiemers/eyes-closed/patient21/C4.txt,92641,92672,31,0.0
Alzehiemers/eyes-closed/patient21/C4.txt,95408,95439,31,0.0
Alzehiemers/eyes-closed/patient21/Cz.txt,0,127,127,0.0
Alzehiemers/eyes-closed/patient21/Cz.txt,16825,16856,31,0.0
Alzehiemers/eyes-closed/patient21/Cz.txt,17389,17420,31,0.0
Alzehiemers/eyes-closed/patient21/Cz.txt,18077,18108,31,0.0
Alzehiemers/eyes-closed/patient21/Cz.txt,92641,92672,31,0.0
Alzehiemers/eyes-closed/patient21/Cz.txt,95408,95439,31,0.0
Alzehiemers/eyes-closed/patient21/F3.txt,0,127,127,0.0
Alzehiemers/eyes-closed/patient21/F3.txt,16825,16856,31,0.0
Alzehiemers/eyes-closed/patient21/F3.txt,17389,17420,31,0.0
Alzehiemers/eyes-closed/patient21/F3.txt,18077,18108,31,0.0
Alzehiemers/eyes-closed/patient21/F3.txt,92641,92672,31,0.0
Alzehiemers/eyes-closed/patient21/F3.txt,95408,95439,31,0.0
Alzehiemers/eyes-closed/patient21/F4.txt,0,127,127,0.0
Alzehiemers/eyes-closed/patient21/F4.txt,16825,16856,31,0.0
Alzehiemers/eyes-closed/patient21/F4.txt,17389,17420,31,0.0
Alzehiemers/eyes-closed/patient21/F4.txt,18077,18108,31,0.0
Alzehiemers/eyes-closed/patient21/F4.txt,92641,92672,31,0.0
Alzehiemers/eyes-closed/patient21/F4.txt,95408,95439,31,0.0
Alzehiemers/eyes-closed/patient21/F7.txt,0,127,127,0.0
Alzehiemers/eyes-closed/patient21/F7.txt,16825,16856,31,0.0
Alzehiemers/eyes-closed/patient21/F7.txt,17389,17420,31,0.0
Alzehiemers/eyes-closed/patient21/F7.txt,18077,18108,31,0.0
Alzehiemers/eyes-closed/patient21/F7.txt,92641,92672,31,0.0
Alzehiemers/eyes-closed/patient21/F7.txt,95408,95439,31,0.0
Alzehiemers/eyes-closed/patient21/F8.txt,0,127,127,0.0
Alzehiemers/eyes-closed/patient21/F8.txt,16825,16856,31,0.0
Alzehiemers/eyes-closed/patient21/F8.txt,17389,17420,31,0.0
Alzehiemers/eyes-closed/patient21/F8.txt,18077,18108,31,0.0
Alzehiemers/eyes-closed/patient21/F8.txt,92641,92672,31,0.0
Alzehiemers/eyes-closed/patient21/F8.txt,95408,95439,31,0.0
Alzehiemers/eyes-closed/patient21/Fp1.txt,0,127,127,0.0
Alzehiemers/eyes-closed/patient21/Fp1.txt,16825,16856,31,0.0
Alzehiemers/eyes-closed/patient21/Fp1.txt,17389,17420,31,0.0
Alzehiemers/eyes-closed/patient21/Fp1.txt,18077,18108,31,0.0
Alzehiemers/eyes-closed/patient21/Fp1.txt,92641,92672,31,0.0
Alzehiemers/eyes-closed/patient21/Fp1.txt,95408,95439,31,0.0
Alzehiemers/eyes-closed/patient21/Fp2.txt,0,127,127,0.0
Alzehiemers/eyes-closed/patient21/Fp2.txt,16825,16856,31,0.0
Alzehiemers/eyes-closed/patient21/Fp2.txt,17389,17420,31,0.0
Alzehiemers/eyes-closed/patient21/Fp2.txt,18077,18108,31,0.0
Alzehiemers/eyes-closed/patient21/Fp2.txt,92641,92672,31,0.0
Alzehiemers/eyes-closed/patient21/Fp2.txt,95408,95439,31,0.0
Alzehiemers/eyes-closed/patient21/Fz.txt,0,127,127,0.0
Alzehiemers/eyes-closed/patient21/Fz.txt,16825,16856,31,0.0
Alzehiemers/eyes-closed/patient21/Fz.txt,17389,17420,31,0.0
Alzehiemers/eyes-closed/patient21/Fz.txt,18077,18108,31,0.0
Alzehiemers/eyes-closed/patient21/Fz.txt,92641,92672,31,0.0
Alzehiemers/eyes-closed/patient21/Fz.txt,95408,95439,31,0.0
Alzehiemers/eyes-closed/patient21/O1.txt,0,127,127,0.0
Alzehiemers/eyes-closed/patient21/O1.txt,16825,16856,31,0.0
Alzehiemers/eyes-closed/patient21/O1.txt,17389,17420,31,0.0
Alzehiemers/eyes-closed/patient21/O1.txt,18077,18108,31,0.0
Alzehiemers/eyes-closed/patient21/O1.txt,92641,92672,31,0.0
Alzehiemers/eyes-closed/patient21/O1.txt,95408,95439,31,0.0
Alzehiemers/eyes-closed/patient21/O2.txt,0,127,127,0.0
Alzehiemers/eyes-closed/patient21/O2.txt,16825,16856,31,0.0
Alzehiemers/eyes-closed/patient21/O2.txt,17389,17420,31,0.0
Alzehiemers/eyes-closed/patient21/O2.txt,18077,18108,31,0.0
Alzehiemers/eyes-closed/patient21/O2.txt,92641,92672,31,0.0
Alzehiemers/eyes-closed/patient21/O2.txt,95408,95439,31,0.0
Alzehiemers/eyes-closed/patient21/P3.txt,0,127,127,0.0
Alzehiemers/eyes-closed/patient21/P3.txt,16825,16856,31,0.0
Alzehiemers/eyes-closed/patient21/P3.txt,17389,17420,31,0.0
Alzehiemers/eyes-closed/patient21/P3.txt,18077,18108,31,0.0
Alzehiemers/eyes-closed/patient21/P3.txt,92641,92672,31,0.0
Alzehiemers/eyes-closed/patient21/P3.txt,95408,95439,31,0.0
Alzehiemers/eyes-closed/patient21/P4.txt,0,127,127,0.0
Alzehiemers/eyes-closed/patient21/P4.txt,16825,16856,31,0.0
Alzehiemers/eyes-closed/patient21/P4.txt,17389,17420,31,0.0
Alzehiemers/eyes-closed/patient21/P4.txt,18077,18108,31,0.0
Alzehiemers/eyes-closed/patient21/P4.txt,92641,92672,31,0.0
Alzehiemers/eyes-closed/patient21/P4.txt,95408,95439,31,0.0
Alzehiemers/eyes-closed/patient21/Pz.txt,0,127,127,0.0
Alzehiemers/eyes-closed/patient21/Pz.txt,16825,16856,31,0.0
Alzehiemers/eyes-closed/patient21/Pz.txt,17389,17420,31,0.0
Alzehiemers/eyes-closed/patient21/Pz.txt,18077,18108,31,0.0
Alzehiemers/eyes-closed/patient21/Pz.txt,92641,92672,31,0.0
Alzehiemers/eyes-closed/patient21/Pz.txt,95408,95439,31,0.0
Alzehiemers/eyes-closed/patient21/T3.txt,0,127,127,0.0
Alzehiemers/eyes-closed/patient21/T3.txt,16825,16856,31,0.0
Alzehiemers/eyes-closed/patient21/T3.txt,17389,17420,31,0.0
Alzehiemers/eyes-closed/patient21/T3.txt,18077,18108,31,0.0
Alzehiemers/eyes-closed/patient21/T3.txt,92641,92672,31,0.0
Alzehiemers/eyes-closed/patient21/T3.txt,95408,95439,31,0.0
Alzehiemers/eyes-closed/patient21/T4.txt,0,127,127,0.0
Alzehiemers/eyes-closed/patient21/T4.txt,16825,16856,31,0.0
Alzehiemers/eyes-closed/patient21/T4.txt,17389,17420,31,0.0
Alzehiemers/eyes-closed/patient21/T4.txt,18077,18108,31,0.0
Alzehiemers/eyes-closed/patient21/T4.txt,92641,92672,31,0.0
Alzehiemers/eyes-closed/patient21/T4.txt,95408,95439,31,0.0
Alzehiemers/eyes-closed/patient21/T5.txt,0,127,127,0.0
Alzehiemers/eyes-closed/patient21/T5.txt,16825,16856,31,0.0
Alzehiemers/eyes-closed/patient21/T5.txt,17389,17420,31,0.0
Alzehiemers/eyes-closed/patient21/T5.txt,18077,18108,31,0.0
Alzehiemers/eyes-closed/patient21/T5.txt,92641,92672,31,0.0
Alzehiemers/eyes-closed/patient21/T5.txt,95408,95439,31,0.0
Alzehiemers/eyes-closed/patient21/T6.txt,0,127,127,0.0
Alzehiemers/eyes-closed/patient21/T6.txt,16825,16856,31,0.0
Alzehiemers/eyes-closed/patient21/T6.txt,17389,17420,31,0.0
Alzehiemers/eyes-closed/patient21/T6.txt,18077,18108,31,0.0
Alzehiemers/eyes-closed/patient21/T6.txt,92641,92672,31,0.0
Alzehiemers/eyes-closed/patient21/T6.txt,95408,95439,31,0.0
Alzehiemers/eyes-closed/patient22/C3.txt,0,130,130,0.0
Alzehiemers/eyes-closed/patient22/C3.txt,24811,24843,32,0.0
Alzehiemers/eyes-closed/patient22/C3.txt,33112,33143,31,0.0
Alzehiemers/eyes-closed/patient22/C3.txt,33839,33871,32,0.0
Alzehiemers/eyes-closed/patient22/C3.txt,36172,36203,31,0.0
Alzehiemers/eyes-closed/patient22/C3.txt,38012,38044,32,0.0
Alzehiemers/eyes-closed/patient22/C3.txt,45666,45697,31,0.0
Alzehiemers/eyes-closed/patient22/C3.txt,49269,49300,31,0.0
Alzehiemers/eyes-closed/patient22/C3.txt,52988,53019,31,0.0
Alzehiemers/eyes-closed/patient22/C3.txt,58618,58649,31,0.0
Alzehiemers/eyes-closed/patient22/C3.txt,80665,80696,31,0.0
Alzehiemers/eyes-closed/patient22/C3.txt,82999,83030,31,0.0
Alzehiemers/eyes-closed/patient22/C4.txt,0,130,130,0.0
Alzehiemers/eyes-closed/patient22/C4.txt,24811,24843,32,0.0
Alzehiemers/eyes-closed/patient22/C4.txt,33112,33144,32,0.0
Alzehiemers/eyes-closed/patient22/C4.txt,33839,33871,32,0.0
Alzehiemers/eyes-closed/patient22/C4.txt,36172,36204,32,0.0
Alzehiemers/eyes-closed/patient22/C4.txt,38012,38044,32,0.0
Alzehiemers/eyes-closed/patient22/C4.txt,45666,45697,31,0.0
Alzehiemers/eyes-closed/patient22/C4.txt,49269,49300,31,0.0
Alzehiemers/eyes-closed/patient22/C4.txt,52988,53019,31,0.0
Alzehiemers/eyes-closed/patient22/C4.txt,58618,58649,31,0.0
Alzehiemers/eyes-closed/patient22/C4.txt,80665,80696,31,0.0
Alzehiemers/eyes-closed/patient22/C4.txt,82999,83030,31,0.0
Alzehiemers/eyes-closed/patient22/Cz.txt,0,130,130,0.0
Alzehiemers/eyes-closed/patient22/Cz.txt,24811,24843,32,0.0
Alzehiemers/eyes-closed/patient22/Cz.txt,33112,33143,31,0.0
Alzehiemers/eyes-closed/patient22/Cz.txt,33839,33871,32,0.0
Alzehiemers/eyes-closed/patient22/Cz.txt,36172,36203,31,0.0
Alzehiemers/eyes-closed/patient22/Cz.txt,38012,38044,32,0.0
Alzehiemers/eyes-closed/patient22/Cz.txt,45666,45697,31,0.0
Alzehiemers/eyes-closed/patient22/Cz.txt,49269,49300,31,0.0
Alzehiemers/eyes-closed/patient22/Cz.txt,52988,53019,31,0.0
Alzehiemers/eyes-closed/patient22/Cz.txt,58618,58649,31,0.0
Alzehiemers/eyes-closed/patient22/Cz.txt,80665,80696,31,0.0
Alzehiemers/eyes-closed/patient22/Cz.txt,82999,83030,31,0.0
Alzehiemers/eyes-closed/patient22/F3.txt,0,130,130,0.0
Alzehiemers/eyes-closed/patient22/F3.txt,24811,24843,32,0.0
Alzehiemers/eyes-closed/patient22/F3.txt,33112,33143,31,0.0
Alzehiemers/eyes-closed/patient22/F3.txt,33839,33871,32,0.0
Alzehiemers/eyes-closed/patient22/F3.txt,36172,36204,32,0.0
Alzehiemers/eyes-closed/patient22/F3.txt,38012,38044,32,0.0
Alzehiemers/eyes-closed/patient22/F3.txt,45666,45697,31,0.0
Alzehiemers/eyes-closed/patient22/F3.txt,49269,49300,31,0.0
Alzehiemers/eyes-closed/patient22/F3.txt,52988,53019,31,0.0
Alzehiemers/eyes-closed/patient22/F3.txt,58618,58649,31,0.0
Alzehiemers/eyes-closed/patient22/F3.txt,80665,80696,31,0.0
Alzehiemers/eyes-closed/patient22/F3.txt,82999,83030,31,0.0
Alzehiemers/eyes-closed/patient22/F4.txt,0,130,130,0.0
Alzehiemers/eyes-closed/patient22/F4.txt,24811,24843,32,0.0
Alzehiemers/eyes-closed/patient22/F4.txt,33112,33144,32,0.0
Alzehiemers/eyes-closed/patient22/F4.txt,33839,33871,32,0.0
Alzehiemers/eyes-closed/patient22/F4.txt,36172,36203,31,0.0
Alzehiemers/eyes-closed/patient22/F4.txt,38012,38044,32,0.0
Alzehiemers/eyes-closed/patient22/F4.txt,45666,45697,31,0.0
Alzehiemers/eyes-closed/patient22/F4.txt,49269,49300,31,0.0
Alzehiemers/eyes-closed/patient22/F4.txt,52988,53019,31,0.0
Alzehiemers/eyes-closed/patient22/F4.txt,58618,58649,31,0.0
Alzehiemers/eyes-closed/patient22/F4.txt,80665,80696,31,0.0
Alzehiemers/eyes-closed/patient22/F4.txt,82999,83030,31,0.0
Alzehiemers/eyes-closed/patient22/F7.txt,0,130,130,0.0
Alzehiemers/eyes-closed/patient22/F7.txt,24811,24843,32,0.0
Alzehiemers/eyes-closed/patient22/F7.txt,33112,33143,31,0.0
Alzehiemers/eyes-closed/patient22/F7.txt,33839,33871,32,0.0
Alzehiemers/eyes-closed/patient22/F7.txt,36172,36203,31,0.0
Alzehiemers/eyes-closed/patient22/F7.txt,38012,38044,32,0.0
Alzehiemers/eyes-closed/patient22/F7.txt,45666,45697,31,0.0
Alzehiemers/eyes-closed/patient22/F7.txt,49269,49300,31,0.0
Alzehiemers/eyes-closed/patient22/F7.txt,52988,53019,31,0.0
Alzehiemers/eyes-closed/patient22/F7.txt,58618,58649,31,0.0
Alzehiemers/eyes-closed/patient22/F7.txt,80665,80696,31,0.0
Alzehiemers/eyes-closed/patient22/F7.txt,82999,83030,31,0.0
Alzehiemers/eyes-closed/patient22/F8.txt,0,130,130,0.0
Alzehiemers/eyes-closed/patient22/F8.txt,24811,24843,32,0.0
Alzehiemers/eyes-closed/patient22/F8.txt,33112,33143,31,0.0
Alzehiemers/eyes-closed/patient22/F8.txt,33839,33871,32,0.0
Alzehiemers/eyes-closed/patient22/F8.txt,36172,36203,31,0.0
Alzehiemers/eyes-closed/patient22/F8.txt,38012,38044,32,0.0
Alzehiemers/eyes-closed/patient22/F8.txt,45666,45697,31,0.0
Alzehiemers/eyes-closed/patient22/F8.txt,49269,49300,31,0.0
Alzehiemers/eyes-closed/patient22/F8.txt,52988,53019,31,0.0
Alzehiemers/eyes-closed/patient22/F8.txt,58618,58649,31,0.0
Alzehiemers/eyes-closed/patient22/F8.txt,80665,80696,31,0.0
Alzehiemers/eyes-closed/patient22/F8.txt,82999,83030,31,0.0
Alzehiemers/eyes-closed/patient22/Fp1.txt,0,130,130,0.0
Alzehiemers/eyes-closed/patient22/Fp1.txt,24811,24843,32,0.0
Alzehiemers/eyes-closed/patient22/Fp1.txt,33112,33144,32,0.0
Alzehiemers/eyes-closed/patient22/Fp1.txt,33839,33871,32,0.0
Alzehiemers/eyes-closed/patient22/Fp1.txt,36172,36203,31,0.0
Alzehiemers/eyes-closed/patient22/Fp1.txt,38012,38044,32,0.0
Alzehiemers/eyes-closed/patient22/Fp1.txt,45666,45697,31,0.0
Alzehiemers/eyes-closed/patient22/Fp1.txt,49269,49300,31,0.0
Alzehiemers/eyes-closed/patient22/Fp1.txt,52988,53019,31,0.0
Alzehiemers/eyes-closed/patient22/Fp1.txt,58618,58649,31,0.0
Alzehiemers/eyes-closed/patient22/Fp1.txt,80665,80696,31,0.0
Alzehiemers/eyes-closed/patient22/Fp1.txt,82999,83030,31,0.0
Alzehiemers/eyes-closed/patient22/Fp2.txt,0,130,130,0.0
Alzehiemers/eyes-closed/patient22/Fp2.txt,24811,24843,32,0.0
Alzehiemers/eyes-closed/patient22/Fp2.txt,33112,33144,32,0.0
Alzehiemers/eyes-closed/patient22/Fp2.txt,33839,33871,32,0.0
Alzehiemers/eyes-closed/patient22/Fp2.txt,36172,36203,31,0.0
Alzehiemers/eyes-closed/patient22/Fp2.txt,38012,38044,32,0.0
Alzehiemers/eyes-closed/patient22/Fp2.txt,45666,45697,31,0.0
Alzehiemers/eyes-closed/patient22/Fp2.txt,49269,49300,31,0.0
Alzehiemers/eyes-closed/patient22/Fp2.txt,52988,53019,31,0.0
Alzehiemers/eyes-closed/patient22/Fp2.txt,58618,58649,31,0.0
Alzehiemers/eyes-closed/patient22/Fp2.txt,80665,80696,31,0.0
Alzehiemers/eyes-closed/patient22/Fp2.txt,82999,83030,31,0.0
Alzehiemers/eyes-closed/patient22/Fz.txt,0,130,130,0.0
Alzehiemers/eyes-closed/patient22/Fz.txt,24811,24843,32,0.0
Alzehiemers/eyes-closed/patient22/Fz.txt,33112,33143,31,0.0
Alzehiemers/eyes-closed/patient22/Fz.txt,33839,33871,32,0.0
Alzehiemers/eyes-closed/patient22/Fz.txt,36172,36203,31,0.0
Alzehiemers/eyes-closed/patient22/Fz.txt,38012,38044,32,0.0
Alzehiemers/eyes-closed/patient22/Fz.txt,45666,45697,31,0.0
Alzehiemers/eyes-closed/patient22/Fz.txt,49269,49300,31,0.0
Alzehiemers/eyes-closed/patient22/Fz.txt,52988,53019,31,0.0
Alzehiemers/eyes-closed/patient22/Fz.txt,58618,58649,31,0.0
Alzehiemers/eyes-closed/patient22/Fz.txt,80665,80696,31,0.0
Alzehiemers/eyes-closed/patient22/Fz.txt,82999,83030,31,0.0
Alzehiemers/eyes-closed/patient22/O1.txt,0,130,130,0.0
Alzehiemers/eyes-closed/patient22/O1.txt,24811,24843,32,0.0
Alzehiemers/eyes-closed/patient22/O1.txt,33112,33144,32,0.0
Alzehiemers/eyes-closed/patient22/O1.txt,33839,33871,32,0.0
Alzehiemers/eyes-closed/patient22/O1.txt,36172,36203,31,0.0
Alzehiemers/eyes-closed/patient22/O1.txt,38012,38044,32,0.0
Alzehiemers/eyes-closed/patient22/O1.txt,45666,45697,31,0.0
Alzehiemers/eyes-closed/patient22/O1.txt,49269,49300,31,0.0
Alzehiemers/eyes-closed/patient22/O1.txt,52988,53019,31,0.0
Alzehiemers/eyes-closed/patient22/O1.txt,58618,58649,31,0.0
Alzehiemers/eyes-closed/patient22/O1.txt,80665,80696,31,0.0
Alzehiemers/eyes-closed/patient22/O1.txt,82999,83030,31,0.0
Alzehiemers/eyes-closed/patient22/O2.txt,0,130,130,0.0
Alzehiemers/eyes-closed/patient22/O2.txt,24811,24843,32,0.0
Alzehiemers/eyes-closed/patient22/O2.txt,33112,33144,32,0.0
Alzehiemers/eyes-closed/patient22/O2.txt,33839,33871,32,0.0
Alzehiemers/eyes-closed/patient22/O2.txt,36172,36203,31,0.0
Alzehiemers/eyes-closed/patient22/O2.txt,38012,38044,32,0.0
Alzehiemers/eyes-closed/patient22/O2.txt,45666,45697,31,0.0
Alzehiemers/eyes-closed/patient22/O2.txt,49269,49300,31,0.0
Alzehiemers/eyes-closed/patient22/O2.txt,52988,53019,31,0.0
Alzehiemers/eyes-closed/patient22/O2.txt,58618,58649,31,0.0
Alzehiemers/eyes-closed/patient22/O2.txt,80665,80696,31,0.0
Alzehiemers/eyes-closed/patient22/O2.txt,82999,83030,31,0.0
Alzehiemers/eyes-closed/patient22/P3.txt,0,130,130,0.0
Alzehiemers/eyes-closed/patient22/P3.txt,24811,24843,32,0.0
Alzehiemers/eyes-closed/patient22/P3.txt,33112,33143,31,0.0
Alzehiemers/eyes-closed/patient22/P3.txt,33839,33871,32,0.0
Alzehiemers/eyes-closed/patient22/P3.txt,36172,36203,31,0.0
Alzehiemers/eyes-closed/patient22/P3.txt,38012,38044,32,0.0
Alzehiemers/eyes-closed/patient22/P3.txt,45666,45697,31,0.0
Alzehiemers/eyes-closed/patient22/P3.txt,49269,49300,31,0.0
Alzehiemers/eyes-closed/patient22/P3.txt,52988,53019,31,0.0
Alzehiemers/eyes-closed/patient22/P3.txt,58618,58649,31,0.0
Alzehiemers/eyes-closed/patient22/P3.txt,80665,80696,31,0.0
Alzehiemers/eyes-closed/patient22/P3.txt,82999,83030,31,0.0
Alzehiemers/eyes-closed/patient22/P4.txt,0,130,130,0.0
Alzehiemers/eyes-closed/patient22/P4.txt,24811,24843,32,0.0
Alzehiemers/eyes-closed/patient22/P4.txt,33112,33143,31,0.0
Alzehiemers/eyes-closed/patient22/P4.txt,33839,33871,32,0.0
Alzehiemers/eyes-closed/patient22/P4.txt,36172,36203,31,0.0
Alzehiemers/eyes-closed/patient22/P4.txt,38012,38044,32,0.0
Alzehiemers/eyes-closed/patient22/P4.txt,45666,45697,31,0.0
Alzehiemers/eyes-closed/patient22/P4.txt,49269,49300,31,0.0
Alzehiemers/eyes-closed/patient22/P4.txt,52988,53019,31,0.0
Alzehiemers/eyes-closed/patient22/P4.txt,58618,58649,31,0.0
Alzehiemers/eyes-closed/patient22/P4.txt,80665,80696,31,0.0
Alzehiemers/eyes-closed/patient22/P4.txt,82999,83030,31,0.0
Alzehiemers/eyes-closed/patient22/Pz.txt,0,130,130,0.0
Alzehiemers/eyes-closed/patient22/Pz.txt,24811,24843,32,0.0
Alzehiemers/eyes-closed/patient22/Pz.txt,33112,33143,31,0.0
Alzehiemers/eyes-closed/patient22/Pz.txt,33839,33871,32,0.0
Alzehiemers/eyes-closed/patient22/Pz.txt,36172,36203,31,0.0
Alzehiemers/eyes-closed/patient22/Pz.txt,38012,38044,32,0.0
Alzehiemers/eyes-closed/patient22/Pz.txt,45666,45697,31,0.0
Alzehiemers/eyes-closed/patient22/Pz.txt,49269,49300,31,0.0
Alzehiemers/eyes-closed/patient22/Pz.txt,52988,53019,31,0.0
Alzehiemers/eyes-closed/patient22/Pz.txt,58618,58649,31,0.0
Alzehiemers/eyes-closed/patient22/Pz.txt,80665,80696,31,0.0
Alzehiemers/eyes-closed/patient22/Pz.txt,82999,83030,31,0.0
Alzehiemers/eyes-closed/patient22/T3.txt,0,130,130,0.0
Alzehiemers/eyes-closed/patient22/T3.txt,24811,24843,32,0.0
Alzehiemers/eyes-closed/patient22/T3.txt,33112,33143,31,0.0
Alzehiemers/eyes-closed/patient22/T3.txt,33839,33871,32,0.0
Alzehiemers/eyes-closed/patient22/T3.txt,36172,36203,31,0.0
Alzehiemers/eyes-closed/patient22/T3.txt,38012,38044,32,0.0
Alzehiemers/eyes-closed/patient22/T3.txt,45666,45697,31,0.0
Alzehiemers/eyes-closed/patient22/T3.txt,49269,49300,31,0.0
Alzehiemers/eyes-closed/patient22/T3.txt,52988,53019,31,0.0
Alzehiemers/eyes-closed/patient22/T3.txt,58618,58649,31,0.0
Alzehiemers/eyes-closed/patient22/T3.txt,80665,80696,31,0.0
Alzehiemers/eyes-closed/patient22/T3.txt,82999,83030,31,0.0
Alzehiemers/eyes-closed/patient22/T4.txt,0,130,130,0.0
Alzehiemers/eyes-closed/patient22/T4.txt,24811,24843,32,0.0
Alzehiemers/eyes-closed/patient22/T4.txt,33112,33143,31,0.0
Alzehiemers/eyes-closed/patient22/T4.txt,33839,33871,32,0.0
Alzehiemers/eyes-closed/patient22/T4.txt,36172,36203,31,0.0
Alzehiemers/eyes-closed/patient22/T4.txt,38012,38044,32,0.0
Alzehiemers/eyes-closed/patient22/T4.txt,45666,45697,31,0.0
Alzehiemers/eyes-closed/patient22/T4.txt,49269,49300,31,0.0
Alzehiemers/eyes-closed/patient22/T4.txt,52988,53019,31,0.0
Alzehiemers/eyes-closed/patient22/T4.txt,58618,58649,31,0.0
Alzehiemers/eyes-closed/patient22/T4.txt,80665,80696,31,0.0
Alzehiemers/eyes-closed/patient22/T4.txt,82999,83030,31,0.0
Alzehiemers/eyes-closed/patient22/T5.txt,0,130,130,0.0
Alzehiemers/eyes-closed/patient22/T5.txt,24811,24843,32,0.0
Alzehiemers/eyes-closed/patient22/T5.txt,33112,33144,32,0.0
Alzehiemers/eyes-closed/patient22/T5.txt,33839,33871,32,0.0
Alzehiemers/eyes-closed/patient22/T5.txt,36172,36203,31,0.0
Alzehiemers/eyes-closed/patient22/T5.txt,38012,38044,32,0.0
Alzehiemers/eyes-closed/patient22/T5.txt,45666,45697,31,0.0
Alzehiemers/eyes-closed/patient22/T5.txt,49269,49300,31,0.0
Alzehiemers/eyes-closed/patient22/T5.txt,52988,53019,31,0.0
Alzehiemers/eyes-closed/patient22/T5.txt,58618,58649,31,0.0
Alzehiemers/eyes-closed/patient22/T5.txt,80665,80696,31,0.0
Alzehiemers/eyes-closed/patient22/T5.txt,82999,83030,31,0.0
Alzehiemers/eyes-closed/patient22/T6.txt,0,130,130,0.0
Alzehiemers/eyes-closed/patient22/T6.txt,24811,24843,32,0.0
Alzehiemers/eyes-closed/patient22/T6.txt,33112,33144,32,0.0
Alzehiemers/eyes-closed/patient22/T6.txt,33839,33871,32,0.0
Alzehiemers/eyes-closed/patient22/T6.txt,36172,36204,32,0.0
Alzehiemers/eyes-closed/patient22/T6.txt,38012,38044,32,0.0
Alzehiemers/eyes-closed/patient22/T6.txt,45666,45697,31,0.0
Alzehiemers/eyes-closed/patient22/T6.txt,49269,49300,31,0.0
Alzehiemers/eyes-closed/patient22/T6.txt,52988,53019,31,0.0
Alzehiemers/eyes-closed/patient22/T6.txt,58618,58649,31,0.0
Alzehiemers/eyes-closed/patient22/T6.txt,80665,80696,31,0.0
Alzehiemers/eyes-closed/patient22/T6.txt,82999,83030,31,0.0
Alzehiemers/eyes-closed/patient23/C3.txt,0,130,130,0.0
Alzehiemers/eyes-closed/patient23/C3.txt,91349,91380,31,0.0
Alzehiemers/eyes-closed/patient23/C3.txt,96923,96955,32,0.0
Alzehiemers/eyes-closed/patient23/C4.txt,0,130,130,0.0
Alzehiemers/eyes-closed/patient23/C4.txt,91349,91380,31,0.0
Alzehiemers/eyes-closed/patient23/C4.txt,96923,96955,32,0.0
Alzehiemers/eyes-closed/patient23/Cz.txt,0,130,130,0.0
Alzehiemers/eyes-closed/patient23/Cz.txt,91349,91380,31,0.0
Alzehiemers/eyes-closed/patient23/Cz.txt,96923,96955,32,0.0
Alzehiemers/eyes-closed/patient23/F3.txt,0,130,130,0.0
Alzehiemers/eyes-closed/patient23/F3.txt,91349,91380,31,0.0
Alzehiemers/eyes-closed/patient23/F3.txt,96923,96955,32,0.0
Alzehiemers/eyes-closed/patient23/F4.txt,0,130,130,0.0
Alzehiemers/eyes-closed/patient23/F4.txt,91349,91380,31,0.0
Alzehiemers/eyes-closed/patient23/F4.txt,96923,96955,32,0.0
Alzehiemers/eyes-closed/patient23/F7.txt,0,130,130,0.0
Alzehiemers/eyes-closed/patient23/F7.txt,91349,91380,31,0.0
Alzehiemers/eyes-closed/patient23/F7.txt,96923,96955,32,0.0
Alzehiemers/eyes-closed/patient23/F8.txt,0,130,130,0.0
Alzehiemers/eyes-closed/patient23/F8.txt,91349,91380,31,0.0
Alzehiemers/eyes-closed/patient23/F8.txt,96923,96955,32,0.0
Alzehiemers/eyes-closed/patient23/Fp1.txt,0,130,130,0.0
Alzehiemers/eyes-closed/patient23/Fp1.txt,91349,91380,31,0.0
Alzehiemers/eyes-closed/patient23/Fp1.txt,96923,96955,32,0.0
Alzehiemers/eyes-closed/patient23/Fp2.txt,0,130,130,0.0
Alzehiemers/eyes-closed/patient23/Fp2.txt,91349,91380,31,0.0
Alzehiemers/eyes-closed/patient23/Fp2.txt,96923,96955,32,0.0
Alzehiemers/eyes-closed/patient23/Fz.txt,0,130,130,0.0
Alzehiemers/eyes-closed/patient23/Fz.txt,91349,91380,31,0.0
Alzehiemers/eyes-closed/patient23/Fz.txt,96923,96955,32,0.0
Alzehiemers/eyes-closed/patient23/O1.txt,0,130,130,0.0
Alzehiemers/eyes-closed/patient23/O1.txt,91349,91380,31,0.0
Alzehiemers/eyes-closed/patient23/O1.txt,96923,96955,32,0.0
Alzehiemers/eyes-closed/patient23/O2.txt,0,130,130,0.0
Alzehiemers/eyes-closed/patient23/O2.txt,91349,91380,31,0.0
Alzehiemers/eyes-closed/patient23/O2.txt,96923,96955,32,0.0
Alzehiemers/eyes-closed/patient23/P3.txt,0,130,130,0.0
Alzehiemers/eyes-closed/patient23/P3.txt,91349,91380,31,0.0
Alzehiemers/eyes-closed/patient23/P3.txt,96923,96955,32,0.0
Alzehiemers/eyes-closed/patient23/P4.txt,0,130,130,0.0
Alzehiemers/eyes-closed/patient23/P4.txt,91349,91380,31,0.0
Alzehiemers/eyes-closed/patient23/P4.txt,96923,96955,32,0.0
Alzehiemers/eyes-closed/patient23/Pz.txt,0,130,130,0.0
Alzehiemers/eyes-closed/patient23/Pz.txt,91349,91380,31,0.0
Alzehiemers/eyes-closed/patient23/Pz.txt,96923,96955,32,0.0
Alzehiemers/eyes-closed/patient23/T3.txt,0,130,130,0.0
Alzehiemers/eyes-closed/patient23/T3.txt,91349,91380,31,0.0
Alzehiemers/eyes-closed/patient23/T3.txt,96923,96955,32,0.0
Alzehiemers/eyes-closed/patient23/T4.txt,0,130,130,0.0
Alzehiemers/eyes-closed/patient23/T4.txt,91349,91380,31,0.0
Alzehiemers/eyes-closed/patient23/T4.txt,96923,96955,32,0.0
Alzehiemers/eyes-closed/patient23/T5.txt,0,130,130,0.0
Alzehiemers/eyes-closed/patient23/T5.txt,91349,91380,31,0.0
Alzehiemers/eyes-closed/patient23/T5.txt,96923,96955,32,0.0
Alzehiemers/eyes-closed/patient23/T6.txt,0,130,130,0.0
Alzehiemers/eyes-closed/patient23/T6.txt,91349,91380,31,0.0
Alzehiemers/eyes-closed/patient23/T6.txt,96923,96955,32,0.0
Alzehiemers/eyes-closed/patient24/C3.txt,0,126,126,0.0
Alzehiemers/eyes-closed/patient24/C3.txt,409,441,32,0.0
Alzehiemers/eyes-closed/patient24/C3.txt,952,983,31,0.0
Alzehiemers/eyes-closed/patient24/C3.txt,1303,1334,31,0.0
Alzehiemers/eyes-closed/patient24/C4.txt,0,126,126,0.0
Alzehiemers/eyes-closed/patient24/C4.txt,409,441,32,0.0
Alzehiemers/eyes-closed/patient24/C4.txt,952,983,31,0.0
Alzehiemers/eyes-closed/patient24/C4.txt,1303,1334,31,0.0
Alzehiemers/eyes-closed/patient24/Cz.txt,0,126,126,0.0
Alzehiemers/eyes-closed/patient24/Cz.txt,409,441,32,0.0
Alzehiemers/eyes-closed/patient24/Cz.txt,952,983,31,0.0
Alzehiemers/eyes-closed/patient24/Cz.txt,1303,1334,31,0.0
Alzehiemers/eyes-closed/patient24/F3.txt,0,126,126,0.0
Alzehiemers/eyes-closed/patient24/F3.txt,409,441,32,0.0
Alzehiemers/eyes-closed/patient24/F3.txt,952,983,31,0.0
Alzehiemers/eyes-closed/patient24/F3.txt,1303,1334,31,0.0
Alzehiemers/eyes-closed/patient24/F4.txt,0,126,126,0.0
Alzehiemers/eyes-closed/patient24/F4.txt,409,441,32,0.0
Alzehiemers/eyes-closed/patient24/F4.txt,952,983,31,0.0
Alzehiemers/eyes-closed/patient24/F4.txt,1303,1334,31,0.0
Alzehiemers/eyes-closed/patient24/F7.txt,0,126,126,0.0
Alzehiemers/eyes-closed/patient24/F7.txt,409,441,32,0.0
Alzehiemers/eyes-closed/patient24/F7.txt,952,983,31,0.0
Alzehiemers/eyes-closed/patient24/F7.txt,1303,1334,31,0.0
Alzehiemers/eyes-closed/patient24/F8.txt,0,126,126,0.0
Alzehiemers/eyes-closed/patient24/F8.txt,409,441,32,0.0
Alzehiemers/eyes-closed/patient24/F8.txt,952,983,31,0.0
Alzehiemers/eyes-closed/patient24/F8.txt,1303,1334,31,0.0
Alzehiemers/eyes-closed/patient24/Fp1.txt,0,126,126,0.0
Alzehiemers/eyes-closed/patient24/Fp1.txt,409,441,32,0.0
Alzehiemers/eyes-closed/patient24/Fp1.txt,952,983,31,0.0
Alzehiemers/eyes-closed/patient24/Fp1.txt,1303,1334,31,0.0
Alzehiemers/eyes-closed/patient24/Fp2.txt,0,126,126,0.0
Alzehiemers/eyes-closed/patient24/Fp2.txt,409,441,32,0.0
Alzehiemers/eyes-closed/patient24/Fp2.txt,952,983,31,0.0
Alzehiemers/eyes-closed/patient24/Fp2.txt,1303,1334,31,0.0
Alzehiemers/eyes-closed/patient24/Fz.txt,0,126,126,0.0
Alzehiemers/eyes-closed/patient24/Fz.txt,409,441,32,0.0
Alzehiemers/eyes-closed/patient24/Fz.txt,952,983,31,0.0
Alzehiemers/eyes-closed/patient24/Fz.txt,1303,1334,31,0.0
Alzehiemers/eyes-closed/patient24/O1.txt,0,126,126,0.0
Alzehiemers/eyes-closed/patient24/O1.txt,409,441,32,0.0
Alzehiemers/eyes-closed/patient24/O1.txt,952,983,31,0.0
Alzehiemers/eyes-closed/patient24/O1.txt,1303,1334,31,0.0
Alzehiemers/eyes-closed/patient24/O2.txt,0,126,126,0.0
Alzehiemers/eyes-closed/patient24/O2.txt,409,441,32,0.0
Alzehiemers/eyes-closed/patient24/O2.txt,952,983,31,0.0
Alzehiemers/eyes-closed/patient24/O2.txt,1303,1334,31,0.0
Alzehiemers/eyes-closed/patient24/P3.txt,0,126,126,0.0
Alzehiemers/eyes-closed/patient24/P3.txt,409,441,32,0.0
Alzehiemers/eyes-closed/patient24/P3.txt,952,983,31,0.0
Alzehiemers/eyes-closed/patient24/P3.txt,1303,1334,31,0.0
Alzehiemers/eyes-closed/patient24/P4.txt,0,126,126,0.0
Alzehiemers/eyes-closed/patient24/P4.txt,409,441,32,0.0
Alzehiemers/eyes-closed/patient24/P4.txt,952,983,31,0.0
Alzehiemers/eyes-closed/patient24/P4.txt,1303,1334,31,0.0
Alzehiemers/eyes-closed/patient24/Pz.txt,0,126,126,0.0
Alzehiemers/eyes-closed/patient24/Pz.txt,409,441,32,0.0
Alzehiemers/eyes-closed/patient24/Pz.txt,952,983,31,0.0
Alzehiemers/eyes-closed/patient24/Pz.txt,1303,1334,31,0.0
Alzehiemers/eyes-closed/patient24/T3.txt,0,126,126,0.0
Alzehiemers/eyes-closed/patient24/T3.txt,409,441,32,0.0
Alzehiemers/eyes-closed/patient24/T3.txt,952,983,31,0.0
Alzehiemers/eyes-closed/patient24/T3.txt,1303,1334,31,0.0
Alzehiemers/eyes-closed/patient24/T4.txt,0,126,126,0.0
Alzehiemers/eyes-closed/patient24/T4.txt,409,441,32,0.0
Alzehiemers/eyes-closed/patient24/T4.txt,952,983,31,0.0
Alzehiemers/eyes-closed/patient24/T4.txt,1303,1334,31,0.0
Alzehiemers/eyes-closed/patient24/T5.txt,0,126,126,0.0
Alzehiemers/eyes-closed/patient24/T5.txt,409,441,32,0.0
Alzehiemers/eyes-closed/patient24/T5.txt,952,983,31,0.0
Alzehiemers/eyes-closed/patient24/T5.txt,1303,1334,31,0.0
Alzehiemers/eyes-closed/patient24/T6.txt,0,126,126,0.0
Alzehiemers/eyes-closed/patient24/T6.txt,409,441,32,0.0
Alzehiemers/eyes-closed/patient24/T6.txt,952,983,31,0.0
Alzehiemers/eyes-closed/patient24/T6.txt,1303,1334,31,0.0
Alzehiemers/eyes-closed/patient25/C3.txt,0,120,120,0.0
Alzehiemers/eyes-closed/patient25/C3.txt,18469,18501,32,0.0
Alzehiemers/eyes-closed/patient25/C3.txt,20742,20773,31,0.0
Alzehiemers/eyes-closed/patient25/C3.txt,21634,21665,31,0.0
Alzehiemers/eyes-closed/patient25/C4.txt,0,120,120,0.0
Alzehiemers/eyes-closed/patient25/C4.txt,18469,18501,32,0.0
Alzehiemers/eyes-closed/patient25/C4.txt,20742,20773,31,0.0
Alzehiemers/eyes-closed/patient25/C4.txt,21634,21665,31,0.0
Alzehiemers/eyes-closed/patient25/Cz.txt,0,120,120,0.0
Alzehiemers/eyes-closed/patient25/Cz.txt,18469,18501,32,0.0
Alzehiemers/eyes-closed/patient25/Cz.txt,20742,20773,31,0.0
Alzehiemers/eyes-closed/patient25/Cz.txt,21634,21665,31,0.0
Alzehiemers/eyes-closed/patient25/F3.txt,0,120,120,0.0
Alzehiemers/eyes-closed/patient25/F3.txt,18469,18501,32,0.0
Alzehiemers/eyes-closed/patient25/F3.txt,20742,20773,31,0.0
Alzehiemers/eyes-closed/patient25/F3.txt,21634,21665,31,0.0
Alzehiemers/eyes-closed/patient25/F4.txt,0,120,120,0.0
Alzehiemers/eyes-closed/patient25/F4.txt,18469,18501,32,0.0
Alzehiemers/eyes-closed/patient25/F4.txt,20742,20773,31,0.0
Alzehiemers/eyes-closed/patient25/F4.txt,21634,21665,31,0.0
Alzehiemers/eyes-closed/patient25/F7.txt,0,120,120,0.0
Alzehiemers/eyes-closed/patient25/F7.txt,18469,18501,32,0.0
Alzehiemers/eyes-closed/patient25/F7.txt,20742,20773,31,0.0
Alzehiemers/eyes-closed/patient25/F7.txt,21634,21665,31,0.0
Alzehiemers/eyes-closed/patient25/F8.txt,0,120,120,0.0
Alzehiemers/eyes-closed/patient25/F8.txt,18469,18501,32,0.0
Alzehiemers/eyes-closed/patient25/F8.txt,20742,20773,31,0.0
Alzehiemers/eyes-closed/patient25/F8.txt,21634,21665,31,0.0
Alzehiemers/eyes-closed/patient25/Fp1.txt,0,120,120,0.0
Alzehiemers/eyes-closed/patient25/Fp1.txt,18469,18501,32,0.0
Alzehiemers/eyes-closed/patient25/Fp1.txt,20742,20773,31,0.0
Alzehiemers/eyes-closed/patient25/Fp1.txt,21634,21665,31,0.0
Alzehiemers/eyes-closed/patient25/Fp2.txt,0,120,120,0.0
Alzehiemers/eyes-closed/patient25/Fp2.txt,18469,18501,32,0.0
Alzehiemers/eyes-closed/patient25/Fp2.txt,20742,20773,31,0.0
Alzehiemers/eyes-closed/patient25/Fp2.txt,21634,21665,31,0.0
Alzehiemers/eyes-closed/patient25/Fz.txt,0,120,120,0.0
Alzehiemers/eyes-closed/patient25/Fz.txt,18469,18501,32,0.0
Alzehiemers/eyes-closed/patient25/Fz.txt,20742,20773,31,0.0
Alzehiemers/eyes-closed/patient25/Fz.txt,21634,21665,31,0.0
Alzehiemers/eyes-closed/patient25/O1.txt,0,120,120,0.0
Alzehiemers/eyes-closed/patient25/O1.txt,18469,18501,32,0.0
Alzehiemers/eyes-closed/patient25/O1.txt,20742,20773,31,0.0
Alzehiemers/eyes-closed/patient25/O1.txt,21634,21665,31,0.0
Alzehiemers/eyes-closed/patient25/O2.txt,0,120,120,0.0
Alzehiemers/eyes-closed/patient25/O2.txt,18469,18501,32,0.0
Alzehiemers/eyes-closed/patient25/O2.txt,20742,20773,31,0.0
Alzehiemers/eyes-closed/patient25/O2.txt,21634,21665,31,0.0
Alzehiemers/eyes-closed/patient25/P3.txt,0,120,120,0.0
Alzehiemers/eyes-closed/patient25/P3.txt,18469,18501,32,0.0
Alzehiemers/eyes-closed/patient25/P3.txt,20742,20773,31,0.0
Alzehiemers/eyes-closed/patient25/P3.txt,21634,21665,31,0.0
Alzehiemers/eyes-closed/patient25/P4.txt,0,120,120,0.0
Alzehiemers/eyes-closed/patient25/P4.txt,18469,18501,32,0.0
Alzehiemers/eyes-closed/patient25/P4.txt,20742,20773,31,0.0
Alzehiemers/eyes-closed/patient25/P4.txt,21634,21665,31,0.0
Alzehiemers/eyes-closed/patient25/Pz.txt,0,120,120,0.0
Alzehiemers/eyes-closed/patient25/Pz.txt,18469,18501,32,0.0
Alzehiemers/eyes-closed/patient25/Pz.txt,20742,20773,31,0.0
Alzehiemers/eyes-closed/patient25/Pz.txt,21634,21665,31,0.0
Alzehiemers/eyes-closed/patient25/T3.txt,0,120,120,0.0
Alzehiemers/eyes-closed/patient25/T3.txt,18469,18501,32,0.0
Alzehiemers/eyes-closed/patient25/T3.txt,20742,20773,31,0.0
Alzehiemers/eyes-closed/patient25/T3.txt,21634,21665,31,0.0
Alzehiemers/eyes-closed/patient25/T4.txt,0,120,120,0.0
Alzehiemers/eyes-closed/patient25/T4.txt,18469,18501,32,0.0
Alzehiemers/eyes-closed/patient25/T4.txt,20742,20773,31,0.0
Alzehiemers/eyes-closed/patient25/T4.txt,21634,21665,31,0.0
Alzehiemers/eyes-closed/patient25/T5.txt,0,120,120,0.0
Alzehiemers/eyes-closed/patient25/T5.txt,18469,18501,32,0.0
Alzehiemers/eyes-closed/patient25/T5.txt,20742,20773,31,0.0
Alzehiemers/eyes-closed/patient25/T5.txt,21634,21665,31,0.0
Alzehiemers/eyes-closed/patient25/T6.txt,0,120,120,0.0
Alzehiemers/eyes-closed/patient25/T6.txt,18469,18501,32,0.0
Alzehiemers/eyes-closed/patient25/T6.txt,20742,20773,31,0.0
Alzehiemers/eyes-closed/patient25/T6.txt,21634,21665,31,0.0
Alzehiemers/eyes-closed/patient27/C3.txt,3742,3774,32,0.0
Alzehiemers/eyes-closed/patient27/C3.txt,4523,4555,32,0.0
Alzehiemers/eyes-closed/patient27/C3.txt,96346,96378,32,0.0
Alzehiemers/eyes-closed/patient27/C3.txt,98716,98747,31,0.0
Alzehiemers/eyes-closed/patient27/C4.txt,3742,3774,32,0.0
Alzehiemers/eyes-closed/patient27/C4.txt,4523,4554,31,0.0
Alzehiemers/eyes-closed/patient27/C4.txt,96346,96378,32,0.0
Alzehiemers/eyes-closed/patient27/C4.txt,98716,98747,31,0.0
Alzehiemers/eyes-closed/patient27/Cz.txt,3742,3774,32,0.0
Alzehiemers/eyes-closed/patient27/Cz.txt,4523,4555,32,0.0
Alzehiemers/eyes-closed/patient27/Cz.txt,96346,96378,32,0.0
Alzehiemers/eyes-closed/patient27/Cz.txt,98716,98747,31,0.0
Alzehiemers/eyes-closed/patient27/F3.txt,3742,3774,32,0.0
Alzehiemers/eyes-closed/patient27/F3.txt,4523,4554,31,0.0
Alzehiemers/eyes-closed/patient27/F3.txt,96346,96378,32,0.0
Alzehiemers/eyes-closed/patient27/F3.txt,98716,98747,31,0.0
Alzehiemers/eyes-closed/patient27/F4.txt,3742,3774,32,0.0
Alzehiemers/eyes-closed/patient27/F4.txt,4523,4555,32,0.0
Alzehiemers/eyes-closed/patient27/F4.txt,96346,96378,32,0.0
Alzehiemers/eyes-closed/patient27/F4.txt,98716,98747,31,0.0
Alzehiemers/eyes-closed/patient27/F7.txt,3742,3774,32,0.0
Alzehiemers/eyes-closed/patient27/F7.txt,4523,4555,32,0.0
Alzehiemers/eyes-closed/patient27/F7.txt,96346,96378,32,0.0
Alzehiemers/eyes-closed/patient27/F7.txt,98716,98747,31,0.0
Alzehiemers/eyes-closed/patient27/F8.txt,3742,3774,32,0.0
Alzehiemers/eyes-closed/patient27/F8.txt,4523,4555,32,0.0
Alzehiemers/eyes-closed/patient27/F8.txt,96346,96378,32,0.0
Alzehiemers/eyes-closed/patient27/F8.txt,98716,98747,31,0.0
Alzehiemers/eyes-closed/patient27/Fp1.txt,3742,3774,32,0.0
Alzehiemers/eyes-closed/patient27/Fp1.txt,4523,4554,31,0.0
Alzehiemers/eyes-closed/patient27/Fp1.txt,96346,96378,32,0.0
Alzehiemers/eyes-closed/patient27/Fp1.txt,98716,98747,31,0.0
Alzehiemers/eyes-closed/patient27/Fp2.txt,3742,3774,32,0.0
Alzehiemers/eyes-closed/patient27/Fp2.txt,4523,4555,32,0.0
Alzehiemers/eyes-closed/patient27/Fp2.txt,96346,96378,32,0.0
Alzehiemers/eyes-closed/patient27/Fp2.txt,98716,98747,31,0.0
Alzehiemers/eyes-closed/patient27/Fz.txt,3742,3774,32,0.0
Alzehiemers/eyes-closed/patient27/Fz.txt,4523,4554,31,0.0
Alzehiemers/eyes-closed/patient27/Fz.txt,96346,96378,32,0.0
Alzehiemers/eyes-closed/patient27/Fz.txt,98716,98747,31,0.0
Alzehiemers/eyes-closed/patient27/O1.txt,3742,3774,32,0.0
Alzehiemers/eyes-closed/patient27/O1.txt,4523,4555,32,0.0
Alzehiemers/eyes-closed/patient27/O1.txt,96346,96378,32,0.0
Alzehiemers/eyes-closed/patient27/O1.txt,98716,98747,31,0.0
Alzehiemers/eyes-closed/patient27/O2.txt,3742,3774,32,0.0
Alzehiemers/eyes-closed/patient27/O2.txt,4523,4554,31,0.0
Alzehiemers/eyes-closed/patient27/O2.txt,96346,96378,32,0.0
Alzehiemers/eyes-closed/patient27/O2.txt,98716,98747,31,0.0
Alzehiemers/eyes-closed/patient27/P3.txt,3742,3774,32,0.0
Alzehiemers/eyes-closed/patient27/P3.txt,4523,4555,32,0.0
Alzehiemers/eyes-closed/patient27/P3.txt,96346,96378,32,0.0
Alzehiemers/eyes-closed/patient27/P3.txt,98716,98747,31,0.0
Alzehiemers/eyes-closed/patient27/P4.txt,3742,3774,32,0.0
Alzehiemers/eyes-closed/patient27/P4.txt,4523,4554,31,0.0
Alzehiemers/eyes-closed/patient27/P4.txt,96346,96378,32,0.0
Alzehiemers/eyes-closed/patient27/P4.txt,98716,98747,31,0.0
Alzehiemers/eyes-closed/patient27/Pz.txt,3742,3774,32,0.0
Alzehiemers/eyes-closed/patient27/Pz.txt,4523,4555,32,0.0
Alzehiemers/eyes-closed/patient27/Pz.txt,96346,96378,32,0.0
Alzehiemers/eyes-closed/patient27/Pz.txt,98716,98747,31,0.0
Alzehiemers/eyes-closed/patient27/T3.txt,3742,3774,32,0.0
Alzehiemers/eyes-closed/patient27/T3.txt,4523,4554,31,0.0
Alzehiemers/eyes-closed/patient27/T3.txt,96346,96378,32,0.0
Alzehiemers/eyes-closed/patient27/T3.txt,98716,98747,31,0.0
Alzehiemers/eyes-closed/patient27/T4.txt,3742,3774,32,0.0
Alzehiemers/eyes-closed/patient27/T4.txt,4523,4555,32,0.0
Alzehiemers/eyes-closed/patient27/T4.txt,96346,96378,32,0.0
Alzehiemers/eyes-closed/patient27/T4.txt,98716,98747,31,0.0
Alzehiemers/eyes-closed/patient27/T5.txt,3742,3774,32,0.0
Alzehiemers/eyes-closed/patient27/T5.txt,4523,4555,32,0.0
Alzehiemers/eyes-closed/patient27/T5.txt,96346,96378,32,0.0
Alzehiemers/eyes-closed/patient27/T5.txt,98716,98747,31,0.0
Alzehiemers/eyes-closed/patient27/T6.txt,3742,3774,32,0.0
Alzehiemers/eyes-closed/patient27/T6.txt,4523,4554,31,0.0
Alzehiemers/eyes-closed/patient27/T6.txt,96346,96378,32,0.0
Alzehiemers/eyes-closed/patient27/T6.txt,98716,98747,31,0.0
Alzehiemers/eyes-closed/patient28/C3.txt,81629,81658,29,0.0
Alzehiemers/eyes-closed/patient28/C3.txt,85064,85092,28,0.0
Alzehiemers/eyes-closed/patient28/C4.txt,81626,81658,32,0.0
Alzehiemers/eyes-closed/patient28/C4.txt,85061,85092,31,0.0
Alzehiemers/eyes-closed/patient28/Cz.txt,81626,81658,32,0.0
Alzehiemers/eyes-closed/patient28/Cz.txt,85061,85092,31,0.0
Alzehiemers/eyes-closed/patient28/F3.txt,81626,81658,32,0.0
Alzehiemers/eyes-closed/patient28/F3.txt,85061,85092,31,0.0
Alzehiemers/eyes-closed/patient28/F4.txt,81626,81658,32,0.0
Alzehiemers/eyes-closed/patient28/F4.txt,85061,85092,31,0.0
Alzehiemers/eyes-closed/patient28/F7.txt,81626,81658,32,0.0
Alzehiemers/eyes-closed/patient28/F7.txt,85061,85092,31,0.0
Alzehiemers/eyes-closed/patient28/F8.txt,81626,81658,32,0.0
Alzehiemers/eyes-closed/patient28/F8.txt,85061,85092,31,0.0
Alzehiemers/eyes-closed/patient28/Fp1.txt,81626,81658,32,0.0
Alzehiemers/eyes-closed/patient28/Fp1.txt,85061,85092,31,0.0
Alzehiemers/eyes-closed/patient28/Fp2.txt,81626,81658,32,0.0
Alzehiemers/eyes-closed/patient28/Fp2.txt,85061,85092,31,0.0
Alzehiemers/eyes-closed/patient28/Fz.txt,81626,81658,32,0.0
Alzehiemers/eyes-closed/patient28/Fz.txt,85061,85092,31,0.0
Alzehiemers/eyes-closed/patient28/O1.txt,81626,81658,32,0.0
Alzehiemers/eyes-closed/patient28/O1.txt,85061,85092,31,0.0
Alzehiemers/eyes-closed/patient28/O2.txt,81626,81658,32,0.0
Alzehiemers/eyes-closed/patient28/O2.txt,85061,85092,31,0.0
Alzehiemers/eyes-closed/patient28/P3.txt,81626,81658,32,0.0
Alzehiemers/eyes-closed/patient28/P3.txt,85061,85092,31,0.0
Alzehiemers/eyes-closed/patient28/P4.txt,81626,81658,32,0.0
Alzehiemers/eyes-closed/patient28/P4.txt,85061,85092,31,0.0
Alzehiemers/eyes-closed/patient28/Pz.txt,81626,81658,32,0.0
Alzehiemers/eyes-closed/patient28/Pz.txt,85061,85092,31,0.0
Alzehiemers/eyes-closed/patient28/T3.txt,81626,81658,32,0.0
Alzehiemers/eyes-closed/patient28/T3.txt,85061,85092,31,0.0
Alzehiemers/eyes-closed/patient28/T4.txt,81626,81658,32,0.0
Alzehiemers/eyes-closed/patient28/T4.txt,85061,85092,31,0.0
Alzehiemers/eyes-closed/patient28/T5.txt,81626,81658,32,0.0
Alzehiemers/eyes-closed/patient28/T5.txt,85061,85092,31,0.0
Alzehiemers/eyes-closed/patient28/T6.txt,81626,81658,32,0.0
Alzehiemers/eyes-closed/patient28/T6.txt,85061,85092,31,0.0
Alzehiemers/eyes-closed/patient29/C3.txt,20511,20542,31,0.0
Alzehiemers/eyes-closed/patient29/C3.txt,21148,21179,31,0.0
Alzehiemers/eyes-closed/patient29/C3.txt,22046,22077,31,0.0
Alzehiemers/eyes-closed/patient29/C4.txt,20511,20543,32,0.0
Alzehiemers/eyes-closed/patient29/C4.txt,21148,21179,31,0.0
Alzehiemers/eyes-closed/patient29/C4.txt,22046,22077,31,0.0
Alzehiemers/eyes-closed/patient29/Cz.txt,20511,20543,32,0.0
Alzehiemers/eyes-closed/patient29/Cz.txt,21148,21179,31,0.0
Alzehiemers/eyes-closed/patient29/Cz.txt,22046,22077,31,0.0
Alzehiemers/eyes-closed/patient29/F3.txt,20511,20542,31,0.0
Alzehiemers/eyes-closed/patient29/F3.txt,21148,21179,31,0.0
Alzehiemers/eyes-closed/patient29/F3.txt,22046,22077,31,0.0
Alzehiemers/eyes-closed/patient29/F4.txt,20511,20543,32,0.0
Alzehiemers/eyes-closed/patient29/F4.txt,21148,21179,31,0.0
Alzehiemers/eyes-closed/patient29/F4.txt,22046,22077,31,0.0
Alzehiemers/eyes-closed/patient29/F7.txt,20511,20542,31,0.0
Alzehiemers/eyes-closed/patient29/F7.txt,21148,21179,31,0.0
Alzehiemers/eyes-closed/patient29/F7.txt,22046,22077,31,0.0
Alzehiemers/eyes-closed/patient29/F8.txt,20511,20543,32,0.0
Alzehiemers/eyes-closed/patient29/F8.txt,21148,21179,31,0.0
Alzehiemers/eyes-closed/patient29/F8.txt,22046,22077,31,0.0
Alzehiemers/eyes-closed/patient29/Fp1.txt,20511,20542,31,0.0
Alzehiemers/eyes-closed/patient29/Fp1.txt,21148,21179,31,0.0
Alzehiemers/eyes-closed/patient29/Fp1.txt,22046,22077,31,0.0
Alzehiemers/eyes-closed/patient29/Fp2.txt,20511,20542,31,0.0
Alzehiemers/eyes-closed/patient29/Fp2.txt,21148,21179,31,0.0
Alzehiemers/eyes-closed/patient29/Fp2.txt,22046,22077,31,0.0
Alzehiemers/eyes-closed/patient29/Fz.txt,20511,20542,31,0.0
Alzehiemers/eyes-closed/patient29/Fz.txt,21148,21179,31,0.0
Alzehiemers/eyes-closed/patient29/Fz.txt,22046,22077,31,0.0
Alzehiemers/eyes-closed/patient29/O1.txt,20511,20543,32,0.0
Alzehiemers/eyes-closed/patient29/O1.txt,21148,21179,31,0.0
Alzehiemers/eyes-closed/patient29/O1.txt,22046,22077,31,0.0
Alzehiemers/eyes-closed/patient29/O2.txt,20511,20543,32,0.0
Alzehiemers/eyes-closed/patient29/O2.txt,21148,21179,31,0.0
Alzehiemers/eyes-closed/patient29/O2.txt,22046,22077,31,0.0
Alzehiemers/eyes-closed/patient29/P3.txt,20511,20542,31,0.0
Alzehiemers/eyes-closed/patient29/P3.txt,21148,21179,31,0.0
Alzehiemers/eyes-closed/patient29/P3.txt,22046,22077,31,0.0
Alzehiemers/eyes-closed/patient29/P4.txt,20511,20542,31,0.0
Alzehiemers/eyes-closed/patient29/P4.txt,21148,21179,31,0.0
Alzehiemers/eyes-closed/patient29/P4.txt,22046,22077,31,0.0
Alzehiemers/eyes-closed/patient29/Pz.txt,20511,20542,31,0.0
Alzehiemers/eyes-closed/patient29/Pz.txt,21148,21179,31,0.0
Alzehiemers/eyes-closed/patient29/Pz.txt,22046,22077,31,0.0
Alzehiemers/eyes-closed/patient29/T3.txt,20511,20542,31,0.0
Alzehiemers/eyes-closed/patient29/T3.txt,21148,21179,31,0.0
Alzehiemers/eyes-closed/patient29/T3.txt,22046,22077,31,0.0
Alzehiemers/eyes-closed/patient29/T4.txt,20511,20542,31,0.0
Alzehiemers/eyes-closed/patient29/T4.txt,21148,21179,31,0.0
Alzehiemers/eyes-closed/patient29/T4.txt,22046,22077,31,0.0
Alzehiemers/eyes-closed/patient29/T5.txt,20511,20543,32,0.0
Alzehiemers/eyes-closed/patient29/T5.txt,21148,21179,31,0.0
Alzehiemers/eyes-closed/patient29/T5.txt,22046,22077,31,0.0
Alzehiemers/eyes-closed/patient29/T6.txt,20511,20542,31,0.0
Alzehiemers/eyes-closed/patient29/T6.txt,21148,21179,31,0.0
Alzehiemers/eyes-closed/patient29/T6.txt,22046,22077,31,0.0
Alzehiemers/eyes-closed/patient30/C3.txt,44257,44288,31,0.0
Alzehiemers/eyes-closed/patient30/C3.txt,45646,45677,31,0.0
Alzehiemers/eyes-closed/patient30/C4.txt,44257,44288,31,0.0
Alzehiemers/eyes-closed/patient30/C4.txt,45646,45677,31,0.0
Alzehiemers/eyes-closed/patient30/Cz.txt,44257,44288,31,0.0
Alzehiemers/eyes-closed/patient30/Cz.txt,45646,45677,31,0.0
Alzehiemers/eyes-closed/patient30/F3.txt,44257,44288,31,0.0
Alzehiemers/eyes-closed/patient30/F3.txt,45646,45677,31,0.0
Alzehiemers/eyes-closed/patient30/F4.txt,44257,44288,31,0.0
Alzehiemers/eyes-closed/patient30/F4.txt,45646,45677,31,0.0
Alzehiemers/eyes-closed/patient30/F7.txt,44257,44288,31,0.0
Alzehiemers/eyes-closed/patient30/F7.txt,45646,45677,31,0.0
Alzehiemers/eyes-closed/patient30/F8.txt,44257,44288,31,0.0
Alzehiemers/eyes-closed/patient30/F8.txt,45646,45677,31,0.0
Alzehiemers/eyes-closed/patient30/Fp1.txt,44257,44288,31,0.0
Alzehiemers/eyes-closed/patient30/Fp1.txt,45646,45677,31,0.0
Alzehiemers/eyes-closed/patient30/Fp2.txt,44257,44288,31,0.0
Alzehiemers/eyes-closed/patient30/Fp2.txt,45646,45677,31,0.0
Alzehiemers/eyes-closed/patient30/Fz.txt,44257,44288,31,0.0
Alzehiemers/eyes-closed/patient30/Fz.txt,45646,45677,31,0.0
Alzehiemers/eyes-closed/patient30/O1.txt,44257,44288,31,0.0
Alzehiemers/eyes-closed/patient30/O1.txt,45646,45677,31,0.0
Alzehiemers/eyes-closed/patient30/O2.txt,44257,44288,31,0.0
Alzehiemers/eyes-closed/patient30/O2.txt,45646,45677,31,0.0
Alzehiemers/eyes-closed/patient30/P3.txt,44257,44288,31,0.0
Alzehiemers/eyes-closed/patient30/P3.txt,45646,45677,31,0.0
Alzehiemers/eyes-closed/patient30/P4.txt,44257,44288,31,0.0
Alzehiemers/eyes-closed/patient30/P4.txt,45646,45677,31,0.0
Alzehiemers/eyes-closed/patient30/Pz.txt,44257,44288,31,0.0
Alzehiemers/eyes-closed/patient30/Pz.txt,45646,45677,31,0.0
Alzehiemers/eyes-closed/patient30/T3.txt,44257,44288,31,0.0
Alzehiemers/eyes-closed/patient30/T3.txt,45646,45677,31,0.0
Alzehiemers/eyes-closed/patient30/T4.txt,44257,44288,31,0.0
Alzehiemers/eyes-closed/patient30/T4.txt,45646,45677,31,0.0
Alzehiemers/eyes-closed/patient30/T5.txt,44257,44288,31,0.0
Alzehiemers/eyes-closed/patient30/T5.txt,45646,45677,31,0.0
Alzehiemers/eyes-closed/patient30/T6.txt,44257,44288,31,0.0
Alzehiemers/eyes-closed/patient30/T6.txt,45646,45677,31,0.0
Alzehiemers/eyes-closed/patient32/C3.txt,7897,7929,32,0.0
Alzehiemers/eyes-closed/patient32/C3.txt,8659,8690,31,0.0
Alzehiemers/eyes-closed/patient32/C3.txt,9673,9705,32,0.0
Alzehiemers/eyes-closed/patient32/C3.txt,68129,68160,31,0.0
Alzehiemers/eyes-closed/patient32/C3.txt,73238,73269,31,0.0
Alzehiemers/eyes-closed/patient32/C3.txt,76646,76677,31,0.0
Alzehiemers/eyes-closed/patient32/C3.txt,78625,78656,31,0.0
Alzehiemers/eyes-closed/patient32/C3.txt,81324,81355,31,0.0
Alzehiemers/eyes-closed/patient32/C3.txt,84362,84393,31,0.0
Alzehiemers/eyes-closed/patient32/C3.txt,90362,90394,32,0.0
Alzehiemers/eyes-closed/patient32/C3.txt,92737,92768,31,0.0
Alzehiemers/eyes-closed/patient32/C3.txt,93846,93877,31,0.0
Alzehiemers/eyes-closed/patient32/C4.txt,7897,7929,32,0.0
Alzehiemers/eyes-closed/patient32/C4.txt,8659,8690,31,0.0
Alzehiemers/eyes-closed/patient32/C4.txt,9673,9705,32,0.0
Alzehiemers/eyes-closed/patient32/C4.txt,68129,68160,31,0.0
Alzehiemers/eyes-closed/patient32/C4.txt,73238,73269,31,0.0
Alzehiemers/eyes-closed/patient32/C4.txt,76646,76677,31,0.0
Alzehiemers/eyes-closed/patient32/C4.txt,78625,78656,31,0.0
Alzehiemers/eyes-closed/patient32/C4.txt,81324,81356,32,0.0
Alzehiemers/eyes-closed/patient32/C4.txt,84362,84393,31,0.0
Alzehiemers/eyes-closed/patient32/C4.txt,90362,90394,32,0.0
Alzehiemers/eyes-closed/patient32/C4.txt,92737,92768,31,0.0
Alzehiemers/eyes-closed/patient32/C4.txt,93846,93877,31,0.0
Alzehiemers/eyes-closed/patient32/Cz.txt,7897,7929,32,0.0
Alzehiemers/eyes-closed/patient32/Cz.txt,8659,8690,31,0.0
Alzehiemers/eyes-closed/patient32/Cz.txt,9673,9705,32,0.0
Alzehiemers/eyes-closed/patient32/Cz.txt,68129,68160,31,0.0
Alzehiemers/eyes-closed/patient32/Cz.txt,73238,73269,31,0.0
Alzehiemers/eyes-closed/patient32/Cz.txt,76646,76677,31,0.0
Alzehiemers/eyes-closed/patient32/Cz.txt,78625,78656,31,0.0
Alzehiemers/eyes-closed/patient32/Cz.txt,81324,81355,31,0.0
Alzehiemers/eyes-closed/patient32/Cz.txt,84362,84393,31,0.0
Alzehiemers/eyes-closed/patient32/Cz.txt,90362,90394,32,0.0
Alzehiemers/eyes-closed/patient32/Cz.txt,92737,92768,31,0.0
Alzehiemers/eyes-closed/patient32/Cz.txt,93846,93877,31,0.0
Alzehiemers/eyes-closed/patient32/F3.txt,7897,7929,32,0.0
Alzehiemers/eyes-closed/patient32/F3.txt,8659,8690,31,0.0
Alzehiemers/eyes-closed/patient32/F3.txt,9673,9705,32,0.0
Alzehiemers/eyes-closed/patient32/F3.txt,68129,68160,31,0.0
Alzehiemers/eyes-closed/patient32/F3.txt,73238,73269,31,0.0
Alzehiemers/eyes-closed/patient32/F3.txt,76646,76677,31,0.0
Alzehiemers/eyes-closed/patient32/F3.txt,78625,78656,31,0.0
Alzehiemers/eyes-closed/patient32/F3.txt,81324,81355,31,0.0
Alzehiemers/eyes-closed/patient32/F3.txt,84362,84393,31,0.0
Alzehiemers/eyes-closed/patient32/F3.txt,90362,90394,32,0.0
Alzehiemers/eyes-closed/patient32/F3.txt,92737,92768,31,0.0
Alzehiemers/eyes-closed/patient32/F3.txt,93846,93877,31,0.0
Alzehiemers/eyes-closed/patient32/F4.txt,7897,7929,32,0.0
Alzehiemers/eyes-closed/patient32/F4.txt,8659,8690,31,0.0
Alzehiemers/eyes-closed/patient32/F4.txt,9673,9705,32,0.0
Alzehiemers/eyes-closed/patient32/F4.txt,68129,68160,31,0.0
Alzehiemers/eyes-closed/patient32/F4.txt,73238,73269,31,0.0
Alzehiemers/eyes-closed/patient32/F4.txt,76646,76677,31,0.0
Alzehiemers/eyes-closed/patient32/F4.txt,78625,78656,31,0.0
Alzehiemers/eyes-closed/patient32/F4.txt,81324,81355,31,0.0
Alzehiemers/eyes-closed/patient32/F4.txt,84362,84393,31,0.0
Alzehiemers/eyes-closed/patient32/F4.txt,90362,90394,32,0.0
Alzehiemers/eyes-closed/patient32/F4.txt,92737,92768,31,0.0
Alzehiemers/eyes-closed/patient32/F4.txt,93846,93877,31,0.0
Alzehiemers/eyes-closed/patient32/F7.txt,7897,7929,32,0.0
Alzehiemers/eyes-closed/patient32/F7.txt,8659,8690,31,0.0
Alzehiemers/eyes-closed/patient32/F7.txt,9673,9705,32,0.0
Alzehiemers/eyes-closed/patient32/F7.txt,68129,68160,31,0.0
Alzehiemers/eyes-closed/patient32/F7.txt,73238,73269,31,0.0
Alzehiemers/eyes-closed/patient32/F7.txt,76646,76677,31,0.0
Alzehiemers/eyes-closed/patient32/F7.txt,78625,78656,31,0.0
Alzehiemers/eyes-closed/patient32/F7.txt,81324,81355,31,0.0
Alzehiemers/eyes-closed/patient32/F7.txt,84362,84393,31,0.0
Alzehiemers/eyes-closed/patient32/F7.txt,90362,90394,32,0.0
Alzehiemers/eyes-closed/patient32/F7.txt,92737,92768,31,0.0
Alzehiemers/eyes-closed/patient32/F7.txt,93846,93877,31,0.0
Alzehiemers/eyes-closed/patient32/F8.txt,7897,7929,32,0.0
Alzehiemers/eyes-closed/patient32/F8.txt,8659,8690,31,0.0
Alzehiemers/eyes-closed/patient32/F8.txt,9673,9705,32,0.0
Alzehiemers/eyes-closed/patient32/F8.txt,68129,68160,31,0.0
Alzehiemers/eyes-closed/patient32/F8.txt,73238,73269,31,0.0
Alzehiemers/eyes-closed/patient32/F8.txt,76646,76677,31,0.0
Alzehiemers/eyes-closed/patient32/F8.txt,78625,78656,31,0.0
Alzehiemers/eyes-closed/patient32/F8.txt,81324,81356,32,0.0
Alzehiemers/eyes-closed/patient32/F8.txt,84362,84394,32,0.0
Alzehiemers/eyes-closed/patient32/F8.txt,90362,90394,32,0.0
Alzehiemers/eyes-closed/patient32/F8.txt,92737,92768,31,0.0
Alzehiemers/eyes-closed/patient32/F8.txt,93846,93877,31,0.0
Alzehiemers/eyes-closed/patient32/Fp1.txt,7897,7929,32,0.0
Alzehiemers/eyes-closed/patient32/Fp1.txt,8659,8690,31,0.0
Alzehiemers/eyes-closed/patient32/Fp1.txt,9673,9705,32,0.0
Alzehiemers/eyes-closed/patient32/Fp1.txt,68129,68160,31,0.0
Alzehiemers/eyes-closed/patient32/Fp1.txt,73238,73269,31,0.0
Alzehiemers/eyes-closed/patient32/Fp1.txt,76646,76677,31,0.0
Alzehiemers/eyes-closed/patient32/Fp1.txt,78625,78656,31,0.0
Alzehiemers/eyes-closed/patient32/Fp1.txt,81324,81356,32,0.0
Alzehiemers/eyes-closed/patient32/Fp1.txt,84362,84393,31,0.0
Alzehiemers/eyes-closed/patient32/Fp1.txt,90362,90394,32,0.0
Alzehiemers/eyes-closed/patient32/Fp1.txt,92737,92768,31,0.0
Alzehiemers/eyes-closed/patient32/Fp1.txt,93846,93877,31,0.0
Alzehiemers/eyes-closed/patient32/Fp2.txt,7897,7929,32,0.0
Alzehiemers/eyes-closed/patient32/Fp2.txt,8659,8690,31,0.0
Alzehiemers/eyes-closed/patient32/Fp2.txt,9673,9705,32,0.0
Alzehiemers/eyes-closed/patient32/Fp2.txt,68129,68160,31,0.0
Alzehiemers/eyes-closed/patient32/Fp2.txt,73238,73269,31,0.0
Alzehiemers/eyes-closed/patient32/Fp2.txt,76646,76677,31,0.0
Alzehiemers/eyes-closed/patient32/Fp2.txt,78625,78656,31,0.0
Alzehiemers/eyes-closed/patient32/Fp2.txt,81324,81356,32,0.0
Alzehiemers/eyes-closed/patient32/Fp2.txt,84362,84394,32,0.0
Alzehiemers/eyes-closed/patient32/Fp2.txt,90362,90394,32,0.0
Alzehiemers/eyes-closed/patient32/Fp2.txt,92737,92768,31,0.0
Alzehiemers/eyes-closed/patient32/Fp2.txt,93846,93877,31,0.0
Alzehiemers/eyes-closed/patient32/Fz.txt,7897,7929,32,0.0
Alzehiemers/eyes-closed/patient32/Fz.txt,8659,8690,31,0.0
Alzehiemers/eyes-closed/patient32/Fz.txt,9673,9705,32,0.0
Alzehiemers/eyes-closed/patient32/Fz.txt,68129,68160,31,0.0
Alzehiemers/eyes-closed/patient32/Fz.txt,73238,73269,31,0.0
Alzehiemers/eyes-closed/patient32/Fz.txt,76646,76677,31,0.0
Alzehiemers/eyes-closed/patient32/Fz.txt,78625,78656,31,0.0
Alzehiemers/eyes-closed/patient32/Fz.txt,81324,81355,31,0.0
Alzehiemers/eyes-closed/patient32/Fz.txt,84362,84393,31,0.0
Alzehiemers/eyes-closed/patient32/Fz.txt,90362,90394,32,0.0
Alzehiemers/eyes-closed/patient32/Fz.txt,92737,92768,31,0.0
Alzehiemers/eyes-closed/patient32/Fz.txt,93846,93877,31,0.0
Alzehiemers/eyes-closed/patient32/O1.txt,7897,7929,32,0.0
Alzehiemers/eyes-closed/patient32/O1.txt,8659,8690,31,0.0
Alzehiemers/eyes-closed/patient32/O1.txt,9673,9705,32,0.0
Alzehiemers/eyes-closed/patient32/O1.txt,68129,68160,31,0.0
Alzehiemers/eyes-closed/patient32/O1.txt,73238,73269,31,0.0
Alzehiemers/eyes-closed/patient32/O1.txt,76646,76677,31,0.0
Alzehiemers/eyes-closed/patient32/O1.txt,78625,78656,31,0.0
Alzehiemers/eyes-closed/patient32/O1.txt,81324,81356,32,0.0
Alzehiemers/eyes-closed/patient32/O1.txt,84362,84393,31,0.0
Alzehiemers/eyes-closed/patient32/O1.txt,90362,90394,32,0.0
Alzehiemers/eyes-closed/patient32/O1.txt,92737,92768,31,0.0
Alzehiemers/eyes-closed/patient32/O1.txt,93846,93877,31,0.0
Alzehiemers/eyes-closed/patient32/O2.txt,7897,7929,32,0.0
Alzehiemers/eyes-closed/patient32/O2.txt,8659,8690,31,0.0
Alzehiemers/eyes-closed/patient32/O2.txt,9673,9705,32,0.0
Alzehiemers/eyes-closed/patient32/O2.txt,68129,68160,31,0.0
Alzehiemers/eyes-closed/patient32/O2.txt,73238,73269,31,0.0
Alzehiemers/eyes-closed/patient32/O2.txt,76646,76677,31,0.0
Alzehiemers/eyes-closed/patient32/O2.txt,78625,78656,31,0.0
Alzehiemers/eyes-closed/patient32/O2.txt,81324,81356,32,0.0
Alzehiemers/eyes-closed/patient32/O2.txt,84362,84393,31,0.0
Alzehiemers/eyes-closed/patient32/O2.txt,90362,90394,32,0.0
Alzehiemers/eyes-closed/patient32/O2.txt,92737,92768,31,0.0
Alzehiemers/eyes-closed/patient32/O2.txt,93846,93877,31,0.0
Alzehiemers/eyes-closed/patient32/P3.txt,7897,7929,32,0.0
Alzehiemers/eyes-closed/patient32/P3.txt,8659,8690,31,0.0
Alzehiemers/eyes-closed/patient32/P3.txt,9673,9705,32,0.0
Alzehiemers/eyes-closed/patient32/P3.txt,68129,68160,31,0.0
Alzehiemers/eyes-closed/patient32/P3.txt,73238,73269,31,0.0
Alzehiemers/eyes-closed/patient32/P3.txt,76646,76677,31,0.0
Alzehiemers/eyes-closed/patient32/P3.txt,78625,78656,31,0.0
Alzehiemers/eyes-closed/patient32/P3.txt,81324,81356,32,0.0
Alzehiemers/eyes-closed/patient32/P3.txt,84362,84393,31,0.0
Alzehiemers/eyes-closed/patient32/P3.txt,90362,90394,32,0.0
Alzehiemers/eyes-closed/patient32/P3.txt,92737,92768,31,0.0
Alzehiemers/eyes-closed/patient32/P3.txt,93846,93877,31,0.0
Alzehiemers/eyes-closed/patient32/P4.txt,7897,7929,32,0.0
Alzehiemers/eyes-closed/patient32/P4.txt,8659,8690,31,0.0
Alzehiemers/eyes-closed/patient32/P4.txt,9673,9705,32,0.0
Alzehiemers/eyes-closed/patient32/P4.txt,68129,68160,31,0.0
Alzehiemers/eyes-closed/patient32/P4.txt,73238,73269,31,0.0
Alzehiemers/eyes-closed/patient32/P4.txt,76646,76677,31,0.0
Alzehiemers/eyes-closed/patient32/P4.txt,78625,78656,31,0.0
Alzehiemers/eyes-closed/patient32/P4.txt,81324,81356,32,0.0
Alzehiemers/eyes-closed/patient32/P4.txt,84362,84393,31,0.0
Alzehiemers/eyes-closed/patient32/P4.txt,90362,90394,32,0.0
Alzehiemers/eyes-closed/patient32/P4.txt,92737,92768,31,0.0
Alzehiemers/eyes-closed/patient32/P4.txt,93846,93877,31,0.0
Alzehiemers/eyes-closed/patient32/Pz.txt,7897,7929,32,0.0
Alzehiemers/eyes-closed/patient32/Pz.txt,8659,8690,31,0.0
Alzehiemers/eyes-closed/patient32/Pz.txt,9673,9705,32,0.0
Alzehiemers/eyes-closed/patient32/Pz.txt,68129,68160,31,0.0
Alzehiemers/eyes-closed/patient32/Pz.txt,73238,73269,31,0.0
Alzehiemers/eyes-closed/patient32/Pz.txt,76646,76677,31,0.0
Alzehiemers/eyes-closed/patient32/Pz.txt,78625,78656,31,0.0
Alzehiemers/eyes-closed/patient32/Pz.txt,81324,81355,31,0.0
Alzehiemers/eyes-closed/patient32/Pz.txt,84362,84394,32,0.0
Alzehiemers/eyes-closed/patient32/Pz.txt,90362,90394,32,0.0
Alzehiemers/eyes-closed/patient32/Pz.txt,92737,92768,31,0.0
Alzehiemers/eyes-closed/patient32/Pz.txt,93846,93877,31,0.0
Alzehiemers/eyes-closed/patient32/T3.txt,7897,7929,32,0.0
Alzehiemers/eyes-closed/patient32/T3.txt,8659,8690,31,0.0
Alzehiemers/eyes-closed/patient32/T3.txt,9673,9705,32,0.0
Alzehiemers/eyes-closed/patient32/T3.txt,68129,68160,31,0.0
Alzehiemers/eyes-closed/patient32/T3.txt,73238,73269,31,0.0
Alzehiemers/eyes-closed/patient32/T3.txt,76646,76677,31,0.0
Alzehiemers/eyes-closed/patient32/T3.txt,78625,78656,31,0.0
Alzehiemers/eyes-closed/patient32/T3.txt,81324,81355,31,0.0
Alzehiemers/eyes-closed/patient32/T3.txt,84362,84393,31,0.0
Alzehiemers/eyes-closed/patient32/T3.txt,90362,90394,32,0.0
Alzehiemers/eyes-closed/patient32/T3.txt,92737,92768,31,0.0
Alzehiemers/eyes-closed/patient32/T3.txt,93846,93877,31,0.0
Alzehiemers/eyes-closed/patient32/T4.txt,7897,7929,32,0.0
Alzehiemers/eyes-closed/patient32/T4.txt,8659,8690,31,0.0
Alzehiemers/eyes-closed/patient32/T4.txt,9673,9705,32,0.0
Alzehiemers/eyes-closed/patient32/T4.txt,68129,68160,31,0.0
Alzehiemers/eyes-closed/patient32/T4.txt,73238,73269,31,0.0
Alzehiemers/eyes-closed/patient32/T4.txt,76646,76677,31,0.0
Alzehiemers/eyes-closed/patient32/T4.txt,78625,78656,31,0.0
Alzehiemers/eyes-closed/patient32/T4.txt,81324,81355,31,0.0
Alzehiemers/eyes-closed/patient32/T4.txt,84362,84393,31,0.0
Alzehiemers/eyes-closed/patient32/T4.txt,90362,90394,32,0.0
Alzehiemers/eyes-closed/patient32/T4.txt,92737,92768,31,0.0
Alzehiemers/eyes-closed/patient32/T4.txt,93846,93877,31,0.0
Alzehiemers/eyes-closed/patient32/T5.txt,7897,7929,32,0.0
Alzehiemers/eyes-closed/patient32/T5.txt,8659,8690,31,0.0
Alzehiemers/eyes-closed/patient32/T5.txt,9673,9705,32,0.0
Alzehiemers/eyes-closed/patient32/T5.txt,68129,68160,31,0.0
Alzehiemers/eyes-closed/patient32/T5.txt,73238,73269,31,0.0
Alzehiemers/eyes-closed/patient32/T5.txt,76646,76677,31,0.0
Alzehiemers/eyes-closed/patient32/T5.txt,78625,78656,31,0.0
Alzehiemers/eyes-closed/patient32/T5.txt,81324,81356,32,0.0
Alzehiemers/eyes-closed/patient32/T5.txt,84362,84394,32,0.0
Alzehiemers/eyes-closed/patient32/T5.txt,90362,90394,32,0.0
Alzehiemers/eyes-closed/patient32/T5.txt,92737,92768,31,0.0
Alzehiemers/eyes-closed/patient32/T5.txt,93846,93877,31,0.0
Alzehiemers/eyes-closed/patient32/T6.txt,7897,7929,32,0.0
Alzehiemers/eyes-closed/patient32/T6.txt,8659,8690,31,0.0
Alzehiemers/eyes-closed/patient32/T6.txt,9673,9705,32,0.0
Alzehiemers/eyes-closed/patient32/T6.txt,68129,68160,31,0.0
Alzehiemers/eyes-closed/patient32/T6.txt,73238,73269,31,0.0
Alzehiemers/eyes-closed/patient32/T6.txt,76646,76677,31,0.0
Alzehiemers/eyes-closed/patient32/T6.txt,78625,78656,31,0.0
Alzehiemers/eyes-closed/patient32/T6.txt,81324,81356,32,0.0
Alzehiemers/eyes-closed/patient32/T6.txt,84362,84393,31,0.0
Alzehiemers/eyes-closed/patient32/T6.txt,90362,90394,32,0.0
Alzehiemers/eyes-closed/patient32/T6.txt,92737,92768,31,0.0
Alzehiemers/eyes-closed/patient32/T6.txt,93846,93877,31,0.0
Alzehiemers/eyes-closed/patient34/C3.txt,3400,3431,31,0.0
Alzehiemers/eyes-closed/patient34/C3.txt,3936,3967,31,0.0
Alzehiemers/eyes-closed/patient34/C3.txt,100428,100459,31,0.0
Alzehiemers/eyes-closed/patient34/C3.txt,106396,106427,31,0.0
Alzehiemers/eyes-closed/patient34/C4.txt,3400,3431,31,0.0
Alzehiemers/eyes-closed/patient34/C4.txt,3936,3967,31,0.0
Alzehiemers/eyes-closed/patient34/C4.txt,100428,100459,31,0.0
Alzehiemers/eyes-closed/patient34/C4.txt,106396,106427,31,0.0
Alzehiemers/eyes-closed/patient34/Cz.txt,3400,3431,31,0.0
Alzehiemers/eyes-closed/patient34/Cz.txt,3936,3967,31,0.0
Alzehiemers/eyes-closed/patient34/Cz.txt,100428,100459,31,0.0
Alzehiemers/eyes-closed/patient34/Cz.txt,106396,106427,31,0.0
Alzehiemers/eyes-closed/patient34/F3.txt,3400,3431,31,0.0
Alzehiemers/eyes-closed/patient34/F3.txt,3936,3967,31,0.0
Alzehiemers/eyes-closed/patient34/F3.txt,100428,100459,31,0.0
Alzehiemers/eyes-closed/patient34/F3.txt,106396,106427,31,0.0
Alzehiemers/eyes-closed/patient34/F4.txt,3400,3431,31,0.0
Alzehiemers/eyes-closed/patient34/F4.txt,3936,3967,31,0.0
Alzehiemers/eyes-closed/patient34/F4.txt,100428,100459,31,0.0
Alzehiemers/eyes-closed/patient34/F4.txt,106396,106427,31,0.0
Alzehiemers/eyes-closed/patient34/F7.txt,3400,3431,31,0.0
Alzehiemers/eyes-closed/patient34/F7.txt,3936,3967,31,0.0
Alzehiemers/eyes-closed/patient34/F7.txt,100428,100459,31,0.0
Alzehiemers/eyes-closed/patient34/F7.txt,106396,106427,31,0.0
Alzehiemers/eyes-closed/patient34/F8.txt,3400,3431,31,0.0
Alzehiemers/eyes-closed/patient34/F8.txt,3936,3967,31,0.0
Alzehiemers/eyes-closed/patient34/F8.txt,100428,100459,31,0.0
Alzehiemers/eyes-closed/patient34/F8.txt,106396,106427,31,0.0
Alzehiemers/eyes-closed/patient34/Fp1.txt,3400,3431,31,0.0
Alzehiemers/eyes-closed/patient34/Fp1.txt,3936,3967,31,0.0
Alzehiemers/eyes-closed/patient34/Fp1.txt,100428,100459,31,0.0
Alzehiemers/eyes-closed/patient34/Fp1.txt,106396,106427,31,0.0
Alzehiemers/eyes-closed/patient34/Fp2.txt,3400,3431,31,0.0
Alzehiemers/eyes-closed/patient34/Fp2.txt,3936,3967,31,0.0
Alzehiemers/eyes-closed/patient34/Fp2.txt,100428,100459,31,0.0
Alzehiemers/eyes-closed/patient34/Fp2.txt,106396,106427,31,0.0
Alzehiemers/eyes-closed/patient34/Fz.txt,3400,3431,31,0.0
Alzehiemers/eyes-closed/patient34/Fz.txt,3936,3967,31,0.0
Alzehiemers/eyes-closed/patient34/Fz.txt,100428,100459,31,0.0
Alzehiemers/eyes-closed/patient34/Fz.txt,106396,106427,31,0.0
Alzehiemers/eyes-closed/patient34/O1.txt,3400,3431,31,0.0
Alzehiemers/eyes-closed/patient34/O1.txt,3936,3967,31,0.0
Alzehiemers/eyes-closed/patient34/O1.txt,100428,100459,31,0.0
Alzehiemers/eyes-closed/patient34/O1.txt,106396,106427,31,0.0
Alzehiemers/eyes-closed/patient34/O2.txt,3400,3431,31,0.0
Alzehiemers/eyes-closed/patient34/O2.txt,3936,3967,31,0.0
Alzehiemers/eyes-closed/patient34/O2.txt,100428,100459,31,0.0
Alzehiemers/eyes-closed/patient34/O2.txt,106396,106427,31,0.0
Alzehiemers/eyes-closed/patient34/P3.txt,3400,3431,31,0.0
Alzehiemers/eyes-closed/patient34/P3.txt,3936,3967,31,0.0
Alzehiemers/eyes-closed/patient34/P3.txt,100428,100459,31,0.0
Alzehiemers/eyes-closed/patient34/P3.txt,106396,106427,31,0.0
Alzehiemers/eyes-closed/patient34/P4.txt,3400,3431,31,0.0
Alzehiemers/eyes-closed/patient34/P4.txt,3936,3967,31,0.0
Alzehiemers/eyes-closed/patient34/P4.txt,100428,100459,31,0.0
Alzehiemers/eyes-closed/patient34/P4.txt,106396,106427,31,0.0
Alzehiemers/eyes-closed/patient34/Pz.txt,3400,3431,31,0.0
Alzehiemers/eyes-closed/patient34/Pz.txt,3936,3967,31,0.0
Alzehiemers/eyes-closed/patient34/Pz.txt,100428,100459,31,0.0
Alzehiemers/eyes-closed/patient34/Pz.txt,106396,106427,31,0.0
Alzehiemers/eyes-closed/patient34/T3.txt,3400,3431,31,0.0
Alzehiemers/eyes-closed/patient34/T3.txt,3936,3967,31,0.0
Alzehiemers/eyes-closed/patient34/T3.txt,100428,100459,31,0.0
Alzehiemers/eyes-closed/patient34/T3.txt,106396,106427,31,0.0
Alzehiemers/eyes-closed/patient34/T4.txt,3400,3431,31,0.0
Alzehiemers/eyes-closed/patient34/T4.txt,3936,3967,31,0.0
Alzehiemers/eyes-closed/patient34/T4.txt,100428,100459,31,0.0
Alzehiemers/eyes-closed/patient34/T4.txt,106396,106427,31,0.0
Alzehiemers/eyes-closed/patient34/T5.txt,3400,3431,31,0.0
Alzehiemers/eyes-closed/patient34/T5.txt,3936,3967,31,0.0
Alzehiemers/eyes-closed/patient34/T5.txt,100428,100459,31,0.0
Alzehiemers/eyes-closed/patient34/T5.txt,106396,106427,31,0.0
Alzehiemers/eyes-closed/patient34/T6.txt,3400,3431,31,0.0
Alzehiemers/eyes-closed/patient34/T6.txt,3936,3967,31,0.0
Alzehiemers/eyes-closed/patient34/T6.txt,100428,100459,31,0.0
Alzehiemers/eyes-closed/patient34/T6.txt,106396,106427,31,0.0
Healthy/eyes-closed/patient7/C3.txt,82336,82367,31,0.0
Healthy/eyes-closed/patient7/C3.txt,83154,83185,31,0.0
Healthy/eyes-closed/patient7/C3.txt,84286,84317,31,0.0
Healthy/eyes-closed/patient7/C4.txt,82336,82367,31,0.0
Healthy/eyes-closed/patient7/C4.txt,83154,83185,31,0.0
Healthy/eyes-closed/patient7/C4.txt,84286,84317,31,0.0
Healthy/eyes-closed/patient7/Cz.txt,82336,82367,31,0.0
Healthy/eyes-closed/patient7/Cz.txt,83154,83185,31,0.0
Healthy/eyes-closed/patient7/Cz.txt,84286,84317,31,0.0
Healthy/eyes-closed/patient7/F3.txt,82336,82367,31,0.0
Healthy/eyes-closed/patient7/F3.txt,83154,83185,31,0.0
Healthy/eyes-closed/patient7/F3.txt,84286,84317,31,0.0
Healthy/eyes-closed/patient7/F4.txt,82336,82367,31,0.0
Healthy/eyes-closed/patient7/F4.txt,83154,83185,31,0.0
Healthy/eyes-closed/patient7/F4.txt,84286,84317,31,0.0
Healthy/eyes-closed/patient7/F7.txt,82336,82367,31,0.0
Healthy/eyes-closed/patient7/F7.txt,83154,83185,31,0.0
Healthy/eyes-closed/patient7/F7.txt,84286,84317,31,0.0
Healthy/eyes-closed/patient7/F8.txt,82336,82367,31,0.0
Healthy/eyes-closed/patient7/F8.txt,83154,83185,31,0.0
Healthy/eyes-closed/patient7/F8.txt,84286,84317,31,0.0
Healthy/eyes-closed/patient7/Fp1.txt,82336,82367,31,0.0
Healthy/eyes-closed/patient7/Fp1.txt,83154,83185,31,0.0
Healthy/eyes-closed/patient7/Fp1.txt,84286,84317,31,0.0
Healthy/eyes-closed/patient7/Fp2.txt,82336,82367,31,0.0
Healthy/eyes-closed/patient7/Fp2.txt,83154,83185,31,0.0
Healthy/eyes-closed/patient7/Fp2.txt,84286,84317,31,0.0
Healthy/eyes-closed/patient7/Fz.txt,82336,82367,31,0.0
Healthy/eyes-closed/patient7/Fz.txt,83154,83185,31,0.0
Healthy/eyes-closed/patient7/Fz.txt,84286,84317,31,0.0
Healthy/eyes-closed/patient7/O1.txt,82336,82367,31,0.0
Healthy/eyes-closed/patient7/O1.txt,83154,83185,31,0.0
Healthy/eyes-closed/patient7/O1.txt,84286,84317,31,0.0
Healthy/eyes-closed/patient7/O2.txt,82336,82367,31,0.0
Healthy/eyes-closed/patient7/O2.txt,83154,83185,31,0.0
Healthy/eyes-closed/patient7/O2.txt,84286,84317,31,0.0
Healthy/eyes-closed/patient7/P3.txt,82336,82367,31,0.0
Healthy/eyes-closed/patient7/P3.txt,83154,83185,31,0.0
Healthy/eyes-closed/patient7/P3.txt,84286,84317,31,0.0
Healthy/eyes-closed/patient7/P4.txt,82336,82367,31,0.0
Healthy/eyes-closed/patient7/P4.txt,83154,83185,31,0.0
Healthy/eyes-closed/patient7/P4.txt,84286,84317,31,0.0
Healthy/eyes-closed/patient7/Pz.txt,82336,82367,31,0.0
Healthy/eyes-closed/patient7/Pz.txt,83154,83185,31,0.0
Healthy/eyes-closed/patient7/Pz.txt,84286,84317,31,0.0
Healthy/eyes-closed/patient7/T3.txt,82336,82367,31,0.0
Healthy/eyes-closed/patient7/T3.txt,83154,83185,31,0.0
Healthy/eyes-closed/patient7/T3.txt,84286,84317,31,0.0
Healthy/eyes-closed/patient7/T4.txt,82336,82367,31,0.0
Healthy/eyes-closed/patient7/T4.txt,83154,83185,31,0.0
Healthy/eyes-closed/patient7/T4.txt,84286,84317,31,0.0
Healthy/eyes-closed/patient7/T5.txt,82336,82367,31,0.0
Healthy/eyes-closed/patient7/T5.txt,83154,83185,31,0.0
Healthy/eyes-closed/patient7/T5.txt,84286,84317,31,0.0
Healthy/eyes-closed/patient7/T6.txt,82336,82367,31,0.0
Healthy/eyes-closed/patient7/T6.txt,83154,83185,31,0.0
Healthy/eyes-closed/patient7/T6.txt,84286,84317,31,0.0
Healthy/eyes-closed/patient9/C3.txt,22245,22276,31,0.0
Healthy/eyes-closed/patient9/C3.txt,22900,22932,32,0.0
Healthy/eyes-closed/patient9/C3.txt,27204,27236,32,0.0
Healthy/eyes-closed/patient9/C3.txt,30926,30958,32,0.0
Healthy/eyes-closed/patient9/C3.txt,32248,32279,31,0.0
Healthy/eyes-closed/patient9/C3.txt,81679,81711,32,0.0
Healthy/eyes-closed/patient9/C3.txt,82675,82706,31,0.0
Healthy/eyes-closed/patient9/C3.txt,83345,83377,32,0.0
Healthy/eyes-closed/patient9/C3.txt,97044,97075,31,0.0
Healthy/eyes-closed/patient9/C3.txt,100819,100851,32,0.0
Healthy/eyes-closed/patient9/C4.txt,22245,22276,31,0.0
Healthy/eyes-closed/patient9/C4.txt,22900,22932,32,0.0
Healthy/eyes-closed/patient9/C4.txt,27204,27236,32,0.0
Healthy/eyes-closed/patient9/C4.txt,30926,30958,32,0.0
Healthy/eyes-closed/patient9/C4.txt,32248,32279,31,0.0
Healthy/eyes-closed/patient9/C4.txt,81679,81711,32,0.0
Healthy/eyes-closed/patient9/C4.txt,82675,82706,31,0.0
Healthy/eyes-closed/patient9/C4.txt,83345,83377,32,0.0
Healthy/eyes-closed/patient9/C4.txt,97044,97075,31,0.0
Healthy/eyes-closed/patient9/C4.txt,100819,100851,32,0.0
Healthy/eyes-closed/patient9/Cz.txt,22245,22276,31,0.0
Healthy/eyes-closed/patient9/Cz.txt,22900,22932,32,0.0
Healthy/eyes-closed/patient9/Cz.txt,27204,27236,32,0.0
Healthy/eyes-closed/patient9/Cz.txt,30926,30958,32,0.0
Healthy/eyes-closed/patient9/Cz.txt,32248,32279,31,0.0
Healthy/eyes-closed/patient9/Cz.txt,81679,81711,32,0.0
Healthy/eyes-closed/patient9/Cz.txt,82675,82706,31,0.0
Healthy/eyes-closed/patient9/Cz.txt,83345,83377,32,0.0
Healthy/eyes-closed/patient9/Cz.txt,97044,97075,31,0.0
Healthy/eyes-closed/patient9/Cz.txt,100819,100851,32,0.0
Healthy/eyes-closed/patient9/F3.txt,22245,22276,31,0.0
Healthy/eyes-closed/patient9/F3.txt,22900,22932,32,0.0
Healthy/eyes-closed/patient9/F3.txt,27204,27236,32,0.0
Healthy/eyes-closed/patient9/F3.txt,30926,30958,32,0.0
Healthy/eyes-closed/patient9/F3.txt,32248,32279,31,0.0
Healthy/eyes-closed/patient9/F3.txt,81679,81711,32,0.0
Healthy/eyes-closed/patient9/F3.txt,82675,82706,31,0.0
Healthy/eyes-closed/patient9/F3.txt,83345,83377,32,0.0
Healthy/eyes-closed/patient9/F3.txt,97044,97075,31,0.0
Healthy/eyes-closed/patient9/F3.txt,100819,100851,32,0.0
Healthy/eyes-closed/patient9/F4.txt,22245,22276,31,0.0
Healthy/eyes-closed/patient9/F4.txt,22900,22932,32,0.0
Healthy/eyes-closed/patient9/F4.txt,27204,27236,32,0.0
Healthy/eyes-closed/patient9/F4.txt,30926,30958,32,0.0
Healthy/eyes-closed/patient9/F4.txt,32248,32279,31,0.0
Healthy/eyes-closed/patient9/F4.txt,81679,81711,32,0.0
Healthy/eyes-closed/patient9/F4.txt,82675,82706,31,0.0
Healthy/eyes-closed/patient9/F4.txt,83345,83377,32,0.0
Healthy/eyes-closed/patient9/F4.txt,97044,97075,31,0.0
Healthy/eyes-closed/patient9/F4.txt,100819,100851,32,0.0
Healthy/eyes-closed/patient9/F7.txt,22245,22276,31,0.0
Healthy/eyes-closed/patient9/F7.txt,22900,22932,32,0.0
Healthy/eyes-closed/patient9/F7.txt,27204,27236,32,0.0
Healthy/eyes-closed/patient9/F7.txt,30926,30958,32,0.0
Healthy/eyes-closed/patient9/F7.txt,32248,32279,31,0.0
Healthy/eyes-closed/patient9/F7.txt,81679,81711,32,0.0
Healthy/eyes-closed/patient9/F7.txt,82675,82706,31,0.0
Healthy/eyes-closed/patient9/F7.txt,83345,83377,32,0.0
Healthy/eyes-closed/patient9/F7.txt,97044,97075,31,0.0
Healthy/eyes-closed/patient9/F7.txt,100819,100851,32,0.0
Healthy/eyes-closed/patient9/F8.txt,22245,22276,31,0.0
Healthy/eyes-closed/patient9/F8.txt,22900,22932,32,0.0
Healthy/eyes-closed/patient9/F8.txt,27204,27236,32,0.0
Healthy/eyes-closed/patient9/F8.txt,30926,30958,32,0.0
Healthy/eyes-closed/patient9/F8.txt,32248,32279,31,0.0
Healthy/eyes-closed/patient9/F8.txt,81679,81711,32,0.0
Healthy/eyes-closed/patient9/F8.txt,82675,82706,31,0.0
Healthy/eyes-closed/patient9/F8.txt,83345,83377,32,0.0
Healthy/eyes-closed/patient9/F8.txt,97044,97075,31,0.0
Healthy/eyes-closed/patient9/F8.txt,100819,100851,32,0.0
Healthy/eyes-closed/patient9/Fp1.txt,22245,22276,31,0.0
Healthy/eyes-closed/patient9/Fp1.txt,22900,22932,32,0.0
Healthy/eyes-closed/patient9/Fp1.txt,27204,27236,32,0.0
Healthy/eyes-closed/patient9/Fp1.txt,30926,30958,32,0.0
Healthy/eyes-closed/patient9/Fp1.txt,32248,32279,31,0.0
Healthy/eyes-closed/patient9/Fp1.txt,81679,81711,32,0.0
Healthy/eyes-closed/patient9/Fp1.txt,82675,82706,31,0.0
Healthy/eyes-closed/patient9/Fp1.txt,83345,83377,32,0.0
Healthy/eyes-closed/patient9/Fp1.txt,97044,97075,31,0.0
Healthy/eyes-closed/patient9/Fp1.txt,100819,100851,32,0.0
Healthy/eyes-closed/patient9/Fp2.txt,22245,22276,31,0.0
Healthy/eyes-closed/patient9/Fp2.txt,22900,22932,32,0.0
Healthy/eyes-closed/patient9/Fp2.txt,27204,27236,32,0.0
Healthy/eyes-closed/patient9/Fp2.txt,30926,30958,32,0.0
Healthy/eyes-closed/patient9/Fp2.txt,32248,32279,31,0.0
Healthy/eyes-closed/patient9/Fp2.txt,81679,81711,32,0.0
Healthy/eyes-closed/patient9/Fp2.txt,82675,82706,31,0.0
Healthy/eyes-closed/patient9/Fp2.txt,83345,83377,32,0.0
Healthy/eyes-closed/patient9/Fp2.txt,97044,97075,31,0.0
Healthy/eyes-closed/patient9/Fp2.txt,100819,100851,32,0.0
Healthy/eyes-closed/patient9/Fz.txt,22245,22276,31,0.0
Healthy/eyes-closed/patient9/Fz.txt,22900,22932,32,0.0
Healthy/eyes-closed/patient9/Fz.txt,27204,27236,32,0.0
Healthy/eyes-closed/patient9/Fz.txt,30926,30958,32,0.0
Healthy/eyes-closed/patient9/Fz.txt,32248,32279,31,0.0
Healthy/eyes-closed/patient9/Fz.txt,81679,81711,32,0.0
Healthy/eyes-closed/patient9/Fz.txt,82675,82706,31,0.0
Healthy/eyes-closed/patient9/Fz.txt,83345,83377,32,0.0
Healthy/eyes-closed/patient9/Fz.txt,97044,97075,31,0.0
Healthy/eyes-closed/patient9/Fz.txt,100819,100851,32,0.0
Healthy/eyes-closed/patient9/O1.txt,22245,22276,31,0.0
Healthy/eyes-closed/patient9/O1.txt,22900,22932,32,0.0
Healthy/eyes-closed/patient9/O1.txt,27204,27236,32,0.0
Healthy/eyes-closed/patient9/O1.txt,30926,30958,32,0.0
Healthy/eyes-closed/patient9/O1.txt,32248,32279,31,0.0
Healthy/eyes-closed/patient9/O1.txt,81679,81711,32,0.0
Healthy/eyes-closed/patient9/O1.txt,82675,82706,31,0.0
Healthy/eyes-closed/patient9/O1.txt,83345,83377,32,0.0
Healthy/eyes-closed/patient9/O1.txt,97044,97075,31,0.0
Healthy/eyes-closed/patient9/O1.txt,100819,100851,32,0.0
Healthy/eyes-closed/patient9/O2.txt,22245,22276,31,0.0
Healthy/eyes-closed/patient9/O2.txt,22900,22932,32,0.0
Healthy/eyes-closed/patient9/O2.txt,27204,27236,32,0.0
Healthy/eyes-closed/patient9/O2.txt,30926,30958,32,0.0
Healthy/eyes-closed/patient9/O2.txt,32248,32279,31,0.0
Healthy/eyes-closed/patient9/O2.txt,81679,81711,32,0.0
Healthy/eyes-closed/patient9/O2.txt,82675,82706,31,0.0
Healthy/eyes-closed/patient9/O2.txt,83345,83377,32,0.0
Healthy/eyes-closed/patient9/O2.txt,97044,97075,31,0.0
Healthy/eyes-closed/patient9/O2.txt,100819,100851,32,0.0
Healthy/eyes-closed/patient9/P3.txt,22245,22276,31,0.0
Healthy/eyes-closed/patient9/P3.txt,22900,22932,32,0.0
Healthy/eyes-closed/patient9/P3.txt,27204,27236,32,0.0
Healthy/eyes-closed/patient9/P3.txt,30926,30958,32,0.0
Healthy/eyes-closed/patient9/P3.txt,32248,32279,31,0.0
Healthy/eyes-closed/patient9/P3.txt,81679,81711,32,0.0
Healthy/eyes-closed/patient9/P3.txt,82675,82706,31,0.0
Healthy/eyes-closed/patient9/P3.txt,83345,83377,32,0.0
Healthy/eyes-closed/patient9/P3.txt,97044,97075,31,0.0
Healthy/eyes-closed/patient9/P3.txt,100819,100851,32,0.0
Healthy/eyes-closed/patient9/P4.txt,22245,22276,31,0.0
Healthy/eyes-closed/patient9/P4.txt,22900,22932,32,0.0
Healthy/eyes-closed/patient9/P4.txt,27204,27236,32,0.0
Healthy/eyes-closed/patient9/P4.txt,30926,30958,32,0.0
Healthy/eyes-closed/patient9/P4.txt,32248,32279,31,0.0
Healthy/eyes-closed/patient9/P4.txt,81679,81711,32,0.0
Healthy/eyes-closed/patient9/P4.txt,82675,82706,31,0.0
Healthy/eyes-closed/patient9/P4.txt,83345,83377,32,0.0
Healthy/eyes-closed/patient9/P4.txt,97044,97075,31,0.0
Healthy/eyes-closed/patient9/P4.txt,100819,100851,32,0.0
Healthy/eyes-closed/patient9/Pz.txt,22245,22276,31,0.0
Healthy/eyes-closed/patient9/Pz.txt,22900,22932,32,0.0
Healthy/eyes-closed/patient9/Pz.txt,27204,27236,32,0.0
Healthy/eyes-closed/patient9/Pz.txt,30926,30958,32,0.0
Healthy/eyes-closed/patient9/Pz.txt,32248,32279,31,0.0
Healthy/eyes-closed/patient9/Pz.txt,81679,81711,32,0.0
Healthy/eyes-closed/patient9/Pz.txt,82675,82706,31,0.0
Healthy/eyes-closed/patient9/Pz.txt,83345,83377,32,0.0
Healthy/eyes-closed/patient9/Pz.txt,97044,97075,31,0.0
Healthy/eyes-closed/patient9/Pz.txt,100819,100851,32,0.0
Healthy/eyes-closed/patient9/T3.txt,22245,22276,31,0.0
Healthy/eyes-closed/patient9/T3.txt,22900,22932,32,0.0
Healthy/eyes-closed/patient9/T3.txt,27204,27236,32,0.0
Healthy/eyes-closed/patient9/T3.txt,30926,30958,32,0.0
Healthy/eyes-closed/patient9/T3.txt,32248,32279,31,0.0
Healthy/eyes-closed/patient9/T3.txt,81679,81711,32,0.0
Healthy/eyes-closed/patient9/T3.txt,82675,82706,31,0.0
Healthy/eyes-closed/patient9/T3.txt,83345,83377,32,0.0
Healthy/eyes-closed/patient9/T3.txt,97044,97075,31,0.0
Healthy/eyes-closed/patient9/T3.txt,100819,100851,32,0.0
Healthy/eyes-closed/patient9/T4.txt,22245,22276,31,0.0
Healthy/eyes-closed/patient9/T4.txt,22900,22932,32,0.0
Healthy/eyes-closed/patient9/T4.txt,27204,27236,32,0.0
Healthy/eyes-closed/patient9/T4.txt,30926,30958,32,0.0
Healthy/eyes-closed/patient9/T4.txt,32248,32279,31,0.0
Healthy/eyes-closed/patient9/T4.txt,81679,81711,32,0.0
Healthy/eyes-closed/patient9/T4.txt,82675,82706,31,0.0
Healthy/eyes-closed/patient9/T4.txt,83345,83377,32,0.0
Healthy/eyes-closed/patient9/T4.txt,97044,97075,31,0.0
Healthy/eyes-closed/patient9/T4.txt,100819,100851,32,0.0
Healthy/eyes-closed/patient9/T5.txt,22245,22276,31,0.0
Healthy/eyes-closed/patient9/T5.txt,22900,22932,32,0.0
Healthy/eyes-closed/patient9/T5.txt,27204,27236,32,0.0
Healthy/eyes-closed/patient9/T5.txt,30926,30958,32,0.0
Healthy/eyes-closed/patient9/T5.txt,32248,32279,31,0.0
Healthy/eyes-closed/patient9/T5.txt,81679,81711,32,0.0
Healthy/eyes-closed/patient9/T5.txt,82675,82706,31,0.0
Healthy/eyes-closed/patient9/T5.txt,83345,83377,32,0.0
Healthy/eyes-closed/patient9/T5.txt,97044,97075,31,0.0
Healthy/eyes-closed/patient9/T5.txt,100819,100851,32,0.0
Healthy/eyes-closed/patient9/T6.txt,22245,22276,31,0.0
Healthy/eyes-closed/patient9/T6.txt,22900,22932,32,0.0
Healthy/eyes-closed/patient9/T6.txt,27204,27236,32,0.0
Healthy/eyes-closed/patient9/T6.txt,30926,30958,32,0.0
Healthy/eyes-closed/patient9/T6.txt,32248,32279,31,0.0
Healthy/eyes-closed/patient9/T6.txt,81679,81711,32,0.0
Healthy/eyes-closed/patient9/T6.txt,82675,82706,31,0.0
Healthy/eyes-closed/patient9/T6.txt,83345,83377,32,0.0
Healthy/eyes-closed/patient9/T6.txt,97044,97075,31,0.0
Healthy/eyes-closed/patient9/T6.txt,100819,100851,32,0.0
Healthy/eyes-closed/patient10/C3.txt,65534,65566,32,0.0
Healthy/eyes-closed/patient10/C3.txt,66615,66647,32,0.0
Healthy/eyes-closed/patient10/C3.txt,67287,67318,31,0.0
Healthy/eyes-closed/patient10/C3.txt,74669,74701,32,0.0
Healthy/eyes-closed/patient10/C3.txt,76049,76080,31,0.0
Healthy/eyes-closed/patient10/C4.txt,65534,65566,32,0.0
Healthy/eyes-closed/patient10/C4.txt,66615,66647,32,0.0
Healthy/eyes-closed/patient10/C4.txt,67287,67318,31,0.0
Healthy/eyes-closed/patient10/C4.txt,74669,74701,32,0.0
Healthy/eyes-closed/patient10/C4.txt,76049,76080,31,0.0
Healthy/eyes-closed/patient10/Cz.txt,65534,65566,32,0.0
Healthy/eyes-closed/patient10/Cz.txt,66615,66647,32,0.0
Healthy/eyes-closed/patient10/Cz.txt,67287,67318,31,0.0
Healthy/eyes-closed/patient10/Cz.txt,74669,74701,32,0.0
Healthy/eyes-closed/patient10/Cz.txt,76049,76080,31,0.0
Healthy/eyes-closed/patient10/F3.txt,65534,65566,32,0.0
Healthy/eyes-closed/patient10/F3.txt,66615,66647,32,0.0
Healthy/eyes-closed/patient10/F3.txt,67287,67318,31,0.0
Healthy/eyes-closed/patient10/F3.txt,74669,74701,32,0.0
Healthy/eyes-closed/patient10/F3.txt,76049,76080,31,0.0
Healthy/eyes-closed/patient10/F4.txt,65534,65566,32,0.0
Healthy/eyes-closed/patient10/F4.txt,66615,66647,32,0.0
Healthy/eyes-closed/patient10/F4.txt,67287,67318,31,0.0
Healthy/eyes-closed/patient10/F4.txt,74669,74701,32,0.0
Healthy/eyes-closed/patient10/F4.txt,76049,76080,31,0.0
Healthy/eyes-closed/patient10/F7.txt,65534,65566,32,0.0
Healthy/eyes-closed/patient10/F7.txt,66615,66647,32,0.0
Healthy/eyes-closed/patient10/F7.txt,67287,67318,31,0.0
Healthy/eyes-closed/patient10/F7.txt,74669,74701,32,0.0
Healthy/eyes-closed/patient10/F7.txt,76049,76080,31,0.0
Healthy/eyes-closed/patient10/F8.txt,65534,65566,32,0.0
Healthy/eyes-closed/patient10/F8.txt,66615,66647,32,0.0
Healthy/eyes-closed/patient10/F8.txt,67287,67318,31,0.0
Healthy/eyes-closed/patient10/F8.txt,74669,74701,32,0.0
Healthy/eyes-closed/patient10/F8.txt,76049,76080,31,0.0
Healthy/eyes-closed/patient10/Fp1.txt,65534,65566,32,0.0
Healthy/eyes-closed/patient10/Fp1.txt,66615,66647,32,0.0
Healthy/eyes-closed/patient10/Fp1.txt,67287,67318,31,0.0
Healthy/eyes-closed/patient10/Fp1.txt,74669,74701,32,0.0
Healthy/eyes-closed/patient10/Fp1.txt,76049,76080,31,0.0
Healthy/eyes-closed/patient10/Fp2.txt,65534,65566,32,0.0
Healthy/eyes-closed/patient10/Fp2.txt,66615,66647,32,0.0
Healthy/eyes-closed/patient10/Fp2.txt,67287,67318,31,0.0
Healthy/eyes-closed/patient10/Fp2.txt,74669,74701,32,0.0
Healthy/eyes-closed/patient10/Fp2.txt,76049,76080,31,0.0
Healthy/eyes-closed/patient10/Fz.txt,65534,65566,32,0.0
Healthy/eyes-closed/patient10/Fz.txt,66615,66647,32,0.0
Healthy/eyes-closed/patient10/Fz.txt,67287,67318,31,0.0
Healthy/eyes-closed/patient10/Fz.txt,74669,74701,32,0.0
Healthy/eyes-closed/patient10/Fz.txt,76049,76080,31,0.0
Healthy/eyes-closed/patient10/O1.txt,65534,65566,32,0.0
Healthy/eyes-closed/patient10/O1.txt,66615,66647,32,0.0
Healthy/eyes-closed/patient10/O1.txt,67287,67318,31,0.0
Healthy/eyes-closed/patient10/O1.txt,74669,74701,32,0.0
Healthy/eyes-closed/patient10/O1.txt,76049,76080,31,0.0
Healthy/eyes-closed/patient10/O2.txt,65534,65566,32,0.0
Healthy/eyes-closed/patient10/O2.txt,66615,66647,32,0.0
Healthy/eyes-closed/patient10/O2.txt,67287,67318,31,0.0
Healthy/eyes-closed/patient10/O2.txt,74669,74701,32,0.0
Healthy/eyes-closed/patient10/O2.txt,76049,76080,31,0.0
Healthy/eyes-closed/patient10/P3.txt,65534,65566,32,0.0
Healthy/eyes-closed/patient10/P3.txt,66615,66647,32,0.0
Healthy/eyes-closed/patient10/P3.txt,67287,67318,31,0.0
Healthy/eyes-closed/patient10/P3.txt,74669,74701,32,0.0
Healthy/eyes-closed/patient10/P3.txt,76049,76080,31,0.0
Healthy/eyes-closed/patient10/P4.txt,65534,65566,32,0.0
Healthy/eyes-closed/patient10/P4.txt,66615,66647,32,0.0
Healthy/eyes-closed/patient10/P4.txt,67287,67318,31,0.0
Healthy/eyes-closed/patient10/P4.txt,74669,74701,32,0.0
Healthy/eyes-closed/patient10/P4.txt,76049,76080,31,0.0
Healthy/eyes-closed/patient10/Pz.txt,65534,65566,32,0.0
Healthy/eyes-closed/patient10/Pz.txt,66615,66647,32,0.0
Healthy/eyes-closed/patient10/Pz.txt,67287,67318,31,0.0
Healthy/eyes-closed/patient10/Pz.txt,74669,74701,32,0.0
Healthy/eyes-closed/patient10/Pz.txt,76049,76080,31,0.0
Healthy/eyes-closed/patient10/T3.txt,65534,65566,32,0.0
Healthy/eyes-closed/patient10/T3.txt,66615,66647,32,0.0
Healthy/eyes-closed/patient10/T3.txt,67287,67318,31,0.0
Healthy/eyes-closed/patient10/T3.txt,74669,74701,32,0.0
Healthy/eyes-closed/patient10/T3.txt,76049,76080,31,0.0
Healthy/eyes-closed/patient10/T4.txt,65534,65566,32,0.0
Healthy/eyes-closed/patient10/T4.txt,66615,66647,32,0.0
Healthy/eyes-closed/patient10/T4.txt,67287,67318,31,0.0
Healthy/eyes-closed/patient10/T4.txt,74669,74701,32,0.0
Healthy/eyes-closed/patient10/T4.txt,76049,76080,31,0.0
Healthy/eyes-closed/patient10/T5.txt,65534,65566,32,0.0
Healthy/eyes-closed/patient10/T5.txt,66615,66647,32,0.0
Healthy/eyes-closed/patient10/T5.txt,67287,67318,31,0.0
Healthy/eyes-closed/patient10/T5.txt,74669,74701,32,0.0
Healthy/eyes-closed/patient10/T5.txt,76049,76080,31,0.0
Healthy/eyes-closed/patient10/T6.txt,65534,65566,32,0.0
Healthy/eyes-closed/patient10/T6.txt,66615,66647,32,0.0
Healthy/eyes-closed/patient10/T6.txt,67287,67318,31,0.0
Healthy/eyes-closed/patient10/T6.txt,74669,74701,32,0.0
Healthy/eyes-closed/patient10/T6.txt,76049,76080,31,0.0
Healthy/eyes-closed/patient11/C3.txt,90277,90309,32,0.0
Healthy/eyes-closed/patient11/C3.txt,91022,91054,32,0.0
Healthy/eyes-closed/patient11/C4.txt,90277,90309,32,0.0
Healthy/eyes-closed/patient11/C4.txt,91022,91054,32,0.0
Healthy/eyes-closed/patient11/Cz.txt,90277,90309,32,0.0
Healthy/eyes-closed/patient11/Cz.txt,91022,91054,32,0.0
Healthy/eyes-closed/patient11/F3.txt,90277,90309,32,0.0
Healthy/eyes-closed/patient11/F3.txt,91022,91054,32,0.0
Healthy/eyes-closed/patient11/F4.txt,90277,90309,32,0.0
Healthy/eyes-closed/patient11/F4.txt,91022,91054,32,0.0
Healthy/eyes-closed/patient11/F7.txt,90277,90309,32,0.0
Healthy/eyes-closed/patient11/F7.txt,91022,91054,32,0.0
Healthy/eyes-closed/patient11/F8.txt,90277,90309,32,0.0
Healthy/eyes-closed/patient11/F8.txt,91022,91054,32,0.0
Healthy/eyes-closed/patient11/Fp1.txt,90277,90309,32,0.0
Healthy/eyes-closed/patient11/Fp1.txt,91022,91054,32,0.0
Healthy/eyes-closed/patient11/Fp2.txt,90277,90309,32,0.0
Healthy/eyes-closed/patient11/Fp2.txt,91022,91054,32,0.0
Healthy/eyes-closed/patient11/Fz.txt,90277,90309,32,0.0
Healthy/eyes-closed/patient11/Fz.txt,91022,91054,32,0.0
Healthy/eyes-closed/patient11/O1.txt,90277,90309,32,0.0
Healthy/eyes-closed/patient11/O1.txt,91022,91054,32,0.0
Healthy/eyes-closed/patient11/O2.txt,90277,90309,32,0.0
Healthy/eyes-closed/patient11/O2.txt,91022,91054,32,0.0
Healthy/eyes-closed/patient11/P3.txt,90277,90309,32,0.0
Healthy/eyes-closed/patient11/P3.txt,91022,91054,32,0.0
Healthy/eyes-closed/patient11/P4.txt,90277,90309,32,0.0
Healthy/eyes-closed/patient11/P4.txt,91022,91054,32,0.0
Healthy/eyes-closed/patient11/Pz.txt,90277,90309,32,0.0
Healthy/eyes-closed/patient11/Pz.txt,91022,91054,32,0.0
Healthy/eyes-closed/patient11/T3.txt,90277,90309,32,0.0
Healthy/eyes-closed/patient11/T3.txt,91022,91054,32,0.0
Healthy/eyes-closed/patient11/T4.txt,90277,90309,32,0.0
Healthy/eyes-closed/patient11/T4.txt,91022,91054,32,0.0
Healthy/eyes-closed/patient11/T5.txt,90277,90309,32,0.0
Healthy/eyes-closed/patient11/T5.txt,91022,91054,32,0.0
Healthy/eyes-closed/patient11/T6.txt,90277,90309,32,0.0
Healthy/eyes-closed/patient11/T6.txt,91022,91054,32,0.0
Healthy/eyes-closed/patient12/C3.txt,109336,109367,31,0.0
Healthy/eyes-closed/patient12/C3.txt,110523,110554,31,0.0
Healthy/eyes-closed/patient12/C3.txt,124450,124482,32,0.0
Healthy/eyes-closed/patient12/C3.txt,125459,125491,32,0.0
Healthy/eyes-closed/patient12/C3.txt,127492,127523,31,0.0
Healthy/eyes-closed/patient12/C4.txt,109336,109367,31,0.0
Healthy/eyes-closed/patient12/C4.txt,110523,110554,31,0.0
Healthy/eyes-closed/patient12/C4.txt,124450,124482,32,0.0
Healthy/eyes-closed/patient12/C4.txt,125459,125491,32,0.0
Healthy/eyes-closed/patient12/C4.txt,127492,127524,32,0.0
Healthy/eyes-closed/patient12/Cz.txt,109336,109367,31,0.0
Healthy/eyes-closed/patient12/Cz.txt,110523,110554,31,0.0
Healthy/eyes-closed/patient12/Cz.txt,124450,124482,32,0.0
Healthy/eyes-closed/patient12/Cz.txt,125459,125491,32,0.0
Healthy/eyes-closed/patient12/Cz.txt,127492,127523,31,0.0
Healthy/eyes-closed/patient12/F3.txt,109336,109367,31,0.0
Healthy/eyes-closed/patient12/F3.txt,110523,110554,31,0.0
Healthy/eyes-closed/patient12/F3.txt,124450,124482,32,0.0
Healthy/eyes-closed/patient12/F3.txt,125459,125491,32,0.0
Healthy/eyes-closed/patient12/F3.txt,127492,127523,31,0.0
Healthy/eyes-closed/patient12/F4.txt,109336,109367,31,0.0
Healthy/eyes-closed/patient12/F4.txt,110523,110554,31,0.0
Healthy/eyes-closed/patient12/F4.txt,124450,124482,32,0.0
Healthy/eyes-closed/patient12/F4.txt,125459,125491,32,0.0
Healthy/eyes-closed/patient12/F4.txt,127492,127524,32,0.0
Healthy/eyes-closed/patient12/F7.txt,109336,109367,31,0.0
Healthy/eyes-closed/patient12/F7.txt,110523,110554,31,0.0
Healthy/eyes-closed/patient12/F7.txt,124450,124482,32,0.0
Healthy/eyes-closed/patient12/F7.txt,125459,125491,32,0.0
Healthy/eyes-closed/patient12/F7.txt,127492,127523,31,0.0
Healthy/eyes-closed/patient12/F8.txt,109336,109367,31,0.0
Healthy/eyes-closed/patient12/F8.txt,110523,110554,31,0.0
Healthy/eyes-closed/patient12/F8.txt,124450,124482,32,0.0
Healthy/eyes-closed/patient12/F8.txt,125459,125491,32,0.0
Healthy/eyes-closed/patient12/F8.txt,127492,127524,32,0.0
Healthy/eyes-closed/patient12/Fp1.txt,109336,109367,31,0.0
Healthy/eyes-closed/patient12/Fp1.txt,110523,110554,31,0.0
Healthy/eyes-closed/patient12/Fp1.txt,124450,124482,32,0.0
Healthy/eyes-closed/patient12/Fp1.txt,125459,125491,32,0.0
Healthy/eyes-closed/patient12/Fp1.txt,127492,127523,31,0.0
Healthy/eyes-closed/patient12/Fp2.txt,109336,109367,31,0.0
Healthy/eyes-closed/patient12/Fp2.txt,110523,110554,31,0.0
Healthy/eyes-closed/patient12/Fp2.txt,124450,124482,32,0.0
Healthy/eyes-closed/patient12/Fp2.txt,125459,125491,32,0.0
Healthy/eyes-closed/patient12/Fp2.txt,127492,127524,32,0.0
Healthy/eyes-closed/patient12/Fz.txt,109336,109367,31,0.0
Healthy/eyes-closed/patient12/Fz.txt,110523,110554,31,0.0
Healthy/eyes-closed/patient12/Fz.txt,124450,124482,32,0.0
Healthy/eyes-closed/patient12/Fz.txt,125459,125491,32,0.0
Healthy/eyes-closed/patient12/Fz.txt,127492,127523,31,0.0
Healthy/eyes-closed/patient12/O1.txt,109336,109367,31,0.0
Healthy/eyes-closed/patient12/O1.txt,110523,110554,31,0.0
Healthy/eyes-closed/patient12/O1.txt,124450,124482,32,0.0
Healthy/eyes-closed/patient12/O1.txt,125459,125491,32,0.0
Healthy/eyes-closed/patient12/O1.txt,127492,127524,32,0.0
Healthy/eyes-closed/patient12/O2.txt,109336,109367,31,0.0
Healthy/eyes-closed/patient12/O2.txt,110523,110554,31,0.0
Healthy/eyes-closed/patient12/O2.txt,124450,124482,32,0.0
Healthy/eyes-closed/patient12/O2.txt,125459,125491,32,0.0
Healthy/eyes-closed/patient12/O2.txt,127492,127524,32,0.0
Healthy/eyes-closed/patient12/P3.txt,109336,109367,31,0.0
Healthy/eyes-closed/patient12/P3.txt,110523,110554,31,0.0
Healthy/eyes-closed/patient12/P3.txt,124450,124482,32,0.0
Healthy/eyes-closed/patient12/P3.txt,125459,125491,32,0.0
Healthy/eyes-closed/patient12/P3.txt,127492,127524,32,0.0
Healthy/eyes-closed/patient12/P4.txt,109336,109367,31,0.0
Healthy/eyes-closed/patient12/P4.txt,110523,110554,31,0.0
Healthy/eyes-closed/patient12/P4.txt,124450,124482,32,0.0
Healthy/eyes-closed/patient12/P4.txt,125459,125491,32,0.0
Healthy/eyes-closed/patient12/P4.txt,127492,127523,31,0.0
Healthy/eyes-closed/patient12/Pz.txt,109336,109367,31,0.0
Healthy/eyes-closed/patient12/Pz.txt,110523,110554,31,0.0
Healthy/eyes-closed/patient12/Pz.txt,124450,124482,32,0.0
Healthy/eyes-closed/patient12/Pz.txt,125459,125491,32,0.0
Healthy/eyes-closed/patient12/Pz.txt,127492,127523,31,0.0
Healthy/eyes-closed/patient12/T3.txt,109336,109367,31,0.0
Healthy/eyes-closed/patient12/T3.txt,110523,110554,31,0.0
Healthy/eyes-closed/patient12/T3.txt,124450,124482,32,0.0
Healthy/eyes-closed/patient12/T3.txt,125459,125491,32,0.0
Healthy/eyes-closed/patient12/T3.txt,127492,127524,32,0.0
Healthy/eyes-closed/patient12/T4.txt,109336,109367,31,0.0
Healthy/eyes-closed/patient12/T4.txt,110523,110554,31,0.0
Healthy/eyes-closed/patient12/T4.txt,124450,124482,32,0.0
Healthy/eyes-closed/patient12/T4.txt,125459,125491,32,0.0
Healthy/eyes-closed/patient12/T4.txt,127492,127523,31,0.0
Healthy/eyes-closed/patient12/T5.txt,109336,109367,31,0.0
Healthy/eyes-closed/patient12/T5.txt,110523,110554,31,0.0
Healthy/eyes-closed/patient12/T5.txt,124450,124482,32,0.0
Healthy/eyes-closed/patient12/T5.txt,125459,125491,32,0.0
Healthy/eyes-closed/patient12/T5.txt,127492,127523,31,0.0
Healthy/eyes-closed/patient12/T6.txt,109336,109367,31,0.0
Healthy/eyes-closed/patient12/T6.txt,110523,110554,31,0.0
Healthy/eyes-closed/patient12/T6.txt,124450,124482,32,0.0
Healthy/eyes-closed/patient12/T6.txt,125459,125491,32,0.0
Healthy/eyes-closed/patient12/T6.txt,127492,127524,32,0.0
Healthy/eyes-closed/patient13/C3.txt,15681,15712,31,0.0
Healthy/eyes-closed/patient13/C3.txt,16129,16160,31,0.0
Healthy/eyes-closed/patient13/C3.txt,16555,16586,31,0.0
Healthy/eyes-closed/patient13/C4.txt,15681,15712,31,0.0
Healthy/eyes-closed/patient13/C4.txt,16129,16160,31,0.0
Healthy/eyes-closed/patient13/C4.txt,16555,16586,31,0.0
Healthy/eyes-closed/patient13/Cz.txt,15681,15712,31,0.0
Healthy/eyes-closed/patient13/Cz.txt,16129,16160,31,0.0
Healthy/eyes-closed/patient13/Cz.txt,16555,16586,31,0.0
Healthy/eyes-closed/patient13/F3.txt,15681,15712,31,0.0
Healthy/eyes-closed/patient13/F3.txt,16129,16160,31,0.0
Healthy/eyes-closed/patient13/F3.txt,16555,16586,31,0.0
Healthy/eyes-closed/patient13/F4.txt,15681,15712,31,0.0
Healthy/eyes-closed/patient13/F4.txt,16129,16160,31,0.0
Healthy/eyes-closed/patient13/F4.txt,16555,16587,32,0.0
Healthy/eyes-closed/patient13/F8.txt,15681,15712,31,0.0
Healthy/eyes-closed/patient13/F8.txt,16129,16160,31,0.0
Healthy/eyes-closed/patient13/F8.txt,16555,16586,31,0.0
Healthy/eyes-closed/patient13/Fp1.txt,15681,15712,31,0.0
Healthy/eyes-closed/patient13/Fp1.txt,16129,16160,31,0.0
Healthy/eyes-closed/patient13/Fp1.txt,16555,16586,31,0.0
Healthy/eyes-closed/patient13/Fp2.txt,15681,15712,31,0.0
Healthy/eyes-closed/patient13/Fp2.txt,16129,16160,31,0.0
Healthy/eyes-closed/patient13/Fp2.txt,16555,16586,31,0.0
Healthy/eyes-closed/patient13/Fz.txt,15681,15712,31,0.0
Healthy/eyes-closed/patient13/Fz.txt,16129,16160,31,0.0
Healthy/eyes-closed/patient13/Fz.txt,16555,16586,31,0.0
Healthy/eyes-closed/patient13/O1.txt,15681,15712,31,0.0
Healthy/eyes-closed/patient13/O1.txt,16129,16160,31,0.0
Healthy/eyes-closed/patient13/O1.txt,16555,16586,31,0.0
Healthy/eyes-closed/patient13/O2.txt,15681,15712,31,0.0
Healthy/eyes-closed/patient13/O2.txt,16129,16160,31,0.0
Healthy/eyes-closed/patient13/O2.txt,16555,16586,31,0.0
Healthy/eyes-closed/patient13/P3.txt,15681,15712,31,0.0
Healthy/eyes-closed/patient13/P3.txt,16129,16160,31,0.0
Healthy/eyes-closed/patient13/P3.txt,16555,16586,31,0.0
Healthy/eyes-closed/patient13/P4.txt,15681,15712,31,0.0
Healthy/eyes-closed/patient13/P4.txt,16129,16160,31,0.0
Healthy/eyes-closed/patient13/P4.txt,16555,16586,31,0.0
Healthy/eyes-closed/patient13/Pz.txt,15681,15712,31,0.0
Healthy/eyes-closed/patient13/Pz.txt,16129,16160,31,0.0
Healthy/eyes-closed/patient13/Pz.txt,16555,16586,31,0.0
Healthy/eyes-closed/patient13/T3.txt,15681,15712,31,0.0
Healthy/eyes-closed/patient13/T3.txt,16129,16160,31,0.0
Healthy/eyes-closed/patient13/T3.txt,16555,16586,31,0.0
Healthy/eyes-closed/patient13/T4.txt,15681,15712,31,0.0
Healthy/eyes-closed/patient13/T4.txt,16129,16160,31,0.0
Healthy/eyes-closed/patient13/T4.txt,16555,16586,31,0.0
Healthy/eyes-closed/patient13/T5.txt,15681,15712,31,0.0
Healthy/eyes-closed/patient13/T5.txt,16129,16160,31,0.0
Healthy/eyes-closed/patient13/T5.txt,16555,16587,32,0.0
Healthy/eyes-closed/patient13/T6.txt,15681,15712,31,0.0
Healthy/eyes-closed/patient13/T6.txt,16129,16160,31,0.0
Healthy/eyes-closed/patient13/T6.txt,16555,16586,31,0.0
Healthy/eyes-closed/patient14/C3.txt,75186,75217,31,0.0
Healthy/eyes-closed/patient14/C3.txt,75693,75724,31,0.0
Healthy/eyes-closed/patient14/C3.txt,76162,76193,31,0.0
Healthy/eyes-closed/patient14/C3.txt,97540,97571,31,0.0
Healthy/eyes-closed/patient14/C3.txt,98096,98128,32,0.0
Healthy/eyes-closed/patient14/C3.txt,100269,100300,31,0.0
Healthy/eyes-closed/patient14/C4.txt,75186,75217,31,0.0
Healthy/eyes-closed/patient14/C4.txt,75693,75724,31,0.0
Healthy/eyes-closed/patient14/C4.txt,76162,76193,31,0.0
Healthy/eyes-closed/patient14/C4.txt,97540,97571,31,0.0
Healthy/eyes-closed/patient14/C4.txt,98096,98128,32,0.0
Healthy/eyes-closed/patient14/C4.txt,100269,100300,31,0.0
Healthy/eyes-closed/patient14/Cz.txt,75186,75217,31,0.0
Healthy/eyes-closed/patient14/Cz.txt,75693,75724,31,0.0
Healthy/eyes-closed/patient14/Cz.txt,76162,76193,31,0.0
Healthy/eyes-closed/patient14/Cz.txt,97540,97571,31,0.0
Healthy/eyes-closed/patient14/Cz.txt,98096,98128,32,0.0
Healthy/eyes-closed/patient14/Cz.txt,100269,100300,31,0.0
Healthy/eyes-closed/patient14/F3.txt,75186,75217,31,0.0
Healthy/eyes-closed/patient14/F3.txt,75693,75724,31,0.0
Healthy/eyes-closed/patient14/F3.txt,76162,76193,31,0.0
Healthy/eyes-closed/patient14/F3.txt,97540,97571,31,0.0
Healthy/eyes-closed/patient14/F3.txt,98096,98128,32,0.0
Healthy/eyes-closed/patient14/F3.txt,100269,100300,31,0.0
Healthy/eyes-closed/patient14/F4.txt,75186,75217,31,0.0
Healthy/eyes-closed/patient14/F4.txt,75693,75724,31,0.0
Healthy/eyes-closed/patient14/F4.txt,76162,76193,31,0.0
Healthy/eyes-closed/patient14/F4.txt,97540,97571,31,0.0
Healthy/eyes-closed/patient14/F4.txt,98096,98128,32,0.0
Healthy/eyes-closed/patient14/F4.txt,100269,100300,31,0.0
Healthy/eyes-closed/patient14/F7.txt,75186,75217,31,0.0
Healthy/eyes-closed/patient14/F7.txt,75693,75724,31,0.0
Healthy/eyes-closed/patient14/F7.txt,76162,76193,31,0.0
Healthy/eyes-closed/patient14/F7.txt,97540,97571,31,0.0
Healthy/eyes-closed/patient14/F7.txt,98096,98128,32,0.0
Healthy/eyes-closed/patient14/F7.txt,100269,100300,31,0.0
Healthy/eyes-closed/patient14/F8.txt,75186,75217,31,0.0
Healthy/eyes-closed/patient14/F8.txt,75693,75724,31,0.0
Healthy/eyes-closed/patient14/F8.txt,76162,76193,31,0.0
Healthy/eyes-closed/patient14/F8.txt,97540,97571,31,0.0
Healthy/eyes-closed/patient14/F8.txt,98096,98128,32,0.0
Healthy/eyes-closed/patient14/F8.txt,100269,100300,31,0.0
Healthy/eyes-closed/patient14/Fp1.txt,75186,75217,31,0.0
Healthy/eyes-closed/patient14/Fp1.txt,75693,75724,31,0.0
Healthy/eyes-closed/patient14/Fp1.txt,76162,76193,31,0.0
Healthy/eyes-closed/patient14/Fp1.txt,97540,97571,31,0.0
Healthy/eyes-closed/patient14/Fp1.txt,98096,98128,32,0.0
Healthy/eyes-closed/patient14/Fp1.txt,100269,100300,31,0.0
Healthy/eyes-closed/patient14/Fp2.txt,75186,75217,31,0.0
Healthy/eyes-closed/patient14/Fp2.txt,75693,75724,31,0.0
Healthy/eyes-closed/patient14/Fp2.txt,76162,76193,31,0.0
Healthy/eyes-closed/patient14/Fp2.txt,97540,97571,31,0.0
Healthy/eyes-closed/patient14/Fp2.txt,98096,98128,32,0.0
Healthy/eyes-closed/patient14/Fp2.txt,100269,100300,31,0.0
Healthy/eyes-closed/patient14/Fz.txt,75186,75217,31,0.0
Healthy/eyes-closed/patient14/Fz.txt,75693,75724,31,0.0
Healthy/eyes-closed/patient14/Fz.txt,76162,76193,31,0.0
Healthy/eyes-closed/patient14/Fz.txt,97540,97571,31,0.0
Healthy/eyes-closed/patient14/Fz.txt,98096,98128,32,0.0
Healthy/eyes-closed/patient14/Fz.txt,100269,100300,31,0.0
Healthy/eyes-closed/patient14/O1.txt,75186,75217,31,0.0
Healthy/eyes-closed/patient14/O1.txt,75693,75724,31,0.0
Healthy/eyes-closed/patient14/O1.txt,76162,76193,31,0.0
Healthy/eyes-closed/patient14/O1.txt,97540,97571,31,0.0
Healthy/eyes-closed/patient14/O1.txt,98096,98128,32,0.0
Healthy/eyes-closed/patient14/O1.txt,100269,100300,31,0.0
Healthy/eyes-closed/patient14/O2.txt,75186,75217,31,0.0
Healthy/eyes-closed/patient14/O2.txt,75693,75724,31,0.0
Healthy/eyes-closed/patient14/O2.txt,76162,76193,31,0.0
Healthy/eyes-closed/patient14/O2.txt,97540,97571,31,0.0
Healthy/eyes-closed/patient14/O2.txt,98096,98128,32,0.0
Healthy/eyes-closed/patient14/O2.txt,100269,100300,31,0.0
Healthy/eyes-closed/patient14/P3.txt,75186,75217,31,0.0
Healthy/eyes-closed/patient14/P3.txt,75693,75724,31,0.0
Healthy/eyes-closed/patient14/P3.txt,76162,76193,31,0.0
Healthy/eyes-closed/patient14/P3.txt,97540,97571,31,0.0
Healthy/eyes-closed/patient14/P3.txt,98096,98128,32,0.0
Healthy/eyes-closed/patient14/P3.txt,100269,100300,31,0.0
Healthy/eyes-closed/patient14/P4.txt,75186,75217,31,0.0
Healthy/eyes-closed/patient14/P4.txt,75693,75724,31,0.0
Healthy/eyes-closed/patient14/P4.txt,76162,76193,31,0.0
Healthy/eyes-closed/patient14/P4.txt,97540,97571,31,0.0
Healthy/eyes-closed/patient14/P4.txt,98096,98128,32,0.0
Healthy/eyes-closed/patient14/P4.txt,100269,100300,31,0.0
Healthy/eyes-closed/patient14/Pz.txt,75186,75217,31,0.0
Healthy/eyes-closed/patient14/Pz.txt,75693,75724,31,0.0
Healthy/eyes-closed/patient14/Pz.txt,76162,76193,31,0.0
Healthy/eyes-closed/patient14/Pz.txt,97540,97571,31,0.0
Healthy/eyes-closed/patient14/Pz.txt,98096,98128,32,0.0
Healthy/eyes-closed/patient14/Pz.txt,100269,100300,31,0.0
Healthy/eyes-closed/patient14/T3.txt,75186,75217,31,0.0
Healthy/eyes-closed/patient14/T3.txt,75693,75724,31,0.0
Healthy/eyes-closed/patient14/T3.txt,76162,76193,31,0.0
Healthy/eyes-closed/patient14/T3.txt,97540,97571,31,0.0
Healthy/eyes-closed/patient14/T3.txt,98096,98128,32,0.0
Healthy/eyes-closed/patient14/T3.txt,100269,100300,31,0.0
Healthy/eyes-closed/patient14/T4.txt,75186,75217,31,0.0
Healthy/eyes-closed/patient14/T4.txt,75693,75724,31,0.0
Healthy/eyes-closed/patient14/T4.txt,76162,76193,31,0.0
Healthy/eyes-closed/patient14/T4.txt,97540,97571,31,0.0
Healthy/eyes-closed/patient14/T4.txt,98096,98128,32,0.0
Healthy/eyes-closed/patient14/T4.txt,100269,100300,31,0.0
Healthy/eyes-closed/patient14/T5.txt,75186,75217,31,0.0
Healthy/eyes-closed/patient14/T5.txt,75693,75724,31,0.0
Healthy/eyes-closed/patient14/T5.txt,76162,76193,31,0.0
Healthy/eyes-closed/patient14/T5.txt,97540,97571,31,0.0
Healthy/eyes-closed/patient14/T5.txt,98096,98128,32,0.0
Healthy/eyes-closed/patient14/T5.txt,100269,100300,31,0.0
Healthy/eyes-closed/patient14/T6.txt,75186,75217,31,0.0
Healthy/eyes-closed/patient14/T6.txt,75693,75724,31,0.0
Healthy/eyes-closed/patient14/T6.txt,76162,76193,31,0.0
Healthy/eyes-closed/patient14/T6.txt,97540,97571,31,0.0
Healthy/eyes-closed/patient14/T6.txt,98096,98128,32,0.0
Healthy/eyes-closed/patient14/T6.txt,100269,100300,31,0.0
Healthy/eyes-closed/patient17/C3.txt,41666,41698,32,0.0
Healthy/eyes-closed/patient17/C3.txt,42345,42377,32,0.0
Healthy/eyes-closed/patient17/C3.txt,64786,64817,31,0.0
Healthy/eyes-closed/patient17/C3.txt,65578,65609,31,0.0
Healthy/eyes-closed/patient17/C3.txt,96031,96063,32,0.0
Healthy/eyes-closed/patient17/C3.txt,99235,99267,32,0.0
Healthy/eyes-closed/patient17/C4.txt,41666,41698,32,0.0
Healthy/eyes-closed/patient17/C4.txt,42345,42377,32,0.0
Healthy/eyes-closed/patient17/C4.txt,64786,64817,31,0.0
Healthy/eyes-closed/patient17/C4.txt,65578,65609,31,0.0
Healthy/eyes-closed/patient17/C4.txt,96031,96063,32,0.0
Healthy/eyes-closed/patient17/C4.txt,99235,99267,32,0.0
Healthy/eyes-closed/patient17/Cz.txt,41666,41698,32,0.0
Healthy/eyes-closed/patient17/Cz.txt,42345,42377,32,0.0
Healthy/eyes-closed/patient17/Cz.txt,64786,64817,31,0.0
Healthy/eyes-closed/patient17/Cz.txt,65578,65609,31,0.0
Healthy/eyes-closed/patient17/Cz.txt,96031,96063,32,0.0
Healthy/eyes-closed/patient17/Cz.txt,99235,99267,32,0.0
Healthy/eyes-closed/patient17/F3.txt,41666,41698,32,0.0
Healthy/eyes-closed/patient17/F3.txt,42345,42377,32,0.0
Healthy/eyes-closed/patient17/F3.txt,64786,64817,31,0.0
Healthy/eyes-closed/patient17/F3.txt,65578,65609,31,0.0
Healthy/eyes-closed/patient17/F3.txt,96031,96063,32,0.0
Healthy/eyes-closed/patient17/F3.txt,99235,99267,32,0.0
Healthy/eyes-closed/patient17/F4.txt,41666,41698,32,0.0
Healthy/eyes-closed/patient17/F4.txt,42345,42377,32,0.0
Healthy/eyes-closed/patient17/F4.txt,64786,64817,31,0.0
Healthy/eyes-closed/patient17/F4.txt,65578,65609,31,0.0
Healthy/eyes-closed/patient17/F4.txt,96031,96063,32,0.0
Healthy/eyes-closed/patient17/F4.txt,99235,99267,32,0.0
Healthy/eyes-closed/patient17/F7.txt,41666,41698,32,0.0
Healthy/eyes-closed/patient17/F7.txt,42345,42377,32,0.0
Healthy/eyes-closed/patient17/F7.txt,64786,64817,31,0.0
Healthy/eyes-closed/patient17/F7.txt,65578,65610,32,0.0
Healthy/eyes-closed/patient17/F7.txt,96031,96063,32,0.0
Healthy/eyes-closed/patient17/F7.txt,99235,99267,32,0.0
Healthy/eyes-closed/patient17/F8.txt,41666,41698,32,0.0
Healthy/eyes-closed/patient17/F8.txt,42345,42377,32,0.0
Healthy/eyes-closed/patient17/F8.txt,64786,64817,31,0.0
Healthy/eyes-closed/patient17/F8.txt,65578,65609,31,0.0
Healthy/eyes-closed/patient17/F8.txt,96031,96063,32,0.0
Healthy/eyes-closed/patient17/F8.txt,99235,99267,32,0.0
Healthy/eyes-closed/patient17/Fp1.txt,41666,41698,32,0.0
Healthy/eyes-closed/patient17/Fp1.txt,42345,42377,32,0.0
Healthy/eyes-closed/patient17/Fp1.txt,64786,64817,31,0.0
Healthy/eyes-closed/patient17/Fp1.txt,65578,65609,31,0.0
Healthy/eyes-closed/patient17/Fp1.txt,96031,96063,32,0.0
Healthy/eyes-closed/patient17/Fp1.txt,99235,99267,32,0.0
Healthy/eyes-closed/patient17/Fp2.txt,41666,41698,32,0.0
Healthy/eyes-closed/patient17/Fp2.txt,42345,42377,32,0.0
Healthy/eyes-closed/patient17/Fp2.txt,64786,64817,31,0.0
Healthy/eyes-closed/patient17/Fp2.txt,65578,65609,31,0.0
Healthy/eyes-closed/patient17/Fp2.txt,96031,96063,32,0.0
Healthy/eyes-closed/patient17/Fp2.txt,99235,99267,32,0.0
Healthy/eyes-closed/patient17/Fz.txt,41666,41698,32,0.0
Healthy/eyes-closed/patient17/Fz.txt,42345,42377,32,0.0
Healthy/eyes-closed/patient17/Fz.txt,64786,64817,31,0.0
Healthy/eyes-closed/patient17/Fz.txt,65578,65609,31,0.0
Healthy/eyes-closed/patient17/Fz.txt,96031,96063,32,0.0
Healthy/eyes-closed/patient17/Fz.txt,99235,99267,32,0.0
Healthy/eyes-closed/patient17/O1.txt,41666,41698,32,0.0
Healthy/eyes-closed/patient17/O1.txt,42345,42377,32,0.0
Healthy/eyes-closed/patient17/O1.txt,64786,64817,31,0.0
Healthy/eyes-closed/patient17/O1.txt,65578,65609,31,0.0
Healthy/eyes-closed/patient17/O1.txt,96031,96063,32,0.0
Healthy/eyes-closed/patient17/O1.txt,99235,99267,32,0.0
Healthy/eyes-closed/patient17/O2.txt,41666,41698,32,0.0
Healthy/eyes-closed/patient17/O2.txt,42345,42377,32,0.0
Healthy/eyes-closed/patient17/O2.txt,64786,64817,31,0.0
Healthy/eyes-closed/patient17/O2.txt,65578,65609,31,0.0
Healthy/eyes-closed/patient17/O2.txt,96031,96063,32,0.0
Healthy/eyes-closed/patient17/O2.txt,99235,99267,32,0.0
Healthy/eyes-closed/patient17/P3.txt,41666,41698,32,0.0
Healthy/eyes-closed/patient17/P3.txt,42345,42377,32,0.0
Healthy/eyes-closed/patient17/P3.txt,64786,64817,31,0.0
Healthy/eyes-closed/patient17/P3.txt,65578,65609,31,0.0
Healthy/eyes-closed/patient17/P3.txt,96031,96063,32,0.0
Healthy/eyes-closed/patient17/P3.txt,99235,99267,32,0.0
Healthy/eyes-closed/patient17/Pz.txt,41666,41698,32,0.0
Healthy/eyes-closed/patient17/Pz.txt,42345,42377,32,0.0
Healthy/eyes-closed/patient17/Pz.txt,64786,64817,31,0.0
Healthy/eyes-closed/patient17/Pz.txt,65578,65609,31,0.0
Healthy/eyes-closed/patient17/Pz.txt,96031,96063,32,0.0
Healthy/eyes-closed/patient17/Pz.txt,99235,99267,32,0.0
Healthy/eyes-closed/patient17/T3.txt,41666,41698,32,0.0
Healthy/eyes-closed/patient17/T3.txt,42345,42377,32,0.0
Healthy/eyes-closed/patient17/T3.txt,64786,64817,31,0.0
Healthy/eyes-closed/patient17/T3.txt,65578,65610,32,0.0
Healthy/eyes-closed/patient17/T3.txt,96031,96063,32,0.0
Healthy/eyes-closed/patient17/T3.txt,99235,99267,32,0.0
Healthy/eyes-closed/patient17/T4.txt,41666,41698,32,0.0
Healthy/eyes-closed/patient17/T4.txt,42345,42377,32,0.0
Healthy/eyes-closed/patient17/T4.txt,64786,64817,31,0.0
Healthy/eyes-closed/patient17/T4.txt,65578,65609,31,0.0
Healthy/eyes-closed/patient17/T4.txt,96031,96063,32,0.0
Healthy/eyes-closed/patient17/T4.txt,99235,99267,32,0.0
Healthy/eyes-closed/patient17/T5.txt,41666,41698,32,0.0
Healthy/eyes-closed/patient17/T5.txt,42345,42377,32,0.0
Healthy/eyes-closed/patient17/T5.txt,64786,64817,31,0.0
Healthy/eyes-closed/patient17/T5.txt,65578,65609,31,0.0
Healthy/eyes-closed/patient17/T5.txt,96031,96063,32,0.0
Healthy/eyes-closed/patient17/T5.txt,99235,99267,32,0.0
Healthy/eyes-closed/patient17/T6.txt,41666,41698,32,0.0
Healthy/eyes-closed/patient17/T6.txt,42345,42377,32,0.0
Healthy/eyes-closed/patient17/T6.txt,64786,64817,31,0.0
Healthy/eyes-closed/patient17/T6.txt,65578,65609,31,0.0
Healthy/eyes-closed/patient17/T6.txt,96031,96063,32,0.0
Healthy/eyes-closed/patient17/T6.txt,99235,99267,32,0.0
Healthy/eyes-closed/patient22/C3.txt,67988,68019,31,0.0
Healthy/eyes-closed/patient22/C3.txt,69028,69059,31,0.0
Healthy/eyes-closed/patient22/C3.txt,69882,69913,31,0.0
Healthy/eyes-closed/patient22/C4.txt,67988,68019,31,0.0
Healthy/eyes-closed/patient22/C4.txt,69028,69059,31,0.0
Healthy/eyes-closed/patient22/C4.txt,69882,69913,31,0.0
Healthy/eyes-closed/patient22/Cz.txt,67988,68019,31,0.0
Healthy/eyes-closed/patient22/Cz.txt,69028,69059,31,0.0
Healthy/eyes-closed/patient22/Cz.txt,69882,69913,31,0.0
Healthy/eyes-closed/patient22/F3.txt,67988,68019,31,0.0
Healthy/eyes-closed/patient22/F3.txt,69028,69059,31,0.0
Healthy/eyes-closed/patient22/F3.txt,69882,69913,31,0.0
Healthy/eyes-closed/patient22/F4.txt,67988,68019,31,0.0
Healthy/eyes-closed/patient22/F4.txt,69028,69059,31,0.0
Healthy/eyes-closed/patient22/F4.txt,69882,69913,31,0.0
Healthy/eyes-closed/patient22/F7.txt,67988,68019,31,0.0
Healthy/eyes-closed/patient22/F7.txt,69028,69059,31,0.0
Healthy/eyes-closed/patient22/F7.txt,69882,69913,31,0.0
Healthy/eyes-closed/patient22/F8.txt,67988,68019,31,0.0
Healthy/eyes-closed/patient22/F8.txt,69028,69059,31,0.0
Healthy/eyes-closed/patient22/F8.txt,69882,69913,31,0.0
Healthy/eyes-closed/patient22/Fp1.txt,67988,68019,31,0.0
Healthy/eyes-closed/patient22/Fp1.txt,69028,69059,31,0.0
Healthy/eyes-closed/patient22/Fp1.txt,69882,69913,31,0.0
Healthy/eyes-closed/patient22/Fp2.txt,67988,68019,31,0.0
Healthy/eyes-closed/patient22/Fp2.txt,69028,69059,31,0.0
Healthy/eyes-closed/patient22/Fp2.txt,69882,69913,31,0.0
Healthy/eyes-closed/patient22/Fz.txt,67988,68019,31,0.0
Healthy/eyes-closed/patient22/Fz.txt,69028,69059,31,0.0
Healthy/eyes-closed/patient22/Fz.txt,69882,69913,31,0.0
Healthy/eyes-closed/patient22/O1.txt,67988,68019,31,0.0
Healthy/eyes-closed/patient22/O1.txt,69028,69059,31,0.0
Healthy/eyes-closed/patient22/O1.txt,69882,69913,31,0.0
Healthy/eyes-closed/patient22/O2.txt,67988,68019,31,0.0
Healthy/eyes-closed/patient22/O2.txt,69028,69059,31,0.0
Healthy/eyes-closed/patient22/O2.txt,69882,69913,31,0.0
Healthy/eyes-closed/patient22/P3.txt,67988,68019,31,0.0
Healthy/eyes-closed/patient22/P3.txt,69028,69059,31,0.0
Healthy/eyes-closed/patient22/P3.txt,69882,69913,31,0.0
Healthy/eyes-closed/patient22/P4.txt,67988,68019,31,0.0
Healthy/eyes-closed/patient22/P4.txt,69028,69059,31,0.0
Healthy/eyes-closed/patient22/P4.txt,69882,69913,31,0.0
Healthy/eyes-closed/patient22/Pz.txt,67988,68019,31,0.0
Healthy/eyes-closed/patient22/Pz.txt,69028,69059,31,0.0
Healthy/eyes-closed/patient22/Pz.txt,69882,69913,31,0.0
Healthy/eyes-closed/patient22/T3.txt,67988,68019,31,0.0
Healthy/eyes-closed/patient22/T3.txt,69028,69059,31,0.0
Healthy/eyes-closed/patient22/T3.txt,69882,69913,31,0.0
Healthy/eyes-closed/patient22/T4.txt,67988,68019,31,0.0
Healthy/eyes-closed/patient22/T4.txt,69028,69059,31,0.0
Healthy/eyes-closed/patient22/T4.txt,69882,69913,31,0.0
Healthy/eyes-closed/patient22/T5.txt,67988,68019,31,0.0
Healthy/eyes-closed/patient22/T5.txt,69028,69059,31,0.0
Healthy/eyes-closed/patient22/T5.txt,69882,69913,31,0.0
Healthy/eyes-closed/patient22/T6.txt,67988,68019,31,0.0
Healthy/eyes-closed/patient22/T6.txt,69028,69059,31,0.0
Healthy/eyes-closed/patient22/T6.txt,69882,69913,31,0.0
Healthy/eyes-closed/patient24/C3.txt,14388,14419,31,0.0
Healthy/eyes-closed/patient24/C3.txt,15742,15773,31,0.0
Healthy/eyes-closed/patient24/C4.txt,14388,14419,31,0.0
Healthy/eyes-closed/patient24/C4.txt,15742,15773,31,0.0
Healthy/eyes-closed/patient24/Cz.txt,14388,14419,31,0.0
Healthy/eyes-closed/patient24/Cz.txt,15742,15774,32,0.0
Healthy/eyes-closed/patient24/F3.txt,14388,14419,31,0.0
Healthy/eyes-closed/patient24/F3.txt,15742,15773,31,0.0
Healthy/eyes-closed/patient24/F4.txt,14388,14419,31,0.0
Healthy/eyes-closed/patient24/F4.txt,15742,15773,31,0.0
Healthy/eyes-closed/patient24/F7.txt,14388,14419,31,0.0
Healthy/eyes-closed/patient24/F7.txt,15742,15773,31,0.0
Healthy/eyes-closed/patient24/F8.txt,14388,14419,31,0.0
Healthy/eyes-closed/patient24/F8.txt,15742,15774,32,0.0
Healthy/eyes-closed/patient24/Fp1.txt,14388,14419,31,0.0
Healthy/eyes-closed/patient24/Fp1.txt,15742,15774,32,0.0
Healthy/eyes-closed/patient24/Fp2.txt,14388,14419,31,0.0
Healthy/eyes-closed/patient24/Fp2.txt,15742,15774,32,0.0
Healthy/eyes-closed/patient24/Fz.txt,14388,14419,31,0.0
Healthy/eyes-closed/patient24/Fz.txt,15742,15774,32,0.0
Healthy/eyes-closed/patient24/O1.txt,14388,14419,31,0.0
Healthy/eyes-closed/patient24/O1.txt,15742,15773,31,0.0
Healthy/eyes-closed/patient24/O2.txt,14388,14419,31,0.0
Healthy/eyes-closed/patient24/O2.txt,15742,15773,31,0.0
Healthy/eyes-closed/patient24/P3.txt,14388,14419,31,0.0
Healthy/eyes-closed/patient24/P3.txt,15742,15774,32,0.0
Healthy/eyes-closed/patient24/P4.txt,14388,14419,31,0.0
Healthy/eyes-closed/patient24/P4.txt,15742,15773,31,0.0
Healthy/eyes-closed/patient24/Pz.txt,14388,14419,31,0.0
Healthy/eyes-closed/patient24/Pz.txt,15742,15774,32,0.0
Healthy/eyes-closed/patient24/T3.txt,14388,14419,31,0.0
Healthy/eyes-closed/patient24/T3.txt,15742,15773,31,0.0
Healthy/eyes-closed/patient24/T4.txt,14388,14419,31,0.0
Healthy/eyes-closed/patient24/T4.txt,15742,15773,31,0.0
Healthy/eyes-closed/patient24/T5.txt,14388,14419,31,0.0
Healthy/eyes-closed/patient24/T5.txt,15742,15774,32,0.0
Healthy/eyes-closed/patient24/T6.txt,14388,14419,31,0.0
Healthy/eyes-closed/patient24/T6.txt,15742,15774,32,0.0
Healthy/eyes-closed/patient26/C3.txt,11006,11038,32,0.0
Healthy/eyes-closed/patient26/C3.txt,11936,11967,31,0.0
Healthy/eyes-closed/patient26/C3.txt,30777,30809,32,0.0
Healthy/eyes-closed/patient26/C3.txt,31826,31857,31,0.0
Healthy/eyes-closed/patient26/C3.txt,66331,66362,31,0.0
Healthy/eyes-closed/patient26/C3.txt,67318,67349,31,0.0
Healthy/eyes-closed/patient26/C3.txt,67964,67995,31,0.0
Healthy/eyes-closed/patient26/C4.txt,11006,11038,32,0.0
Healthy/eyes-closed/patient26/C4.txt,11936,11967,31,0.0
Healthy/eyes-closed/patient26/C4.txt,30777,30808,31,0.0
Healthy/eyes-closed/patient26/C4.txt,31826,31857,31,0.0
Healthy/eyes-closed/patient26/C4.txt,66331,66362,31,0.0
Healthy/eyes-closed/patient26/C4.txt,67318,67349,31,0.0
Healthy/eyes-closed/patient26/C4.txt,67964,67995,31,0.0
Healthy/eyes-closed/patient26/Cz.txt,11006,11038,32,0.0
Healthy/eyes-closed/patient26/Cz.txt,11936,11967,31,0.0
Healthy/eyes-closed/patient26/Cz.txt,30777,30808,31,0.0
Healthy/eyes-closed/patient26/Cz.txt,31826,31857,31,0.0
Healthy/eyes-closed/patient26/Cz.txt,66331,66362,31,0.0
Healthy/eyes-closed/patient26/Cz.txt,67318,67349,31,0.0
Healthy/eyes-closed/patient26/Cz.txt,67964,67995,31,0.0
Healthy/eyes-closed/patient26/F3.txt,11006,11038,32,0.0
Healthy/eyes-closed/patient26/F3.txt,11936,11967,31,0.0
Healthy/eyes-closed/patient26/F3.txt,30777,30809,32,0.0
Healthy/eyes-closed/patient26/F3.txt,31826,31857,31,0.0
Healthy/eyes-closed/patient26/F3.txt,66331,66362,31,0.0
Healthy/eyes-closed/patient26/F3.txt,67318,67349,31,0.0
Healthy/eyes-closed/patient26/F3.txt,67964,67995,31,0.0
Healthy/eyes-closed/patient26/F4.txt,11006,11038,32,0.0
Healthy/eyes-closed/patient26/F4.txt,11936,11967,31,0.0
Healthy/eyes-closed/patient26/F4.txt,30777,30808,31,0.0
Healthy/eyes-closed/patient26/F4.txt,31826,31857,31,0.0
Healthy/eyes-closed/patient26/F4.txt,66331,66362,31,0.0
Healthy/eyes-closed/patient26/F4.txt,67318,67349,31,0.0
Healthy/eyes-closed/patient26/F4.txt,67964,67995,31,0.0
Healthy/eyes-closed/patient26/F7.txt,11006,11038,32,0.0
Healthy/eyes-closed/patient26/F7.txt,11936,11967,31,0.0
Healthy/eyes-closed/patient26/F7.txt,30777,30808,31,0.0
Healthy/eyes-closed/patient26/F7.txt,31826,31857,31,0.0
Healthy/eyes-closed/patient26/F7.txt,66331,66362,31,0.0
Healthy/eyes-closed/patient26/F7.txt,67318,67349,31,0.0
Healthy/eyes-closed/patient26/F7.txt,67964,67995,31,0.0
Healthy/eyes-closed/patient26/F8.txt,11006,11038,32,0.0
Healthy/eyes-closed/patient26/F8.txt,11936,11967,31,0.0
Healthy/eyes-closed/patient26/F8.txt,30777,30808,31,0.0
Healthy/eyes-closed/patient26/F8.txt,31826,31857,31,0.0
Healthy/eyes-closed/patient26/F8.txt,66331,66362,31,0.0
Healthy/eyes-closed/patient26/F8.txt,67318,67349,31,0.0
Healthy/eyes-closed/patient26/F8.txt,67964,67995,31,0.0
Healthy/eyes-closed/patient26/Fp1.txt,11006,11038,32,0.0
Healthy/eyes-closed/patient26/Fp1.txt,11936,11967,31,0.0
Healthy/eyes-closed/patient26/Fp1.txt,30777,30809,32,0.0
Healthy/eyes-closed/patient26/Fp1.txt,31826,31857,31,0.0
Healthy/eyes-closed/patient26/Fp1.txt,66331,66362,31,0.0
Healthy/eyes-closed/patient26/Fp1.txt,67318,67349,31,0.0
Healthy/eyes-closed/patient26/Fp1.txt,67964,67995,31,0.0
Healthy/eyes-closed/patient26/Fp2.txt,11006,11038,32,0.0
Healthy/eyes-closed/patient26/Fp2.txt,11936,11967,31,0.0
Healthy/eyes-closed/patient26/Fp2.txt,30777,30808,31,0.0
Healthy/eyes-closed/patient26/Fp2.txt,31826,31857,31,0.0
Healthy/eyes-closed/patient26/Fp2.txt,66331,66362,31,0.0
Healthy/eyes-closed/patient26/Fp2.txt,67318,67349,31,0.0
Healthy/eyes-closed/patient26/Fp2.txt,67964,67995,31,0.0
Healthy/eyes-closed/patient26/Fz.txt,11006,11038,32,0.0
Healthy/eyes-closed/patient26/Fz.txt,11936,11967,31,0.0
Healthy/eyes-closed/patient26/Fz.txt,30777,30808,31,0.0
Healthy/eyes-closed/patient26/Fz.txt,31826,31857,31,0.0
Healthy/eyes-closed/patient26/Fz.txt,66331,66362,31,0.0
Healthy/eyes-closed/patient26/Fz.txt,67318,67349,31,0.0
Healthy/eyes-closed/patient26/Fz.txt,67964,67995,31,0.0
Healthy/eyes-closed/patient26/O1.txt,11006,11038,32,0.0
Healthy/eyes-closed/patient26/O1.txt,11936,11967,31,0.0
Healthy/eyes-closed/patient26/O1.txt,30777,30809,32,0.0
Healthy/eyes-closed/patient26/O1.txt,31826,31857,31,0.0
Healthy/eyes-closed/patient26/O1.txt,66331,66362,31,0.0
Healthy/eyes-closed/patient26/O1.txt,67318,67349,31,0.0
Healthy/eyes-closed/patient26/O1.txt,67964,67995,31,0.0
Healthy/eyes-closed/patient26/O2.txt,11006,11038,32,0.0
Healthy/eyes-closed/patient26/O2.txt,11936,11967,31,0.0
Healthy/eyes-closed/patient26/O2.txt,30777,30808,31,0.0
Healthy/eyes-closed/patient26/O2.txt,31826,31857,31,0.0
Healthy/eyes-closed/patient26/O2.txt,66331,66362,31,0.0
Healthy/eyes-closed/patient26/O2.txt,67318,67349,31,0.0
Healthy/eyes-closed/patient26/O2.txt,67964,67995,31,0.0
Healthy/eyes-closed/patient26/P3.txt,11006,11038,32,0.0
Healthy/eyes-closed/patient26/P3.txt,11936,11967,31,0.0
Healthy/eyes-closed/patient26/P3.txt,30777,30809,32,0.0
Healthy/eyes-closed/patient26/P3.txt,31826,31857,31,0.0
Healthy/eyes-closed/patient26/P3.txt,66331,66362,31,0.0
Healthy/eyes-closed/patient26/P3.txt,67318,67349,31,0.0
Healthy/eyes-closed/patient26/P3.txt,67964,67995,31,0.0
Healthy/eyes-closed/patient26/P4.txt,11006,11038,32,0.0
Healthy/eyes-closed/patient26/P4.txt,11936,11967,31,0.0
Healthy/eyes-closed/patient26/P4.txt,30777,30808,31,0.0
Healthy/eyes-closed/patient26/P4.txt,31826,31857,31,0.0
Healthy/eyes-closed/patient26/P4.txt,66331,66362,31,0.0
Healthy/eyes-closed/patient26/P4.txt,67318,67349,31,0.0
Healthy/eyes-closed/patient26/P4.txt,67964,67995,31,0.0
Healthy/eyes-closed/patient26/Pz.txt,11006,11038,32,0.0
Healthy/eyes-closed/patient26/Pz.txt,11936,11967,31,0.0
Healthy/eyes-closed/patient26/Pz.txt,30777,30808,31,0.0
Healthy/eyes-closed/patient26/Pz.txt,31826,31857,31,0.0
Healthy/eyes-closed/patient26/Pz.txt,66331,66362,31,0.0
Healthy/eyes-closed/patient26/Pz.txt,67318,67349,31,0.0
Healthy/eyes-closed/patient26/Pz.txt,67964,67995,31,0.0
Healthy/eyes-closed/patient26/T3.txt,11006,11038,32,0.0
Healthy/eyes-closed/patient26/T3.txt,11936,11967,31,0.0
Healthy/eyes-closed/patient26/T3.txt,30777,30809,32,0.0
Healthy/eyes-closed/patient26/T3.txt,31826,31857,31,0.0
Healthy/eyes-closed/patient26/T3.txt,66331,66362,31,0.0
Healthy/eyes-closed/patient26/T3.txt,67318,67349,31,0.0
Healthy/eyes-closed/patient26/T3.txt,67964,67995,31,0.0
Healthy/eyes-closed/patient26/T4.txt,11006,11038,32,0.0
Healthy/eyes-closed/patient26/T4.txt,11936,11967,31,0.0
Healthy/eyes-closed/patient26/T4.txt,30777,30808,31,0.0
Healthy/eyes-closed/patient26/T4.txt,31826,31857,31,0.0
Healthy/eyes-closed/patient26/T4.txt,66331,66362,31,0.0
Healthy/eyes-closed/patient26/T4.txt,67318,67349,31,0.0
Healthy/eyes-closed/patient26/T4.txt,67964,67995,31,0.0
Healthy/eyes-closed/patient26/T5.txt,11006,11038,32,0.0
Healthy/eyes-closed/patient26/T5.txt,11936,11967,31,0.0
Healthy/eyes-closed/patient26/T5.txt,30777,30808,31,0.0
Healthy/eyes-closed/patient26/T5.txt,31826,31857,31,0.0
Healthy/eyes-closed/patient26/T5.txt,66331,66362,31,0.0
Healthy/eyes-closed/patient26/T5.txt,67318,67349,31,0.0
Healthy/eyes-closed/patient26/T5.txt,67964,67995,31,0.0
Healthy/eyes-closed/patient26/T6.txt,11006,11038,32,0.0
Healthy/eyes-closed/patient26/T6.txt,11936,11967,31,0.0
Healthy/eyes-closed/patient26/T6.txt,30777,30808,31,0.0
Healthy/eyes-closed/patient26/T6.txt,31826,31857,31,0.0
Healthy/eyes-closed/patient26/T6.txt,66331,66362,31,0.0
Healthy/eyes-closed/patient26/T6.txt,67318,67349,31,0.0
Healthy/eyes-closed/patient26/T6.txt,67964,67995,31,0.0
Healthy/eyes-closed/patient27/C3.txt,61233,61264,31,0.0
Healthy/eyes-closed/patient27/C3.txt,64058,64090,32,0.0
Healthy/eyes-closed/patient27/C3.txt,85322,85354,32,0.0
Healthy/eyes-closed/patient27/C3.txt,87718,87750,32,0.0
Healthy/eyes-closed/patient27/C4.txt,61233,61264,31,0.0
Healthy/eyes-closed/patient27/C4.txt,64058,64089,31,0.0
Healthy/eyes-closed/patient27/C4.txt,85322,85354,32,-0.0
Healthy/eyes-closed/patient27/C4.txt,87718,87750,32,0.0
Healthy/eyes-closed/patient27/Cz.txt,61233,61264,31,0.0
Healthy/eyes-closed/patient27/Cz.txt,64058,64089,31,0.0
Healthy/eyes-closed/patient27/Cz.txt,85322,85354,32,0.0
Healthy/eyes-closed/patient27/Cz.txt,87718,87750,32,0.0
Healthy/eyes-closed/patient27/F3.txt,61233,61264,31,0.0
Healthy/eyes-closed/patient27/F3.txt,64058,64089,31,0.0
Healthy/eyes-closed/patient27/F3.txt,85322,85354,32,-0.0
Healthy/eyes-closed/patient27/F3.txt,87718,87750,32,0.0
Healthy/eyes-closed/patient27/F4.txt,61233,61264,31,0.0
Healthy/eyes-closed/patient27/F4.txt,64058,64089,31,0.0
Healthy/eyes-closed/patient27/F4.txt,85322,85354,32,-0.0
Healthy/eyes-closed/patient27/F4.txt,87718,87750,32,0.0
Healthy/eyes-closed/patient27/F7.txt,61233,61264,31,0.0
Healthy/eyes-closed/patient27/F7.txt,64058,64089,31,0.0
Healthy/eyes-closed/patient27/F7.txt,85322,85354,32,-0.0
Healthy/eyes-closed/patient27/F7.txt,87718,87750,32,0.0
Healthy/eyes-closed/patient27/F8.txt,61233,61264,31,0.0
Healthy/eyes-closed/patient27/F8.txt,64058,64089,31,0.0
Healthy/eyes-closed/patient27/F8.txt,85322,85354,32,0.0
Healthy/eyes-closed/patient27/F8.txt,87718,87750,32,0.0
Healthy/eyes-closed/patient27/Fp1.txt,61233,61264,31,0.0
Healthy/eyes-closed/patient27/Fp1.txt,64058,64090,32,0.0
Healthy/eyes-closed/patient27/Fp1.txt,85322,85354,32,0.0
Healthy/eyes-closed/patient27/Fp1.txt,87718,87750,32,0.0
Healthy/eyes-closed/patient27/Fp2.txt,61233,61264,31,0.0
Healthy/eyes-closed/patient27/Fp2.txt,64058,64090,32,0.0
Healthy/eyes-closed/patient27/Fp2.txt,85322,85354,32,0.0
Healthy/eyes-closed/patient27/Fp2.txt,87718,87750,32,0.0
Healthy/eyes-closed/patient27/Fz.txt,61233,61264,31,0.0
Healthy/eyes-closed/patient27/Fz.txt,64058,64089,31,0.0
Healthy/eyes-closed/patient27/Fz.txt,85322,85354,32,0.0
Healthy/eyes-closed/patient27/Fz.txt,87718,87750,32,0.0
Healthy/eyes-closed/patient27/O1.txt,61233,61264,31,0.0
Healthy/eyes-closed/patient27/O1.txt,64058,64089,31,0.0
Healthy/eyes-closed/patient27/O1.txt,85322,85354,32,-0.0
Healthy/eyes-closed/patient27/O1.txt,87718,87750,32,0.0
Healthy/eyes-closed/patient27/O2.txt,61233,61264,31,0.0
Healthy/eyes-closed/patient27/O2.txt,64058,64089,31,0.0
Healthy/eyes-closed/patient27/O2.txt,85322,85354,32,-0.0
Healthy/eyes-closed/patient27/O2.txt,87718,87750,32,0.0
Healthy/eyes-closed/patient27/P3.txt,61233,61264,31,0.0
Healthy/eyes-closed/patient27/P3.txt,64058,64089,31,0.0
Healthy/eyes-closed/patient27/P3.txt,85322,85354,32,0.0
Healthy/eyes-closed/patient27/P3.txt,87718,87750,32,0.0
Healthy/eyes-closed/patient27/P4.txt,61233,61264,31,0.0
Healthy/eyes-closed/patient27/P4.txt,64058,64089,31,0.0
Healthy/eyes-closed/patient27/P4.txt,85322,85354,32,0.0
Healthy/eyes-closed/patient27/P4.txt,87718,87750,32,0.0
Healthy/eyes-closed/patient27/Pz.txt,61233,61264,31,0.0
Healthy/eyes-closed/patient27/Pz.txt,64058,64090,32,0.0
Healthy/eyes-closed/patient27/Pz.txt,85322,85354,32,-0.0
Healthy/eyes-closed/patient27/Pz.txt,87718,87750,32,0.0
Healthy/eyes-closed/patient27/T3.txt,61233,61264,31,0.0
Healthy/eyes-closed/patient27/T3.txt,64058,64090,32,0.0
Healthy/eyes-closed/patient27/T3.txt,85322,85354,32,-0.0
Healthy/eyes-closed/patient27/T3.txt,87718,87750,32,0.0
Healthy/eyes-closed/patient27/T4.txt,61233,61264,31,0.0
Healthy/eyes-closed/patient27/T4.txt,64058,64089,31,0.0
Healthy/eyes-closed/patient27/T4.txt,85322,85354,32,-0.0
Healthy/eyes-closed/patient27/T4.txt,87718,87750,32,0.0
Healthy/eyes-closed/patient27/T5.txt,61233,61264,31,0.0
Healthy/eyes-closed/patient27/T5.txt,64058,64090,32,0.0
Healthy/eyes-closed/patient27/T5.txt,85322,85354,32,0.0
Healthy/eyes-closed/patient27/T5.txt,87718,87750,32,0.0
Healthy/eyes-closed/patient27/T6.txt,61233,61264,31,0.0
Healthy/eyes-closed/patient27/T6.txt,64058,64090,32,0.0
Healthy/eyes-closed/patient27/T6.txt,85322,85354,32,0.0
Healthy/eyes-closed/patient27/T6.txt,87718,87750,32,0.0
Healthy/eyes-closed/patient28/C3.txt,55977,56009,32,0.0
Healthy/eyes-closed/patient28/C3.txt,56713,56744,31,0.0
Healthy/eyes-closed/patient28/C3.txt,57519,57550,31,0.0
Healthy/eyes-closed/patient28/C4.txt,55977,56009,32,0.0
Healthy/eyes-closed/patient28/C4.txt,56713,56744,31,0.0
Healthy/eyes-closed/patient28/C4.txt,57519,57550,31,0.0
Healthy/eyes-closed/patient28/Cz.txt,55977,56009,32,0.0
Healthy/eyes-closed/patient28/Cz.txt,56713,56744,31,0.0
Healthy/eyes-closed/patient28/Cz.txt,57519,57550,31,0.0
Healthy/eyes-closed/patient28/F3.txt,55977,56009,32,0.0
Healthy/eyes-closed/patient28/F3.txt,56713,56744,31,0.0
Healthy/eyes-closed/patient28/F3.txt,57519,57550,31,0.0
Healthy/eyes-closed/patient28/F4.txt,55977,56009,32,0.0
Healthy/eyes-closed/patient28/F4.txt,56713,56744,31,0.0
Healthy/eyes-closed/patient28/F4.txt,57519,57550,31,0.0
Healthy/eyes-closed/patient28/F7.txt,55977,56009,32,0.0
Healthy/eyes-closed/patient28/F7.txt,56713,56744,31,0.0
Healthy/eyes-closed/patient28/F7.txt,57519,57550,31,0.0
Healthy/eyes-closed/patient28/F8.txt,55977,56009,32,0.0
Healthy/eyes-closed/patient28/F8.txt,56713,56744,31,0.0
Healthy/eyes-closed/patient28/F8.txt,57519,57550,31,0.0
Healthy/eyes-closed/patient28/Fp1.txt,55977,56009,32,0.0
Healthy/eyes-closed/patient28/Fp1.txt,56713,56744,31,0.0
Healthy/eyes-closed/patient28/Fp1.txt,57519,57550,31,0.0
Healthy/eyes-closed/patient28/Fp2.txt,55977,56009,32,0.0
Healthy/eyes-closed/patient28/Fp2.txt,56713,56744,31,0.0
Healthy/eyes-closed/patient28/Fp2.txt,57519,57550,31,0.0
Healthy/eyes-closed/patient28/Fz.txt,55977,56009,32,0.0
Healthy/eyes-closed/patient28/Fz.txt,56713,56744,31,0.0
Healthy/eyes-closed/patient28/Fz.txt,57519,57550,31,0.0
Healthy/eyes-closed/patient28/O1.txt,55977,56009,32,0.0
Healthy/eyes-closed/patient28/O1.txt,56713,56744,31,0.0
Healthy/eyes-closed/patient28/O1.txt,57519,57550,31,0.0
Healthy/eyes-closed/patient28/O2.txt,55977,56009,32,0.0
Healthy/eyes-closed/patient28/O2.txt,56713,56744,31,0.0
Healthy/eyes-closed/patient28/O2.txt,57519,57550,31,0.0
Healthy/eyes-closed/patient28/P3.txt,55977,56009,32,0.0
Healthy/eyes-closed/patient28/P3.txt,56713,56744,31,0.0
Healthy/eyes-closed/patient28/P3.txt,57519,57550,31,0.0
Healthy/eyes-closed/patient28/P4.txt,55977,56009,32,0.0
Healthy/eyes-closed/patient28/P4.txt,56713,56744,31,0.0
Healthy/eyes-closed/patient28/P4.txt,57519,57550,31,0.0
Healthy/eyes-closed/patient28/Pz.txt,55977,56009,32,0.0
Healthy/eyes-closed/patient28/Pz.txt,56713,56744,31,0.0
Healthy/eyes-closed/patient28/Pz.txt,57519,57550,31,0.0
Healthy/eyes-closed/patient28/T3.txt,55977,56009,32,0.0
Healthy/eyes-closed/patient28/T3.txt,56713,56744,31,0.0
Healthy/eyes-closed/patient28/T3.txt,57519,57550,31,0.0
Healthy/eyes-closed/patient28/T4.txt,55977,56009,32,0.0
Healthy/eyes-closed/patient28/T4.txt,56713,56744,31,0.0
Healthy/eyes-closed/patient28/T4.txt,57519,57550,31,0.0
Healthy/eyes-closed/patient28/T5.txt,55977,56009,32,0.0
Healthy/eyes-closed/patient28/T5.txt,56713,56744,31,0.0
Healthy/eyes-closed/patient28/T5.txt,57519,57550,31,0.0
Healthy/eyes-closed/patient28/T6.txt,55977,56009,32,0.0
Healthy/eyes-closed/patient28/T6.txt,56713,56744,31,0.0
Healthy/eyes-closed/patient28/T6.txt,57519,57550,31,0.0
