path,start_sample,end_sample_exclusive,std,peak_to_peak,mean,flat
Alzehiemers/eyes-closed/patient1/Fp2.txt,67584,68608,1036.0819437185176,3126.429048,1212.5481851728516,False
Alzehiemers/eyes-closed/patient4/Fp1.txt,74752,75776,556.3423801409349,2876.462973,316.0192145263672,False
Alzehiemers/eyes-closed/patient5/Fp1.txt,22528,23552,615.9397237308513,2143.137744,1037.678933586914,False
Alzehiemers/eyes-closed/patient8/C3.txt,18432,19456,1328.517043803073,4431.49861,-787.1777592724609,False
Alzehiemers/eyes-closed/patient8/C3.txt,19456,20480,5.096679600571636,29.42764999999963,-3112.051590107422,False
Alzehiemers/eyes-closed/patient8/C3.txt,20480,21504,201.2004049755404,728.2347799999998,-2977.7919743554685,False
Alzehiemers/eyes-closed/patient8/C3.txt,21504,22528,383.970644394707,1357.8830699999999,-1598.0150729687498,False
Alzehiemers/eyes-closed/patient8/C3.txt,45056,46080,841.1975002133535,6550.08172,2967.5098886992187,False
Alzehiemers/eyes-closed/patient8/C3.txt,46080,47104,8.579083343416821,66.57207000000017,3170.2921283203123,False
Alzehiemers/eyes-closed/patient8/C3.txt,47104,48128,525.2703264666156,1568.1303799999998,2519.265392861328,False
Alzehiemers/eyes-closed/patient8/C3.txt,48128,49152,281.2111434656191,972.0285450000001,1161.5211850751953,False
Alzehiemers/eyes-closed/patient8/C3.txt,60416,61440,1142.3420676014741,6667.65643,266.0236891142579,False
Alzehiemers/eyes-closed/patient8/C3.txt,61440,62464,18.281967596869368,78.91903000000002,3193.490083876953,False
Alzehiemers/eyes-closed/patient8/C3.txt,62464,63488,11.581564575504917,62.948759999999766,3182.016317607422,False
Alzehiemers/eyes-closed/patient8/C3.txt,63488,64512,506.6013493316359,1768.70437,2258.418971347656,False
Alzehiemers/eyes-closed/patient8/C3.txt,64512,65536,242.3521564470891,896.427177,993.7776631708984,False
Alzehiemers/eyes-closed/patient8/C3.txt,82944,83968,912.6177742586592,3931.26518,64.06818019238284,False
Alzehiemers/eyes-closed/patient8/C3.txt,83968,84992,587.0419669185687,3622.89081,-23.080241278320315,False
Alzehiemers/eyes-closed/patient8/C4.txt,18432,19456,1339.4350429175304,4412.088481,-875.7582039785157,False
Alzehiemers/eyes-closed/patient8/C4.txt,19456,20480,4.477353270985846,26.004039999999804,-3229.2435898046874,False
Alzehiemers/eyes-closed/patient8/C4.txt,20480,21504,201.01794114750314,737.8730599999999,-3120.2179870410155,False
Alzehiemers/eyes-closed/patient8/C4.txt,21504,22528,369.6716339599303,1303.2114699999997,-1747.137127939453,False
Alzehiemers/eyes-closed/patient8/C4.txt,45056,46080,838.8701303948861,6556.39525,3018.272351503906,False
Alzehiemers/eyes-closed/patient8/C4.txt,46080,47104,8.463182614857946,66.09443999999985,3224.86543227539,False
Alzehiemers/eyes-closed/patient8/C4.txt,47104,48128,513.5646517423701,1540.37664,2590.661773515625,False
Alzehiemers/eyes-closed/patient8/C4.txt,48128,49152,288.6252941499104,1010.9826860000001,1238.4085348378908,False
Alzehiemers/eyes-closed/patient8/C4.txt,60416,61440,1145.5598080728093,6658.94932,259.2762568232421,False
Alzehiemers/eyes-closed/patient8/C4.txt,61440,62464,18.615978900668075,81.78837999999996,3200.538725966797,False
Alzehiemers/eyes-closed/patient8/C4.txt,62464,63488,11.931559434733742,65.09742000000006,3213.5796830664067,False
Alzehiemers/eyes-closed/patient8/C4.txt,63488,64512,509.7546004272489,1765.74947,2247.481825996094,False
Alzehiemers/eyes-closed/patient8/C4.txt,82944,83968,911.334424875777,3902.14239,199.4587875439453,False
Alzehiemers/eyes-closed/patient8/C4.txt,83968,84992,591.0148413197089,3629.32255,6.100775916015607,False
Alzehiemers/eyes-closed/patient8/Cz.txt,18432,19456,1336.51120248927,4394.63064,-678.0923197304688,False
Alzehiemers/eyes-closed/patient8/Cz.txt,19456,20480,646.6819341166204,2112.53024,-2482.225725800781,False
Alzehiemers/eyes-closed/patient8/Cz.txt,20480,21504,188.45285607434897,727.4564700000001,-3150.322970800781,False
Alzehiemers/eyes-closed/patient8/Cz.txt,21504,22528,407.9297862845031,1409.4600800000003,-1772.1318602929687,False
Alzehiemers/eyes-closed/patient8/Cz.txt,45056,46080,845.6029029588813,6610.44476,3071.213290515625,False
Alzehiemers/eyes-closed/patient8/Cz.txt,46080,47104,12.208759677248217,91.06802999999991,3260.212024208984,False
Alzehiemers/eyes-closed/patient8/Cz.txt,47104,48128,527.7291173332088,1583.04849,2602.913572529297,False
Alzehiemers/eyes-closed/patient8/Cz.txt,60416,61440,1149.0167166980802,6656.37874,332.24382815917966,False
Alzehiemers/eyes-closed/patient8/Cz.txt,61440,62464,26.612699870170182,101.35096000000021,3257.1606972753907,False
Alzehiemers/eyes-closed/patient8/Cz.txt,62464,63488,12.01490578240993,67.39476999999988,3233.6727117773435,False
Alzehiemers/eyes-closed/patient8/Cz.txt,63488,64512,495.29848024986666,1732.4114000000002,2331.616996923828,False
Alzehiemers/eyes-closed/patient8/Cz.txt,82944,83968,912.5066970952072,3907.61287,235.98320682031255,False
Alzehiemers/eyes-closed/patient8/Cz.txt,83968,84992,589.9713235774888,3609.77371,23.290211650390624,False
Alzehiemers/eyes-closed/patient8/F3.txt,18432,19456,1316.501839744236,4385.52225,-769.0037945332032,False
Alzehiemers/eyes-closed/patient8/F3.txt,19456,20480,19.19496956569496,111.77116000000024,-3127.7182161621095,False
Alzehiemers/eyes-closed/patient8/F3.txt,20480,21504,196.35630070038647,741.9819199999997,-3051.4557003710934,False
Alzehiemers/eyes-closed/patient8/F3.txt,21504,22528,387.5715683444234,1373.06365,-1675.7446704003905,False
Alzehiemers/eyes-closed/patient8/F3.txt,45056,46080,847.9219470647954,6638.3308799999995,3068.365471935547,False
Alzehiemers/eyes-closed/patient8/F3.txt,46080,47104,27.329900803599525,150.7183,3279.2522639257813,False
Alzehiemers/eyes-closed/patient8/F3.txt,47104,48128,543.9384367668006,1640.38514,2521.605665878906,False
Alzehiemers/eyes-closed/patient8/F3.txt,60416,61440,1141.5859173322308,6666.2406,417.6811062128906,False
Alzehiemers/eyes-closed/patient8/F3.txt,61440,62464,48.29137149953931,207.07915999999977,3338.3499903125003,False
Alzehiemers/eyes-closed/patient8/F3.txt,62464,63488,22.189836798607992,138.10923000000003,3216.813475634766,False
Alzehiemers/eyes-closed/patient8/F3.txt,63488,64512,527.9856187456356,1852.6016800000002,2279.2571101367184,False
Alzehiemers/eyes-closed/patient8/F3.txt,82944,83968,923.2479074834455,3898.51126,200.65851556445313,False
Alzehiemers/eyes-closed/patient8/F3.txt,83968,84992,582.6590087869489,3598.11392,-144.4586555439453,False
Alzehiemers/eyes-closed/patient8/F4.txt,18432,19456,1334.1359743391827,4211.85909,-789.9679028671874,False
Alzehiemers/eyes-closed/patient8/F4.txt,19456,20480,22.95585292142669,111.92170999999962,-3105.261890625,False
Alzehiemers/eyes-closed/patient8/F4.txt,20480,21504,209.26443212547792,796.2359200000001,-2951.4717141601564,False
Alzehiemers/eyes-closed/patient8/F4.txt,21504,22528,389.3746956026135,1351.6706,-1537.364099038086,False
Alzehiemers/eyes-closed/patient8/F4.txt,45056,46080,839.5263378425547,6627.91917,3005.957763698242,False
Alzehiemers/eyes-closed/patient8/F4.txt,46080,47104,21.45746853590141,120.38158999999996,3194.045726796875,False
Alzehiemers/eyes-closed/patient8/F4.txt,47104,48128,514.2298463913974,1578.2406500000002,2584.787780888672,False
Alzehiemers/eyes-closed/patient8/F4.txt,60416,61440,1135.5096671663698,6655.5736,355.89049004589845,False
Alzehiemers/eyes-closed/patient8/F4.txt,61440,62464,25.591849735131813,116.55431999999973,3244.9035394042967,False
Alzehiemers/eyes-closed/patient8/F4.txt,62464,63488,19.07636333845181,105.33943,3223.7660740429687,False
Alzehiemers/eyes-closed/patient8/F4.txt,63488,64512,503.74538588119844,1758.04197,2294.553148261719,False
Alzehiemers/eyes-closed/patient8/F4.txt,82944,83968,911.2265388228918,3895.32178,276.63394755761715,False
Alzehiemers/eyes-closed/patient8/F4.txt,83968,84992,594.1045369843943,3622.83887,72.85768991503906,False
Alzehiemers/eyes-closed/patient8/F8.txt,18432,19456,1311.2506915992624,4071.90183,-481.1689860429688,False
Alzehiemers/eyes-closed/patient8/F8.txt,19456,20480,17.9014613377622,112.43357000000015,-2755.763098574219,False
Alzehiemers/eyes-closed/patient8/F8.txt,20480,21504,213.43515356716316,829.5523499999997,-2623.3827153222655,False
Alzehiemers/eyes-closed/patient8/F8.txt,45056,46080,853.4653088987938,6892.56513,3285.734492620117,False
Alzehiemers/eyes-closed/patient8/F8.txt,46080,47104,24.09548729295895,275.84479999999985,3532.581397792969,False
Alzehiemers/eyes-closed/patient8/F8.txt,47104,48128,524.0873321440404,1620.95994,2869.9408000683593,False
Alzehiemers/eyes-closed/patient8/F8.txt,60416,61440,1147.8468905591822,6803.66478,578.7823963847657,False
Alzehiemers/eyes-closed/patient8/F8.txt,61440,62464,21.245599126141617,122.6535600000002,3539.9495478320314,False
Alzehiemers/eyes-closed/patient8/F8.txt,62464,63488,18.898016080110466,124.05253999999968,3541.7066055078126,False
Alzehiemers/eyes-closed/patient8/F8.txt,63488,64512,511.42422750820975,1771.51674,2643.2601879101567,False
Alzehiemers/eyes-closed/patient8/F8.txt,82944,83968,909.7081715729137,3896.57182,535.9319995566407,False
Alzehiemers/eyes-closed/patient8/F8.txt,83968,84992,597.6522463629507,3637.2214400000003,274.4451734921875,False
Alzehiemers/eyes-closed/patient8/Fp1.txt,18432,19456,1310.45170045787,4300.541477,-1002.5083234794922,False
Alzehiemers/eyes-closed/patient8/Fp1.txt,19456,20480,20.174143805849415,108.82016999999996,-3262.498160341797,False
Alzehiemers/eyes-closed/patient8/Fp1.txt,20480,21504,216.2524267565016,823.8645100000003,-3151.015266083984,False
Alzehiemers/eyes-closed/patient8/Fp1.txt,21504,22528,372.01049825093213,1353.3054100000002,-1738.4827902441407,False
Alzehiemers/eyes-closed/patient8/Fp1.txt,45056,46080,839.8786624011098,6712.83157,2905.422144504883,False
Alzehiemers/eyes-closed/patient8/Fp1.txt,46080,47104,21.85810547029495,132.0572000000002,3076.5407665136718,False
Alzehiemers/eyes-closed/patient8/Fp1.txt,47104,48128,503.76586995323015,1543.2997400000002,2455.295360263672,False
Alzehiemers/eyes-closed/patient8/Fp1.txt,60416,61440,1140.7170219342734,6753.19585,217.11664939355467,False
Alzehiemers/eyes-closed/patient8/Fp1.txt,61440,62464,26.68323040432108,152.00868999999966,3173.0695983398437,False
Alzehiemers/eyes-closed/patient8/Fp1.txt,62464,63488,25.851948600408075,143.89692999999988,3132.972153779297,False
Alzehiemers/eyes-closed/patient8/Fp1.txt,63488,64512,509.8798371885762,1829.13158,2171.186111396484,False
Alzehiemers/eyes-closed/patient8/Fp1.txt,81920,82944,385.7128559578418,3989.6558099999997,-33.449847249023456,False
Alzehiemers/eyes-closed/patient8/Fp1.txt,82944,83968,1026.6426074434955,5144.3897099999995,377.69028228808594,False
Alzehiemers/eyes-closed/patient8/Fp1.txt,83968,84992,583.9445158727291,3594.70198,-106.79337712402345,False
Alzehiemers/eyes-closed/patient8/Fp2.txt,18432,19456,1282.4107249695196,4248.117419,-1117.5171341787109,False
Alzehiemers/eyes-closed/patient8/Fp2.txt,19456,20480,61.33931892042346,237.94450000000006,-3205.5329686035157,False
Alzehiemers/eyes-closed/patient8/Fp2.txt,20480,21504,239.16650985064504,913.8291999999997,-2955.803377431641,False
Alzehiemers/eyes-closed/patient8/Fp2.txt,45056,46080,855.7210266867401,6749.13302,3093.3537673496094,False
Alzehiemers/eyes-closed/patient8/Fp2.txt,46080,47104,31.233452104086922,166.6141300000004,3252.9301128808593,False
Alzehiemers/eyes-closed/patient8/Fp2.txt,47104,48128,575.8428294283046,1762.48332,2481.1329832714846,False
Alzehiemers/eyes-closed/patient8/Fp2.txt,60416,61440,1148.8608212290405,6756.884470000001,522.4713190605469,False
Alzehiemers/eyes-closed/patient8/Fp2.txt,61440,62464,35.382357584246215,178.1819099999998,3561.5205782910157,False
Alzehiemers/eyes-closed/patient8/Fp2.txt,62464,63488,26.879245101334238,141.7849799999999,3571.310080761719,False
Alzehiemers/eyes-closed/patient8/Fp2.txt,63488,64512,520.4956889406703,1827.93574,2602.4971202050783,False
Alzehiemers/eyes-closed/patient8/Fz.txt,18432,19456,1328.3044756870838,4404.08436,-746.0432698144531,False
Alzehiemers/eyes-closed/patient8/Fz.txt,19456,20480,13.499592639883844,89.9342999999999,-3066.9519079296874,False
Alzehiemers/eyes-closed/patient8/Fz.txt,20480,21504,213.2021418066637,797.8283999999999,-2954.1099501953126,False
Alzehiemers/eyes-closed/patient8/Fz.txt,21504,22528,376.84159063156955,1328.7759219999998,-1532.7996206992188,False
Alzehiemers/eyes-closed/patient8/Fz.txt,45056,46080,841.6518516714236,6653.56314,2727.756297625977,False
Alzehiemers/eyes-closed/patient8/Fz.txt,46080,47104,21.815064638660274,117.67901999999958,2921.5653059960937,False
Alzehiemers/eyes-closed/patient8/Fz.txt,47104,48128,508.39257814803966,1553.0880000000002,2286.476354521484,False
Alzehiemers/eyes-closed/patient8/Fz.txt,60416,61440,1142.2802269741371,6722.1721099999995,216.044432078125,False
Alzehiemers/eyes-closed/patient8/Fz.txt,61440,62464,20.347540705136755,120.38504999999986,3177.5442191796874,False
Alzehiemers/eyes-closed/patient8/Fz.txt,62464,63488,18.025812769668192,94.33309000000008,3173.3651344335935,False
Alzehiemers/eyes-closed/patient8/Fz.txt,63488,64512,513.0335731357901,1769.0325400000002,2243.222685009766,False
Alzehiemers/eyes-closed/patient8/Fz.txt,82944,83968,927.1609986359938,3909.67413,240.71025657226568,False
Alzehiemers/eyes-closed/patient8/Fz.txt,83968,84992,590.5113460841594,3586.74001,-133.46453388671875,False
Alzehiemers/eyes-closed/patient8/O1.txt,18432,19456,1333.0336781507226,3983.192689,-962.8144251708984,False
Alzehiemers/eyes-closed/patient8/O1.txt,19456,20480,13.619465637165037,61.08914999999979,-3298.6177584082034,False
Alzehiemers/eyes-closed/patient8/O1.txt,20480,21504,200.20359920127905,730.8506499999999,-3149.376050292969,False
Alzehiemers/eyes-closed/patient8/O1.txt,21504,22528,394.45106126724124,1381.59821,-1758.4975250878906,False
Alzehiemers/eyes-closed/patient8/O1.txt,45056,46080,834.9197416864587,6577.505450000001,2815.4486771748043,False
Alzehiemers/eyes-closed/patient8/O1.txt,46080,47104,35.76589359037092,197.47776999999996,3002.01026071289,False
Alzehiemers/eyes-closed/patient8/O1.txt,47104,48128,535.8032946987861,1604.95884,2399.5843005859374,False
Alzehiemers/eyes-closed/patient8/O1.txt,60416,61440,1148.7183820563087,6539.6763900000005,292.27979922167964,False
Alzehiemers/eyes-closed/patient8/O1.txt,61440,62464,40.569924752012106,172.24265000000014,3218.5263744628905,False
Alzehiemers/eyes-closed/patient8/O1.txt,62464,63488,1136.3794386344105,3969.04012,3818.9447232617185,False
Alzehiemers/eyes-closed/patient8/O1.txt,82944,83968,925.6172574464061,3904.34809,-100.10415421484376,False
Alzehiemers/eyes-closed/patient8/O1.txt,83968,84992,588.8151480919139,3613.29095,-319.66585931152343,False
Alzehiemers/eyes-closed/patient8/O2.txt,18432,19456,1347.8525800227242,3641.4851700000004,-804.278208140625,False
Alzehiemers/eyes-closed/patient8/O2.txt,19456,20480,13.043841472728404,73.70080000000007,-3187.68163953125,False
Alzehiemers/eyes-closed/patient8/O2.txt,20480,21504,212.22288253985448,767.8979300000001,-3029.9749443554692,False
Alzehiemers/eyes-closed/patient8/O2.txt,21504,22528,393.8859727632473,1380.0536,-1604.0963503417968,False
Alzehiemers/eyes-closed/patient8/O2.txt,45056,46080,840.5171990942182,6665.83589,2972.385300380859,False
Alzehiemers/eyes-closed/patient8/O2.txt,46080,47104,16.841180275344215,109.73636000000033,3213.7174793066406,False
Alzehiemers/eyes-closed/patient8/O2.txt,47104,48128,520.5612443640578,1576.94507,2589.9645970703123,False
Alzehiemers/eyes-closed/patient8/O2.txt,60416,61440,1150.8519941621298,6497.119769999999,270.4574919394531,False
Alzehiemers/eyes-closed/patient8/O2.txt,61440,62464,40.53070662718213,184.44806999999992,3293.033551113281,False
Alzehiemers/eyes-closed/patient8/O2.txt,62464,63488,749.3120064579704,3063.1165600000004,3007.8845305078125,False
Alzehiemers/eyes-closed/patient8/O2.txt,82944,83968,906.5923307871211,3912.0021500000003,268.2283642783203,False
Alzehiemers/eyes-closed/patient8/O2.txt,83968,84992,590.2457722779451,3611.97053,65.98082091210937,False
Alzehiemers/eyes-closed/patient8/P3.txt,18432,19456,1305.8218072826548,4302.13411,-521.0115950566407,False
Alzehiemers/eyes-closed/patient8/P3.txt,19456,20480,8.962683627811607,46.66834999999992,-2808.2305192578124,False
Alzehiemers/eyes-closed/patient8/P3.txt,20480,21504,189.30274008287972,709.4540699999998,-2711.2481676953125,False
Alzehiemers/eyes-closed/patient8/P3.txt,45056,46080,844.4749844015007,6604.13989,3276.1786623857424,False
Alzehiemers/eyes-closed/patient8/P3.txt,46080,47104,32.72455006075647,167.49806999999964,3424.609340517578,False
Alzehiemers/eyes-closed/patient8/P3.txt,47104,48128,539.2221965698644,1606.44612,2687.6608235253907,False
Alzehiemers/eyes-closed/patient8/P3.txt,60416,61440,1147.3021571073937,6572.10046,400.66703107714847,False
Alzehiemers/eyes-closed/patient8/P3.txt,61440,62464,39.47563567070829,171.2208700000001,3397.5137688281247,False
Alzehiemers/eyes-closed/patient8/P3.txt,62464,63488,17.55117596449377,99.27053000000024,3476.3513224218746,False
Alzehiemers/eyes-closed/patient8/P3.txt,63488,64512,529.2201289931,1841.8304,2492.802521308594,False
Alzehiemers/eyes-closed/patient8/P3.txt,82944,83968,907.3573626054381,3889.83587,286.19007416894533,False
Alzehiemers/eyes-closed/patient8/P4.txt,18432,19456,1332.4826900604112,4084.788931,-824.7114256328124,False
Alzehiemers/eyes-closed/patient8/P4.txt,19456,20480,10.029070357898192,49.885369999999966,-3162.0573532910157,False
Alzehiemers/eyes-closed/patient8/P4.txt,20480,21504,201.32901246659557,733.03548,-3019.3078204003905,False
Alzehiemers/eyes-closed/patient8/P4.txt,21504,22528,387.9226123198198,1353.3555299999998,-1627.1137878906247,False
Alzehiemers/eyes-closed/patient8/P4.txt,45056,46080,841.2087541673716,6586.24354,2898.1782365126955,False
Alzehiemers/eyes-closed/patient8/P4.txt,46080,47104,60.70899925723183,232.3840699999996,3070.0353547363284,False
Alzehiemers/eyes-closed/patient8/P4.txt,47104,48128,487.16315783531377,1472.56143,2352.1422804003905,False
Alzehiemers/eyes-closed/patient8/P4.txt,60416,61440,1146.9675546315416,6561.400900000001,228.06458714355466,False
Alzehiemers/eyes-closed/patient8/P4.txt,61440,62464,1430.7598207834703,3227.5736,4201.905170996093,False
Alzehiemers/eyes-closed/patient8/P4.txt,62464,63488,865.7270968107497,2651.48679,4757.257616113281,False
Alzehiemers/eyes-closed/patient8/P4.txt,63488,64512,587.1737247892718,2055.3473599999998,2586.5128181738282,False
Alzehiemers/eyes-closed/patient8/P4.txt,82944,83968,1819.1885279995165,9250.63844,-287.9746926240235,False
Alzehiemers/eyes-closed/patient8/P4.txt,83968,84992,2276.287546454804,8522.44521,1470.8215090166018,False
Alzehiemers/eyes-closed/patient8/P4.txt,84992,86016,805.4338416032679,2383.417078,2036.5869604042969,False
Alzehiemers/eyes-closed/patient8/Pz.txt,18432,19456,1335.1046528974982,4208.525596,-659.1179776074218,False
Alzehiemers/eyes-closed/patient8/Pz.txt,19456,20480,13.970297814800835,60.94524000000001,-2980.9395550097656,False
Alzehiemers/eyes-closed/patient8/Pz.txt,20480,21504,196.4287271096493,718.8202299999998,-2844.4878766113284,False
Alzehiemers/eyes-closed/patient8/Pz.txt,21504,22528,385.6653113491611,1348.341449,-1476.1222629970703,False
Alzehiemers/eyes-closed/patient8/Pz.txt,45056,46080,841.6731181816247,6607.787780000001,3007.4315805195315,False
Alzehiemers/eyes-closed/patient8/Pz.txt,46080,47104,21.293534567324144,129.9012300000004,3201.0209237109375,False
Alzehiemers/eyes-closed/patient8/Pz.txt,47104,48128,515.8153214935261,1539.5678599999999,2548.864760439453,False
Alzehiemers/eyes-closed/patient8/Pz.txt,60416,61440,1149.8427290903135,6572.84407,334.7873723320312,False
Alzehiemers/eyes-closed/patient8/Pz.txt,61440,62464,18.849289893890635,84.43785000000025,3253.968267167969,False
Alzehiemers/eyes-closed/patient8/Pz.txt,62464,63488,709.8609196218204,2333.1976400000003,3733.2009705566406,False
Alzehiemers/eyes-closed/patient8/Pz.txt,63488,64512,436.7844373145637,1526.0957,2220.1061170410158,False
Alzehiemers/eyes-closed/patient8/Pz.txt,82944,83968,910.4478233685046,3910.1175599999997,210.0979872890625,False
Alzehiemers/eyes-closed/patient8/Pz.txt,83968,84992,588.4839716848014,3612.6970199999996,16.232144097656253,False
Alzehiemers/eyes-closed/patient8/T3.txt,18432,19456,1324.7189556277192,3656.176721,-649.4615420546876,False
Alzehiemers/eyes-closed/patient8/T3.txt,19456,20480,11.166415818217354,53.97240000000011,-2962.3060649999998,False
Alzehiemers/eyes-closed/patient8/T3.txt,20480,21504,203.91735973804637,751.4537700000001,-2832.3110699023437,False
Alzehiemers/eyes-closed/patient8/T3.txt,45056,46080,847.4224017418924,6882.95554,3053.4154179238285,False
Alzehiemers/eyes-closed/patient8/T3.txt,46080,47104,23.966178546682038,132.0959600000001,3288.674526591797,False
Alzehiemers/eyes-closed/patient8/T3.txt,47104,48128,520.2320942085647,1552.14496,2690.0813018652343,False
Alzehiemers/eyes-closed/patient8/T3.txt,60416,61440,1144.281604649794,6566.96924,212.84152259570314,False
Alzehiemers/eyes-closed/patient8/T3.txt,61440,62464,31.530089286278624,160.08401999999978,3230.7855174804686,False
Alzehiemers/eyes-closed/patient8/T3.txt,62464,63488,18.805754186878875,101.97323000000006,3301.095439042969,False
Alzehiemers/eyes-closed/patient8/T3.txt,63488,64512,521.2550917191002,1816.02337,2379.1401695703125,False
Alzehiemers/eyes-closed/patient8/T3.txt,82944,83968,912.3748602272733,3923.0499099999997,231.0639927626953,False
Alzehiemers/eyes-closed/patient8/T4.txt,99328,100352,1501.3829642989795,7721.37581,-1939.2182540859376,False
Alzehiemers/eyes-closed/patient8/T5.txt,19456,20480,13.389529539201906,63.308989999999994,-3102.3083572265623,False
Alzehiemers/eyes-closed/patient8/T5.txt,20480,21504,199.10707619554364,732.0959399999997,-2956.4978128613284,False
Alzehiemers/eyes-closed/patient8/T5.txt,45056,46080,829.159175135406,6679.24358,2893.9289061591794,False
Alzehiemers/eyes-closed/patient8/T5.txt,46080,47104,40.97386694188954,196.76877000000013,3059.351198671875,False
Alzehiemers/eyes-closed/patient8/T5.txt,47104,48128,514.2669018515039,1536.8230500000002,2348.1593515234376,False
Alzehiemers/eyes-closed/patient8/T5.txt,60416,61440,1146.696624392277,6525.05178,425.04920408007814,False
Alzehiemers/eyes-closed/patient8/T5.txt,61440,62464,38.97082567537056,148.46234000000004,3331.669072460937,False
Alzehiemers/eyes-closed/patient8/T5.txt,62464,63488,16.518567800261444,96.80205000000024,3300.5433224023436,False
Alzehiemers/eyes-closed/patient8/T5.txt,63488,64512,501.83787913418854,1749.2167599999998,2373.212475449219,False
Alzehiemers/eyes-closed/patient8/T6.txt,19456,20480,20.581596530121466,81.48288000000002,-2824.455528046875,False
Alzehiemers/eyes-closed/patient8/T6.txt,20480,21504,205.00173026950662,752.4648099999999,-2678.5082514843753,False
Alzehiemers/eyes-closed/patient8/T6.txt,45056,46080,843.3494699836995,6627.94182,3337.1472997451174,False
Alzehiemers/eyes-closed/patient8/T6.txt,46080,47104,17.570235713815748,102.9673600000001,3560.755990859375,False
Alzehiemers/eyes-closed/patient8/T6.txt,47104,48128,521.4950503622259,1593.0376199999998,2908.116259609375,False
Alzehiemers/eyes-closed/patient8/T6.txt,60416,61440,1155.8753238484442,6625.67916,408.24436611035156,False
Alzehiemers/eyes-closed/patient8/T6.txt,61440,62464,406.10319356497644,2021.45179,3536.7450059667967,False
Alzehiemers/eyes-closed/patient8/T6.txt,62464,63488,556.2258160898064,2343.8718200000003,3008.265053066406,False
Alzehiemers/eyes-closed/patient9/Fp2.txt,0,1024,354.47137393463015,1293.78495,-1057.9931937001952,False
Alzehiemers/eyes-closed/patient11/C3.txt,9216,10240,1558.1301754280892,7057.4568899999995,2007.4881254697266,False
Alzehiemers/eyes-closed/patient11/C3.txt,10240,11264,4.748361403235568,30.229409999999916,3228.856909550781,False
Alzehiemers/eyes-closed/patient11/C3.txt,11264,12288,258.57712768868697,792.8026199999999,3030.457434414063,False
Alzehiemers/eyes-closed/patient11/C3.txt,12288,13312,412.5726462169821,1516.1524439999998,1564.6152999296874,False
Alzehiemers/eyes-closed/patient11/C3.txt,54272,55296,282.4830878130461,3359.029378,-60.22094950585937,False
Alzehiemers/eyes-closed/patient11/C4.txt,9216,10240,1569.3058910967584,6978.99568,1926.8287763183591,False
Alzehiemers/eyes-closed/patient11/C4.txt,10240,11264,4.650545238274745,30.85692999999992,3167.6490509277346,False
Alzehiemers/eyes-closed/patient11/C4.txt,11264,12288,268.059986617798,823.7619800000002,2966.140058652344,False
Alzehiemers/eyes-closed/patient11/C4.txt,12288,13312,401.0907614340129,1503.1760350000002,1497.0576236718753,False
Alzehiemers/eyes-closed/patient11/C4.txt,54272,55296,302.6912179544275,3952.9930449999997,124.06947344921876,False
Alzehiemers/eyes-closed/patient11/Cz.txt,9216,10240,1564.5480026219752,6921.65177,1957.7198709082031,False
Alzehiemers/eyes-closed/patient11/Cz.txt,10240,11264,4.161622053097975,22.29316000000017,3188.0949562695314,False
Alzehiemers/eyes-closed/patient11/Cz.txt,11264,12288,259.7906243161263,791.62212,2987.159394160156,False
Alzehiemers/eyes-closed/patient11/Cz.txt,12288,13312,407.82832139965734,1510.836192,1530.290797544922,False
Alzehiemers/eyes-closed/patient11/Cz.txt,54272,55296,498.9947969092643,4902.92727,144.88720325390625,False
Alzehiemers/eyes-closed/patient11/Cz.txt,55296,56320,515.7136900195057,1806.8966249999999,554.3052365458984,False
Alzehiemers/eyes-closed/patient11/F3.txt,9216,10240,1570.5960021833262,7305.28286,1968.133562626953,False
Alzehiemers/eyes-closed/patient11/F3.txt,10240,11264,15.239911773767826,78.22037,3163.601670322266,False
Alzehiemers/eyes-closed/patient11/F3.txt,11264,12288,262.31167955491225,815.2112999999999,2940.205849580078,False
Alzehiemers/eyes-closed/patient11/F3.txt,12288,13312,395.4565759834328,1470.9270049999998,1491.1595225371093,False
Alzehiemers/eyes-closed/patient11/F3.txt,54272,55296,273.9727992164236,3254.173231,-167.99944061132814,False
Alzehiemers/eyes-closed/patient11/F4.txt,9216,10240,1597.5241656071394,7088.31283,1917.9522327685545,False
Alzehiemers/eyes-closed/patient11/F4.txt,10240,11264,6.399364241931138,48.49061000000029,3159.0077719140622,False
Alzehiemers/eyes-closed/patient11/F4.txt,11264,12288,262.0901242438657,828.9951100000003,2962.1273531347656,False
Alzehiemers/eyes-closed/patient11/F4.txt,12288,13312,434.8275250659809,1427.04166,1878.279751484375,False
Alzehiemers/eyes-closed/patient11/F4.txt,13312,14336,768.3005680187109,2391.8958780000003,812.4099999033203,False
Alzehiemers/eyes-closed/patient11/F4.txt,54272,55296,233.39067531889086,3375.1289589999997,-63.66145264746093,False
Alzehiemers/eyes-closed/patient11/F7.txt,9216,10240,1581.1422735079568,7205.2556,1977.9508872382812,False
Alzehiemers/eyes-closed/patient11/F7.txt,10240,11264,21.311650595849915,103.36685000000034,3205.4759162988285,False
Alzehiemers/eyes-closed/patient11/F7.txt,11264,12288,252.67525696945853,806.3463099999999,2982.123317236328,False
Alzehiemers/eyes-closed/patient11/F7.txt,12288,13312,395.68207100763755,1491.396138,1546.4030444951172,False
Alzehiemers/eyes-closed/patient11/F7.txt,54272,55296,293.80544725589937,3320.0034330000003,-225.5437592705078,False
Alzehiemers/eyes-closed/patient11/F8.txt,2048,3072,1373.7852344463001,3613.674356,1164.8372773056642,False
Alzehiemers/eyes-closed/patient11/F8.txt,9216,10240,1604.9345281554215,7337.18095,1965.3546963056642,False
Alzehiemers/eyes-closed/patient11/F8.txt,10240,11264,27.66059442139255,108.85190999999986,3251.231857402344,False
Alzehiemers/eyes-closed/patient11/F8.txt,11264,12288,265.1435921506836,928.3350700000001,3138.157427558594,False
Alzehiemers/eyes-closed/patient11/F8.txt,12288,13312,313.4101323065739,1111.5446,1962.2420859179688,False
Alzehiemers/eyes-closed/patient11/F8.txt,32768,33792,819.3966819332416,2493.033883,632.6393980888672,False
Alzehiemers/eyes-closed/patient11/F8.txt,54272,55296,273.76781253262715,3328.153961,1.7692216777343663,False
Alzehiemers/eyes-closed/patient11/Fp2.txt,2048,3072,1793.183520094095,4583.39421,663.9760386445314,False
Alzehiemers/eyes-closed/patient11/Fp2.txt,9216,10240,1672.019920051043,7155.394829999999,1443.9907417753907,False
Alzehiemers/eyes-closed/patient11/Fp2.txt,10240,11264,10.448345994412275,58.00648000000001,2761.1559261621096,False
Alzehiemers/eyes-closed/patient11/Fp2.txt,11264,12288,263.9824491053077,871.1693999999998,2652.448707851562,False
Alzehiemers/eyes-closed/patient11/Fp2.txt,12288,13312,1257.9760073453767,3433.4742159999996,2175.5870219414064,False
Alzehiemers/eyes-closed/patient11/Fp2.txt,13312,14336,1867.0391229951244,4879.929635,1504.9741597451173,False
Alzehiemers/eyes-closed/patient11/Fp2.txt,32768,33792,1581.5599521944034,4273.43558,1418.7716571445312,False
Alzehiemers/eyes-closed/patient11/Fp2.txt,54272,55296,812.0288878911256,6262.219080000001,28.336825381835965,False
Alzehiemers/eyes-closed/patient11/Fp2.txt,55296,56320,1953.8027172770771,4969.43386,1362.6435934160156,False
Alzehiemers/eyes-closed/patient11/Fp2.txt,93184,94208,1210.685695436387,3550.411593,1998.7927868105469,False
Alzehiemers/eyes-closed/patient11/Fz.txt,9216,10240,1578.9119783550145,7201.24379,2035.860352243164,False
Alzehiemers/eyes-closed/patient11/Fz.txt,10240,11264,5.019347479492342,34.07465000000002,3249.604194091797,False
Alzehiemers/eyes-closed/patient11/Fz.txt,11264,12288,259.01771988482875,790.9904200000001,3054.6634618359376,False
Alzehiemers/eyes-closed/patient11/Fz.txt,12288,13312,390.2598807981164,1457.99712,1618.3584541015625,False
Alzehiemers/eyes-closed/patient11/Fz.txt,54272,55296,330.70345710264604,5600.6458299999995,-86.42408968164062,False
Alzehiemers/eyes-closed/patient11/O1.txt,9216,10240,1557.8454393207448,7105.59158,1886.722892876953,False
Alzehiemers/eyes-closed/patient11/O1.txt,10240,11264,11.650737880028087,76.96473000000015,3145.9070715722655,False
Alzehiemers/eyes-closed/patient11/O1.txt,11264,12288,261.25612844325855,814.3528099999999,2957.3427783691404,False
Alzehiemers/eyes-closed/patient11/O1.txt,12288,13312,412.2332248460572,1518.080875,1498.5117399375,False
Alzehiemers/eyes-closed/patient11/O1.txt,54272,55296,263.6033239331417,3304.6633460000003,-135.8252716328125,False
Alzehiemers/eyes-closed/patient11/O2.txt,9216,10240,1568.984397002945,7747.0666599999995,1884.8225262001952,False
Alzehiemers/eyes-closed/patient11/O2.txt,10240,11264,23.781208171539557,126.51850999999988,3112.688166572266,False
Alzehiemers/eyes-closed/patient11/O2.txt,11264,12288,285.94836369890953,899.6747799999998,2859.1336838964844,False
Alzehiemers/eyes-closed/patient11/O2.txt,12288,13312,403.23734064237124,1487.1556719999999,1375.869197535156,False
Alzehiemers/eyes-closed/patient11/O2.txt,45056,46080,956.5712539058121,2876.501357,2440.450273298828,False
Alzehiemers/eyes-closed/patient11/O2.txt,54272,55296,1003.2847073200749,5592.28099,1042.5954250351563,False
Alzehiemers/eyes-closed/patient11/P3.txt,9216,10240,1556.573123038772,7190.28672,2035.6164710683593,False
Alzehiemers/eyes-closed/patient11/P3.txt,10240,11264,8.13435707578017,48.51976999999988,3264.3213862011717,False
Alzehiemers/eyes-closed/patient11/P3.txt,11264,12288,265.169007841154,814.5828399999996,3059.8669231933595,False
Alzehiemers/eyes-closed/patient11/P3.txt,12288,13312,414.156921376622,1521.0424779999998,1587.5574726464843,False
Alzehiemers/eyes-closed/patient11/P3.txt,45056,46080,538.7346340898232,1876.7738009999998,819.3050862451171,False
Alzehiemers/eyes-closed/patient11/P3.txt,54272,55296,310.3354157060182,3432.893798,-37.271488647460934,False
Alzehiemers/eyes-closed/patient11/P3.txt,55296,56320,667.8686276928269,2609.789843,-65.63428132226562,False
Alzehiemers/eyes-closed/patient11/P4.txt,9216,10240,1563.6660658704877,7432.2626,2183.0661253818357,False
Alzehiemers/eyes-closed/patient11/P4.txt,10240,11264,8.257578912326437,54.87591999999995,3390.2721616894532,False
Alzehiemers/eyes-closed/patient11/P4.txt,11264,12288,260.41069100980786,806.8624,3202.0592575781247,False
Alzehiemers/eyes-closed/patient11/P4.txt,12288,13312,419.7665907699109,1527.873,1741.9997580078125,False
Alzehiemers/eyes-closed/patient11/P4.txt,54272,55296,1818.2255578943689,7309.61135,-1729.6229485800782,False
Alzehiemers/eyes-closed/patient11/P4.txt,55296,56320,45.36199459272326,283.99046999999973,-3164.738921816406,False
Alzehiemers/eyes-closed/patient11/P4.txt,56320,57344,67.60525401907786,386.03507999999965,-3193.994699658203,False
Alzehiemers/eyes-closed/patient11/P4.txt,57344,58368,484.38139034032673,1720.24277,-1955.8417478710935,False
Alzehiemers/eyes-closed/patient11/Pz.txt,9216,10240,1578.8101416171003,7240.981159999999,2325.1086846591797,False
Alzehiemers/eyes-closed/patient11/Pz.txt,10240,11264,21.353780338201418,99.83793000000014,3534.241108623047,False
Alzehiemers/eyes-closed/patient11/Pz.txt,11264,12288,263.8901999846051,807.1414900000004,3305.471058505859,False
Alzehiemers/eyes-closed/patient11/Pz.txt,12288,13312,400.2391751508788,1480.51958,1856.1097329394534,False
Alzehiemers/eyes-closed/patient11/Pz.txt,54272,55296,606.7278144682845,6360.45896,-65.66923686523435,False
Alzehiemers/eyes-closed/patient11/T3.txt,9216,10240,1558.810789012459,7891.45864,1757.314703097656,False
Alzehiemers/eyes-closed/patient11/T3.txt,10240,11264,12.5383224004788,71.07403999999997,3012.341575136719,False
Alzehiemers/eyes-closed/patient11/T3.txt,11264,12288,265.1309535998459,819.5791799999997,2827.0078274121092,False
Alzehiemers/eyes-closed/patient11/T3.txt,12288,13312,417.1198473378474,1533.3808969999998,1355.8728450380859,False
Alzehiemers/eyes-closed/patient11/T3.txt,54272,55296,304.38479091449824,3461.158253,133.7451847431641,False
Alzehiemers/eyes-closed/patient11/T3.txt,55296,56320,718.1017645203976,3057.4319,-107.33113486425776,False
Alzehiemers/eyes-closed/patient11/T4.txt,9216,10240,1557.4004107213884,7341.122020000001,1944.9181806748047,False
Alzehiemers/eyes-closed/patient11/T4.txt,10240,11264,10.697543412393406,70.40607,3174.606623798828,False
Alzehiemers/eyes-closed/patient11/T4.txt,11264,12288,266.4328883630692,851.3446199999998,2977.0209976269534,False
Alzehiemers/eyes-closed/patient11/T4.txt,12288,13312,390.16297392490634,1449.0102190000002,1520.3045714326172,False
Alzehiemers/eyes-closed/patient11/T4.txt,54272,55296,347.8298953747148,3547.210732,32.333776877929694,False
Alzehiemers/eyes-closed/patient11/T5.txt,9216,10240,1561.8557137073374,7785.148370000001,2059.7736628271487,False
Alzehiemers/eyes-closed/patient11/T5.txt,10240,11264,11.718257987172459,69.77338000000009,3261.3586610351563,False
Alzehiemers/eyes-closed/patient11/T5.txt,11264,12288,268.17173080556944,830.87671,3055.9178494628904,False
Alzehiemers/eyes-closed/patient11/T5.txt,12288,13312,406.93361320037076,1497.462899,1591.2508566669921,False
Alzehiemers/eyes-closed/patient11/T5.txt,45056,46080,1177.8094962900864,3110.32112,2231.6731112050784,False
Alzehiemers/eyes-closed/patient11/T5.txt,54272,55296,367.3315572170973,3455.942796,-111.1796896171875,False
Alzehiemers/eyes-closed/patient11/T6.txt,9216,10240,1560.6935423195632,7210.41409,1974.416143288086,False
Alzehiemers/eyes-closed/patient11/T6.txt,10240,11264,12.258276455195281,78.47121000000016,3229.8303603222657,False
Alzehiemers/eyes-closed/patient11/T6.txt,11264,12288,268.2147057603385,814.3623299999999,3024.2009023046876,False
Alzehiemers/eyes-closed/patient11/T6.txt,12288,13312,417.91242504571045,1548.6035650000001,1575.7265353242187,False
Alzehiemers/eyes-closed/patient11/T6.txt,45056,46080,712.0197218338494,2381.234388,981.0946170986329,False
Alzehiemers/eyes-closed/patient11/T6.txt,54272,55296,1338.2080534696236,6447.170480000001,1176.9419275937498,False
Alzehiemers/eyes-closed/patient11/T6.txt,55296,56320,583.3435491028484,2252.0860629999997,-232.8723763300781,False
Alzehiemers/eyes-closed/patient12/C3.txt,1024,2048,1121.0376257210073,3965.440279,921.6468166191406,False
Alzehiemers/eyes-closed/patient12/C3.txt,69632,70656,453.16859011918507,3900.7395399999996,75.23642724902342,False
Alzehiemers/eyes-closed/patient12/C3.txt,72704,73728,997.2201068993733,3539.741472,301.3833348388672,False
Alzehiemers/eyes-closed/patient12/C3.txt,83968,84992,1272.0134402598878,7382.34139,2459.0737375058598,False
Alzehiemers/eyes-closed/patient12/C3.txt,84992,86016,24.45404741601723,87.62480000000005,3089.502916328125,False
Alzehiemers/eyes-closed/patient12/C3.txt,86016,87040,420.5695815497231,1293.69898,2685.657882802734,False
Alzehiemers/eyes-closed/patient12/C4.txt,1024,2048,1081.2367947208777,3476.282572,-846.2036215722655,False
Alzehiemers/eyes-closed/patient12/C4.txt,69632,70656,400.26980409481786,4921.61812,-137.4827243857422,False
Alzehiemers/eyes-closed/patient12/C4.txt,72704,73728,969.9924368600514,3459.040947,-324.49663720703126,False
Alzehiemers/eyes-closed/patient12/C4.txt,83968,84992,1280.7336736814534,7293.5752,2701.3475388408206,False
Alzehiemers/eyes-closed/patient12/C4.txt,84992,86016,24.484991177368496,87.58631999999989,3305.881584970703,False
Alzehiemers/eyes-closed/patient12/C4.txt,86016,87040,423.0921261634926,1298.5877999999998,2883.4127130664065,False
Alzehiemers/eyes-closed/patient12/C4.txt,87040,88064,311.55382552555704,1083.839876,1463.4518610908203,False
Alzehiemers/eyes-closed/patient12/F3.txt,69632,70656,482.1635802743683,5242.76819,-49.70537339257812,False
Alzehiemers/eyes-closed/patient12/F3.txt,83968,84992,1181.4760406830355,7773.75915,2109.339779176758,False
Alzehiemers/eyes-closed/patient12/F3.txt,84992,86016,105.43796972381995,303.86898999999994,2415.0696137695313,False
Alzehiemers/eyes-closed/patient12/F3.txt,86016,87040,430.72577345661887,1356.1393099999998,2314.0230983105466,False
Alzehiemers/eyes-closed/patient12/F4.txt,69632,70656,1187.4081265975726,5817.20124,-386.9536893349609,False
Alzehiemers/eyes-closed/patient12/F4.txt,70656,71680,224.88065530563037,954.5197700000003,-2807.800236621094,False
Alzehiemers/eyes-closed/patient12/F4.txt,83968,84992,1196.884682728321,7849.18743,1589.9252058857421,False
Alzehiemers/eyes-closed/patient12/F4.txt,84992,86016,113.27797702347742,332.0435500000001,2075.595286640625,False
Alzehiemers/eyes-closed/patient12/F4.txt,86016,87040,413.7654000521655,1382.45194,1998.0126477539063,False
Alzehiemers/eyes-closed/patient12/F7.txt,83968,84992,1199.5542501150226,7362.3861,2064.552230881836,False
Alzehiemers/eyes-closed/patient12/F8.txt,83968,84992,1224.9287472044653,7606.15756,2090.1313600332032,False
Alzehiemers/eyes-closed/patient12/F8.txt,84992,86016,78.0292799603043,321.2612399999998,2819.4334943652343,False
Alzehiemers/eyes-closed/patient12/F8.txt,86016,87040,389.14689657114246,1331.89952,2600.305455351562,False
Alzehiemers/eyes-closed/patient12/Fp1.txt,69632,70656,463.744925538029,5288.98458,-125.8603424453125,False
Alzehiemers/eyes-closed/patient12/Fp1.txt,83968,84992,1152.7163004148133,7876.92462,1897.7011181943358,False
Alzehiemers/eyes-closed/patient12/Fp2.txt,1024,2048,1577.8439544775617,6418.34112,-434.37057014453126,False
Alzehiemers/eyes-closed/patient12/Fp2.txt,83968,84992,1160.2166659083725,7807.24404,2124.195618135742,False
Alzehiemers/eyes-closed/patient12/Fz.txt,83968,84992,1234.5557691037754,7506.364,1869.037670671875,False
Alzehiemers/eyes-closed/patient12/Fz.txt,84992,86016,111.31124513321538,322.69110999999975,2587.925100722656,False
Alzehiemers/eyes-closed/patient12/Fz.txt,86016,87040,419.3437570243637,1295.5689300000001,2403.813489736328,False
Alzehiemers/eyes-closed/patient12/O1.txt,1024,2048,1302.0554723882435,6918.88698,-954.7925010322265,False
Alzehiemers/eyes-closed/patient12/O1.txt,69632,70656,446.14021667163536,5336.4962000000005,-131.1811202236328,False
Alzehiemers/eyes-closed/patient12/O1.txt,70656,71680,1743.1794243642662,8739.482240000001,-29.71889787890629,False
Alzehiemers/eyes-closed/patient12/O1.txt,71680,72704,2776.392700008326,8929.44238,56.12634798339846,False
Alzehiemers/eyes-closed/patient12/O1.txt,72704,73728,2369.52914272123,7638.52217,-2044.4606901865234,False
Alzehiemers/eyes-closed/patient12/O1.txt,73728,74752,54.01441290635579,313.3598399999996,-3124.1765380175775,False
Alzehiemers/eyes-closed/patient12/O1.txt,74752,75776,39.8273977620604,202.2247100000004,-3171.411171582031,False
Alzehiemers/eyes-closed/patient12/O1.txt,75776,76800,63.028108792488304,270.7945599999998,-3141.4055136816405,False
Alzehiemers/eyes-closed/patient12/O1.txt,76800,77824,284.29255359630093,1080.0373800000002,-2489.7007931640624,False
Alzehiemers/eyes-closed/patient12/O1.txt,83968,84992,1251.8584297506534,7417.9475,2276.364742635742,False
Alzehiemers/eyes-closed/patient12/O1.txt,84992,86016,49.76800127462875,175.07402000000002,2761.1577055078124,False
Alzehiemers/eyes-closed/patient12/O1.txt,86016,87040,404.56458557650444,1374.50236,2327.249042988281,False
Alzehiemers/eyes-closed/patient12/O2.txt,68608,69632,1635.0023047741624,6968.95165,256.7633984472657,False
Alzehiemers/eyes-closed/patient12/O2.txt,69632,70656,2787.0331028674977,9451.04863,1598.3011992636718,False
Alzehiemers/eyes-closed/patient12/O2.txt,70656,71680,70.25194837548932,393.46299,3180.3420741015625,False
Alzehiemers/eyes-closed/patient12/O2.txt,71680,72704,364.1596932031974,1225.3479700000003,2894.1037006445313,False
Alzehiemers/eyes-closed/patient12/O2.txt,83968,84992,1240.147935789559,7231.15794,1851.261723458008,False
Alzehiemers/eyes-closed/patient12/P3.txt,24576,25600,1282.2066216285245,8123.72244,-617.5800332392577,False
Alzehiemers/eyes-closed/patient12/P3.txt,25600,26624,213.86449865425,1910.28547,-3158.129191484375,False
Alzehiemers/eyes-closed/patient12/P3.txt,26624,27648,51.20994937793967,273.25921000000017,-3213.6826647167973,False
Alzehiemers/eyes-closed/patient12/P3.txt,27648,28672,233.32576190474302,788.2491500000001,-2986.5546207324214,False
Alzehiemers/eyes-closed/patient12/P3.txt,69632,70656,576.2716197522445,6868.8426500000005,548.4887061259765,False
Alzehiemers/eyes-closed/patient12/P3.txt,72704,73728,1594.5716758135795,6304.11989,626.1563447724609,False
Alzehiemers/eyes-closed/patient12/P3.txt,83968,84992,1235.4156574029355,7387.66015,2458.5815745810546,False
Alzehiemers/eyes-closed/patient12/P3.txt,84992,86016,97.83063975449805,273.2007599999997,2945.917513769531,False
Alzehiemers/eyes-closed/patient12/P3.txt,86016,87040,493.07510291767335,1424.6854600000001,2595.5238142089843,False
Alzehiemers/eyes-closed/patient12/P4.txt,1024,2048,1149.3853215716222,4523.1024,-852.1383556259765,False
Alzehiemers/eyes-closed/patient12/P4.txt,25600,26624,1939.6193651415601,4867.24907,286.63053783398436,False
Alzehiemers/eyes-closed/patient12/P4.txt,69632,70656,455.8944172747975,5241.45896,32.69164520117188,False
Alzehiemers/eyes-closed/patient12/P4.txt,83968,84992,1233.1094454857864,7232.177250000001,2127.1677213691405,False
Alzehiemers/eyes-closed/patient12/P4.txt,84992,86016,140.44262430675343,367.4741899999999,2700.493800927735,False
Alzehiemers/eyes-closed/patient12/P4.txt,86016,87040,501.32166136258286,1459.1231099999998,2463.3294558886714,False
Alzehiemers/eyes-closed/patient12/Pz.txt,1024,2048,1787.0441570664636,6312.25842,-365.9295221865234,False
Alzehiemers/eyes-closed/patient12/Pz.txt,25600,26624,1502.4534889973331,4543.96565,-57.429851873046914,False
Alzehiemers/eyes-closed/patient12/Pz.txt,69632,70656,522.8011511885549,4822.53025,319.79040971874997,False
Alzehiemers/eyes-closed/patient12/Pz.txt,83968,84992,1249.8942392810654,7309.3843799999995,2283.772050825195,False
Alzehiemers/eyes-closed/patient12/Pz.txt,84992,86016,98.32469289951568,264.8880399999998,2852.956654638672,False
Alzehiemers/eyes-closed/patient12/Pz.txt,86016,87040,464.3213110194934,1373.58084,2541.1871105859373,False
Alzehiemers/eyes-closed/patient12/T3.txt,69632,70656,1006.4937167569831,5884.48211,-1899.1000266767578,False
Alzehiemers/eyes-closed/patient12/T3.txt,83968,84992,1232.282880455956,7620.212750000001,2419.546611939453,False
Alzehiemers/eyes-closed/patient12/T3.txt,84992,86016,136.16269517048048,439.5266700000002,3126.886574345703,False
Alzehiemers/eyes-closed/patient12/T3.txt,86016,87040,426.4342448899619,1436.8493600000002,2929.4178072753907,False
Alzehiemers/eyes-closed/patient12/T5.txt,1024,2048,2155.996177493313,6898.14402,-765.7311254199219,False
Alzehiemers/eyes-closed/patient12/T5.txt,2048,3072,2795.683269761241,9085.69849,-1179.98752771875,False
Alzehiemers/eyes-closed/patient12/T5.txt,3072,4096,2755.1665740228805,9124.58046,813.1743871298828,False
Alzehiemers/eyes-closed/patient12/T5.txt,4096,5120,2856.9376638618855,8873.78056,926.1849274960937,False
Alzehiemers/eyes-closed/patient12/T5.txt,5120,6144,341.56530168130104,1543.4778800000001,3035.2659777148438,False
Alzehiemers/eyes-closed/patient12/T5.txt,69632,70656,1433.9072717201088,8711.17247,-1156.2356922529298,False
Alzehiemers/eyes-closed/patient12/T5.txt,72704,73728,920.8351362658128,6053.40078,-642.5665471611328,False
Alzehiemers/eyes-closed/patient12/T5.txt,83968,84992,1254.456826804701,7527.280070000001,2247.7451431132813,False
Alzehiemers/eyes-closed/patient12/T5.txt,84992,86016,106.48738655216839,295.8973500000002,2877.4344911328126,False
Alzehiemers/eyes-closed/patient12/T5.txt,86016,87040,434.21420437531094,1353.26961,2604.8769555371096,False
Alzehiemers/eyes-closed/patient12/T6.txt,1024,2048,1125.7201058186831,5612.07093,-761.5088291093748,False
Alzehiemers/eyes-closed/patient12/T6.txt,69632,70656,496.658363037977,5281.67527,-591.7392913007812,False
Alzehiemers/eyes-closed/patient12/T6.txt,83968,84992,1258.6706554035125,7482.348379999999,1822.7406764218754,False
Alzehiemers/eyes-closed/patient12/T6.txt,84992,86016,135.61271022206856,392.87360999999964,2569.5417605273437,False
Alzehiemers/eyes-closed/patient12/T6.txt,86016,87040,443.84525126749554,1353.3843099999997,2366.1251645312495,False
Alzehiemers/eyes-closed/patient13/C3.txt,17408,18432,169.79933208377517,1469.832293,3.9096808134765624,False
Alzehiemers/eyes-closed/patient13/C3.txt,18432,19456,715.0250817146813,4487.67756,-326.9431697226562,False
Alzehiemers/eyes-closed/patient13/C4.txt,18432,19456,609.622323714908,2778.868053,419.43513006347655,False
Alzehiemers/eyes-closed/patient13/C4.txt,88064,89088,94.8324680825815,1456.06665,22.842592431640625,False
Alzehiemers/eyes-closed/patient13/Cz.txt,18432,19456,705.6921452352551,4357.27424,-326.5297500986328,False
Alzehiemers/eyes-closed/patient13/F3.txt,18432,19456,713.8100658381227,4409.45773,-393.4900743710938,False
Alzehiemers/eyes-closed/patient13/F4.txt,18432,19456,1212.2862178785622,5228.15661,-162.21376548730464,False
Alzehiemers/eyes-closed/patient13/F7.txt,18432,19456,713.6023133235228,4396.803260000001,-81.74770462304683,False
Alzehiemers/eyes-closed/patient13/F7.txt,88064,89088,1209.8884265384172,3136.0544870000003,917.3229373291015,False
Alzehiemers/eyes-closed/patient13/F8.txt,18432,19456,1411.9550052950956,4933.234640000001,479.8674440673828,False
Alzehiemers/eyes-closed/patient13/Fp1.txt,1024,2048,1336.93486037942,3451.206091,837.4907441669922,False
Alzehiemers/eyes-closed/patient13/Fp1.txt,2048,3072,1576.0623636152013,4062.790426,559.0828359277344,False
Alzehiemers/eyes-closed/patient13/Fp1.txt,18432,19456,707.3832696143298,4400.84684,-425.31962308496094,False
Alzehiemers/eyes-closed/patient13/Fp2.txt,1024,2048,1352.2752700532278,3574.068256,731.1677509423829,False
Alzehiemers/eyes-closed/patient13/Fp2.txt,2048,3072,1477.2289329912037,3904.887405,622.8276891826173,False
Alzehiemers/eyes-closed/patient13/Fp2.txt,18432,19456,722.6086613702319,4431.60644,-274.77830060253905,False
Alzehiemers/eyes-closed/patient13/Fz.txt,18432,19456,693.8964677584308,4272.41,-384.77122356152347,False
Alzehiemers/eyes-closed/patient13/O1.txt,18432,19456,708.4635457258046,4336.01933,-383.3302675185547,False
Alzehiemers/eyes-closed/patient13/O1.txt,89088,90112,721.3934056275097,2647.386676,-2.646323208007786,False
Alzehiemers/eyes-closed/patient13/O1.txt,90112,91136,1434.1097326179945,4042.591057,1686.0360003916016,False
Alzehiemers/eyes-closed/patient13/O2.txt,18432,19456,708.6692296030863,4527.20177,-394.20564715039063,False
Alzehiemers/eyes-closed/patient13/P3.txt,18432,19456,711.7997547041597,4408.4625,-436.0743638359375,False
Alzehiemers/eyes-closed/patient13/P3.txt,88064,89088,1466.3013783161189,3323.416983,1399.3347086230467,False
Alzehiemers/eyes-closed/patient13/P3.txt,89088,90112,2129.8212330245906,5787.24848,190.02572523144522,False
Alzehiemers/eyes-closed/patient13/P3.txt,90112,91136,734.4685693687264,2881.387013,-1480.8116401796874,False
Alzehiemers/eyes-closed/patient13/P4.txt,17408,18432,285.80363885070545,3909.457593,74.6153943828125,False
Alzehiemers/eyes-closed/patient13/P4.txt,18432,19456,758.6852163160787,4772.28352,-172.58914487011717,False
Alzehiemers/eyes-closed/patient13/Pz.txt,18432,19456,721.5286968861377,4506.20133,-74.47946414453126,False
Alzehiemers/eyes-closed/patient13/Pz.txt,89088,90112,1262.996950938728,3581.819231,1757.7773013935548,False
Alzehiemers/eyes-closed/patient13/T3.txt,18432,19456,715.7310112596185,4481.38812,-31.78577976757809,False
Alzehiemers/eyes-closed/patient13/T4.txt,18432,19456,701.8151189829317,2930.9979489999996,805.093036352539,False
Alzehiemers/eyes-closed/patient13/T5.txt,18432,19456,718.6443245889485,4381.43856,-499.59150445800776,False
Alzehiemers/eyes-closed/patient13/T5.txt,88064,89088,1449.93933363814,7686.32114,-1524.340373388672,False
Alzehiemers/eyes-closed/patient13/T5.txt,89088,90112,55.04104135655823,257.89534000000003,-3163.593273125,False
Alzehiemers/eyes-closed/patient13/T5.txt,90112,91136,509.1480578376968,1883.76548,-2812.7263363867187,False
Alzehiemers/eyes-closed/patient13/T5.txt,91136,92160,337.520588082073,1112.96393,-1831.04433,False
Alzehiemers/eyes-closed/patient13/T5.txt,92160,93184,204.41187442399294,737.922241,-1061.2598932783203,False
Alzehiemers/eyes-closed/patient13/T6.txt,18432,19456,1312.7110937785894,7978.33361,-329.2636010439453,False
Alzehiemers/eyes-closed/patient14/C3.txt,47104,48128,1244.695571425893,4601.759938,-2558.635102230469,False
Alzehiemers/eyes-closed/patient14/C3.txt,48128,49152,23.42734635219622,91.37903000000006,-3166.576736357422,False
Alzehiemers/eyes-closed/patient14/C3.txt,49152,50176,459.5029365070286,1300.8256099999999,-2713.6406555078124,False
Alzehiemers/eyes-closed/patient14/C3.txt,50176,51200,330.09730091765664,1051.711468,-1393.167584876953,False
Alzehiemers/eyes-closed/patient14/C3.txt,71680,72704,1416.7044337596228,7724.17065,2451.8021699472656,False
Alzehiemers/eyes-closed/patient14/C3.txt,72704,73728,17.372862479386765,74.39440999999988,3293.942986269531,False
Alzehiemers/eyes-closed/patient14/C3.txt,73728,74752,438.95735925344775,1297.8628300000003,2902.037478964844,False
Alzehiemers/eyes-closed/patient14/C3.txt,74752,75776,379.0629965455197,1345.540444,1285.007122442383,False
Alzehiemers/eyes-closed/patient14/C3.txt,101376,102400,1507.4612253319838,7358.07958,2131.706215256836,False
Alzehiemers/eyes-closed/patient14/C3.txt,102400,103424,37.026601937417205,127.64558000000034,3195.951408125,False
Alzehiemers/eyes-closed/patient14/C3.txt,103424,104448,338.4891352157843,1078.27097,3022.9445143652347,False
Alzehiemers/eyes-closed/patient14/C3.txt,104448,105472,310.6138305966977,1179.77634,1474.7669157910157,False
Alzehiemers/eyes-closed/patient14/C4.txt,47104,48128,1271.7550362219495,4185.031444,-2564.7720288251953,False
Alzehiemers/eyes-closed/patient14/C4.txt,48128,49152,23.223810045179363,90.44209000000001,-3176.2428789843752,False
Alzehiemers/eyes-closed/patient14/C4.txt,49152,50176,458.94261425170026,1375.2378299999998,-2539.379635820312,False
Alzehiemers/eyes-closed/patient14/C4.txt,65536,66560,159.52585502690823,2621.812924,24.30858405078125,False
Alzehiemers/eyes-closed/patient14/C4.txt,71680,72704,1373.0198591126298,7092.024310000001,2431.635767321289,False
Alzehiemers/eyes-closed/patient14/C4.txt,72704,73728,17.346472937531427,74.50386000000026,3101.8884004296874,False
Alzehiemers/eyes-closed/patient14/C4.txt,73728,74752,422.8793623185202,1246.9527900000003,2737.2438909765624,False
Alzehiemers/eyes-closed/patient14/C4.txt,74752,75776,198.73508205753416,862.64086,1398.4380308984375,False
Alzehiemers/eyes-closed/patient14/C4.txt,101376,102400,1581.171288248887,7078.25305,2054.7379777412107,False
Alzehiemers/eyes-closed/patient14/C4.txt,102400,103424,36.40726196371578,126.41302999999971,3200.13960171875,False
Alzehiemers/eyes-closed/patient14/C4.txt,103424,104448,328.32345358951125,1052.8817,2853.4800376660155,False
Alzehiemers/eyes-closed/patient14/C4.txt,104448,105472,268.75718338977106,1039.5141199999998,1407.5602457226564,False
Alzehiemers/eyes-closed/patient14/Cz.txt,47104,48128,1239.165826940121,4255.605459,-2443.624125432617,False
Alzehiemers/eyes-closed/patient14/Cz.txt,48128,49152,21.94985025218936,84.60124999999971,-3071.905958486328,False
Alzehiemers/eyes-closed/patient14/Cz.txt,49152,50176,458.75962293694124,1299.8424599999998,-2613.599092597656,False
Alzehiemers/eyes-closed/patient14/Cz.txt,50176,51200,328.82880528164156,1053.69654,-1298.1426576484375,False
Alzehiemers/eyes-closed/patient14/Cz.txt,65536,66560,138.8718897593795,2407.6619570000003,97.82905312402345,False
Alzehiemers/eyes-closed/patient14/Cz.txt,71680,72704,1392.0074291712842,7262.21094,2558.8597889316407,False
Alzehiemers/eyes-closed/patient14/Cz.txt,72704,73728,19.110925251435674,74.93281000000025,3403.377505439453,False
Alzehiemers/eyes-closed/patient14/Cz.txt,73728,74752,440.05032881180097,1317.8920699999999,2987.8545978808597,False
Alzehiemers/eyes-closed/patient14/Cz.txt,74752,75776,277.62175504675895,1089.4830399999998,1461.4348370605471,False
Alzehiemers/eyes-closed/patient14/Cz.txt,101376,102400,1508.3492449162316,7309.686369999999,2162.469148268555,False
Alzehiemers/eyes-closed/patient14/Cz.txt,102400,103424,37.52267264688231,119.61736000000019,3241.032164814453,False
Alzehiemers/eyes-closed/patient14/Cz.txt,103424,104448,331.17023524387423,1083.7614400000002,3056.6922269433594,False
Alzehiemers/eyes-closed/patient14/Cz.txt,104448,105472,305.0764967959506,1161.93027,1518.278683408203,False
Alzehiemers/eyes-closed/patient14/F3.txt,47104,48128,1244.8906850326946,4553.925842000001,-2536.165495575195,False
Alzehiemers/eyes-closed/patient14/F3.txt,48128,49152,37.245460739067404,170.15623000000005,-3153.4045113183593,False
Alzehiemers/eyes-closed/patient14/F3.txt,49152,50176,458.1895366014915,1293.2925399999997,-2704.7018583300783,False
Alzehiemers/eyes-closed/patient14/F3.txt,50176,51200,329.5852040527753,1065.032628,-1389.6583381835937,False
Alzehiemers/eyes-closed/patient14/F3.txt,71680,72704,1399.3114331975546,7716.347339999999,2521.4859920898434,False
Alzehiemers/eyes-closed/patient14/F3.txt,72704,73728,18.34993502870629,107.45245000000023,3330.2953615527344,False
Alzehiemers/eyes-closed/patient14/F3.txt,73728,74752,424.9114059959107,1245.7620299999999,2896.719442080078,False
Alzehiemers/eyes-closed/patient14/F3.txt,74752,75776,476.6468400840879,1455.3412199999998,1562.4631511064451,False
Alzehiemers/eyes-closed/patient14/F3.txt,101376,102400,1510.3623775656574,7544.72628,2148.6011215820313,False
Alzehiemers/eyes-closed/patient14/F3.txt,102400,103424,40.43240289277308,173.9166299999997,3227.9984740527343,False
Alzehiemers/eyes-closed/patient14/F3.txt,103424,104448,342.968927943088,1110.2315199999998,3031.914375927734,False
Alzehiemers/eyes-closed/patient14/F3.txt,104448,105472,311.0108018288336,1167.42046,1487.8596755273436,False
Alzehiemers/eyes-closed/patient14/F7.txt,47104,48128,1270.859028086837,4602.62458,-2285.5013182265625,False
Alzehiemers/eyes-closed/patient14/F7.txt,48128,49152,20.29332487490485,117.28582000000006,-2932.630872421875,False
Alzehiemers/eyes-closed/patient14/F7.txt,49152,50176,487.7068388472784,1388.4878099999999,-2361.175385048828,False
Alzehiemers/eyes-closed/patient14/F7.txt,71680,72704,1419.5773676629942,7461.60383,2666.222268296875,False
Alzehiemers/eyes-closed/patient14/F7.txt,72704,73728,20.15781670107299,180.66574999999966,3482.467568505859,False
Alzehiemers/eyes-closed/patient14/F7.txt,73728,74752,439.3753379036571,1302.7905100000003,3043.29358640625,False
Alzehiemers/eyes-closed/patient14/F7.txt,74752,75776,811.1502404967357,2803.8928699999997,2320.510152256836,False
Alzehiemers/eyes-closed/patient14/F7.txt,101376,102400,1483.686573117445,7519.76993,2225.8067250253907,False
Alzehiemers/eyes-closed/patient14/F7.txt,102400,103424,30.94664487277031,143.80407999999989,3233.5589386230467,False
Alzehiemers/eyes-closed/patient14/F7.txt,103424,104448,345.38292628108593,1101.95586,3000.2028834375,False
Alzehiemers/eyes-closed/patient14/F8.txt,47104,48128,1251.311682181374,3914.716093,-2412.6668611044925,False
Alzehiemers/eyes-closed/patient14/F8.txt,48128,49152,37.89560354646221,170.7518799999998,-3057.4596593652345,False
Alzehiemers/eyes-closed/patient14/F8.txt,49152,50176,466.6803152980359,1336.4590500000002,-2601.4697297558596,False
Alzehiemers/eyes-closed/patient14/F8.txt,71680,72704,1371.9653834120504,6801.9633699999995,2550.8794450283203,False
Alzehiemers/eyes-closed/patient14/F8.txt,72704,73728,27.214420249463934,249.48929000000044,3358.629697060547,False
Alzehiemers/eyes-closed/patient14/F8.txt,73728,74752,417.5954810323783,1253.90684,2941.8445701660157,False
Alzehiemers/eyes-closed/patient14/F8.txt,74752,75776,1139.763364601623,3852.602358,2266.1697957207034,False
Alzehiemers/eyes-closed/patient14/F8.txt,101376,102400,1517.1109190420261,6793.46845,2148.1453141240236,False
Alzehiemers/eyes-closed/patient14/F8.txt,102400,103424,40.577015020559095,187.7512999999999,3262.4432448242187,False
Alzehiemers/eyes-closed/patient14/F8.txt,103424,104448,345.5038773571204,1119.07526,3045.890881015625,False
Alzehiemers/eyes-closed/patient14/Fp1.txt,9216,10240,1090.197408164107,3402.852759,911.7486517861328,False
Alzehiemers/eyes-closed/patient14/Fp1.txt,47104,48128,1352.0488868483526,4311.562309999999,-2344.334379508789,False
Alzehiemers/eyes-closed/patient14/Fp1.txt,48128,49152,75.30276099772323,344.4240799999998,-3013.409771777344,False
Alzehiemers/eyes-closed/patient14/Fp1.txt,49152,50176,449.9817136837807,1251.43058,-2621.107812949219,False
Alzehiemers/eyes-closed/patient14/Fp1.txt,71680,72704,1374.9916745280855,6835.15308,2498.1519570566406,False
Alzehiemers/eyes-closed/patient14/Fp1.txt,72704,73728,74.08396493761492,290.6546699999999,3315.2329753125,False
Alzehiemers/eyes-closed/patient14/Fp1.txt,73728,74752,371.2966538865132,1182.7229200000002,2943.189474667969,False
Alzehiemers/eyes-closed/patient14/Fp1.txt,74752,75776,1492.9515674835623,4588.860355,2722.050032774414,False
Alzehiemers/eyes-closed/patient14/Fp1.txt,101376,102400,1454.7433910358618,6873.0057799999995,2054.7840857324218,False
Alzehiemers/eyes-closed/patient14/Fp1.txt,102400,103424,112.97480541797852,666.5607500000001,3265.09807890625,False
Alzehiemers/eyes-closed/patient14/Fp1.txt,103424,104448,358.9600523551788,1197.72818,2961.8612098437497,False
Alzehiemers/eyes-closed/patient14/Fp2.txt,47104,48128,1252.6060741150065,4000.396645,-2222.075429111328,False
Alzehiemers/eyes-closed/patient14/Fp2.txt,48128,49152,85.15438099807126,401.75253999999995,-2770.4433821289063,False
Alzehiemers/eyes-closed/patient14/Fp2.txt,49152,50176,454.5916515131856,1280.4559800000002,-2393.168855683594,False
Alzehiemers/eyes-closed/patient14/Fp2.txt,71680,72704,1358.0289095381017,6845.4771,2524.671908605469,False
Alzehiemers/eyes-closed/patient14/Fp2.txt,72704,73728,76.06477153307895,349.3152600000003,3329.7875982031246,False
Alzehiemers/eyes-closed/patient14/Fp2.txt,73728,74752,366.17872484723296,1212.0851900000002,2942.3733926953128,False
Alzehiemers/eyes-closed/patient14/Fp2.txt,74752,75776,1479.7496881109132,4543.3118970000005,2417.025459404297,False
Alzehiemers/eyes-closed/patient14/Fp2.txt,101376,102400,1445.6119919896228,6883.61953,2134.192038988281,False
Alzehiemers/eyes-closed/patient14/Fp2.txt,102400,103424,101.39198254606006,615.3130099999998,3298.839014453125,False
Alzehiemers/eyes-closed/patient14/Fp2.txt,103424,104448,345.8614380151763,1206.11312,3022.2655989941404,False
Alzehiemers/eyes-closed/patient14/Fp2.txt,109568,110592,1315.387466385241,9070.06855,-199.3084019892578,False
Alzehiemers/eyes-closed/patient14/Fp2.txt,110592,111616,2755.564276659114,8513.7517,178.68794149316403,False
Alzehiemers/eyes-closed/patient14/Fp2.txt,111616,112640,54.78976608960475,302.43462999999974,3266.2787183984374,False
Alzehiemers/eyes-closed/patient14/Fp2.txt,112640,113664,589.2230301103993,1772.2463799999998,2629.8208200292966,False
Alzehiemers/eyes-closed/patient14/Fz.txt,47104,48128,1257.5861867472495,4206.808927,-2310.694075748047,False
Alzehiemers/eyes-closed/patient14/Fz.txt,48128,49152,29.776978526036412,131.21745999999985,-2965.9450247363284,False
Alzehiemers/eyes-closed/patient14/Fz.txt,49152,50176,460.41849435124186,1297.61644,-2512.342462646484,False
Alzehiemers/eyes-closed/patient14/Fz.txt,71680,72704,1386.740120073566,7061.17369,2667.771365470703,False
Alzehiemers/eyes-closed/patient14/Fz.txt,72704,73728,26.70217349161469,94.98475999999982,3517.550374169922,False
Alzehiemers/eyes-closed/patient14/Fz.txt,73728,74752,422.3058458340584,1265.5834999999997,3092.883370683594,False
Alzehiemers/eyes-closed/patient14/Fz.txt,101376,102400,1493.400015127369,7247.69931,1984.4867309716797,False
Alzehiemers/eyes-closed/patient14/Fz.txt,102400,103424,45.42318565432581,160.1203700000001,3067.689812080078,False
Alzehiemers/eyes-closed/patient14/Fz.txt,103424,104448,345.09403025815215,1100.5202399999998,2856.2778078613283,False
Alzehiemers/eyes-closed/patient14/O1.txt,40960,41984,1014.5094994209664,3045.552392,1444.2702404433594,False
Alzehiemers/eyes-closed/patient14/O1.txt,47104,48128,1244.819244042519,3980.6275809999997,-2476.000975572266,False
Alzehiemers/eyes-closed/patient14/O1.txt,48128,49152,36.56950572311099,166.04345999999987,-2994.4666966503905,False
Alzehiemers/eyes-closed/patient14/O1.txt,49152,50176,470.80031885021776,1363.30765,-2554.0441978417966,False
Alzehiemers/eyes-closed/patient14/O1.txt,50176,51200,342.62376029730365,1105.500563,-1164.4655833183592,False
Alzehiemers/eyes-closed/patient14/O1.txt,65536,66560,159.40438340329794,2444.9156780000003,44.18113576757813,False
Alzehiemers/eyes-closed/patient14/O1.txt,71680,72704,1305.2646698415597,6996.708500000001,2292.5329870771484,False
Alzehiemers/eyes-closed/patient14/O1.txt,72704,73728,20.04468230405762,117.87516000000005,3048.911740126953,False
Alzehiemers/eyes-closed/patient14/O1.txt,73728,74752,425.3010151961218,1252.7749199999998,2700.5030317773435,False
Alzehiemers/eyes-closed/patient14/O1.txt,74752,75776,205.15042169543955,861.71538,1322.8022051748048,False
Alzehiemers/eyes-closed/patient14/O1.txt,101376,102400,1505.9050365596522,6896.80978,2143.4148333759767,False
Alzehiemers/eyes-closed/patient14/O1.txt,102400,103424,77.15781582035092,267.79156999999987,3265.6495067089845,False
Alzehiemers/eyes-closed/patient14/O1.txt,103424,104448,321.68714544977485,1070.39882,2985.258836894531,False
Alzehiemers/eyes-closed/patient14/O1.txt,104448,105472,307.37323411651096,1173.7655599999998,1469.117729736328,False
Alzehiemers/eyes-closed/patient14/O2.txt,48128,49152,31.59824461639293,138.84798,-3152.97906984375,False
Alzehiemers/eyes-closed/patient14/O2.txt,71680,72704,1269.1047757609865,7081.57806,2406.165121506836,False
Alzehiemers/eyes-closed/patient14/O2.txt,72704,73728,21.515359522241177,129.27997000000005,3123.6714939453127,False
Alzehiemers/eyes-closed/patient14/O2.txt,73728,74752,440.7978315818624,1323.81904,2721.8843222949217,False
Alzehiemers/eyes-closed/patient14/O2.txt,101376,102400,1526.6300203927158,6873.51626,2054.207959029297,False
Alzehiemers/eyes-closed/patient14/O2.txt,102400,103424,41.329297989092964,166.62228000000005,3226.2966595605467,False
Alzehiemers/eyes-closed/patient14/O2.txt,103424,104448,334.4928985289041,1111.7396800000001,2971.316121240234,False
Alzehiemers/eyes-closed/patient14/P3.txt,47104,48128,1263.8976152189427,5411.398809,-2496.1745858740233,False
Alzehiemers/eyes-closed/patient14/P3.txt,48128,49152,14.333418620159607,68.39976000000024,-3127.862059111328,False
Alzehiemers/eyes-closed/patient14/P3.txt,49152,50176,456.4731555244076,1318.5705600000001,-2677.742777548828,False
Alzehiemers/eyes-closed/patient14/P3.txt,50176,51200,346.6188428961672,1087.97363,-1324.475103897461,False
Alzehiemers/eyes-closed/patient14/P3.txt,71680,72704,1370.0951716684638,7855.736639999999,2487.4722687685544,False
Alzehiemers/eyes-closed/patient14/P3.txt,72704,73728,16.97024432292941,90.9106899999997,3292.841526484375,False
Alzehiemers/eyes-closed/patient14/P3.txt,73728,74752,437.45887727213176,1290.44055,2860.5901422265624,False
Alzehiemers/eyes-closed/patient14/P3.txt,74752,75776,251.79911974609416,1013.4117900000001,1381.2236095097658,False
Alzehiemers/eyes-closed/patient14/P3.txt,101376,102400,1518.2526375492207,7673.71133,2144.390907385742,False
Alzehiemers/eyes-closed/patient14/P3.txt,102400,103424,39.17973645782689,139.49734000000035,3256.0818854101562,False
Alzehiemers/eyes-closed/patient14/P3.txt,103424,104448,328.7568854872848,1071.4515100000003,3049.789108730469,False
Alzehiemers/eyes-closed/patient14/P3.txt,104448,105472,298.1393585796617,1161.16981,1516.7855146679688,False
Alzehiemers/eyes-closed/patient14/P4.txt,47104,48128,1251.2616976408071,4183.507968,-2619.7869874892576,False
Alzehiemers/eyes-closed/patient14/P4.txt,48128,49152,21.879601161348866,90.02489999999989,-3260.441236953125,False
Alzehiemers/eyes-closed/patient14/P4.txt,49152,50176,463.88209007185543,1331.3928400000002,-2796.683096064453,False
Alzehiemers/eyes-closed/patient14/P4.txt,50176,51200,336.79886118179127,1068.369936,-1451.4467625185548,False
Alzehiemers/eyes-closed/patient14/P4.txt,71680,72704,1362.0326634069663,7094.022870000001,2396.4754062617185,False
Alzehiemers/eyes-closed/patient14/P4.txt,72704,73728,16.931058872086126,77.85464000000002,3206.2256245117187,False
Alzehiemers/eyes-closed/patient14/P4.txt,73728,74752,446.6961972048451,1330.16415,2789.7072283984376,False
Alzehiemers/eyes-closed/patient14/P4.txt,74752,75776,247.64536436480137,1014.104426,1277.3104517714844,False
Alzehiemers/eyes-closed/patient14/P4.txt,101376,102400,1518.4254086992607,7007.290440000001,2073.5313893837892,False
Alzehiemers/eyes-closed/patient14/P4.txt,102400,103424,28.234580757459522,99.16712999999982,3174.4814118847653,False
Alzehiemers/eyes-closed/patient14/P4.txt,103424,104448,334.12067041365543,1092.9793600000003,2962.9651480859375,False
Alzehiemers/eyes-closed/patient14/P4.txt,104448,105472,303.9586324087249,1168.7993909999998,1412.261417821289,False
Alzehiemers/eyes-closed/patient14/Pz.txt,47104,48128,1270.571971612264,4308.8615070000005,-2531.0186843496094,False
Alzehiemers/eyes-closed/patient14/Pz.txt,48128,49152,34.61036292970386,134.19957999999997,-3139.2353358203127,False
Alzehiemers/eyes-closed/patient14/Pz.txt,49152,50176,455.8556051838141,1333.7597199999998,-2708.504902080078,False
Alzehiemers/eyes-closed/patient14/Pz.txt,50176,51200,343.6663691644136,1067.94906,-1362.2608199658202,False
Alzehiemers/eyes-closed/patient14/Pz.txt,71680,72704,1372.5573575749747,7157.7844700000005,2341.813860743164,False
Alzehiemers/eyes-closed/patient14/Pz.txt,72704,73728,42.84935260040965,145.80047999999988,3161.753508671875,False
Alzehiemers/eyes-closed/patient14/Pz.txt,73728,74752,438.1573929443432,1293.0006600000002,2819.3192510058598,False
Alzehiemers/eyes-closed/patient14/Pz.txt,74752,75776,269.7631299055578,1073.093893,1321.8323438876955,False
Alzehiemers/eyes-closed/patient14/Pz.txt,101376,102400,1498.7502596420773,7114.827359999999,2043.1846034296875,False
Alzehiemers/eyes-closed/patient14/Pz.txt,102400,103424,41.894993963917344,151.7396200000003,3104.6335220410156,False
Alzehiemers/eyes-closed/patient14/Pz.txt,103424,104448,330.7228432684613,1075.9201900000003,2925.1853331152342,False
Alzehiemers/eyes-closed/patient14/Pz.txt,104448,105472,304.948915598947,1156.8394819999999,1392.4915535419923,False
Alzehiemers/eyes-closed/patient14/T3.txt,47104,48128,1271.1759252398863,4233.831097,-2326.4396012001953,False
Alzehiemers/eyes-closed/patient14/T3.txt,48128,49152,34.799528918554365,147.85524000000032,-3046.106277841797,False
Alzehiemers/eyes-closed/patient14/T3.txt,49152,50176,463.5232862765139,1331.93421,-2628.026977939453,False
Alzehiemers/eyes-closed/patient14/T3.txt,71680,72704,1438.4336126841217,7333.04255,2710.258100472656,False
Alzehiemers/eyes-closed/patient14/T3.txt,72704,73728,19.421328327373008,262.9374600000001,3447.6947101171872,False
Alzehiemers/eyes-closed/patient14/T3.txt,73728,74752,439.16966942602636,1360.3355900000001,3047.3484426269533,False
Alzehiemers/eyes-closed/patient14/T3.txt,101376,102400,1513.1742610334477,7137.57843,2275.821246708008,False
Alzehiemers/eyes-closed/patient14/T3.txt,102400,103424,18.545667343231372,115.94912999999997,3357.371169658203,False
Alzehiemers/eyes-closed/patient14/T3.txt,103424,104448,331.3842322860434,1071.9122900000002,3137.5541069140627,False
Alzehiemers/eyes-closed/patient14/T4.txt,47104,48128,1245.9911378221875,3977.7461759999997,-2524.1704323300783,False
Alzehiemers/eyes-closed/patient14/T4.txt,48128,49152,56.02756858778721,160.5338399999996,-3191.665380419922,False
Alzehiemers/eyes-closed/patient14/T4.txt,49152,50176,453.7968534919096,1307.54071,-2745.0128199902347,False
Alzehiemers/eyes-closed/patient14/T4.txt,71680,72704,1333.8433901817307,6894.454610000001,2430.2654437314454,False
Alzehiemers/eyes-closed/patient14/T4.txt,72704,73728,14.622712637461067,183.3973500000002,3130.5105399707036,False
Alzehiemers/eyes-closed/patient14/T4.txt,73728,74752,408.54072174203344,1234.8005200000002,2771.50565265625,False
Alzehiemers/eyes-closed/patient14/T4.txt,101376,102400,1502.053173986176,6777.95214,2041.4765507861325,False
Alzehiemers/eyes-closed/patient14/T4.txt,102400,103424,28.879641755279035,131.18858999999975,3059.1275169628907,False
Alzehiemers/eyes-closed/patient14/T4.txt,103424,104448,307.8367183883094,1050.44227,2993.583764248047,False
Alzehiemers/eyes-closed/patient14/T4.txt,104448,105472,338.52592535342757,1258.8849679999998,1477.1040054980467,False
Alzehiemers/eyes-closed/patient14/T5.txt,47104,48128,1244.871409126533,4554.612088,-2499.7195232714844,False
Alzehiemers/eyes-closed/patient14/T5.txt,48128,49152,30.173521910069006,153.29552999999987,-3079.109814931641,False
Alzehiemers/eyes-closed/patient14/T5.txt,49152,50176,457.38017764719933,1321.5389200000002,-2632.1147625878907,False
Alzehiemers/eyes-closed/patient14/T5.txt,50176,51200,337.0811609398724,1085.1859599999998,-1286.9124494746093,False
Alzehiemers/eyes-closed/patient14/T5.txt,65536,66560,145.29627336507258,2440.756687,131.9023437060547,False
Alzehiemers/eyes-closed/patient14/T5.txt,71680,72704,1373.9254380010677,7246.97784,2500.9633224873046,False
Alzehiemers/eyes-closed/patient14/T5.txt,72704,73728,19.758851813673154,108.62023999999974,3293.495163701172,False
Alzehiemers/eyes-closed/patient14/T5.txt,73728,74752,437.10845132211097,1293.80965,2882.9007865917965,False
Alzehiemers/eyes-closed/patient14/T5.txt,74752,75776,237.20506654189668,972.6159599999999,1404.043815625,False
Alzehiemers/eyes-closed/patient14/T5.txt,101376,102400,1515.9247301818061,7283.67183,2171.7903353964844,False
Alzehiemers/eyes-closed/patient14/T5.txt,102400,103424,22.568685212779123,147.5869200000002,3278.441683544922,False
Alzehiemers/eyes-closed/patient14/T5.txt,103424,104448,334.6359062629192,1103.0604400000002,3049.6658900878906,False
Alzehiemers/eyes-closed/patient14/T5.txt,104448,105472,309.36215172047696,1175.23478,1518.02677921875,False
Alzehiemers/eyes-closed/patient14/T6.txt,48128,49152,49.61768009557514,205.5053499999999,-2823.2873559960935,False
Alzehiemers/eyes-closed/patient14/T6.txt,71680,72704,1266.8387462971066,7054.38904,2683.39429184375,False
Alzehiemers/eyes-closed/patient14/T6.txt,101376,102400,1510.591327703402,6943.0007000000005,2292.3318034316408,False
Alzehiemers/eyes-closed/patient15/Fp2.txt,31744,32768,1230.705812710634,3373.419242,1382.3580850244143,False
Alzehiemers/eyes-closed/patient16/C3.txt,68608,69632,924.3202518794749,3004.81789,-177.96391336328116,False
Alzehiemers/eyes-closed/patient16/C3.txt,81920,82944,1195.4284638575575,3475.7396670000003,1065.1378561025392,False
Alzehiemers/eyes-closed/patient16/C4.txt,68608,69632,1043.6575470276964,3328.4484,133.35412806640625,False
Alzehiemers/eyes-closed/patient16/C4.txt,81920,82944,1116.2847740917218,3246.048142,-1027.4456641181641,False
Alzehiemers/eyes-closed/patient16/Cz.txt,68608,69632,919.3086342028405,2987.02356,-165.5286946074218,False
Alzehiemers/eyes-closed/patient16/Cz.txt,81920,82944,1098.7848125891292,3001.674725,-1276.047469708008,False
Alzehiemers/eyes-closed/patient16/F4.txt,68608,69632,749.3914695732558,2757.278124,223.4728454589844,False
Alzehiemers/eyes-closed/patient16/F4.txt,81920,82944,1105.6729232738712,3123.151421,-1177.9189355830079,False
Alzehiemers/eyes-closed/patient16/F4.txt,82944,83968,404.0139379768397,1368.4233250000002,-941.2468729492188,False
Alzehiemers/eyes-closed/patient16/F7.txt,79872,80896,2387.4044956003568,8258.88126,1202.2168276796874,False
Alzehiemers/eyes-closed/patient16/F7.txt,80896,81920,2646.1651361320496,8816.67288,-875.3887513085938,False
Alzehiemers/eyes-closed/patient16/F7.txt,81920,82944,65.97990759269402,293.4568800000002,-3159.672347460937,False
Alzehiemers/eyes-closed/patient16/F7.txt,82944,83968,63.460814257127936,258.3643100000004,-3107.7789565820312,False
Alzehiemers/eyes-closed/patient16/F7.txt,83968,84992,69.64443536739746,338.9505300000001,-3169.80735640625,False
Alzehiemers/eyes-closed/patient16/F7.txt,84992,86016,44.3772471290256,218.5054399999999,-3174.112877871094,False
Alzehiemers/eyes-closed/patient16/F7.txt,86016,87040,170.97968589933117,680.2951499999999,-3100.1144055175782,False
Alzehiemers/eyes-closed/patient16/F7.txt,87040,88064,164.48202123689487,649.9051,-2450.3162366308597,False
Alzehiemers/eyes-closed/patient16/F8.txt,68608,69632,962.7303717343569,3169.7967,50.69689089062501,False
Alzehiemers/eyes-closed/patient16/F8.txt,81920,82944,1106.2863251211804,3099.957138,-1224.005786515625,False
Alzehiemers/eyes-closed/patient16/Fp1.txt,68608,69632,940.0818033673713,3055.830161,-248.20560214941395,False
Alzehiemers/eyes-closed/patient16/Fp1.txt,81920,82944,1067.4592904149579,3672.3077390000003,-1121.223483961914,False
Alzehiemers/eyes-closed/patient16/Fp2.txt,68608,69632,952.4833380478835,3080.46662,-180.83778659277345,False
Alzehiemers/eyes-closed/patient16/Fp2.txt,81920,82944,1102.840085781078,3073.037874,-1247.7458039335938,False
Alzehiemers/eyes-closed/patient16/Fz.txt,68608,69632,936.6679679443954,3042.5641,-8.177235227539086,False
Alzehiemers/eyes-closed/patient16/Fz.txt,69632,70656,107.74508902720635,508.8878310000001,999.4886418261718,False
Alzehiemers/eyes-closed/patient16/Fz.txt,81920,82944,1109.6962275861035,3217.7201919999998,-1107.116591158203,False
Alzehiemers/eyes-closed/patient16/Fz.txt,82944,83968,403.9647133444713,1365.330798,-901.8386775654297,False
Alzehiemers/eyes-closed/patient16/O1.txt,68608,69632,915.0048604808038,2997.53714,-71.52910939062497,False
Alzehiemers/eyes-closed/patient16/O1.txt,81920,82944,1107.2654632653357,3104.878852,-1150.7656323691408,False
Alzehiemers/eyes-closed/patient16/O2.txt,18432,19456,1237.5349695532543,3189.8506159999997,1795.0494067226564,False
Alzehiemers/eyes-closed/patient16/P3.txt,68608,69632,926.2602854516367,3023.94348,-70.14976958105467,False
Alzehiemers/eyes-closed/patient16/P3.txt,81920,82944,1172.843399246965,4563.805969999999,-720.3494116269532,False
Alzehiemers/eyes-closed/patient16/P4.txt,18432,19456,558.6291970836314,2360.098193,1524.8145067919922,False
Alzehiemers/eyes-closed/patient16/P4.txt,68608,69632,1422.0747172987526,4961.32724,304.80979551660164,False
Alzehiemers/eyes-closed/patient16/P4.txt,69632,70656,353.5033214214644,1481.2340060000001,1059.6109346103517,False
Alzehiemers/eyes-closed/patient16/P4.txt,81920,82944,1096.4884636038673,3003.397621,-1316.531883022461,False
Alzehiemers/eyes-closed/patient16/P4.txt,82944,83968,395.2523430509175,1353.5357399999998,-1093.38034003125,False
Alzehiemers/eyes-closed/patient16/Pz.txt,68608,69632,916.9774005040038,2993.28804,26.777040593749916,False
Alzehiemers/eyes-closed/patient16/Pz.txt,81920,82944,1108.054964997127,3192.1179420000003,-1120.2203112294922,False
Alzehiemers/eyes-closed/patient16/T3.txt,81920,82944,1101.2239010495944,3111.666855,-1175.5204723867187,False
Alzehiemers/eyes-closed/patient16/T4.txt,18432,19456,304.0437763348811,3623.119681,-55.30578538183593,False
Alzehiemers/eyes-closed/patient16/T4.txt,65536,66560,1738.9348509616825,6616.48788,-1127.2191281201171,False
Alzehiemers/eyes-closed/patient16/T4.txt,66560,67584,3085.480688221254,6581.48619,-24.751477736328184,False
Alzehiemers/eyes-closed/patient16/T4.txt,67584,68608,1625.9983956072017,7647.80292,-2638.175878185547,False
Alzehiemers/eyes-closed/patient16/T4.txt,68608,69632,2444.732141006312,7377.66449,-1975.0168288271484,False
Alzehiemers/eyes-closed/patient16/T4.txt,69632,70656,75.84151051962071,297.39639999999963,-3153.4794150390626,False
Alzehiemers/eyes-closed/patient16/T4.txt,70656,71680,114.59528773219797,554.5231400000002,-3056.150806367187,False
Alzehiemers/eyes-closed/patient16/T4.txt,71680,72704,410.7472816436201,1315.37709,-1918.315083935547,False
Alzehiemers/eyes-closed/patient16/T4.txt,81920,82944,1096.6263973755642,3005.031385,-1224.8405422304688,False
Alzehiemers/eyes-closed/patient16/T5.txt,68608,69632,924.974627710391,3009.60639,-94.12822493359374,False
Alzehiemers/eyes-closed/patient16/T5.txt,81920,82944,1108.2132463694834,3136.341977,-1175.3406779941406,False
Alzehiemers/eyes-closed/patient16/T6.txt,18432,19456,1068.1120937404758,3498.04807,748.3221826416016,False
Alzehiemers/eyes-closed/patient16/T6.txt,19456,20480,95.3169727119341,490.60444000000007,-1486.6448257714842,False
Alzehiemers/eyes-closed/patient16/T6.txt,68608,69632,1756.0095290326583,5102.55441,558.4134094238282,False
Alzehiemers/eyes-closed/patient16/T6.txt,81920,82944,1104.0024852110969,3226.440002,-993.0898701152346,False
Alzehiemers/eyes-closed/patient17/F8.txt,52224,53248,963.4733741380975,3521.2520170000003,439.4778088164063,False
Alzehiemers/eyes-closed/patient17/P3.txt,53248,54272,1068.368819099152,3441.790336,919.2736030322267,False
Alzehiemers/eyes-closed/patient17/T4.txt,52224,53248,1237.8048672174,3592.083536,1085.6761303779297,False
Alzehiemers/eyes-closed/patient18/Fp1.txt,46080,47104,441.85589475412365,1660.279182,177.36174333007813,False
Alzehiemers/eyes-closed/patient18/Fp1.txt,47104,48128,587.3139204958738,1685.334745,430.8642359716797,False
Alzehiemers/eyes-closed/patient22/F8.txt,32768,33792,1622.41335307643,8743.04019,-176.56365012597655,False
Alzehiemers/eyes-closed/patient22/F8.txt,33792,34816,2284.063414629542,8305.87286,43.970740600585856,False
Alzehiemers/eyes-closed/patient22/F8.txt,34816,35840,45.50221511716044,233.51745000000005,-2157.5743963183595,False
Alzehiemers/eyes-closed/patient22/F8.txt,35840,36864,927.7955841854167,2366.887906,-784.7605304541014,False
Alzehiemers/eyes-closed/patient22/Fp1.txt,9216,10240,698.4654872134721,2173.126925,297.9729811972656,False
Alzehiemers/eyes-closed/patient22/Fp1.txt,27648,28672,1408.3447928499986,3366.706119,968.9904476699219,False
Alzehiemers/eyes-closed/patient22/Fp1.txt,28672,29696,1433.175098634192,4295.79125,126.02348125683602,False
Alzehiemers/eyes-closed/patient22/Fp2.txt,8192,9216,304.73772562655785,2570.366973,-55.72151223144531,False
Alzehiemers/eyes-closed/patient22/Fp2.txt,9216,10240,1479.0453109186399,3874.396488,945.3969909765626,False
Alzehiemers/eyes-closed/patient22/Fp2.txt,27648,28672,1393.7346450434266,3762.868487,1620.2567652841797,False
Alzehiemers/eyes-closed/patient22/O1.txt,91136,92160,295.7190063404722,977.59779,-1987.7328018945313,False
Alzehiemers/eyes-closed/patient22/O1.txt,92160,93184,142.66508751541653,681.5454200000004,-2726.0061136816407,False
Alzehiemers/eyes-closed/patient22/O1.txt,93184,94208,380.5369306310388,1318.9043100000001,-2043.5478404785156,False
Alzehiemers/eyes-closed/patient22/P4.txt,92160,93184,170.96028241249235,682.33536,-2014.3791161328124,False
Alzehiemers/eyes-closed/patient22/P4.txt,93184,94208,341.94350472665957,1083.5551999999998,-1775.3388125585939,False
Alzehiemers/eyes-closed/patient22/T4.txt,90112,91136,243.9607325635839,896.233177,-1443.3070615292968,False
Alzehiemers/eyes-closed/patient22/T4.txt,91136,92160,138.19676975160942,628.22729,-1774.3261887207032,False
Alzehiemers/eyes-closed/patient22/T4.txt,92160,93184,166.5614178067791,710.2220400000001,-1790.0730558203124,False
Alzehiemers/eyes-closed/patient22/T4.txt,96256,97280,185.6881715431207,674.77119,1113.3771351064452,False
Alzehiemers/eyes-closed/patient22/T4.txt,97280,98304,65.81136240866391,320.28386,1438.7198243750001,False
Alzehiemers/eyes-closed/patient22/T4.txt,98304,99328,80.99371409357413,378.5174400000001,1748.2825844433594,False
Alzehiemers/eyes-closed/patient22/T4.txt,99328,100352,145.37988916619435,495.30349,1658.821623984375,False
Alzehiemers/eyes-closed/patient22/T4.txt,100352,101376,77.71514541238577,361.96074999999996,1457.9087799902345,False
Alzehiemers/eyes-closed/patient22/T4.txt,101376,102400,104.09335054943675,441.24570500000004,1114.9420215664063,False
Alzehiemers/eyes-closed/patient22/T5.txt,90112,91136,483.94403408276384,1762.3340999999998,-2021.353479140625,False
Alzehiemers/eyes-closed/patient22/T5.txt,91136,92160,112.80237087649697,567.6973800000001,-3219.901106425781,False
Alzehiemers/eyes-closed/patient22/T5.txt,92160,93184,77.91201290085282,376.94938999999977,-3160.3375089453125,False
Alzehiemers/eyes-closed/patient22/T5.txt,93184,94208,736.1940216109552,2490.0665950000002,-1815.4315760712889,False
Alzehiemers/eyes-closed/patient22/T5.txt,98304,99328,103.00019861672399,466.53835000000004,1669.3246351074217,False
Alzehiemers/eyes-closed/patient22/T5.txt,99328,100352,76.60600229459119,325.90193999999997,1727.9890474316408,False
Alzehiemers/eyes-closed/patient22/T6.txt,90112,91136,476.300275252339,1665.60126,-2511.1262352734375,False
Alzehiemers/eyes-closed/patient22/T6.txt,91136,92160,219.2514907268468,897.6973800000001,-3012.7603645117188,False
Alzehiemers/eyes-closed/patient22/T6.txt,92160,93184,273.9461163902158,982.6627700000004,-2732.164175703125,False
Alzehiemers/eyes-closed/patient23/C3.txt,5120,6144,506.7278916765735,4998.31783,-20.077394654296867,False
Alzehiemers/eyes-closed/patient23/C3.txt,14336,15360,419.556365117214,2977.352941,75.15115416503906,False
Alzehiemers/eyes-closed/patient23/C3.txt,15360,16384,137.9285914182453,1689.144446,30.774579844726563,False
Alzehiemers/eyes-closed/patient23/C3.txt,16384,17408,167.16565164115576,2120.827203,59.60581344433593,False
Alzehiemers/eyes-closed/patient23/C4.txt,5120,6144,512.3514446126122,4327.232556,60.24988226464844,False
Alzehiemers/eyes-closed/patient23/C4.txt,14336,15360,416.8955606926907,2967.0539,-14.568688336914061,False
Alzehiemers/eyes-closed/patient23/C4.txt,15360,16384,141.2120463080879,1327.498347,-58.76240142480469,False
Alzehiemers/eyes-closed/patient23/C4.txt,16384,17408,164.35589795262868,2096.7369,-30.221285854492187,False
Alzehiemers/eyes-closed/patient23/Cz.txt,5120,6144,503.7277144824337,4791.98831,-116.10766389648438,False
Alzehiemers/eyes-closed/patient23/Cz.txt,14336,15360,416.31143845563685,2950.9814699999997,-29.58250712597657,False
Alzehiemers/eyes-closed/patient23/Cz.txt,15360,16384,136.99280015116256,1703.893466,-73.99194223535156,False
Alzehiemers/eyes-closed/patient23/Cz.txt,16384,17408,165.64686761965217,2113.121155,-40.016906324218745,False
Alzehiemers/eyes-closed/patient23/F3.txt,5120,6144,502.6556329581757,4709.3604,-64.07106012402342,False
Alzehiemers/eyes-closed/patient23/F3.txt,14336,15360,408.50632892523635,2897.538931,-15.27789160449219,False
Alzehiemers/eyes-closed/patient23/F3.txt,15360,16384,139.0011846053916,1678.291865,-78.294398921875,False
Alzehiemers/eyes-closed/patient23/F3.txt,16384,17408,167.1919899104963,2121.621675,-43.64196252929688,False
Alzehiemers/eyes-closed/patient23/F4.txt,5120,6144,509.7338105969323,3893.129301,-81.70530411425781,False
Alzehiemers/eyes-closed/patient23/F4.txt,14336,15360,421.05081331199983,2966.47093,-31.137340852539054,False
Alzehiemers/eyes-closed/patient23/F7.txt,5120,6144,509.360207427501,4306.73616,-119.80570603808593,False
Alzehiemers/eyes-closed/patient23/F7.txt,14336,15360,414.46297097644066,2937.2911,-60.85107855273437,False
Alzehiemers/eyes-closed/patient23/F7.txt,15360,16384,141.33550254805456,1685.947882,-104.25562600292969,False
Alzehiemers/eyes-closed/patient23/F7.txt,16384,17408,172.83255450346155,2129.973022,-81.81994305566406,False
Alzehiemers/eyes-closed/patient23/F8.txt,5120,6144,507.4875849285105,4539.19322,-42.739389487304706,False
Alzehiemers/eyes-closed/patient23/F8.txt,14336,15360,417.1934993997478,2921.451226,23.518759432617188,False
Alzehiemers/eyes-closed/patient23/F8.txt,15360,16384,321.00753563624204,4540.374913,1.3888940673828118,False
Alzehiemers/eyes-closed/patient23/F8.txt,16384,17408,161.8396071355082,2077.748186,-1.8910969238281226,False
Alzehiemers/eyes-closed/patient23/Fp1.txt,5120,6144,492.52470197649274,4660.92531,-202.2897730703125,False
Alzehiemers/eyes-closed/patient23/Fp1.txt,14336,15360,414.5887970117433,2917.6936699999997,-146.8832631611328,False
Alzehiemers/eyes-closed/patient23/Fp1.txt,16384,17408,167.86560977066372,2114.453689,-152.65981473828126,False
Alzehiemers/eyes-closed/patient23/Fp2.txt,5120,6144,496.21178117278714,4562.93281,-200.51297014453127,False
Alzehiemers/eyes-closed/patient23/Fp2.txt,14336,15360,413.9944819810691,2937.14639,-77.590020640625,False
Alzehiemers/eyes-closed/patient23/Fp2.txt,15360,16384,141.77789938421628,1705.5407129999999,-125.68295540234374,False
Alzehiemers/eyes-closed/patient23/Fp2.txt,16384,17408,165.5108713379206,2121.2762119999998,-80.70595413085937,False
Alzehiemers/eyes-closed/patient23/Fz.txt,5120,6144,531.9912649821257,5048.51888,314.8527214746094,False
Alzehiemers/eyes-closed/patient23/Fz.txt,14336,15360,399.9282201402445,2814.665791,272.93997712207033,False
Alzehiemers/eyes-closed/patient23/O1.txt,5120,6144,520.3645041085668,3555.063987,-258.8776010097656,False
Alzehiemers/eyes-closed/patient23/O1.txt,14336,15360,421.2586501066083,2968.40746,21.673076420898433,False
Alzehiemers/eyes-closed/patient23/O1.txt,17408,18432,1339.3858583649546,3967.122477,655.7937085371094,False
Alzehiemers/eyes-closed/patient23/O2.txt,5120,6144,531.709843606866,4067.37709,-428.4363903007812,False
Alzehiemers/eyes-closed/patient23/O2.txt,8192,9216,242.28645335532718,863.86428,2274.9838162109377,False
Alzehiemers/eyes-closed/patient23/O2.txt,15360,16384,2120.387856131278,8384.73063,-123.35344692285156,False
Alzehiemers/eyes-closed/patient23/O2.txt,16384,17408,2609.065613729363,8442.019810000002,1105.4990508779297,False
Alzehiemers/eyes-closed/patient23/O2.txt,17408,18432,42.78295940162215,241.68197999999984,3211.1718028027344,False
Alzehiemers/eyes-closed/patient23/O2.txt,18432,19456,46.22792375068868,289.96783000000005,3214.3512038183594,False
Alzehiemers/eyes-closed/patient23/O2.txt,19456,20480,343.37074667827574,1237.9659199999996,2703.844377128906,False
Alzehiemers/eyes-closed/patient23/O2.txt,20480,21504,227.97389789961417,915.8587599999998,1708.194699765625,False
Alzehiemers/eyes-closed/patient23/P3.txt,5120,6144,509.98792058367786,4780.607,-4.366956771484375,False
Alzehiemers/eyes-closed/patient23/P3.txt,14336,15360,403.42037943401675,2888.15587,-9.152394563476555,False
Alzehiemers/eyes-closed/patient23/P3.txt,15360,16384,135.46918699120582,1698.060097,2.1700286435546854,False
Alzehiemers/eyes-closed/patient23/P3.txt,16384,17408,165.93540373650688,2108.060429,22.479391740234373,False
Alzehiemers/eyes-closed/patient23/P4.txt,5120,6144,1607.7779735461952,8190.343800000001,-1934.2705195195313,False
Alzehiemers/eyes-closed/patient23/P4.txt,6144,7168,64.16874305048245,279.33241,-3226.6844090332033,False
Alzehiemers/eyes-closed/patient23/P4.txt,7168,8192,177.04221966916657,716.9962500000001,-3104.2649535058595,False
Alzehiemers/eyes-closed/patient23/P4.txt,8192,9216,348.12803543852885,1166.6759399999999,-2098.1243325683595,False
Alzehiemers/eyes-closed/patient23/P4.txt,14336,15360,416.95231354051407,2956.1603699999996,-307.68434481933593,False
Alzehiemers/eyes-closed/patient23/P4.txt,15360,16384,617.4510769192788,5261.7193,-273.8749035263672,False
Alzehiemers/eyes-closed/patient23/P4.txt,17408,18432,1215.0219318490053,3879.35393,198.79106371484374,False
Alzehiemers/eyes-closed/patient23/Pz.txt,5120,6144,527.0086202276894,4867.35958,181.5703105605469,False
Alzehiemers/eyes-closed/patient23/Pz.txt,14336,15360,420.1793308118848,2994.6691349999996,108.20294181640625,False
Alzehiemers/eyes-closed/patient23/Pz.txt,16384,17408,161.09168156680602,1991.3206650000002,144.92189493652342,False
Alzehiemers/eyes-closed/patient23/T3.txt,5120,6144,506.24556065291813,4962.86841,-15.388097033203117,False
Alzehiemers/eyes-closed/patient23/T3.txt,14336,15360,416.74301386743934,2962.853715,43.526824854492176,False
Alzehiemers/eyes-closed/patient23/T3.txt,15360,16384,139.2673390750902,1691.878647,2.9276180654296873,False
Alzehiemers/eyes-closed/patient23/T3.txt,16384,17408,169.1391501978033,2131.0852370000002,33.90312323730468,False
Alzehiemers/eyes-closed/patient23/T4.txt,5120,6144,506.85875529759056,4782.13267,-24.570591034179692,False
Alzehiemers/eyes-closed/patient23/T4.txt,14336,15360,412.6561247674481,2905.3972009999998,60.59438068945312,False
Alzehiemers/eyes-closed/patient23/T4.txt,15360,16384,137.354186807187,1708.6223610000002,21.92024898828125,False
Alzehiemers/eyes-closed/patient23/T4.txt,16384,17408,166.24801430554743,2113.733159,54.34928466308594,False
Alzehiemers/eyes-closed/patient23/T5.txt,5120,6144,510.487136401874,4995.2704,5.926009601562491,False
Alzehiemers/eyes-closed/patient23/T5.txt,14336,15360,418.18246941194224,2980.882251,105.62782911523436,False
Alzehiemers/eyes-closed/patient23/T5.txt,15360,16384,137.86633235179247,1700.790708,80.62560724609375,False
Alzehiemers/eyes-closed/patient23/T5.txt,16384,17408,168.19654729804745,2113.0820089999997,101.04962209863281,False
Alzehiemers/eyes-closed/patient23/T6.txt,5120,6144,597.0037822389371,7518.546990000001,-26.130636495117187,False
Alzehiemers/eyes-closed/patient23/T6.txt,6144,7168,1201.73935743321,3290.7901039999997,856.6057427255859,False
Alzehiemers/eyes-closed/patient23/T6.txt,7168,8192,253.00224367237442,1074.535539,1208.6103890917968,False
Alzehiemers/eyes-closed/patient23/T6.txt,14336,15360,417.44412563844577,2938.3374030000004,425.8832772285156,False
Alzehiemers/eyes-closed/patient23/T6.txt,15360,16384,298.4125278333799,3578.61031,396.55246734667975,False
Alzehiemers/eyes-closed/patient23/T6.txt,16384,17408,176.66475175181793,2062.952773,158.26838221875,False
Alzehiemers/eyes-closed/patient23/T6.txt,17408,18432,1035.4578666901305,3429.640362,840.634850741211,False
Alzehiemers/eyes-closed/patient25/Fp1.txt,84992,86016,1153.745663637599,3674.431033,667.4563901748047,False
Alzehiemers/eyes-closed/patient25/Fp2.txt,84992,86016,1438.950858882531,3806.020012,1390.9129887392578,False
Alzehiemers/eyes-closed/patient27/C3.txt,11264,12288,219.84231709017237,1721.011405,-9.720122903320313,False
Alzehiemers/eyes-closed/patient27/C3.txt,47104,48128,87.06086160106074,1332.306351,69.78883116992188,False
Alzehiemers/eyes-closed/patient27/C4.txt,11264,12288,215.28596699899933,1704.442783,-25.132885238281247,False
Alzehiemers/eyes-closed/patient27/C4.txt,47104,48128,79.74649335872738,1279.55114,-58.48040653417969,False
Alzehiemers/eyes-closed/patient27/Cz.txt,11264,12288,314.599882193886,2769.93417,52.31750536816406,False
Alzehiemers/eyes-closed/patient27/F3.txt,11264,12288,221.1328923166283,1843.4201580000001,26.165771141601553,False
Alzehiemers/eyes-closed/patient27/F4.txt,11264,12288,209.24382944685092,1669.668657,-42.418199385742184,False
Alzehiemers/eyes-closed/patient27/F7.txt,11264,12288,234.99590161847084,1993.26874,18.18650898632813,False
Alzehiemers/eyes-closed/patient27/Fp1.txt,11264,12288,595.8142625129674,4775.6764809999995,140.19929461230473,False
Alzehiemers/eyes-closed/patient27/Fp1.txt,104448,105472,543.1047754398787,1905.872799,493.1786051074219,False
Alzehiemers/eyes-closed/patient27/Fp2.txt,11264,12288,226.7040594864964,2447.344282,38.95543965429688,False
Alzehiemers/eyes-closed/patient27/Fp2.txt,104448,105472,522.0589298993192,1712.307889,487.6644146621094,False
Alzehiemers/eyes-closed/patient27/Fz.txt,11264,12288,256.8708175788482,3957.875966,-62.7735128564453,False
Alzehiemers/eyes-closed/patient27/O1.txt,11264,12288,212.02031156258764,1641.922654,39.22653078417969,False
Alzehiemers/eyes-closed/patient27/P3.txt,11264,12288,215.527546648244,1687.780797,-28.454000569335935,False
Alzehiemers/eyes-closed/patient27/P3.txt,47104,48128,84.16892819577826,1315.130468,44.91268098144531,False
Alzehiemers/eyes-closed/patient27/Pz.txt,11264,12288,214.42616063900326,1699.7673770000001,-76.56856894726562,False
Alzehiemers/eyes-closed/patient27/T3.txt,11264,12288,237.4455439223209,2855.1793079999998,-47.54980495898438,False
Alzehiemers/eyes-closed/patient27/T3.txt,47104,48128,90.15714298647585,1367.570288,63.701538546875,False
Alzehiemers/eyes-closed/patient27/T4.txt,12288,13312,2612.7232886388642,8287.966349999999,2.573640776367178,False
Alzehiemers/eyes-closed/patient27/T4.txt,13312,14336,2760.2388461648316,8602.14585,76.77443555957032,False
Alzehiemers/eyes-closed/patient27/T4.txt,14336,15360,2151.315498155607,8050.55155,-1969.1550566464844,False
Alzehiemers/eyes-closed/patient27/T4.txt,15360,16384,50.824603113958986,441.0858400000002,-3168.5558339746094,False
Alzehiemers/eyes-closed/patient27/T4.txt,16384,17408,46.452747460074406,235.70229999999992,-3123.330612832031,False
Alzehiemers/eyes-closed/patient27/T4.txt,17408,18432,41.44341732281939,245.97670000000016,-3158.772183359375,False
Alzehiemers/eyes-closed/patient27/T4.txt,18432,19456,422.1738305071857,1321.20783,-2610.5444616894533,False
Alzehiemers/eyes-closed/patient27/T4.txt,19456,20480,331.15705107710556,1247.5174180000001,-1454.0841889785156,False
Alzehiemers/eyes-closed/patient27/T5.txt,11264,12288,227.71536212755404,1815.104597,-35.11442752050782,False
Alzehiemers/eyes-closed/patient27/T5.txt,47104,48128,88.82177198507495,1349.362627,58.46985375976563,False
Alzehiemers/eyes-closed/patient29/C3.txt,23552,24576,1165.993419061198,6466.37585,-8.628617617187501,False
Alzehiemers/eyes-closed/patient29/C3.txt,24576,25600,845.6251818436002,3814.24525,63.501158580078126,False
Alzehiemers/eyes-closed/patient29/C3.txt,25600,26624,485.21226902169894,3609.18348,17.379349756835932,False
Alzehiemers/eyes-closed/patient29/C3.txt,26624,27648,303.11150692389634,1919.027474,32.65943675,False
Alzehiemers/eyes-closed/patient29/C4.txt,23552,24576,1162.6512977042291,6381.46688,-86.25579830371092,False
Alzehiemers/eyes-closed/patient29/C4.txt,24576,25600,844.9806170340536,3840.2309999999998,52.51206286425782,False
Alzehiemers/eyes-closed/patient29/C4.txt,25600,26624,492.607885572256,3641.88328,3.2902452304687486,False
Alzehiemers/eyes-closed/patient29/C4.txt,26624,27648,306.24502045894025,1920.893844,8.389979772460944,False
Alzehiemers/eyes-closed/patient29/Cz.txt,23552,24576,1162.661453740539,6378.64563,-134.44603529589847,False
Alzehiemers/eyes-closed/patient29/Cz.txt,24576,25600,842.0918533868191,3819.98535,-17.8319346640625,False
Alzehiemers/eyes-closed/patient29/Cz.txt,25600,26624,491.46808046961746,3639.40004,-41.96496162109375,False
Alzehiemers/eyes-closed/patient29/Cz.txt,26624,27648,306.56394897706633,1904.582406,-38.73281740624999,False
Alzehiemers/eyes-closed/patient29/F3.txt,23552,24576,1507.2752306804925,9459.99706,257.99040713281244,False
Alzehiemers/eyes-closed/patient29/F3.txt,24576,25600,846.6781901661159,3812.0901400000002,168.031560265625,False
Alzehiemers/eyes-closed/patient29/F3.txt,25600,26624,484.9454971099209,3590.62234,38.98525740332031,False
Alzehiemers/eyes-closed/patient29/F3.txt,26624,27648,300.7441735602389,1898.262003,78.11815244921875,False
Alzehiemers/eyes-closed/patient29/F4.txt,23552,24576,1166.8145209122401,6383.88134,0.36536785937502714,False
Alzehiemers/eyes-closed/patient29/F4.txt,24576,25600,838.8762105022062,3829.42054,146.3113842158203,False
Alzehiemers/eyes-closed/patient29/F4.txt,25600,26624,542.990603767062,3633.50026,346.4189905449219,False
Alzehiemers/eyes-closed/patient29/F4.txt,26624,27648,352.1855445864661,1904.9539840000002,33.57928489453124,False
Alzehiemers/eyes-closed/patient29/F7.txt,23552,24576,1643.6477366866932,9455.29332,259.6115138134766,False
Alzehiemers/eyes-closed/patient29/F7.txt,24576,25600,849.1761713997284,3791.20356,15.007823718749997,False
Alzehiemers/eyes-closed/patient29/F7.txt,25600,26624,490.32518344257534,3559.4140500000003,-14.950327005859393,False
Alzehiemers/eyes-closed/patient29/F7.txt,26624,27648,302.66364681478746,1891.183222,80.51147870019531,False
Alzehiemers/eyes-closed/patient29/F8.txt,24576,25600,2396.008445601073,8601.529910000001,628.3670421542969,False
Alzehiemers/eyes-closed/patient29/F8.txt,25600,26624,2756.4363806776632,8422.36744,127.43371726074224,False
Alzehiemers/eyes-closed/patient29/Fp1.txt,23552,24576,1298.260599581652,9775.49733,-980.3013451386719,False
Alzehiemers/eyes-closed/patient29/Fp1.txt,24576,25600,972.8415732765665,4029.3862249999997,-1373.1802648740236,False
Alzehiemers/eyes-closed/patient29/Fp1.txt,25600,26624,552.9298532930576,3628.830125,-491.5605814804687,False
Alzehiemers/eyes-closed/patient29/Fp1.txt,26624,27648,298.96514248349075,1888.7850760000001,-132.27327717480466,False
Alzehiemers/eyes-closed/patient29/Fp2.txt,23552,24576,1145.030121988564,6317.83385,-81.40218815820313,False
Alzehiemers/eyes-closed/patient29/Fp2.txt,24576,25600,846.25745651473,3903.10296,70.30495901171875,False
Alzehiemers/eyes-closed/patient29/Fp2.txt,25600,26624,490.55938454665244,3630.21141,-23.129035887695316,False
Alzehiemers/eyes-closed/patient29/Fp2.txt,26624,27648,301.757486898355,1886.4316939999999,26.724273744140625,False
Alzehiemers/eyes-closed/patient29/Fz.txt,23552,24576,1159.5055981498804,6364.541020000001,9.585279827148455,False
Alzehiemers/eyes-closed/patient29/Fz.txt,24576,25600,846.2180992513261,3803.5668299999998,125.61327894042965,False
Alzehiemers/eyes-closed/patient29/Fz.txt,25600,26624,490.2855528757636,3632.79929,110.88727689160157,False
Alzehiemers/eyes-closed/patient29/Fz.txt,26624,27648,306.80514438332193,1899.2520319999999,106.70163596484375,False
Alzehiemers/eyes-closed/patient29/O1.txt,23552,24576,1153.0969830665847,6392.68139,-75.82749228320316,False
Alzehiemers/eyes-closed/patient29/O1.txt,24576,25600,829.4398839187982,3844.36726,157.6319928623047,False
Alzehiemers/eyes-closed/patient29/O1.txt,25600,26624,656.5385670849017,3615.99294,429.6384743642578,False
Alzehiemers/eyes-closed/patient29/O1.txt,26624,27648,495.09064429852594,2420.142723,424.10776042089844,False
Alzehiemers/eyes-closed/patient29/P3.txt,23552,24576,1159.2992720999512,6382.0105,185.5473904658203,False
Alzehiemers/eyes-closed/patient29/P3.txt,24576,25600,829.3207484112176,3837.18093,294.66292603808597,False
Alzehiemers/eyes-closed/patient29/P3.txt,25600,26624,537.8777688230817,3613.13058,300.3214259453125,False
Alzehiemers/eyes-closed/patient29/P4.txt,23552,24576,1154.0620211723121,6396.36738,-291.9254365644531,False
Alzehiemers/eyes-closed/patient29/P4.txt,24576,25600,847.9556374460601,3840.6754100000003,-192.7752432607422,False
Alzehiemers/eyes-closed/patient29/P4.txt,25600,26624,487.01783011127753,3631.4011,-203.14535082128907,False
Alzehiemers/eyes-closed/patient29/Pz.txt,23552,24576,1162.5262533047032,6428.1713,23.833227498046867,False
Alzehiemers/eyes-closed/patient29/Pz.txt,24576,25600,844.2637723620212,3834.78313,119.1821266103516,False
Alzehiemers/eyes-closed/patient29/Pz.txt,25600,26624,495.34133808733765,3653.39408,122.7683533017578,False
Alzehiemers/eyes-closed/patient29/Pz.txt,26624,27648,308.64746769847034,1913.2076299999999,159.70101321386718,False
Alzehiemers/eyes-closed/patient29/T3.txt,23552,24576,1159.5907493545935,6421.6891,1.646960049804676,False
Alzehiemers/eyes-closed/patient29/T3.txt,24576,25600,849.2140170924202,3827.4362600000004,80.00472526953126,False
Alzehiemers/eyes-closed/patient29/T3.txt,25600,26624,490.1089342829833,3591.85313,54.75768248339844,False
Alzehiemers/eyes-closed/patient29/T3.txt,26624,27648,307.1755653030825,1907.9222009999999,84.93378780566408,False
Alzehiemers/eyes-closed/patient29/T4.txt,23552,24576,1161.160553816335,6386.68008,39.35053921386716,False
Alzehiemers/eyes-closed/patient29/T4.txt,24576,25600,840.0672451577179,3833.46591,149.73743341015626,False
Alzehiemers/eyes-closed/patient29/T4.txt,25600,26624,487.844992335879,3620.74835,125.95096645019531,False
Alzehiemers/eyes-closed/patient29/T4.txt,26624,27648,308.25133625097544,1905.8482960000001,126.32770015820313,False
Alzehiemers/eyes-closed/patient29/T5.txt,23552,24576,1152.5134088369848,6380.94953,-46.01952847363282,False
Alzehiemers/eyes-closed/patient29/T5.txt,24576,25600,838.0819576046524,3828.12924,43.86945819726557,False
Alzehiemers/eyes-closed/patient29/T5.txt,25600,26624,519.2198699929169,3615.27095,91.96872765527345,False
Alzehiemers/eyes-closed/patient29/T5.txt,26624,27648,401.5458473800681,2108.107651,-7.3865805458984255,False
Alzehiemers/eyes-closed/patient29/T6.txt,23552,24576,1152.3292119143005,6381.092909999999,209.96653054296877,False
Alzehiemers/eyes-closed/patient29/T6.txt,24576,25600,839.4844491454596,3868.187,464.4118973242188,False
Alzehiemers/eyes-closed/patient29/T6.txt,25600,26624,509.3538979206125,3629.26985,473.63982360644536,False
Alzehiemers/eyes-closed/patient29/T6.txt,26624,27648,318.45373117620693,2000.9518939999998,533.9675812265625,False
Alzehiemers/eyes-closed/patient30/Cz.txt,64512,65536,859.4325015701748,4716.11681,400.0770098046876,False
Alzehiemers/eyes-closed/patient30/Cz.txt,65536,66560,592.1940675684324,3139.240962,53.108146119140656,False
Alzehiemers/eyes-closed/patient30/Fp1.txt,0,1024,1318.3903539334663,3675.013615,1883.9458869833984,False
Alzehiemers/eyes-closed/patient30/Fp2.txt,0,1024,1378.1652216214259,3950.613873,2051.5200239736328,False
Alzehiemers/eyes-closed/patient30/Fp2.txt,1024,2048,126.01007625024322,655.0346529999999,-1056.1303106728517,False
Alzehiemers/eyes-closed/patient30/Fz.txt,64512,65536,474.72111836656654,2494.857314,204.20984469824216,False
Alzehiemers/eyes-closed/patient30/O2.txt,3072,4096,3036.0879081634353,7279.09274,48.83827605957049,False
Alzehiemers/eyes-closed/patient30/O2.txt,4096,5120,1182.6856800808662,7840.59677,-2850.6540707998047,False
Alzehiemers/eyes-closed/patient30/O2.txt,5120,6144,293.7371591702795,1097.06275,-2895.627383251953,False
Alzehiemers/eyes-closed/patient30/O2.txt,20480,21504,2589.846621445637,6995.22463,1613.065799470703,False
Alzehiemers/eyes-closed/patient30/O2.txt,64512,65536,1813.8967210129879,7290.95499,-270.1918036542968,False
Alzehiemers/eyes-closed/patient30/O2.txt,65536,66560,2579.497581087229,6610.27629,1877.2208176640625,False
Alzehiemers/eyes-closed/patient30/Pz.txt,64512,65536,353.5968753638196,2139.882344,286.5702185166016,False
Alzehiemers/eyes-closed/patient31/C3.txt,0,1024,1175.3915872376497,4332.642632,-531.1055133320311,False
Alzehiemers/eyes-closed/patient31/C3.txt,1024,2048,5.979027664909195,30.83033000000023,-3116.8710144140623,False
Alzehiemers/eyes-closed/patient31/C3.txt,2048,3072,3.5436513077385126,23.713870000000043,-3121.865165800781,False
Alzehiemers/eyes-closed/patient31/C3.txt,3072,4096,498.5848520292112,1710.87032,-2178.790660576172,False
Alzehiemers/eyes-closed/patient31/C3.txt,4096,5120,252.7269761583894,892.5930210000001,-913.3959080302734,False
Alzehiemers/eyes-closed/patient31/C3.txt,24576,25600,372.57869009519857,2256.7952960000002,46.14960765429689,False
Alzehiemers/eyes-closed/patient31/C3.txt,25600,26624,179.15163489482387,1722.049856,40.84731898144531,False
Alzehiemers/eyes-closed/patient31/C4.txt,0,1024,1178.3087596398989,4330.3907039999995,-616.1299349482421,False
Alzehiemers/eyes-closed/patient31/C4.txt,1024,2048,5.393158337353552,29.620820000000094,-3221.2934222558597,False
Alzehiemers/eyes-closed/patient31/C4.txt,2048,3072,3.5836813437439465,23.542050000000017,-3215.867368339844,False
Alzehiemers/eyes-closed/patient31/C4.txt,3072,4096,510.0197519669287,1731.71015,-2248.852259082031,False
Alzehiemers/eyes-closed/patient31/C4.txt,4096,5120,254.67905426066577,908.6350450000001,-994.276427109375,False
Alzehiemers/eyes-closed/patient31/C4.txt,24576,25600,370.2997119488923,2251.15538,-11.604303636718758,False
Alzehiemers/eyes-closed/patient31/C4.txt,25600,26624,179.1309039836936,1668.996722,9.425037510742186,False
Alzehiemers/eyes-closed/patient31/Cz.txt,0,1024,1189.054048896109,4346.231266000001,-513.8926339658204,False
Alzehiemers/eyes-closed/patient31/Cz.txt,1024,2048,7.240290524325853,40.93258999999989,-3155.0373318652346,False
Alzehiemers/eyes-closed/patient31/Cz.txt,2048,3072,16.77900806535307,59.61201000000028,-3142.7100666992187,False
Alzehiemers/eyes-closed/patient31/Cz.txt,3072,4096,507.05070147156323,1727.87974,-2171.288489326172,False
Alzehiemers/eyes-closed/patient31/Cz.txt,4096,5120,254.19595296323251,905.6779,-913.7591157001953,False
Alzehiemers/eyes-closed/patient31/Cz.txt,24576,25600,372.63795133945723,2266.383466,91.79300144726561,False
Alzehiemers/eyes-closed/patient31/Cz.txt,25600,26624,170.06670658525405,1647.523682,72.9530853779297,False
Alzehiemers/eyes-closed/patient31/F3.txt,0,1024,1178.7215386276375,4202.778847,-568.6020091884766,False
Alzehiemers/eyes-closed/patient31/F3.txt,1024,2048,5.482382454178464,32.60662999999977,-3181.4079756835936,False
Alzehiemers/eyes-closed/patient31/F3.txt,2048,3072,11.39351475288747,53.37933000000021,-3169.7419399707032,False
Alzehiemers/eyes-closed/patient31/F3.txt,3072,4096,496.83175815824205,1738.23949,-2205.549792529297,False
Alzehiemers/eyes-closed/patient31/F3.txt,4096,5120,244.92010854796342,867.5732360000001,-926.8619937714843,False
Alzehiemers/eyes-closed/patient31/F3.txt,24576,25600,374.450369849138,2266.046587,65.0515907001953,False
Alzehiemers/eyes-closed/patient31/F3.txt,25600,26624,171.71392614018254,1677.074446,44.109383421874995,False
Alzehiemers/eyes-closed/patient31/F4.txt,0,1024,1171.3504241032613,4230.1443930000005,-612.4016460859375,False
Alzehiemers/eyes-closed/patient31/F4.txt,1024,2048,8.791071798550302,52.52781999999979,-3195.1934490625,False
Alzehiemers/eyes-closed/patient31/F4.txt,2048,3072,8.422419559062316,54.569910000000164,-3199.861400205078,False
Alzehiemers/eyes-closed/patient31/F4.txt,3072,4096,527.3050455430925,1787.6685000000002,-2208.610234091797,False
Alzehiemers/eyes-closed/patient31/F4.txt,4096,5120,227.6058224954643,821.131617,-941.621945095703,False
Alzehiemers/eyes-closed/patient31/F4.txt,24576,25600,367.179153579733,2248.140417,28.56790935644532,False
Alzehiemers/eyes-closed/patient31/F4.txt,25600,26624,482.6564226261163,2156.692927,350.99599960546874,False
Alzehiemers/eyes-closed/patient31/F7.txt,0,1024,1194.788531250739,4222.856165,-528.3410454697265,False
Alzehiemers/eyes-closed/patient31/F7.txt,1024,2048,8.609633032429212,43.73667000000023,-3140.9118500488285,False
Alzehiemers/eyes-closed/patient31/F7.txt,2048,3072,8.931117870778985,47.88837999999987,-3133.678513125,False
Alzehiemers/eyes-closed/patient31/F7.txt,3072,4096,480.77679864530216,1706.9341699999998,-2204.1336253222657,False
Alzehiemers/eyes-closed/patient31/F7.txt,4096,5120,236.76547732200524,832.451221,-936.3123022353516,False
Alzehiemers/eyes-closed/patient31/F7.txt,24576,25600,373.9887690686809,2259.224532,67.47417707324219,False
Alzehiemers/eyes-closed/patient31/F7.txt,25600,26624,171.22051780875998,1666.4176320000001,64.02295933984374,False
Alzehiemers/eyes-closed/patient31/F8.txt,0,1024,1166.5248406265991,4120.848108,-311.1865082431641,False
Alzehiemers/eyes-closed/patient31/F8.txt,1024,2048,28.056850520458344,109.35138000000006,-2931.6677046972654,False
Alzehiemers/eyes-closed/patient31/F8.txt,2048,3072,27.177067454000607,109.99535000000014,-2977.0784803613283,False
Alzehiemers/eyes-closed/patient31/F8.txt,3072,4096,472.0471073525431,1669.03163,-2149.3618793359374,False
Alzehiemers/eyes-closed/patient31/F8.txt,4096,5120,216.79859947397642,822.235909,-879.1879438652343,False
Alzehiemers/eyes-closed/patient31/F8.txt,24576,25600,363.3729287679853,2229.106045,185.0603678046875,False
Alzehiemers/eyes-closed/patient31/F8.txt,25600,26624,370.24143482042643,3429.0352679999996,348.8914639560547,False
Alzehiemers/eyes-closed/patient31/Fp1.txt,0,1024,1198.8034521009304,4199.427329,-485.988837796875,False
Alzehiemers/eyes-closed/patient31/Fp1.txt,1024,2048,13.726842536692315,83.92313000000013,-3131.6001678710936,False
Alzehiemers/eyes-closed/patient31/Fp1.txt,2048,3072,43.34822614902475,144.23550999999998,-3086.8603415820317,False
Alzehiemers/eyes-closed/patient31/Fp1.txt,3072,4096,452.7943906857204,1635.90522,-2186.328618857422,False
Alzehiemers/eyes-closed/patient31/Fp1.txt,4096,5120,191.72646326729864,780.97878,-884.709962350586,False
Alzehiemers/eyes-closed/patient31/Fp1.txt,24576,25600,373.857806162233,2289.22869,-9.994998699218751,False
Alzehiemers/eyes-closed/patient31/Fp2.txt,0,1024,1189.9248186582777,4232.59425,-682.8170849746093,False
Alzehiemers/eyes-closed/patient31/Fp2.txt,1024,2048,36.00571188314692,186.17304000000013,-3356.595984433594,False
Alzehiemers/eyes-closed/patient31/Fp2.txt,2048,3072,23.110764523085674,113.48221000000012,-3279.653507001953,False
Alzehiemers/eyes-closed/patient31/Fp2.txt,3072,4096,462.7214543487241,1655.1479199999999,-2299.537717158203,False
Alzehiemers/eyes-closed/patient31/Fp2.txt,4096,5120,198.063463051332,851.550058,-1022.9905757031252,False
Alzehiemers/eyes-closed/patient31/Fp2.txt,24576,25600,386.43077437238486,2307.23591,33.88561839746093,False
Alzehiemers/eyes-closed/patient31/Fz.txt,0,1024,1182.4641812601003,4329.470322,-547.7847882177734,False
Alzehiemers/eyes-closed/patient31/Fz.txt,1024,2048,8.047951389822705,44.003960000000006,-3164.3237431054686,False
Alzehiemers/eyes-closed/patient31/Fz.txt,2048,3072,12.688630196589685,56.53148999999985,-3149.4775920898437,False
Alzehiemers/eyes-closed/patient31/Fz.txt,3072,4096,498.36805422962846,1713.63549,-2186.4692903613277,False
Alzehiemers/eyes-closed/patient31/Fz.txt,4096,5120,252.69231491177644,904.5179129999999,-925.9123099257813,False
Alzehiemers/eyes-closed/patient31/Fz.txt,24576,25600,371.6332760870333,2272.235493,49.97323252441406,False
Alzehiemers/eyes-closed/patient31/Fz.txt,25600,26624,169.71599044651978,1639.858062,53.76716774707031,False
Alzehiemers/eyes-closed/patient31/O1.txt,0,1024,1185.0948472865553,4190.649839,-639.9272871728516,False
Alzehiemers/eyes-closed/patient31/O1.txt,1024,2048,124.56721314306533,369.46162000000004,-3051.259449599609,False
Alzehiemers/eyes-closed/patient31/O1.txt,2048,3072,78.82503408000447,281.5155099999997,-3136.0586042480472,False
Alzehiemers/eyes-closed/patient31/O1.txt,3072,4096,514.3787389160576,1768.9831399999998,-2243.057098564453,False
Alzehiemers/eyes-closed/patient31/O1.txt,4096,5120,257.32082728500114,909.7010419999999,-978.988846334961,False
Alzehiemers/eyes-closed/patient31/O1.txt,24576,25600,368.1328001698236,2259.46931,-3.9086545722656254,False
Alzehiemers/eyes-closed/patient31/O1.txt,25600,26624,177.2043640591798,1691.0651509999998,-10.053356887695312,False
Alzehiemers/eyes-closed/patient31/O2.txt,1024,2048,56.451627689933076,219.79118000000017,-3015.658119404297,False
Alzehiemers/eyes-closed/patient31/O2.txt,2048,3072,26.656410781737335,144.2835100000002,-2982.069482871094,False
Alzehiemers/eyes-closed/patient31/O2.txt,132096,133120,326.7894396311831,1813.69627,-3007.490437685547,False
Alzehiemers/eyes-closed/patient31/P3.txt,0,1024,1144.1161591243074,4107.8356,-630.3797833730468,False
Alzehiemers/eyes-closed/patient31/P3.txt,1024,2048,29.693260997176825,135.2830100000001,-3257.2661362402346,False
Alzehiemers/eyes-closed/patient31/P3.txt,2048,3072,20.17543466551731,88.98318999999992,-3354.051609921875,False
Alzehiemers/eyes-closed/patient31/P3.txt,3072,4096,500.999470941223,1721.08213,-2426.881939892578,False
Alzehiemers/eyes-closed/patient31/P3.txt,4096,5120,260.22804770171433,903.8425320000001,-1179.7507302734375,False
Alzehiemers/eyes-closed/patient31/P3.txt,24576,25600,374.7427558353655,2281.94128,105.46496118066406,False
Alzehiemers/eyes-closed/patient31/P4.txt,0,1024,1181.9899107037038,4057.4449,-656.0603631982423,False
Alzehiemers/eyes-closed/patient31/P4.txt,1024,2048,17.523652866632112,64.90482999999995,-3227.5955049609374,False
Alzehiemers/eyes-closed/patient31/P4.txt,2048,3072,9.684809102211954,49.70680999999968,-3222.630229042969,False
Alzehiemers/eyes-closed/patient31/P4.txt,3072,4096,513.3570080058794,1743.38934,-2257.399865986328,False
Alzehiemers/eyes-closed/patient31/P4.txt,4096,5120,253.28196374288507,892.763049,-1029.395497671875,False
Alzehiemers/eyes-closed/patient31/P4.txt,24576,25600,367.2167531339602,2231.09381,-19.124701601562503,False
Alzehiemers/eyes-closed/patient31/P4.txt,25600,26624,175.9527017616307,1622.484608,11.843512430664063,False
Alzehiemers/eyes-closed/patient31/Pz.txt,0,1024,1163.522913210437,4209.154556,-475.528651913086,False
Alzehiemers/eyes-closed/patient31/Pz.txt,1024,2048,16.66093363153264,78.19403999999986,-3050.3944790039063,False
Alzehiemers/eyes-closed/patient31/Pz.txt,2048,3072,6.1331155313078245,34.83336999999983,-3034.149970683594,False
Alzehiemers/eyes-closed/patient31/Pz.txt,3072,4096,507.83709233256184,1752.95384,-2076.3984281835938,False
Alzehiemers/eyes-closed/patient31/Pz.txt,4096,5120,259.33259233254853,909.0911430000001,-812.1725166708985,False
Alzehiemers/eyes-closed/patient31/Pz.txt,24576,25600,373.01960619909767,2257.748009,184.80003752246094,False
Alzehiemers/eyes-closed/patient31/Pz.txt,25600,26624,178.61829092577062,1706.842602,177.726706515625,False
Alzehiemers/eyes-closed/patient31/T3.txt,0,1024,1186.3419529911416,4326.386678,-544.9914061425782,False
Alzehiemers/eyes-closed/patient31/T3.txt,1024,2048,5.65988678046791,33.90418,-3152.623204873047,False
Alzehiemers/eyes-closed/patient31/T3.txt,2048,3072,7.507708686884201,42.59606000000031,-3151.091417880859,False
Alzehiemers/eyes-closed/patient31/T3.txt,3072,4096,505.4590114262778,1742.2380799999999,-2186.9381411328122,False
Alzehiemers/eyes-closed/patient31/T3.txt,4096,5120,255.04747502632694,899.3771669999999,-913.5124911767577,False
Alzehiemers/eyes-closed/patient31/T3.txt,24576,25600,373.53273111883806,2267.017182,85.702081546875,False
Alzehiemers/eyes-closed/patient31/T3.txt,25600,26624,177.737320350855,1720.1438580000001,68.34179477832032,False
Alzehiemers/eyes-closed/patient31/T4.txt,0,1024,1175.3666832229053,4281.0527409999995,-609.7542062998047,False
Alzehiemers/eyes-closed/patient31/T4.txt,1024,2048,14.028264723899964,64.25705999999991,-3184.1374774121095,False
Alzehiemers/eyes-closed/patient31/T4.txt,2048,3072,8.351821566572823,44.440290000000005,-3159.299990205078,False
Alzehiemers/eyes-closed/patient31/T4.txt,3072,4096,511.20311831680897,1744.10466,-2179.622092246094,False
Alzehiemers/eyes-closed/patient31/T4.txt,4096,5120,254.5921058327916,894.9767160000001,-913.5757830175781,False
Alzehiemers/eyes-closed/patient31/T4.txt,24576,25600,369.46048597055875,2248.776898,72.97097500976562,False
Alzehiemers/eyes-closed/patient31/T4.txt,25600,26624,169.20742368427003,1612.665026,69.02737639453125,False
Alzehiemers/eyes-closed/patient31/T5.txt,0,1024,1152.7750333293127,4294.782824,-908.1092420732422,False
Alzehiemers/eyes-closed/patient31/T5.txt,1024,2048,85.55495360271115,296.8493699999999,-3244.9923875976565,False
Alzehiemers/eyes-closed/patient31/T5.txt,2048,3072,31.820301500065135,172.6276200000002,-3312.6531477539065,False
Alzehiemers/eyes-closed/patient31/T5.txt,3072,4096,518.4206330808837,1787.75117,-2322.00512125,False
Alzehiemers/eyes-closed/patient31/T5.txt,4096,5120,270.9466795800395,949.8194869999999,-1018.1329863261719,False
Alzehiemers/eyes-closed/patient31/T5.txt,24576,25600,370.7645793449891,2273.64583,-29.22688241894532,False
Alzehiemers/eyes-closed/patient31/T5.txt,25600,26624,173.15622749668546,1629.726009,-33.933968674804696,False
Alzehiemers/eyes-closed/patient31/T6.txt,0,1024,1173.9087032301552,4238.13779,-531.4171654794922,False
Alzehiemers/eyes-closed/patient31/T6.txt,1024,2048,12.516129140446276,65.73233000000027,-3110.396844716797,False
Alzehiemers/eyes-closed/patient31/T6.txt,2048,3072,9.64112924345099,52.7777500000002,-3089.2581192285156,False
Alzehiemers/eyes-closed/patient31/T6.txt,3072,4096,517.8641979882042,1772.0859699999999,-2101.719138994141,False
Alzehiemers/eyes-closed/patient31/T6.txt,4096,5120,261.5606830289708,923.1572940000001,-834.5140458105468,False
Alzehiemers/eyes-closed/patient31/T6.txt,24576,25600,366.347045853237,2242.5610070000002,133.25545182910156,False
Alzehiemers/eyes-closed/patient31/T6.txt,25600,26624,175.07250862221758,1661.0996969999999,137.8922972734375,False
Alzehiemers/eyes-closed/patient32/C3.txt,34816,35840,301.70192595563066,3592.1774649999998,-12.056363752929686,False
Alzehiemers/eyes-closed/patient32/C3.txt,36864,37888,261.7858216422326,3975.15741,10.824367450195314,False
Alzehiemers/eyes-closed/patient32/C3.txt,37888,38912,193.0177279066402,3135.47243,-13.147201089843755,False
Alzehiemers/eyes-closed/patient32/C3.txt,38912,39936,172.33557871948472,2165.106847,-20.794377273437505,False
Alzehiemers/eyes-closed/patient32/C3.txt,43008,44032,250.48111673884688,4444.34347,-1.8261774853515629,False
Alzehiemers/eyes-closed/patient32/C3.txt,44032,45056,132.16174683526307,1724.7462170000001,-71.79994374023437,False
Alzehiemers/eyes-closed/patient32/C3.txt,45056,46080,349.88003303182876,3386.17182,-49.29760630566406,False
Alzehiemers/eyes-closed/patient32/C3.txt,46080,47104,156.42975305800448,2698.069262,-53.643695999023436,False
Alzehiemers/eyes-closed/patient32/C3.txt,53248,54272,345.27527518699054,3547.55582,-5.293249060546873,False
Alzehiemers/eyes-closed/patient32/C3.txt,72704,73728,130.99144135725243,2467.521256,29.235057891601564,False
Alzehiemers/eyes-closed/patient32/C3.txt,82944,83968,128.1987049867128,2431.1408930000002,-13.453518095703128,False
Alzehiemers/eyes-closed/patient32/C3.txt,93184,94208,123.84420227081544,2455.848839,24.754893076171875,False
Alzehiemers/eyes-closed/patient32/C3.txt,99328,100352,114.63608720033042,2051.352085,-53.38305505273438,False
Alzehiemers/eyes-closed/patient32/C3.txt,101376,102400,116.70981414769807,2510.548861,7.407239740234374,False
Alzehiemers/eyes-closed/patient32/C3.txt,104448,105472,97.58357922525116,1844.849784,-19.804206605468753,False
Alzehiemers/eyes-closed/patient32/C4.txt,34816,35840,301.8716153738126,3574.889767,42.92543238476563,False
Alzehiemers/eyes-closed/patient32/C4.txt,36864,37888,263.3000177431475,3987.39229,54.01187029492188,False
Alzehiemers/eyes-closed/patient32/C4.txt,37888,38912,192.88033595926612,3147.26379,28.887534194335935,False
Alzehiemers/eyes-closed/patient32/C4.txt,38912,39936,172.83726414835763,2153.877313,29.403675519531244,False
Alzehiemers/eyes-closed/patient32/C4.txt,43008,44032,250.72977896492256,4435.5901300000005,52.44607644140625,False
Alzehiemers/eyes-closed/patient32/C4.txt,44032,45056,134.54516494075833,1728.468885,-18.883056871093746,False
Alzehiemers/eyes-closed/patient32/C4.txt,45056,46080,350.27940477915377,3409.94837,-6.910495927734376,False
Alzehiemers/eyes-closed/patient32/C4.txt,46080,47104,156.3486850550766,2712.78997,4.7091754062500035,False
Alzehiemers/eyes-closed/patient32/C4.txt,53248,54272,345.2107340419833,3551.12434,45.42488407226563,False
Alzehiemers/eyes-closed/patient32/C4.txt,72704,73728,128.31918249484704,2427.0246309999998,52.95324549023438,False
Alzehiemers/eyes-closed/patient32/C4.txt,82944,83968,126.95738929695989,2418.52591,7.054449933593748,False
Alzehiemers/eyes-closed/patient32/C4.txt,93184,94208,125.48948796766223,2470.233867,32.874736416992185,False
Alzehiemers/eyes-closed/patient32/C4.txt,99328,100352,117.75626781385739,2082.933117,-38.83641206835937,False
Alzehiemers/eyes-closed/patient32/C4.txt,101376,102400,116.14655369679055,2504.16318,26.297077497070312,False
Alzehiemers/eyes-closed/patient32/C4.txt,104448,105472,97.93962892542254,1840.031372,8.198713762695313,False
Alzehiemers/eyes-closed/patient32/Cz.txt,34816,35840,301.5716465424046,3579.6819360000004,-77.82619585644531,False
Alzehiemers/eyes-closed/patient32/Cz.txt,36864,37888,262.48042955139704,3968.3885200000004,-63.66690512402343,False
Alzehiemers/eyes-closed/patient32/Cz.txt,37888,38912,192.6612525878657,3140.07713,-81.65207650683594,False
Alzehiemers/eyes-closed/patient32/Cz.txt,38912,39936,172.44174788498475,2164.061184,-92.77788583789062,False
Alzehiemers/eyes-closed/patient32/Cz.txt,43008,44032,250.34908665493103,4454.05652,-72.42966350585937,False
Alzehiemers/eyes-closed/patient32/Cz.txt,45056,46080,350.1589964416431,3402.9626799999996,-124.76894607617187,False
Alzehiemers/eyes-closed/patient32/Cz.txt,46080,47104,156.5722831095288,2697.37568,-115.25920779199218,False
Alzehiemers/eyes-closed/patient32/Cz.txt,53248,54272,345.3596507469806,3550.4463299999998,-84.5028320263672,False
Alzehiemers/eyes-closed/patient32/Cz.txt,72704,73728,136.5890118200583,2451.274413,-9.8677625390625,False
Alzehiemers/eyes-closed/patient32/Cz.txt,82944,83968,127.02890906256258,2427.9953450000003,-41.7644951328125,False
Alzehiemers/eyes-closed/patient32/Cz.txt,93184,94208,126.4411510981583,2473.352898,11.168620192382816,False
Alzehiemers/eyes-closed/patient32/Cz.txt,99328,100352,114.69745208726023,2064.031305,-93.83942402636718,False
Alzehiemers/eyes-closed/patient32/Cz.txt,101376,102400,116.37438838318567,2506.089551,-25.804035850585933,False
Alzehiemers/eyes-closed/patient32/Cz.txt,104448,105472,98.65021809570518,1851.587444,-39.98755984960938,False
Alzehiemers/eyes-closed/patient32/F3.txt,34816,35840,303.5912036731664,3602.145132,17.91981462792969,False
Alzehiemers/eyes-closed/patient32/F3.txt,36864,37888,261.775434130826,3960.54676,18.963197968750002,False
Alzehiemers/eyes-closed/patient32/F3.txt,37888,38912,191.59784941013336,3135.32216,-5.0120926142578135,False
Alzehiemers/eyes-closed/patient32/F3.txt,38912,39936,171.97811773260912,2164.68284,6.885381897460942,False
Alzehiemers/eyes-closed/patient32/F3.txt,43008,44032,250.2535322675794,4458.9173599999995,14.302973465820312,False
Alzehiemers/eyes-closed/patient32/F3.txt,44032,45056,132.9985864960636,1724.188368,-36.08792669140625,False
Alzehiemers/eyes-closed/patient32/F3.txt,45056,46080,350.7688971978025,3366.2745999999997,-38.401725562500005,False
Alzehiemers/eyes-closed/patient32/F3.txt,46080,47104,155.43580161955754,2693.218037,-25.4722839765625,False
Alzehiemers/eyes-closed/patient32/F3.txt,53248,54272,345.12645834639966,3554.16191,10.109356124023437,False
Alzehiemers/eyes-closed/patient32/F3.txt,72704,73728,132.2078755339655,2507.585013,34.42181178808594,False
Alzehiemers/eyes-closed/patient32/F3.txt,82944,83968,130.03713927818265,2438.290936,0.6358661015624989,False
Alzehiemers/eyes-closed/patient32/F3.txt,93184,94208,127.3844672390292,2457.9167239999997,39.312471514648436,False
Alzehiemers/eyes-closed/patient32/F3.txt,99328,100352,115.47436650914403,2050.706261,-25.389236229492187,False
Alzehiemers/eyes-closed/patient32/F3.txt,101376,102400,118.30650976624057,2519.88481,38.31862622167969,False
Alzehiemers/eyes-closed/patient32/F3.txt,104448,105472,101.0908772907357,1860.151768,5.989254919921873,False
Alzehiemers/eyes-closed/patient32/F4.txt,34816,35840,304.1320597665306,3594.379515,29.23634100585937,False
Alzehiemers/eyes-closed/patient32/F4.txt,36864,37888,262.49946550297307,3964.27629,32.39218435449219,False
Alzehiemers/eyes-closed/patient32/F4.txt,37888,38912,193.0995847224611,3143.6212,0.09547487792968745,False
Alzehiemers/eyes-closed/patient32/F4.txt,38912,39936,172.68752461303635,2153.04493,-0.14887035058593767,False
Alzehiemers/eyes-closed/patient32/F4.txt,43008,44032,250.35665211121648,4444.00985,21.78336708398438,False
Alzehiemers/eyes-closed/patient32/F4.txt,44032,45056,132.59592324927857,1723.1168989999999,-33.5006960859375,False
Alzehiemers/eyes-closed/patient32/F4.txt,45056,46080,350.42375108096815,3383.5080399999997,-13.217606203125001,False
Alzehiemers/eyes-closed/patient32/F4.txt,46080,47104,155.4893313147706,2710.4736129999997,-17.21689652050781,False
Alzehiemers/eyes-closed/patient32/F4.txt,53248,54272,345.29172959122076,3559.0715,22.335434735351562,False
Alzehiemers/eyes-closed/patient32/F4.txt,72704,73728,130.37836311688795,2477.3652700000002,26.55781097363281,False
Alzehiemers/eyes-closed/patient32/F4.txt,82944,83968,127.23561961616323,2425.7208330000003,-22.70413481347656,False
Alzehiemers/eyes-closed/patient32/F4.txt,93184,94208,126.77055572959615,2468.400275,26.63715820800781,False
Alzehiemers/eyes-closed/patient32/F4.txt,99328,100352,119.48683069794424,2072.891257,-75.36073772070313,False
Alzehiemers/eyes-closed/patient32/F4.txt,101376,102400,116.3849990249589,2524.916872,-21.192179233398434,False
Alzehiemers/eyes-closed/patient32/F4.txt,104448,105472,103.55604108299592,1875.419985,-24.145595077148442,False
Alzehiemers/eyes-closed/patient32/F7.txt,34816,35840,302.4039974481375,3607.287269,8.770107716796877,False
Alzehiemers/eyes-closed/patient32/F7.txt,36864,37888,261.6806205805499,3972.64399,-2.178469212890632,False
Alzehiemers/eyes-closed/patient32/F7.txt,37888,38912,192.65562625972987,3145.52618,-20.167175103515625,False
Alzehiemers/eyes-closed/patient32/F7.txt,38912,39936,171.76177211670728,2175.65543,-17.860712370117184,False
Alzehiemers/eyes-closed/patient32/F7.txt,43008,44032,250.79143253434597,4465.6384,41.58943513476562,False
Alzehiemers/eyes-closed/patient32/F7.txt,45056,46080,350.6204879027417,3360.70659,-19.9017199609375,False
Alzehiemers/eyes-closed/patient32/F7.txt,46080,47104,155.7247729439732,2681.960319,-23.93526372363281,False
Alzehiemers/eyes-closed/patient32/F7.txt,53248,54272,345.1891491898241,3551.3379299999997,-18.25174969921875,False
Alzehiemers/eyes-closed/patient32/F7.txt,72704,73728,139.43809503137896,2497.756558,27.93241111914062,False
Alzehiemers/eyes-closed/patient32/F7.txt,82944,83968,133.0765439376855,2441.969372,-15.55936207617188,False
Alzehiemers/eyes-closed/patient32/F7.txt,93184,94208,127.26273557017069,2455.277783,43.61691757519531,False
Alzehiemers/eyes-closed/patient32/F7.txt,99328,100352,118.7226168859862,2072.110953,-60.31313820410156,False
Alzehiemers/eyes-closed/patient32/F7.txt,101376,102400,120.50625951485716,2533.8980380000003,23.638119689453124,False
Alzehiemers/eyes-closed/patient32/F7.txt,104448,105472,98.3211312956988,1850.927338,-13.576441448242187,False
Alzehiemers/eyes-closed/patient32/F8.txt,34816,35840,301.83475380421817,3590.327512,41.32640555957031,False
Alzehiemers/eyes-closed/patient32/F8.txt,36864,37888,265.52317730148746,4003.15012,74.16337629882813,False
Alzehiemers/eyes-closed/patient32/F8.txt,37888,38912,194.0106120920852,3147.33605,13.04708939648437,False
Alzehiemers/eyes-closed/patient32/F8.txt,43008,44032,250.62217396264282,4423.59727,-6.404033212890626,False
Alzehiemers/eyes-closed/patient32/F8.txt,45056,46080,354.7138335215342,3436.44121,-0.48677265039062334,False
Alzehiemers/eyes-closed/patient32/F8.txt,46080,47104,157.06564972826925,2744.9523160000003,-6.918380312500002,False
Alzehiemers/eyes-closed/patient32/F8.txt,53248,54272,345.22746599604164,3549.8197499999997,48.390399971679685,False
Alzehiemers/eyes-closed/patient32/F8.txt,72704,73728,140.92433488590427,2469.929642,-1.5604240058593746,False
Alzehiemers/eyes-closed/patient32/F8.txt,82944,83968,128.02005039832795,2417.780822,-104.24012989941406,False
Alzehiemers/eyes-closed/patient32/F8.txt,93184,94208,133.42903628084508,2460.4335849999998,-3.1141558789062493,False
Alzehiemers/eyes-closed/patient32/F8.txt,101376,102400,122.00072130665043,2521.304414,-89.0724755498047,False
Alzehiemers/eyes-closed/patient32/Fp1.txt,34816,35840,311.97283482298775,3637.1593510000002,-171.5916683203125,False
Alzehiemers/eyes-closed/patient32/Fp1.txt,36864,37888,264.59641867687776,3949.0395900000003,-188.65009728515625,False
Alzehiemers/eyes-closed/patient32/Fp1.txt,37888,38912,194.07433042396974,3149.8717699999997,-242.85627202539064,False
Alzehiemers/eyes-closed/patient32/Fp1.txt,43008,44032,250.01320964970546,4473.66764,-213.2562161201172,False
Alzehiemers/eyes-closed/patient32/Fp1.txt,45056,46080,362.6266248605821,3245.37574,-200.26343763574218,False
Alzehiemers/eyes-closed/patient32/Fp1.txt,46080,47104,157.5339061135389,2652.929505,-215.82351638867186,False
Alzehiemers/eyes-closed/patient32/Fp1.txt,53248,54272,345.3456510838162,3555.5542699999996,-216.4909734638672,False
Alzehiemers/eyes-closed/patient32/Fp1.txt,72704,73728,177.41791843686855,2530.5418870000003,-101.95747838769532,False
Alzehiemers/eyes-closed/patient32/Fp1.txt,82944,83968,141.05393148206832,2425.225614,-168.49551644824217,False
Alzehiemers/eyes-closed/patient32/Fp1.txt,93184,94208,147.91873237015943,2467.745745,23.58118569140625,False
Alzehiemers/eyes-closed/patient32/Fp1.txt,101376,102400,134.54546496738868,2527.661322,-105.45369823632812,False
Alzehiemers/eyes-closed/patient32/Fp2.txt,34816,35840,309.9093346243315,3627.966959,-160.63838241210937,False
Alzehiemers/eyes-closed/patient32/Fp2.txt,36864,37888,266.04019909939893,3958.2329499999996,-121.64761640527344,False
Alzehiemers/eyes-closed/patient32/Fp2.txt,37888,38912,194.22490612900378,3142.39233,-155.81867393066406,False
Alzehiemers/eyes-closed/patient32/Fp2.txt,38912,39936,172.6235715380679,2178.7512349999997,-196.36619373144532,False
Alzehiemers/eyes-closed/patient32/Fp2.txt,43008,44032,251.02628655522227,4429.0682400000005,-209.34041940234377,False
Alzehiemers/eyes-closed/patient32/Fp2.txt,45056,46080,356.52466251910806,3330.4343,-177.9814328339844,False
Alzehiemers/eyes-closed/patient32/Fp2.txt,46080,47104,155.12085130550207,2700.13703,-187.6679603720703,False
Alzehiemers/eyes-closed/patient32/Fp2.txt,53248,54272,345.09255655173024,3549.3125,-175.6913936640625,False
Alzehiemers/eyes-closed/patient32/Fp2.txt,72704,73728,148.82668147756723,2526.405353,-50.966720391601555,False
Alzehiemers/eyes-closed/patient32/Fp2.txt,82944,83968,127.45505461518799,2416.22904,-149.8525140371094,False
Alzehiemers/eyes-closed/patient32/Fp2.txt,93184,94208,138.60246652089018,2476.708819,4.399389912109379,False
Alzehiemers/eyes-closed/patient32/Fp2.txt,101376,102400,122.61213359714206,2530.7838730000003,-161.21604807910154,False
Alzehiemers/eyes-closed/patient32/Fz.txt,34816,35840,303.1724587074856,3591.314898,-37.69434336035157,False
Alzehiemers/eyes-closed/patient32/Fz.txt,36864,37888,263.4543653389565,3957.95807,-37.172318203125,False
Alzehiemers/eyes-closed/patient32/Fz.txt,37888,38912,193.30158899577495,3138.95478,-67.26027098535155,False
Alzehiemers/eyes-closed/patient32/Fz.txt,38912,39936,173.4783844232391,2156.504279,-73.96600387207032,False
Alzehiemers/eyes-closed/patient32/Fz.txt,43008,44032,250.12004649479394,4453.00168,-52.46704174902344,False
Alzehiemers/eyes-closed/patient32/Fz.txt,45056,46080,350.62303439348125,3376.8370800000002,-94.62102963769532,False
Alzehiemers/eyes-closed/patient32/Fz.txt,46080,47104,156.80167262611832,2697.2810440000003,-82.24506723046875,False
Alzehiemers/eyes-closed/patient32/Fz.txt,53248,54272,345.8222725423563,3561.9240600000003,-44.386630027343756,False
Alzehiemers/eyes-closed/patient32/Fz.txt,72704,73728,133.51077052148423,2497.890329,-2.271769952148439,False
Alzehiemers/eyes-closed/patient32/Fz.txt,82944,83968,128.5191810435373,2434.057619,-43.964246333007814,False
Alzehiemers/eyes-closed/patient32/Fz.txt,93184,94208,126.7591196401089,2464.7072709999998,20.07680656738281,False
Alzehiemers/eyes-closed/patient32/Fz.txt,99328,100352,115.83646013985326,2063.198262,-85.28885363769531,False
Alzehiemers/eyes-closed/patient32/Fz.txt,101376,102400,116.4878114934059,2519.638223,-6.909939585937499,False
Alzehiemers/eyes-closed/patient32/Fz.txt,104448,105472,102.51910815406183,1869.173547,-33.06079696289062,False
Alzehiemers/eyes-closed/patient32/O1.txt,34816,35840,301.32804096377896,3582.221312,53.2350568828125,False
Alzehiemers/eyes-closed/patient32/O1.txt,36864,37888,263.9245574241827,4001.27329,38.82897690527344,False
Alzehiemers/eyes-closed/patient32/O1.txt,37888,38912,193.92031582666303,3149.8574399999998,9.170760197265622,False
Alzehiemers/eyes-closed/patient32/O1.txt,38912,39936,172.98035005189445,2149.048,9.122714750000002,False
Alzehiemers/eyes-closed/patient32/O1.txt,43008,44032,251.2638990308332,4404.44973,57.47822723828125,False
Alzehiemers/eyes-closed/patient32/O1.txt,44032,45056,131.3608597619957,1740.145153,-12.66608631542969,False
Alzehiemers/eyes-closed/patient32/O1.txt,45056,46080,350.5110130646602,3422.9642400000002,-14.469331283203127,False
Alzehiemers/eyes-closed/patient32/O1.txt,46080,47104,158.70885713094535,2729.524834,6.524610630859373,False
Alzehiemers/eyes-closed/patient32/O1.txt,53248,54272,344.60008323381294,3529.78471,42.55762369238281,False
Alzehiemers/eyes-closed/patient32/O1.txt,72704,73728,129.54126762119864,2443.264647,53.793362528320316,False
Alzehiemers/eyes-closed/patient32/O1.txt,82944,83968,127.72723380730004,2405.870415,5.764188963867191,False
Alzehiemers/eyes-closed/patient32/O1.txt,93184,94208,125.82957991601239,2454.820759,29.442394055664064,False
Alzehiemers/eyes-closed/patient32/O1.txt,99328,100352,112.75797106009793,2037.1264899999999,-30.306808799804692,False
Alzehiemers/eyes-closed/patient32/O1.txt,101376,102400,116.87853129916799,2496.247375,15.525325173828122,False
Alzehiemers/eyes-closed/patient32/O1.txt,104448,105472,96.7726094755309,1839.587649,0.9584983652343748,False
Alzehiemers/eyes-closed/patient32/O2.txt,34816,35840,300.61978183227683,3575.036013,0.7554228271484433,False
Alzehiemers/eyes-closed/patient32/O2.txt,36864,37888,263.4708402263085,4006.29021,11.629497193359379,False
Alzehiemers/eyes-closed/patient32/O2.txt,37888,38912,193.6895213373664,3156.08489,-12.62868958886719,False
Alzehiemers/eyes-closed/patient32/O2.txt,38912,39936,172.08765383970447,2140.915097,-5.2905894531249995,False
Alzehiemers/eyes-closed/patient32/O2.txt,43008,44032,251.19176885317822,4403.12744,16.721240947265628,False
Alzehiemers/eyes-closed/patient32/O2.txt,44032,45056,131.15780807679354,1738.389398,-48.821052283203116,False
Alzehiemers/eyes-closed/patient32/O2.txt,45056,46080,350.6425791745166,3424.45821,-24.32766318457031,False
Alzehiemers/eyes-closed/patient32/O2.txt,46080,47104,159.92394515408037,2720.849295,-27.602138583984377,False
Alzehiemers/eyes-closed/patient32/O2.txt,53248,54272,344.487464290914,3532.54115,-0.4307952226562506,False
Alzehiemers/eyes-closed/patient32/O2.txt,72704,73728,129.74495138586263,2421.563135,47.762535090820315,False
Alzehiemers/eyes-closed/patient32/O2.txt,82944,83968,126.8971418131931,2401.21467,11.07431371484375,False
Alzehiemers/eyes-closed/patient32/O2.txt,93184,94208,126.47539482517888,2450.237978,23.130057642578123,False
Alzehiemers/eyes-closed/patient32/O2.txt,99328,100352,114.59991562425053,2053.01975,-30.00521701269531,False
Alzehiemers/eyes-closed/patient32/O2.txt,101376,102400,116.80206321926826,2493.376462,31.881553932617187,False
Alzehiemers/eyes-closed/patient32/O2.txt,104448,105472,97.93212250429772,1840.455635,7.814619513671879,False
Alzehiemers/eyes-closed/patient32/P3.txt,34816,35840,300.9065648408777,3584.038639,43.25893479589844,False
Alzehiemers/eyes-closed/patient32/P3.txt,36864,37888,263.13578883275693,3994.00479,46.66977747363282,False
Alzehiemers/eyes-closed/patient32/P3.txt,37888,38912,193.4403767100188,3144.39261,26.784058056640628,False
Alzehiemers/eyes-closed/patient32/P3.txt,38912,39936,172.37549482184923,2157.087692,25.1576456953125,False
Alzehiemers/eyes-closed/patient32/P3.txt,43008,44032,250.63622243621822,4434.312540000001,36.907290511718756,False
Alzehiemers/eyes-closed/patient32/P3.txt,44032,45056,131.75640723306313,1728.456039,-28.90258825976563,False
Alzehiemers/eyes-closed/patient32/P3.txt,45056,46080,350.25530663050813,3408.51946,-19.063364580078126,False
Alzehiemers/eyes-closed/patient32/P3.txt,46080,47104,158.123685933729,2708.74542,-3.194725556640627,False
Alzehiemers/eyes-closed/patient32/P3.txt,53248,54272,345.48923299813174,3540.0986900000003,37.280841767578124,False
Alzehiemers/eyes-closed/patient32/P3.txt,72704,73728,129.76899437604467,2451.760088,65.46045497558593,False
Alzehiemers/eyes-closed/patient32/P3.txt,82944,83968,127.7969911913973,2414.678879,-19.41015323828125,False
Alzehiemers/eyes-closed/patient32/P3.txt,93184,94208,123.87569399304056,2452.898414,27.592290935546874,False
Alzehiemers/eyes-closed/patient32/P3.txt,99328,100352,112.7123148568786,2038.8504790000002,-95.77200187597657,False
Alzehiemers/eyes-closed/patient32/P3.txt,101376,102400,116.31154175074154,2498.3499890000003,-21.797169207031253,False
Alzehiemers/eyes-closed/patient32/P3.txt,104448,105472,96.59694588330328,1841.197103,-26.371028036132813,False
Alzehiemers/eyes-closed/patient32/P4.txt,34816,35840,300.278905070161,3580.0274520000003,45.14190669824218,False
Alzehiemers/eyes-closed/patient32/P4.txt,36864,37888,263.6423001985994,4006.82882,63.06479290234375,False
Alzehiemers/eyes-closed/patient32/P4.txt,37888,38912,194.8941830634735,3149.7458,32.976825716796874,False
Alzehiemers/eyes-closed/patient32/P4.txt,38912,39936,171.71832560031513,2141.266671,34.46923134863281,False
Alzehiemers/eyes-closed/patient32/P4.txt,43008,44032,251.17106874297698,4430.3416799999995,72.39756553710937,False
Alzehiemers/eyes-closed/patient32/P4.txt,44032,45056,132.269159880853,1735.551663,19.601119970703127,False
Alzehiemers/eyes-closed/patient32/P4.txt,45056,46080,349.78243415775205,3418.3836499999998,7.7977492900390635,False
Alzehiemers/eyes-closed/patient32/P4.txt,46080,47104,156.53015197867416,2712.641439,17.101808103515623,False
Alzehiemers/eyes-closed/patient32/P4.txt,53248,54272,344.88019899134866,3540.5393599999998,43.52798089355469,False
Alzehiemers/eyes-closed/patient32/P4.txt,72704,73728,130.1545839992182,2423.258135,57.75493215039063,False
Alzehiemers/eyes-closed/patient32/P4.txt,82944,83968,128.50730969924587,2408.909256,23.593203667968748,False
Alzehiemers/eyes-closed/patient32/P4.txt,93184,94208,124.31132535540952,2464.358888,34.97842920800781,False
Alzehiemers/eyes-closed/patient32/P4.txt,99328,100352,114.17591475668434,2075.178175,-6.5445577265625,False
Alzehiemers/eyes-closed/patient32/P4.txt,101376,102400,115.74774367464435,2495.902849,44.06553586035156,False
Alzehiemers/eyes-closed/patient32/P4.txt,104448,105472,95.81379962037106,1836.818594,24.110669832031252,False
Alzehiemers/eyes-closed/patient32/Pz.txt,34816,35840,300.9642285783947,3575.430502,-43.028340877929686,False
Alzehiemers/eyes-closed/patient32/Pz.txt,36864,37888,263.0591417967297,3997.05987,-32.165807297851565,False
Alzehiemers/eyes-closed/patient32/Pz.txt,37888,38912,193.14978674047103,3145.02795,-50.89413508203125,False
Alzehiemers/eyes-closed/patient32/Pz.txt,38912,39936,172.90009068255924,2153.450337,-50.27484049902344,False
Alzehiemers/eyes-closed/patient32/Pz.txt,43008,44032,250.955309246064,4428.23662,-24.87573249414062,False
Alzehiemers/eyes-closed/patient32/Pz.txt,44032,45056,132.3385440620856,1735.265233,-95.15519535546875,False
Alzehiemers/eyes-closed/patient32/Pz.txt,45056,46080,350.3632412888573,3415.3803900000003,-81.57232168164062,False
Alzehiemers/eyes-closed/patient32/Pz.txt,46080,47104,157.45619056501397,2711.972142,-65.28294592285155,False
Alzehiemers/eyes-closed/patient32/Pz.txt,53248,54272,344.5873105633401,3541.43257,-30.016114014648437,False
Alzehiemers/eyes-closed/patient32/Pz.txt,72704,73728,132.6535900287743,2430.9564419999997,18.03852485546875,False
Alzehiemers/eyes-closed/patient32/Pz.txt,82944,83968,126.97176640107155,2412.561106,-55.67480295703125,False
Alzehiemers/eyes-closed/patient32/Pz.txt,93184,94208,126.50552744168694,2465.963785,13.13850233496094,False
Alzehiemers/eyes-closed/patient32/Pz.txt,99328,100352,113.89276759545649,2062.470333,-92.41964207714844,False
Alzehiemers/eyes-closed/patient32/Pz.txt,101376,102400,116.3129880557275,2495.148294,-38.08631762988281,False
Alzehiemers/eyes-closed/patient32/Pz.txt,104448,105472,95.31752134242454,1826.2563559999999,-62.01769214257813,False
Alzehiemers/eyes-closed/patient32/T3.txt,34816,35840,301.3417161027959,3595.405138,1.8431331533203172,False
Alzehiemers/eyes-closed/patient32/T3.txt,36864,37888,262.3846728991134,3999.0274,11.508681869140627,False
Alzehiemers/eyes-closed/patient32/T3.txt,37888,38912,193.06793933332636,3149.3916799999997,-5.474833500000001,False
Alzehiemers/eyes-closed/patient32/T3.txt,38912,39936,172.39763622546988,2174.885796,-12.814802682617186,False
Alzehiemers/eyes-closed/patient32/T3.txt,43008,44032,250.68711038182155,4431.23019,9.421078911132813,False
Alzehiemers/eyes-closed/patient32/T3.txt,44032,45056,134.3560605662003,1733.445144,-71.77689301855469,False
Alzehiemers/eyes-closed/patient32/T3.txt,45056,46080,350.12995911947246,3410.31729,-49.341461983398446,False
Alzehiemers/eyes-closed/patient32/T3.txt,46080,47104,157.50532839925387,2700.461829,-48.934266986328126,False
Alzehiemers/eyes-closed/patient32/T3.txt,53248,54272,345.3054422522279,3546.1723899999997,-14.865062431640624,False
Alzehiemers/eyes-closed/patient32/T3.txt,72704,73728,135.96116650137563,2472.367472,37.308116469726556,False
Alzehiemers/eyes-closed/patient32/T3.txt,82944,83968,128.0380138609707,2436.80915,-19.142071763671876,False
Alzehiemers/eyes-closed/patient32/T3.txt,93184,94208,126.25259967591364,2455.7488479999997,17.48145380859375,False
Alzehiemers/eyes-closed/patient32/T3.txt,99328,100352,116.19384395529657,2055.3916759999997,-58.004614527343755,False
Alzehiemers/eyes-closed/patient32/T3.txt,101376,102400,117.39607071526629,2523.517598,-0.7368960830078151,False
Alzehiemers/eyes-closed/patient32/T3.txt,104448,105472,95.0651293481565,1836.578237,-46.56365075976562,False
Alzehiemers/eyes-closed/patient32/T4.txt,34816,35840,302.9838815497721,3586.642022,4.7815971562499975,False
Alzehiemers/eyes-closed/patient32/T4.txt,36864,37888,262.89920321467105,4001.68814,11.289118483398434,False
Alzehiemers/eyes-closed/patient32/T4.txt,37888,38912,192.91156857339263,3149.8608000000004,-11.364853392578121,False
Alzehiemers/eyes-closed/patient32/T4.txt,38912,39936,172.1095164650787,2154.797649,-2.3233300566406223,False
Alzehiemers/eyes-closed/patient32/T4.txt,43008,44032,250.6647184230289,4414.53174,8.978372482421877,False
Alzehiemers/eyes-closed/patient32/T4.txt,44032,45056,138.40860721458924,1733.58886,-57.34377683007812,False
Alzehiemers/eyes-closed/patient32/T4.txt,45056,46080,350.6983669097832,3424.38774,-29.12453655664062,False
Alzehiemers/eyes-closed/patient32/T4.txt,46080,47104,155.87212520783012,2726.8632000000002,-19.63259287988281,False
Alzehiemers/eyes-closed/patient32/T4.txt,53248,54272,344.91128433740494,3553.66096,2.70559093359375,False
Alzehiemers/eyes-closed/patient32/T4.txt,72704,73728,131.46110162696465,2443.168103,43.534506807617184,False
Alzehiemers/eyes-closed/patient32/T4.txt,82944,83968,127.32319175029097,2408.768832,-8.494242776367187,False
Alzehiemers/eyes-closed/patient32/T4.txt,93184,94208,126.33240649300821,2459.3233779999996,14.160237472656249,False
Alzehiemers/eyes-closed/patient32/T4.txt,99328,100352,116.84932115112545,2087.694202,-60.41524873828125,False
Alzehiemers/eyes-closed/patient32/T4.txt,101376,102400,117.22459855245518,2514.061165,-7.665822570312503,False
Alzehiemers/eyes-closed/patient32/T4.txt,104448,105472,100.39169046027918,1851.103979,-11.6845323671875,False
Alzehiemers/eyes-closed/patient32/T5.txt,34816,35840,300.16214955035537,3582.2413260000003,58.03342265917969,False
Alzehiemers/eyes-closed/patient32/T5.txt,36864,37888,262.8538022122308,3994.29358,61.281415,False
Alzehiemers/eyes-closed/patient32/T5.txt,37888,38912,193.58722863324465,3145.76476,33.232831731445316,False
Alzehiemers/eyes-closed/patient32/T5.txt,38912,39936,171.93956565894513,2161.565971,34.99448462792969,False
Alzehiemers/eyes-closed/patient32/T5.txt,43008,44032,250.90030482859646,4420.95285,58.53360711425782,False
Alzehiemers/eyes-closed/patient32/T5.txt,44032,45056,132.58120233938416,1741.679398,-9.816191405273436,False
Alzehiemers/eyes-closed/patient32/T5.txt,45056,46080,350.04037585027197,3416.57279,2.872188076171879,False
Alzehiemers/eyes-closed/patient32/T5.txt,46080,47104,158.12110010935567,2722.336433,6.043361169921876,False
Alzehiemers/eyes-closed/patient32/T5.txt,53248,54272,344.60437965896904,3535.68923,47.55703696777343,False
Alzehiemers/eyes-closed/patient32/T5.txt,72704,73728,130.18595567070292,2454.774581,45.383898250976564,False
Alzehiemers/eyes-closed/patient32/T5.txt,82944,83968,127.40531040370003,2419.072221,-0.25237509082031195,False
Alzehiemers/eyes-closed/patient32/T5.txt,93184,94208,125.12316002001627,2452.63727,29.023240206054687,False
Alzehiemers/eyes-closed/patient32/T5.txt,99328,100352,113.52576155343245,2042.4921689999999,-16.059741458984377,False
Alzehiemers/eyes-closed/patient32/T5.txt,101376,102400,116.73922580329916,2504.816022,44.643137388671875,False
Alzehiemers/eyes-closed/patient32/T5.txt,104448,105472,96.686797164064,1843.782804,14.002849626953129,False
Alzehiemers/eyes-closed/patient32/T6.txt,34816,35840,300.29001808577095,3577.063661,51.791966734374995,False
Alzehiemers/eyes-closed/patient32/T6.txt,36864,37888,262.48974877994584,4005.68464,65.69612294238281,False
Alzehiemers/eyes-closed/patient32/T6.txt,37888,38912,193.0041551073791,3159.83809,36.608344619140624,False
Alzehiemers/eyes-closed/patient32/T6.txt,38912,39936,171.44033797882128,2149.150932,46.69727940527344,False
Alzehiemers/eyes-closed/patient32/T6.txt,43008,44032,251.13126266636755,4395.94457,73.2127778701172,False
Alzehiemers/eyes-closed/patient32/T6.txt,44032,45056,133.41857474713942,1742.3893699999999,23.523823312500003,False
Alzehiemers/eyes-closed/patient32/T6.txt,45056,46080,351.0533097047532,3434.77065,18.507001757812503,False
Alzehiemers/eyes-closed/patient32/T6.txt,46080,47104,158.6727009258979,2718.232817,27.625949265624996,False
Alzehiemers/eyes-closed/patient32/T6.txt,53248,54272,344.98385602301795,3535.64416,59.01077223632812,False
Alzehiemers/eyes-closed/patient32/T6.txt,72704,73728,128.89733529195658,2416.82734,55.98668261914062,False
Alzehiemers/eyes-closed/patient32/T6.txt,82944,83968,126.35509675559364,2402.96447,25.193272091796874,False
Alzehiemers/eyes-closed/patient32/T6.txt,93184,94208,125.68290202600623,2440.041632,26.160006833984376,False
Alzehiemers/eyes-closed/patient32/T6.txt,99328,100352,119.33778223247388,2067.1329570000003,-9.41426068847656,False
Alzehiemers/eyes-closed/patient32/T6.txt,101376,102400,116.85333322617971,2501.913836,34.3313303125,False
Alzehiemers/eyes-closed/patient32/T6.txt,104448,105472,93.44439756870345,1808.9160630000001,15.026110798828126,False
Alzehiemers/eyes-closed/patient34/F3.txt,4096,5120,763.7328142276123,2625.177773,271.25168197460937,False
Alzehiemers/eyes-closed/patient34/F3.txt,5120,6144,1102.3956099407276,3300.27481,106.48656351269523,False
Alzehiemers/eyes-closed/patient34/F7.txt,4096,5120,961.5343812547245,5895.235769999999,314.2718260947265,False
Alzehiemers/eyes-closed/patient34/F7.txt,5120,6144,2915.8006467354303,8366.18681,714.8557192685547,False
Alzehiemers/eyes-closed/patient34/F7.txt,6144,7168,1585.9795605097227,7776.21181,2641.6469517978517,False
Alzehiemers/eyes-closed/patient34/F7.txt,7168,8192,1181.3857096313995,3297.4167,1389.114981979492,False
Alzehiemers/eyes-closed/patient34/P3.txt,55296,56320,54.316127113311616,227.22191999999995,-3241.361318164062,False
Alzehiemers/eyes-closed/patient34/P3.txt,56320,57344,36.88510527984076,200.04806999999983,-3203.9721949609375,False
Alzehiemers/eyes-closed/patient34/P3.txt,57344,58368,36.709947785500894,202.11319000000003,-3154.013092158203,False
Alzehiemers/eyes-closed/patient34/P3.txt,58368,59392,156.63801355658384,674.5726800000002,-3051.3101017578124,False
Alzehiemers/eyes-closed/patient34/P3.txt,59392,60416,377.01089019277435,1339.76973,-2036.1945712109377,False
Alzehiemers/eyes-closed/patient35/Fp1.txt,78848,79872,665.0480949851648,2259.411543,338.43092375683597,False
Alzehiemers/eyes-closed/patient89/Fp1.txt,0,1024,16.400227026857316,186.272995,0.34657761230468753,False
Alzehiemers/eyes-closed/patient89/Fp2.txt,0,1024,16.201384529753067,179.310005,0.37041820019531246,False
Healthy/eyes-closed/patient1/C3.txt,94208,95232,116.76644074216131,1720.539934,52.70788406835938,False
Healthy/eyes-closed/patient1/C4.txt,94208,95232,120.2574594299634,1748.8004310000001,10.451415280273437,False
Healthy/eyes-closed/patient1/F3.txt,94208,95232,111.55086691898374,1650.328693,109.44240377148438,False
Healthy/eyes-closed/patient1/F7.txt,94208,95232,125.20704964682515,1788.143786,17.034371323242187,False
Healthy/eyes-closed/patient1/F8.txt,94208,95232,122.29351120248101,1729.787815,-38.086604449218754,False
Healthy/eyes-closed/patient1/Fp1.txt,94208,95232,115.35066608134028,1670.378686,-44.26146905273438,False
Healthy/eyes-closed/patient1/Fz.txt,94208,95232,115.01564055861017,1688.95649,-20.28947165625,False
Healthy/eyes-closed/patient1/P3.txt,94208,95232,123.75477769793723,1757.4451060000001,55.331943722656256,False
Healthy/eyes-closed/patient1/P4.txt,94208,95232,125.99120405940431,1784.739209,-65.76608579101563,False
Healthy/eyes-closed/patient1/T3.txt,94208,95232,117.51779097794493,1721.8671439999998,30.406447804687495,False
Healthy/eyes-closed/patient1/T5.txt,8192,9216,1177.3794998213432,4174.510409,1489.93485903125,False
Healthy/eyes-closed/patient2/C3.txt,31744,32768,1354.546630448437,3427.821333,774.8082123613283,False
Healthy/eyes-closed/patient2/C3.txt,32768,33792,1128.0814535450938,3584.909716,1357.6850915595703,False
Healthy/eyes-closed/patient2/C4.txt,31744,32768,1311.904469234978,3296.583445,-724.1572308994141,False
Healthy/eyes-closed/patient2/C4.txt,32768,33792,1099.7851131021068,3521.9248939999998,-1281.9179158759766,False
Healthy/eyes-closed/patient2/Cz.txt,31744,32768,1065.0239135838838,4639.690689999999,75.1229186582031,False
Healthy/eyes-closed/patient2/Cz.txt,32768,33792,530.8383303526086,1580.175419,-964.0032072744141,False
Healthy/eyes-closed/patient2/Cz.txt,58368,59392,1130.0186421021256,3297.564532,1143.4082461474609,False
Healthy/eyes-closed/patient2/F3.txt,31744,32768,1306.9483037800017,3331.1845240000002,-731.8464586748046,False
Healthy/eyes-closed/patient2/F3.txt,32768,33792,1090.1941119287949,3529.992241,-1223.4295635126955,False
Healthy/eyes-closed/patient2/F4.txt,31744,32768,1313.8255001574398,3308.861181,-714.017190178711,False
Healthy/eyes-closed/patient2/F4.txt,32768,33792,1105.0415210344756,3524.314194,-1236.7641748173828,False
Healthy/eyes-closed/patient2/F7.txt,31744,32768,1325.0835992058965,3329.6299369999997,-685.0326979746094,False
Healthy/eyes-closed/patient2/F7.txt,32768,33792,1095.838037216527,3531.916653,-1231.9593838125,False
Healthy/eyes-closed/patient2/F8.txt,31744,32768,1310.1141367285584,3324.904787,-728.5899825996094,False
Healthy/eyes-closed/patient2/F8.txt,32768,33792,1095.4664705486996,3515.5523829999997,-1298.2363385859376,False
Healthy/eyes-closed/patient2/Fp1.txt,31744,32768,1285.2925768984728,3260.082777,-711.432148821289,False
Healthy/eyes-closed/patient2/Fp1.txt,32768,33792,1093.1521718833633,3478.5010549999997,-1239.3676455478517,False
Healthy/eyes-closed/patient2/Fp2.txt,31744,32768,1316.4535037017238,3351.531148,-710.7733887753906,False
Healthy/eyes-closed/patient2/Fp2.txt,32768,33792,1100.1927020792564,3548.235057,-1236.9319355205077,False
Healthy/eyes-closed/patient2/Fz.txt,31744,32768,1316.822309845797,3320.187965,-713.9582184218749,False
Healthy/eyes-closed/patient2/Fz.txt,32768,33792,1121.7237718371866,3591.101111,-1234.831398548828,False
Healthy/eyes-closed/patient2/O1.txt,31744,32768,1779.3812814451674,6313.79892,-163.29339607226552,False
Healthy/eyes-closed/patient2/O1.txt,32768,33792,1062.6932265451078,3123.345398,-1664.609697598633,False
Healthy/eyes-closed/patient2/O2.txt,31744,32768,1303.679767305179,3324.558215,-685.1348839296875,False
Healthy/eyes-closed/patient2/O2.txt,32768,33792,1091.5259035713975,3445.716316,-1293.394634147461,False
Healthy/eyes-closed/patient2/O2.txt,57344,58368,622.3029104692047,3481.777026,149.92275058105471,False
Healthy/eyes-closed/patient2/O2.txt,58368,59392,1277.6972980511205,3577.220193,2015.0990907060548,False
Healthy/eyes-closed/patient2/P3.txt,31744,32768,1610.6033963047319,4850.95285,-215.57175654785152,False
Healthy/eyes-closed/patient2/P3.txt,32768,33792,819.5983037888321,2741.598939,-1337.599312866211,False
Healthy/eyes-closed/patient2/P4.txt,31744,32768,1337.1166282056215,3375.966279,-678.516094220703,False
Healthy/eyes-closed/patient2/P4.txt,32768,33792,1098.6944240013834,3528.8925919999997,-1261.0047431816406,False
Healthy/eyes-closed/patient2/P4.txt,58368,59392,896.2240130534245,3025.5676860000003,2621.159858516601,False
Healthy/eyes-closed/patient2/P4.txt,59392,60416,472.7648319066085,1952.846779,-1033.35555328125,False
Healthy/eyes-closed/patient2/P4.txt,60416,61440,146.575206525573,485.98811,-1303.3419086035155,False
Healthy/eyes-closed/patient2/P4.txt,61440,62464,89.19439602228748,354.64956800000004,-944.1011816689454,False
Healthy/eyes-closed/patient2/Pz.txt,31744,32768,1416.3570146243635,4742.19443,309.065623578125,False
Healthy/eyes-closed/patient2/Pz.txt,32768,33792,459.04570836460715,1489.9135800000001,-903.7472817714844,False
Healthy/eyes-closed/patient2/T3.txt,31744,32768,1311.521936394348,3297.455194,-699.9787781572265,False
Healthy/eyes-closed/patient2/T3.txt,32768,33792,1123.9136933136654,3558.127815,-1234.5185137412109,False
Healthy/eyes-closed/patient2/T4.txt,31744,32768,1281.950570542491,3206.488993,-697.3994121308593,False
Healthy/eyes-closed/patient2/T4.txt,32768,33792,1100.6818893293046,3458.705649,-1248.411495375,False
Healthy/eyes-closed/patient2/T5.txt,31744,32768,2002.4381582949768,5868.51482,911.8397719111329,False
Healthy/eyes-closed/patient2/T5.txt,32768,33792,706.0501724790576,2138.92467,-2392.762079316406,False
Healthy/eyes-closed/patient2/T6.txt,31744,32768,1328.2277427883128,3340.8518,-693.9703333408203,False
Healthy/eyes-closed/patient2/T6.txt,32768,33792,1073.8341495653249,3473.279561,-1270.570019734375,False
Healthy/eyes-closed/patient2/T6.txt,57344,58368,896.2795622252358,3929.0987510000004,196.36163128808593,False
Healthy/eyes-closed/patient2/T6.txt,58368,59392,1537.2039428120431,4301.50776,918.856684274414,False
Healthy/eyes-closed/patient2/T6.txt,59392,60416,116.06018578261579,420.26898900000003,-1108.110458180664,False
Healthy/eyes-closed/patient2/T6.txt,104448,105472,1230.7503335784677,3509.0086060000003,1653.1675243828126,False
Healthy/eyes-closed/patient3/C3.txt,87040,88064,880.9889718216731,2622.0222710000003,-614.1269919287109,False
Healthy/eyes-closed/patient3/C3.txt,88064,89088,438.3531505975932,1678.386008,-152.93897295117188,False
Healthy/eyes-closed/patient3/C4.txt,87040,88064,908.002342932164,2625.630455,592.8140655498047,False
Healthy/eyes-closed/patient3/C4.txt,88064,89088,476.8217913156293,1658.3136789999999,85.6993751953125,False
Healthy/eyes-closed/patient3/Cz.txt,87040,88064,881.7743983338644,2628.958882,-607.5899305107423,False
Healthy/eyes-closed/patient3/Cz.txt,88064,89088,454.38319055126146,1718.1926290000001,-167.16156401855469,False
Healthy/eyes-closed/patient3/F3.txt,87040,88064,889.2931489572317,2654.085352,-663.9424015898437,False
Healthy/eyes-closed/patient3/F3.txt,88064,89088,442.3602278292107,1675.116986,-222.66156750878906,False
Healthy/eyes-closed/patient3/F4.txt,87040,88064,872.2159401142671,2631.258436,-643.9346379550781,False
Healthy/eyes-closed/patient3/F4.txt,88064,89088,432.5179240346019,1655.456097,-173.19411867773437,False
Healthy/eyes-closed/patient3/F7.txt,87040,88064,882.0791652139835,2621.895142,-605.3206169980468,False
Healthy/eyes-closed/patient3/F7.txt,88064,89088,443.73451051120617,1705.479188,-154.9160189658203,False
Healthy/eyes-closed/patient3/F8.txt,87040,88064,880.7499875747679,2638.2533479999997,-640.3265295078124,False
Healthy/eyes-closed/patient3/F8.txt,88064,89088,456.56304678595785,1722.734255,-160.37706702246095,False
Healthy/eyes-closed/patient3/Fp1.txt,87040,88064,887.962849468698,2644.0005960000003,-590.341262390625,False
Healthy/eyes-closed/patient3/Fp1.txt,88064,89088,436.3392001752655,1685.400209,-152.13914044335937,False
Healthy/eyes-closed/patient3/Fp2.txt,87040,88064,889.4555095317078,2646.0044700000003,-586.0833697138671,False
Healthy/eyes-closed/patient3/Fp2.txt,88064,89088,450.0648956430544,1716.328759,-136.92581729687504,False
Healthy/eyes-closed/patient3/Fz.txt,87040,88064,886.8006371793455,2663.760535,-619.6622128291016,False
Healthy/eyes-closed/patient3/Fz.txt,88064,89088,443.5689986884911,1714.022456,-159.54469765332033,False
Healthy/eyes-closed/patient3/O1.txt,87040,88064,872.508675609828,2618.209979,-633.7998055732422,False
Healthy/eyes-closed/patient3/O2.txt,87040,88064,1494.8583578855862,3674.80719,1127.6876884960939,False
Healthy/eyes-closed/patient3/P3.txt,87040,88064,873.0215418411523,2600.1452790000003,-633.555998515625,False
Healthy/eyes-closed/patient3/P3.txt,88064,89088,445.47845203680475,1693.81372,-163.16724853515626,False
Healthy/eyes-closed/patient3/P4.txt,87040,88064,1290.4521714942325,4508.4581,440.57706512011714,False
Healthy/eyes-closed/patient3/Pz.txt,87040,88064,880.7627401619194,2620.488211,-601.886399663086,False
Healthy/eyes-closed/patient3/Pz.txt,88064,89088,443.0640987639989,1680.71665,-156.8409964794922,False
Healthy/eyes-closed/patient3/T3.txt,87040,88064,894.7659640980888,2616.2280299999998,-654.2950057333984,False
Healthy/eyes-closed/patient3/T3.txt,88064,89088,459.8693671742758,1751.0656529999999,-269.33462897949215,False
Healthy/eyes-closed/patient3/T4.txt,87040,88064,1410.9649148535766,5159.19294,530.8071566113281,False
Healthy/eyes-closed/patient3/T4.txt,88064,89088,889.6365235116872,3097.7811039999997,873.2084134941406,False
Healthy/eyes-closed/patient3/T5.txt,87040,88064,893.5234622774874,2639.7798510000002,-615.9224176289063,False
Healthy/eyes-closed/patient3/T5.txt,88064,89088,452.42592864502643,1725.8841759999998,-159.88771567089842,False
Healthy/eyes-closed/patient3/T6.txt,87040,88064,1573.3746511470758,5409.54602,254.24167788671878,False
Healthy/eyes-closed/patient3/T6.txt,88064,89088,419.7083208519295,1510.601353,-767.5146977949219,False
Healthy/eyes-closed/patient4/C3.txt,114688,115712,206.7629906232648,2662.413009,53.376001143554696,False
Healthy/eyes-closed/patient4/C3.txt,115712,116736,167.5301991278973,2204.449278,146.9029600566406,False
Healthy/eyes-closed/patient4/C3.txt,124928,125952,1511.7322210685506,3369.986413,-2030.3683480351563,False
Healthy/eyes-closed/patient4/C3.txt,125952,126976,17.178768031683205,69.34078,-3194.1783608398437,False
Healthy/eyes-closed/patient4/C3.txt,126976,128000,341.7585947898558,1044.0993200000003,-2912.768894511719,False
Healthy/eyes-closed/patient4/C3.txt,128000,129024,327.893025728361,1243.531572,-1501.896878048828,False
Healthy/eyes-closed/patient4/C4.txt,114688,115712,225.23166092507535,3015.903666,-19.79190935546875,False
Healthy/eyes-closed/patient4/C4.txt,115712,116736,174.46735852739764,2367.436817,58.77113345117186,False
Healthy/eyes-closed/patient4/C4.txt,124928,125952,1520.3056703747943,3354.752733,-2018.5813609257814,False
Healthy/eyes-closed/patient4/C4.txt,125952,126976,17.02579926239677,67.89886999999999,-3146.8844744726557,False
Healthy/eyes-closed/patient4/C4.txt,126976,128000,352.29425238445253,1047.00553,-2871.462541210937,False
Healthy/eyes-closed/patient4/C4.txt,128000,129024,345.3190254950874,1312.08925,-1453.7280359316405,False
Healthy/eyes-closed/patient4/Cz.txt,114688,115712,211.00260504961182,2648.578112,108.12648937109375,False
Healthy/eyes-closed/patient4/Cz.txt,115712,116736,171.2253986154487,2250.632952,215.85479928125002,False
Healthy/eyes-closed/patient4/Cz.txt,124928,125952,1500.801088819439,3401.406987,-1894.5376551113281,False
Healthy/eyes-closed/patient4/Cz.txt,125952,126976,30.47662236475878,121.6562899999999,-3134.113498603516,False
Healthy/eyes-closed/patient4/Cz.txt,126976,128000,338.3812710844631,1058.40704,-2901.3980879882815,False
Healthy/eyes-closed/patient4/Cz.txt,128000,129024,341.03064195013457,1269.699364,-1462.1411530283203,False
Healthy/eyes-closed/patient4/F3.txt,125952,126976,116.46547283135125,477.81923000000006,-3369.7829847558596,False
Healthy/eyes-closed/patient4/F3.txt,126976,128000,368.8790876747018,1159.37437,-3166.7250591699217,False
Healthy/eyes-closed/patient4/F4.txt,125952,126976,156.95425468951586,552.9813300000001,-3208.9131773925783,False
Healthy/eyes-closed/patient4/F4.txt,126976,128000,306.1792804733121,1039.8620300000002,-3067.4228079394534,False
Healthy/eyes-closed/patient4/F7.txt,125952,126976,89.91992777931829,366.41655999999966,-3251.7235954785156,False
Healthy/eyes-closed/patient4/F7.txt,126976,128000,390.57391859624255,1199.59861,-2982.6875409960935,False
Healthy/eyes-closed/patient4/Fp2.txt,125952,126976,104.36116408600653,424.9221300000004,-3312.798113613281,False
Healthy/eyes-closed/patient4/Fp2.txt,126976,128000,369.07244282982856,1211.62779,-3072.814670751953,False
Healthy/eyes-closed/patient4/Fz.txt,114688,115712,195.2298857099515,2568.519829,-112.19414778027343,False
Healthy/eyes-closed/patient4/Fz.txt,115712,116736,166.07338898377935,2160.3807039999997,-49.68222653417969,False
Healthy/eyes-closed/patient4/Fz.txt,124928,125952,1485.4338648329624,3423.382743,-1971.9253683320312,False
Healthy/eyes-closed/patient4/Fz.txt,125952,126976,20.38417924761594,96.63131999999996,-3155.5691527929685,False
Healthy/eyes-closed/patient4/Fz.txt,126976,128000,348.8753383348477,1038.2536599999999,-2886.9275894628904,False
Healthy/eyes-closed/patient4/Fz.txt,128000,129024,346.3876390067588,1313.035215,-1465.802449845703,False
Healthy/eyes-closed/patient4/O1.txt,116736,117760,1387.5470717661956,5036.62296,-323.2282513320313,False
Healthy/eyes-closed/patient4/O1.txt,125952,126976,69.78331722917466,271.0477700000001,-3151.311797421875,False
Healthy/eyes-closed/patient4/O1.txt,126976,128000,381.36989120704305,1191.2755499999998,-2914.426418681641,False
Healthy/eyes-closed/patient4/O2.txt,115712,116736,949.3832117166032,3665.654971,156.74987176855473,False
Healthy/eyes-closed/patient4/O2.txt,124928,125952,1508.5330710778915,4142.090254000001,-2148.9505729384764,False
Healthy/eyes-closed/patient4/O2.txt,125952,126976,84.81551151778972,308.4544099999998,-3097.5672984765624,False
Healthy/eyes-closed/patient4/O2.txt,126976,128000,394.1612303352807,1231.6803599999998,-2866.733592558594,False
Healthy/eyes-closed/patient4/P3.txt,114688,115712,203.32408392434044,2576.6442230000002,149.83113627832032,False
Healthy/eyes-closed/patient4/P3.txt,115712,116736,208.8651736984157,2226.169102,259.60929012109375,False
Healthy/eyes-closed/patient4/P3.txt,124928,125952,1506.3661708280633,3424.924073,-1909.2567141796876,False
Healthy/eyes-closed/patient4/P3.txt,125952,126976,33.9298014984399,133.03526999999985,-3127.95733140625,False
Healthy/eyes-closed/patient4/P3.txt,126976,128000,334.19592356774393,1047.57411,-2911.794837421875,False
Healthy/eyes-closed/patient4/P3.txt,128000,129024,313.33590006716366,1217.0936370000002,-1506.2888932539063,False
Healthy/eyes-closed/patient4/P4.txt,114688,115712,202.97213921637427,2592.194332,81.75190425390625,False
Healthy/eyes-closed/patient4/P4.txt,115712,116736,242.41761952900188,2082.452202,448.2023191582031,False
Healthy/eyes-closed/patient4/P4.txt,124928,125952,1500.8655734730526,3691.3391619999998,-1903.1748619277346,False
Healthy/eyes-closed/patient4/P4.txt,125952,126976,36.39386568619321,134.60860000000002,-3132.223326992187,False
Healthy/eyes-closed/patient4/P4.txt,126976,128000,336.1573102018425,1050.4755799999998,-2928.0303548535157,False
Healthy/eyes-closed/patient4/P4.txt,128000,129024,336.77135235538043,1283.4273660000003,-1497.3911507529297,False
Healthy/eyes-closed/patient4/Pz.txt,114688,115712,181.609232493309,2371.60249,83.73052215722656,False
Healthy/eyes-closed/patient4/Pz.txt,115712,116736,186.66876003630182,2149.990044,196.49532622265627,False
Healthy/eyes-closed/patient4/Pz.txt,124928,125952,1527.1549811483233,4261.776046,-2066.766629393555,False
Healthy/eyes-closed/patient4/Pz.txt,125952,126976,31.232483218284077,135.69619000000012,-3280.6064229394533,False
Healthy/eyes-closed/patient4/Pz.txt,126976,128000,340.0758793895218,1070.4223700000002,-2985.589310166016,False
Healthy/eyes-closed/patient4/Pz.txt,128000,129024,364.6136985366762,1376.7769899999998,-1562.8670106953125,False
Healthy/eyes-closed/patient4/T3.txt,124928,125952,1531.8772578220962,3503.29527,-2043.968850935547,False
Healthy/eyes-closed/patient4/T3.txt,125952,126976,55.5489267172793,238.80215999999973,-3174.073862470703,False
Healthy/eyes-closed/patient4/T3.txt,126976,128000,383.00941390516084,1193.3274900000001,-2909.8361342089847,False
Healthy/eyes-closed/patient4/T4.txt,114688,115712,494.79494060967795,6824.31868,-651.380358859375,False
Healthy/eyes-closed/patient4/T4.txt,115712,116736,340.4161957111371,5234.787539,-508.9682064863282,False
Healthy/eyes-closed/patient4/T4.txt,125952,126976,81.47175903941792,322.48631000000023,-3297.737450341797,False
Healthy/eyes-closed/patient4/T4.txt,126976,128000,374.2961924415698,1237.8872900000001,-2981.2383791308594,False
Healthy/eyes-closed/patient4/T5.txt,124928,125952,1537.7110285570582,3457.64945,-2204.194537474609,False
Healthy/eyes-closed/patient4/T5.txt,125952,126976,77.02405768901767,254.61392999999998,-3239.8186706542965,False
Healthy/eyes-closed/patient4/T5.txt,126976,128000,403.0368995093309,1181.2836200000002,-2888.553014619141,False
Healthy/eyes-closed/patient4/T6.txt,114688,115712,667.9800849093003,7206.19145,-1191.9175889404296,False
Healthy/eyes-closed/patient4/T6.txt,115712,116736,1919.889000997582,7067.97863,1381.8895369121094,False
Healthy/eyes-closed/patient4/T6.txt,124928,125952,1543.436885785126,4910.353042,-2246.5270660771484,False
Healthy/eyes-closed/patient4/T6.txt,125952,126976,125.85455410763996,454.64471000000003,-3265.826952890625,False
Healthy/eyes-closed/patient4/T6.txt,126976,128000,440.3989138468413,1349.0677,-3019.0859380957027,False
Healthy/eyes-closed/patient6/C3.txt,81920,82944,66.62147419144016,338.93185299999993,804.6082643466798,False
Healthy/eyes-closed/patient6/C4.txt,81920,82944,54.55267194313228,238.455604,-782.8016860507812,False
Healthy/eyes-closed/patient6/F3.txt,80896,81920,631.0536586134931,2124.496732,-1176.6163982246094,False
Healthy/eyes-closed/patient6/F3.txt,81920,82944,345.40246882694066,1321.4658,-1647.8535423828125,False
Healthy/eyes-closed/patient6/F3.txt,82944,83968,389.812455071512,1194.008153,-1015.9814727421875,False
Healthy/eyes-closed/patient6/F3.txt,90112,91136,578.2802716617862,2038.9971810000002,149.00291613574228,False
Healthy/eyes-closed/patient6/F3.txt,91136,92160,798.5440476174475,3202.404787,310.07376372656245,False
Healthy/eyes-closed/patient6/F3.txt,92160,93184,653.2509870571942,2856.184072,675.7224520371094,False
Healthy/eyes-closed/patient6/F3.txt,93184,94208,734.0683429632609,2277.276156,17.074524509765638,False
Healthy/eyes-closed/patient6/F3.txt,94208,95232,718.0166285226803,2330.562008,348.34287048632814,False
Healthy/eyes-closed/patient6/F3.txt,96256,97280,106.74958729941251,420.943318,-980.4344539746095,False
Healthy/eyes-closed/patient6/F4.txt,80896,81920,594.2816458268481,2043.283767,-1883.1613616728514,False
Healthy/eyes-closed/patient6/F4.txt,81920,82944,524.5604354195494,1741.5876000000003,-2047.3148443359373,False
Healthy/eyes-closed/patient6/F4.txt,88064,89088,525.8396070802958,1796.8678659999998,1101.71192415625,False
Healthy/eyes-closed/patient6/F4.txt,91136,92160,701.918707528807,3020.373487,49.5268519941406,False
Healthy/eyes-closed/patient6/F4.txt,92160,93184,687.3202615164065,2779.886623,1003.0616564003907,False
Healthy/eyes-closed/patient6/F4.txt,93184,94208,800.1056537848873,2538.84213,141.3508522363281,False
Healthy/eyes-closed/patient6/F4.txt,95232,96256,824.5051266633865,2508.3936989999997,-792.0790198066406,False
Healthy/eyes-closed/patient6/F4.txt,96256,97280,104.77241006990948,442.4285500000001,-1998.5272945898437,False
Healthy/eyes-closed/patient6/F4.txt,97280,98304,363.87824213830703,1109.8645899999997,-1397.4435709570312,False
Healthy/eyes-closed/patient6/F7.txt,80896,81920,457.6335552821585,1733.8075410000001,-1674.0464638310548,False
Healthy/eyes-closed/patient6/F7.txt,81920,82944,387.61042670821064,1407.078942,-1267.8149525546876,False
Healthy/eyes-closed/patient6/F7.txt,91136,92160,603.2983951354,2650.8884070000004,-8.283121227539056,False
Healthy/eyes-closed/patient6/F7.txt,92160,93184,541.6890784591595,2196.90639,788.1715809150389,False
Healthy/eyes-closed/patient6/F7.txt,93184,94208,628.8015180098608,1987.226478,215.31858791992187,False
Healthy/eyes-closed/patient6/F8.txt,79872,80896,558.3631566701192,1978.7606720000003,-1572.6110422597656,False
Healthy/eyes-closed/patient6/F8.txt,80896,81920,107.82176440739572,619.4078800000002,-3136.5024956445313,False
Healthy/eyes-closed/patient6/F8.txt,81920,82944,580.7651322410622,1727.82679,-2220.601966748047,False
Healthy/eyes-closed/patient6/F8.txt,89088,90112,540.22980078208,2099.653871,-428.34338030566414,False
Healthy/eyes-closed/patient6/F8.txt,91136,92160,729.3062503220364,3201.806435,-357.8078565839844,False
Healthy/eyes-closed/patient6/F8.txt,92160,93184,654.4649171939228,2627.132965,1259.0902156484376,False
Healthy/eyes-closed/patient6/F8.txt,93184,94208,774.703716856129,2523.25194,193.69347953906254,False
Healthy/eyes-closed/patient6/F8.txt,94208,95232,608.1228506047034,1939.773362,-425.0679557119141,False
Healthy/eyes-closed/patient6/F8.txt,103424,104448,43.20777352766753,232.09159599999998,965.2417973955079,False
Healthy/eyes-closed/patient6/Fp1.txt,80896,81920,473.7590501412601,1678.07109,-2309.7213496679688,False
Healthy/eyes-closed/patient6/Fp1.txt,81920,82944,173.7338223206884,707.4452999999999,-2050.7094245507815,False
Healthy/eyes-closed/patient6/Fp1.txt,82944,83968,313.77643899976505,997.4426540000001,-1373.6430969814453,False
Healthy/eyes-closed/patient6/Fp1.txt,91136,92160,754.8648133508904,3056.0578170000003,18.543062518554706,False
Healthy/eyes-closed/patient6/Fp1.txt,92160,93184,672.441273003443,2693.906404,1305.2355235986329,False
Healthy/eyes-closed/patient6/Fp1.txt,93184,94208,738.1090376698211,2362.882556,200.9906812714843,False
Healthy/eyes-closed/patient6/Fp1.txt,94208,95232,687.5606022491078,2261.821535,90.72523940527347,False
Healthy/eyes-closed/patient6/Fp2.txt,80896,81920,415.03952038907886,1623.841877,-1195.6184249248047,False
Healthy/eyes-closed/patient6/Fp2.txt,84992,86016,133.95427550991556,568.6572170000001,-1091.2521511396485,False
Healthy/eyes-closed/patient6/Fp2.txt,91136,92160,611.0236100361228,2074.791924,1879.6146698457032,False
Healthy/eyes-closed/patient6/Fp2.txt,94208,95232,204.84322417744718,925.7738919999999,1443.3267141542967,False
Healthy/eyes-closed/patient6/Fp2.txt,95232,96256,165.25872507196897,721.18058,1361.3433919238282,False
Healthy/eyes-closed/patient6/O1.txt,92160,93184,222.93566887577828,888.303066,-1092.8156389296876,False
Healthy/eyes-closed/patient6/T3.txt,80896,81920,474.7260551788616,1636.338064,-1266.157129586914,False
Healthy/eyes-closed/patient6/T3.txt,81920,82944,211.4066791564152,907.05763,-1378.6168793847655,False
Healthy/eyes-closed/patient6/T3.txt,82944,83968,158.34504014717066,653.3974200000001,-1004.9223966503906,False
Healthy/eyes-closed/patient6/T3.txt,90112,91136,450.26686487066695,1622.397745,198.565844140625,False
Healthy/eyes-closed/patient6/T3.txt,91136,92160,689.8094166262639,2643.464345,-85.81889594335934,False
Healthy/eyes-closed/patient6/T3.txt,92160,93184,542.6644229489833,2313.0616,625.554127765625,False
Healthy/eyes-closed/patient6/T3.txt,93184,94208,552.3307911647041,1780.17297,70.15060205566408,False
Healthy/eyes-closed/patient6/T3.txt,94208,95232,484.49329056538454,1632.988848,186.34196120019527,False
Healthy/eyes-closed/patient6/T4.txt,80896,81920,436.0690762619314,1515.997365,-1327.5046532421875,False
Healthy/eyes-closed/patient6/T4.txt,81920,82944,523.4509795464589,1900.3036670000001,-767.5619842734375,False
Healthy/eyes-closed/patient6/T4.txt,88064,89088,640.7160298000647,2053.399818,748.2562589052735,False
Healthy/eyes-closed/patient6/T4.txt,89088,90112,505.9287279812927,1947.252717,7.514663190429701,False
Healthy/eyes-closed/patient6/T4.txt,90112,91136,631.8206012181256,2280.356472,220.3156387109375,False
Healthy/eyes-closed/patient6/T4.txt,91136,92160,985.4620829070886,3885.378873,46.986525665039096,False
Healthy/eyes-closed/patient6/T4.txt,92160,93184,738.9251775955167,3092.130006,1178.9658703330078,False
Healthy/eyes-closed/patient6/T4.txt,93184,94208,821.409395836503,2627.00352,138.13644787402347,False
Healthy/eyes-closed/patient6/T4.txt,94208,95232,654.2409478996867,2062.8217170000003,35.98878047851562,False
Healthy/eyes-closed/patient6/T4.txt,95232,96256,676.4257840647361,1973.7901390000002,-215.34197019628903,False
Healthy/eyes-closed/patient6/T4.txt,96256,97280,119.37680396767702,477.22351000000003,-995.8026614130858,False
Healthy/eyes-closed/patient6/T5.txt,80896,81920,405.6342919685064,1501.750352,-1158.729223761719,False
Healthy/eyes-closed/patient6/T5.txt,81920,82944,191.33344271998482,775.33377,-1561.838499404297,False
Healthy/eyes-closed/patient6/T5.txt,82944,83968,163.64768645100727,641.344731,-1067.9222242373046,False
Healthy/eyes-closed/patient6/T6.txt,80896,81920,516.2833173529875,1735.903607,-1359.3714795830078,False
Healthy/eyes-closed/patient6/T6.txt,81920,82944,297.7241288209116,1142.095538,-1180.5485536621095,False
Healthy/eyes-closed/patient6/T6.txt,92160,93184,235.88258975460766,1030.211299,946.098755359375,False
Healthy/eyes-closed/patient7/C3.txt,28672,29696,500.6672161049726,4502.87674,101.72390290527345,False
Healthy/eyes-closed/patient7/C4.txt,28672,29696,509.4764099623694,4340.18357,-55.46570275488283,False
Healthy/eyes-closed/patient7/Cz.txt,28672,29696,483.9949535269293,4148.7629400000005,12.484282158203111,False
Healthy/eyes-closed/patient7/F3.txt,28672,29696,504.5515518154133,4652.43628,84.9931145390625,False
Healthy/eyes-closed/patient7/F4.txt,28672,29696,503.5291157149433,4800.2410500000005,52.08458478222657,False
Healthy/eyes-closed/patient7/F7.txt,28672,29696,499.58747376096295,4447.387989999999,60.45196375878906,False
Healthy/eyes-closed/patient7/F8.txt,28672,29696,496.13682277941905,4270.15028,73.17831226953128,False
Healthy/eyes-closed/patient7/Fp1.txt,28672,29696,502.0673563577148,4639.6342,134.45897135449218,False
Healthy/eyes-closed/patient7/Fp2.txt,28672,29696,497.42548910333045,4413.02871,178.9022390527344,False
Healthy/eyes-closed/patient7/Fz.txt,28672,29696,487.0385846728682,4188.91254,-21.115400075195318,False
Healthy/eyes-closed/patient7/O1.txt,28672,29696,488.8823264298008,4130.76404,58.840416976562516,False
Healthy/eyes-closed/patient7/O2.txt,28672,29696,1636.8273943099216,10115.684369999999,-1979.4776251123046,False
Healthy/eyes-closed/patient7/O2.txt,29696,30720,79.50547838776215,587.2534599999999,-3122.404226455078,False
Healthy/eyes-closed/patient7/O2.txt,30720,31744,385.97571782888417,1291.60796,-2825.673086533203,False
Healthy/eyes-closed/patient7/O2.txt,31744,32768,407.39399862315895,1421.142485,-1046.8352008310546,False
Healthy/eyes-closed/patient7/P3.txt,28672,29696,479.46411373633566,3952.3363,0.7676293544922039,False
Healthy/eyes-closed/patient7/P4.txt,28672,29696,524.5081735066375,4342.95419,237.08091279980468,False
Healthy/eyes-closed/patient7/Pz.txt,28672,29696,485.7007417310385,4059.6080899999997,86.91582721582031,False
Healthy/eyes-closed/patient7/T3.txt,28672,29696,504.6660586148147,4537.979240000001,18.792367912109363,False
Healthy/eyes-closed/patient7/T4.txt,28672,29696,492.5622450927321,4322.23089,64.09032226269532,False
Healthy/eyes-closed/patient7/T5.txt,28672,29696,466.3256111966243,3233.6381600000004,75.67115599609374,False
Healthy/eyes-closed/patient7/T6.txt,28672,29696,1503.7534552879736,4787.6631099999995,1657.6554429960936,False
Healthy/eyes-closed/patient7/T6.txt,29696,30720,995.7943400807006,3678.30656,-1127.3292411865234,False
Healthy/eyes-closed/patient7/T6.txt,30720,31744,242.88299980386373,838.9669710000001,-1120.5677374882812,False
Healthy/eyes-closed/patient9/C3.txt,23552,24576,337.39466618443055,3272.8618800000004,-162.41281597167972,False
Healthy/eyes-closed/patient9/C4.txt,23552,24576,386.8996792261294,3427.3279,195.91769139257812,False
Healthy/eyes-closed/patient9/Cz.txt,23552,24576,336.42671567390954,3271.12874,-171.46262877441407,False
Healthy/eyes-closed/patient9/F3.txt,23552,24576,341.9470241601031,3307.84436,-118.21874978222655,False
Healthy/eyes-closed/patient9/F4.txt,23552,24576,385.59879962029953,5093.15078,50.95390062304688,False
Healthy/eyes-closed/patient9/F7.txt,23552,24576,334.43593538839036,3274.66066,-138.59434483203125,False
Healthy/eyes-closed/patient9/P3.txt,23552,24576,339.2539174717203,3248.4743,-69.62970198632814,False
Healthy/eyes-closed/patient9/P4.txt,23552,24576,337.8067546920523,3224.71691,-116.46604289746094,False
Healthy/eyes-closed/patient9/T3.txt,23552,24576,347.3092547706353,3376.09522,-69.7553672265625,False
Healthy/eyes-closed/patient9/T4.txt,11264,12288,1856.3955367418243,6930.85978,-652.1329260224609,False
Healthy/eyes-closed/patient9/T4.txt,14336,15360,2457.1088849492244,6699.29208,1988.2279937236328,False
Healthy/eyes-closed/patient9/T4.txt,15360,16384,428.2057102620521,6749.895,3152.321823056641,False
Healthy/eyes-closed/patient9/T4.txt,16384,17408,61.50016537593049,283.8481700000002,3139.9717212988285,False
Healthy/eyes-closed/patient9/T4.txt,17408,18432,44.711347120560085,227.94888999999966,3235.1214666210935,False
Healthy/eyes-closed/patient9/T4.txt,18432,19456,44.13642127455854,217.0947799999999,3256.1496239941407,False
Healthy/eyes-closed/patient9/T4.txt,19456,20480,98.67702667874417,435.26364999999987,3096.338202402344,False
Healthy/eyes-closed/patient9/T4.txt,23552,24576,2360.075514455581,8485.705880000001,262.43064579980467,False
Healthy/eyes-closed/patient9/T4.txt,24576,25600,2727.832027486625,8600.02635,-82.62300681152347,False
Healthy/eyes-closed/patient9/T4.txt,25600,26624,2315.7395933875646,6411.4680100000005,950.7795363232423,False
Healthy/eyes-closed/patient10/Cz.txt,69632,70656,1226.7614064352085,3884.264668,642.4981883701172,False
Healthy/eyes-closed/patient10/Cz.txt,70656,71680,634.2579769914747,2434.4783429999998,-27.48324387988285,False
Healthy/eyes-closed/patient10/F8.txt,94208,95232,631.8191577974696,1883.269041,873.2663871308595,False
Healthy/eyes-closed/patient10/F8.txt,95232,96256,824.8750949873577,2361.505687,619.5590485810546,False
Healthy/eyes-closed/patient10/Fp2.txt,52224,53248,921.1694657877648,2742.015081,759.8886356582032,False
Healthy/eyes-closed/patient10/Fp2.txt,94208,95232,1112.8804760788648,3083.787844,1369.6887816386718,False
Healthy/eyes-closed/patient10/Fp2.txt,95232,96256,1341.9766426549481,3779.502939,1183.1540994892578,False
Healthy/eyes-closed/patient10/T6.txt,69632,70656,1291.6640706917117,3158.943436,1687.231607600586,False
Healthy/eyes-closed/patient11/Cz.txt,94208,95232,290.8013525520867,2693.0587889999997,-50.74701291699218,False
Healthy/eyes-closed/patient11/O1.txt,92160,93184,2343.6005466422484,8416.444469999999,52.69387482519532,False
Healthy/eyes-closed/patient11/O1.txt,93184,94208,2328.2105264986935,8627.75153,-1849.0582836259764,False
Healthy/eyes-closed/patient11/P3.txt,94208,95232,1272.8944236672755,4370.64464,1558.7459866376953,False
Healthy/eyes-closed/patient12/C3.txt,2048,3072,1544.5130470107206,3512.801208,-2039.4340553291017,False
Healthy/eyes-closed/patient12/C3.txt,3072,4096,42.78991481022141,193.32187000000022,-3265.4496031152344,False
Healthy/eyes-closed/patient12/C3.txt,4096,5120,450.36322206028456,1418.1283600000002,-2461.215786914063,False
Healthy/eyes-closed/patient12/C3.txt,5120,6144,249.93519577539416,922.2919290000001,-1170.6242542460936,False
Healthy/eyes-closed/patient12/C3.txt,114688,115712,319.56431696671336,2756.7408889999997,-8.573641061523439,False
Healthy/eyes-closed/patient12/C4.txt,2048,3072,1543.2586018702377,3480.5499879999998,-1781.2665790126953,False
Healthy/eyes-closed/patient12/C4.txt,3072,4096,34.089398142194156,179.30931999999984,-3049.8599023535157,False
Healthy/eyes-closed/patient12/C4.txt,4096,5120,435.0484072399871,1370.91241,-2282.1107067773437,False
Healthy/eyes-closed/patient12/C4.txt,5120,6144,242.40398175802557,903.816449,-1032.1647014033204,False
Healthy/eyes-closed/patient12/C4.txt,114688,115712,320.4294508217021,2801.339022,9.733621394531253,False
Healthy/eyes-closed/patient12/Cz.txt,2048,3072,1537.1260978683367,3506.901464,-1746.5095596318358,False
Healthy/eyes-closed/patient12/Cz.txt,3072,4096,34.85871838124058,168.39579000000003,-2992.9092685546875,False
Healthy/eyes-closed/patient12/Cz.txt,4096,5120,431.5341074431995,1357.78797,-2231.4305228808594,False
Healthy/eyes-closed/patient12/Cz.txt,5120,6144,243.40175660573854,903.6263150000001,-985.9420187519531,False
Healthy/eyes-closed/patient12/Cz.txt,114688,115712,327.200975276146,2917.736504,22.598451309570308,False
Healthy/eyes-closed/patient12/F3.txt,2048,3072,1561.5210758353194,3502.368371,-1944.0500751572265,False
Healthy/eyes-closed/patient12/F3.txt,3072,4096,37.727851728770375,193.76166999999987,-3202.254195908203,False
Healthy/eyes-closed/patient12/F3.txt,4096,5120,435.2538150758984,1368.45421,-2451.2811125878907,False
Healthy/eyes-closed/patient12/F3.txt,5120,6144,245.30167633910142,902.225811,-1179.728403790039,False
Healthy/eyes-closed/patient12/F3.txt,114688,115712,315.66731971007124,2649.882272,0.7347880693359361,False
Healthy/eyes-closed/patient12/F4.txt,2048,3072,1539.6057486821421,3346.2631109999998,-1989.1089619355469,False
Healthy/eyes-closed/patient12/F4.txt,3072,4096,42.36860008244786,228.11524000000009,-3213.395857792969,False
Healthy/eyes-closed/patient12/F4.txt,4096,5120,427.7782432742496,1351.7035600000002,-2443.1289067578123,False
Healthy/eyes-closed/patient12/F4.txt,5120,6144,251.10771906585595,939.5448269999999,-1175.447104024414,False
Healthy/eyes-closed/patient12/F4.txt,114688,115712,307.9905568315007,2367.175875,-48.47621542578125,False
Healthy/eyes-closed/patient12/F7.txt,2048,3072,1537.150837783802,3439.097901,-1959.860326558594,False
Healthy/eyes-closed/patient12/F7.txt,3072,4096,30.88681588711163,177.46779000000015,-3216.8976715136714,False
Healthy/eyes-closed/patient12/F7.txt,4096,5120,439.77461642235517,1372.86082,-2486.882552285156,False
Healthy/eyes-closed/patient12/F7.txt,5120,6144,241.79545817783665,883.249837,-1228.3051463378906,False
Healthy/eyes-closed/patient12/F7.txt,114688,115712,310.15332303448776,2567.65246,-40.71612584570312,False
Healthy/eyes-closed/patient12/F8.txt,2048,3072,1547.7867781102946,3419.533233,-1971.384299652344,False
Healthy/eyes-closed/patient12/F8.txt,3072,4096,32.03359610967306,184.40290000000005,-3206.451603535156,False
Healthy/eyes-closed/patient12/F8.txt,4096,5120,444.9575877403741,1394.35601,-2421.9286465429686,False
Healthy/eyes-closed/patient12/F8.txt,5120,6144,236.9098178353305,893.202529,-1190.3961931367187,False
Healthy/eyes-closed/patient12/F8.txt,114688,115712,319.54030017830024,2787.656497,-73.52674746875,False
Healthy/eyes-closed/patient12/Fp1.txt,2048,3072,1528.1818423120956,3452.908866,-1892.4738812314454,False
Healthy/eyes-closed/patient12/Fp1.txt,3072,4096,31.01245301882342,178.57754999999997,-3133.4669077929684,False
Healthy/eyes-closed/patient12/Fp1.txt,4096,5120,456.0597455901977,1365.7515300000002,-2447.964411669922,False
Healthy/eyes-closed/patient12/Fp1.txt,5120,6144,246.68116022766233,905.034917,-1141.8165259404295,False
Healthy/eyes-closed/patient12/Fp1.txt,23552,24576,498.1176054132929,1716.101891,347.34316005371096,False
Healthy/eyes-closed/patient12/Fp1.txt,110592,111616,419.1852047011484,4217.386153,128.01613415527345,False
Healthy/eyes-closed/patient12/Fp1.txt,114688,115712,407.5308938853979,4604.919246,1.2100477421874984,False
Healthy/eyes-closed/patient12/Fp2.txt,2048,3072,1547.71050307731,3511.5300460000003,-1871.8898521874999,False
Healthy/eyes-closed/patient12/Fp2.txt,3072,4096,34.56943704915404,202.79086000000007,-3122.3049594140625,False
Healthy/eyes-closed/patient12/Fp2.txt,4096,5120,440.7364351867651,1336.4150800000002,-2428.66869390625,False
Healthy/eyes-closed/patient12/Fp2.txt,5120,6144,249.1546234194449,924.722222,-1145.763648123047,False
Healthy/eyes-closed/patient12/Fp2.txt,114688,115712,318.2659843067277,2820.8283030000002,-61.45758081640625,False
Healthy/eyes-closed/patient12/Fz.txt,2048,3072,1544.9593705158288,3479.8384819999997,-2007.5497198691407,False
Healthy/eyes-closed/patient12/Fz.txt,3072,4096,32.88723141601975,175.9664499999999,-3263.330096826172,False
Healthy/eyes-closed/patient12/Fz.txt,4096,5120,440.51345865091514,1374.4255,-2515.423716328125,False
Healthy/eyes-closed/patient12/Fz.txt,5120,6144,248.84160090432425,913.337603,-1237.1014975849607,False
Healthy/eyes-closed/patient12/Fz.txt,111616,112640,117.28113066923946,2749.7399250000003,-253.83500749218746,False
Healthy/eyes-closed/patient12/Fz.txt,114688,115712,323.35899623431914,2917.5601699999997,-194.57363735449218,False
Healthy/eyes-closed/patient12/O1.txt,2048,3072,1540.9341072270047,3461.553785,-1698.2585278789063,False
Healthy/eyes-closed/patient12/O1.txt,3072,4096,34.465355054946926,186.76512999999977,-2950.5073195117184,False
Healthy/eyes-closed/patient12/O1.txt,4096,5120,408.1451293645755,1310.2556100000002,-2235.226512919922,False
Healthy/eyes-closed/patient12/O1.txt,114688,115712,348.5690194011413,3063.5568200000002,-153.55131647851562,False
Healthy/eyes-closed/patient12/P3.txt,2048,3072,1565.5010156414012,3502.508493,-2068.183866816406,False
Healthy/eyes-closed/patient12/P3.txt,3072,4096,42.7712622434388,208.37653,-3294.5926653125,False
Healthy/eyes-closed/patient12/P3.txt,4096,5120,432.3617582234444,1348.9269499999998,-2502.0696463574222,False
Healthy/eyes-closed/patient12/P4.txt,2048,3072,1563.0508142071988,3491.012002,-1829.5376179951172,False
Healthy/eyes-closed/patient12/P4.txt,3072,4096,24.70764369471072,138.7248499999996,-3103.1595054101563,False
Healthy/eyes-closed/patient12/P4.txt,4096,5120,434.8732938565714,1358.1305899999998,-2398.616859472656,False
Healthy/eyes-closed/patient12/P4.txt,5120,6144,231.1280629328629,897.912145,-1151.0797862919921,False
Healthy/eyes-closed/patient12/P4.txt,110592,111616,712.99253190277,6969.76504,-12.239508469726568,False
Healthy/eyes-closed/patient12/P4.txt,111616,112640,836.1055529746957,2827.476178,2132.8863601035155,False
Healthy/eyes-closed/patient12/P4.txt,112640,113664,493.5309750167588,1767.8862000000001,2812.094921875,False
Healthy/eyes-closed/patient12/P4.txt,113664,114688,359.692928024677,1257.155288,1072.421546732422,False
Healthy/eyes-closed/patient12/P4.txt,114688,115712,345.82334761523896,2949.34821,488.28216531933595,False
Healthy/eyes-closed/patient12/Pz.txt,2048,3072,1542.829885345503,3478.526288,-1753.8634771093748,False
Healthy/eyes-closed/patient12/Pz.txt,3072,4096,29.47202195779163,148.7119899999998,-3006.259127236328,False
Healthy/eyes-closed/patient12/Pz.txt,4096,5120,428.1636616731831,1345.4384000000002,-2290.355158310547,False
Healthy/eyes-closed/patient12/Pz.txt,5120,6144,265.90643081272174,982.5519810000001,-1026.2346704951171,False
Healthy/eyes-closed/patient12/Pz.txt,114688,115712,544.9089314169049,6014.437851000001,-87.56120815234374,False
Healthy/eyes-closed/patient12/T3.txt,2048,3072,1546.1713112989833,3448.8165919999997,-1870.9798863310546,False
Healthy/eyes-closed/patient12/T3.txt,3072,4096,34.51979881957108,177.52633000000014,-3127.359703935547,False
Healthy/eyes-closed/patient12/T3.txt,4096,5120,433.12392405809936,1367.5920600000002,-2358.8327368164064,False
Healthy/eyes-closed/patient12/T3.txt,5120,6144,245.11580335626402,903.419028,-1117.0459241689452,False
Healthy/eyes-closed/patient12/T3.txt,114688,115712,322.9723140790747,2866.539889,-47.36689812792969,False
Healthy/eyes-closed/patient12/T4.txt,2048,3072,1541.5000662076043,3450.114687,-1788.972521379883,False
Healthy/eyes-closed/patient12/T4.txt,3072,4096,34.97042673717571,190.73576999999977,-3062.877385722656,False
Healthy/eyes-closed/patient12/T4.txt,4096,5120,459.48179236860085,1453.9115000000002,-2280.765442138672,False
Healthy/eyes-closed/patient12/T4.txt,114688,115712,318.8640892149057,2833.263587,-20.89027728417969,False
Healthy/eyes-closed/patient12/T5.txt,2048,3072,1538.792909261228,3413.32471,-1852.2417805498048,False
Healthy/eyes-closed/patient12/T5.txt,3072,4096,40.428365820920966,206.27281999999968,-3103.493775048828,False
Healthy/eyes-closed/patient12/T5.txt,4096,5120,432.3311684065961,1387.4948,-2319.6827076660156,False
Healthy/eyes-closed/patient12/T5.txt,114688,115712,320.42468322017726,2874.973408,177.6524809111328,False
Healthy/eyes-closed/patient12/T6.txt,2048,3072,1522.4869211853886,3459.9464470000003,-1889.6185573203124,False
Healthy/eyes-closed/patient12/T6.txt,3072,4096,31.893427342845307,162.20352000000003,-3131.2444286230466,False
Healthy/eyes-closed/patient12/T6.txt,4096,5120,433.04891566843827,1389.3129699999997,-2375.538676240234,False
Healthy/eyes-closed/patient12/T6.txt,111616,112640,1326.7935637793603,3607.3967629999997,998.8531793408201,False
Healthy/eyes-closed/patient12/T6.txt,114688,115712,327.93330703459003,2918.86163,-426.26198776074216,False
Healthy/eyes-closed/patient12/T6.txt,116736,117760,863.6905550158805,2613.13157,1750.5922097792968,False
Healthy/eyes-closed/patient15/O1.txt,24576,25600,419.0925642816652,1449.2242800000001,-1794.7556717382813,False
Healthy/eyes-closed/patient17/C3.txt,80896,81920,332.23799381865155,2499.5215,-179.4380374423828,False
Healthy/eyes-closed/patient17/C3.txt,81920,82944,363.98824710525076,2215.45877,87.75694767871093,False
Healthy/eyes-closed/patient17/C4.txt,80896,81920,337.1233209072074,2723.4649900000004,-52.439242416992194,False
Healthy/eyes-closed/patient17/C4.txt,81920,82944,371.11522665467805,2213.6084,125.26728346679685,False
Healthy/eyes-closed/patient17/Cz.txt,44032,45056,731.7763300551485,2166.5558730000002,1088.4105695380858,False
Healthy/eyes-closed/patient17/Cz.txt,45056,46080,294.89044527532803,959.2164100000002,1796.93923234375,False
Healthy/eyes-closed/patient17/Cz.txt,46080,47104,352.70581513612075,1001.9813299999998,1698.272216064453,False
Healthy/eyes-closed/patient17/Cz.txt,47104,48128,300.6764583156103,952.33106,1598.452536230469,False
Healthy/eyes-closed/patient17/Cz.txt,80896,81920,335.7381180010769,2685.3516799999998,-259.81709979687497,False
Healthy/eyes-closed/patient17/F4.txt,80896,81920,345.07030518741885,2615.40574,-270.5302742080078,False
Healthy/eyes-closed/patient17/F7.txt,80896,81920,2299.513842085782,9659.07858,-334.4960757060547,False
Healthy/eyes-closed/patient17/F7.txt,81920,82944,2667.320990010959,8856.31239,1374.7170709423826,False
Healthy/eyes-closed/patient17/F7.txt,82944,83968,1655.003337921331,4514.52873,1450.1257990371096,False
Healthy/eyes-closed/patient17/F7.txt,83968,84992,266.90814773897944,1065.8661700000002,-1877.7271159277343,False
Healthy/eyes-closed/patient17/F7.txt,84992,86016,87.98687808922338,375.53534000000013,-2119.8535972558593,False
Healthy/eyes-closed/patient17/F7.txt,86016,87040,85.74803257994236,366.68318999999997,-1799.4636676464843,False
Healthy/eyes-closed/patient17/F8.txt,45056,46080,306.26751058940926,1022.1514,1914.3347004785157,False
Healthy/eyes-closed/patient17/F8.txt,46080,47104,218.9457525275298,676.7226600000001,1593.7839873925782,False
Healthy/eyes-closed/patient17/F8.txt,80896,81920,364.0363179319729,2903.11508,-87.33702115722656,False
Healthy/eyes-closed/patient17/Fp1.txt,45056,46080,338.1220301215151,1117.1883699999998,1842.4074848046876,False
Healthy/eyes-closed/patient17/Fp1.txt,46080,47104,334.0377409824958,1022.3908000000001,1786.9853318945313,False
Healthy/eyes-closed/patient17/Fp1.txt,47104,48128,344.36989194319557,1078.0276800000001,1642.628917324219,False
Healthy/eyes-closed/patient17/Fp1.txt,82944,83968,1504.113831393056,3497.499599,1810.419271283203,False
Healthy/eyes-closed/patient17/Fp1.txt,83968,84992,898.1323226234705,3196.88932,-543.3410675322266,False
Healthy/eyes-closed/patient17/Fp2.txt,45056,46080,338.7687649938496,1095.76685,1920.793676142578,False
Healthy/eyes-closed/patient17/Fp2.txt,46080,47104,333.1862881913381,1036.1378100000002,1882.186009638672,False
Healthy/eyes-closed/patient17/Fp2.txt,47104,48128,349.30822476105135,1110.15715,1729.5347329882811,False
Healthy/eyes-closed/patient17/Fz.txt,44032,45056,757.5122289476941,2193.485128,1186.8183356757813,False
Healthy/eyes-closed/patient17/Fz.txt,45056,46080,337.91185743334705,1056.12143,1791.84854015625,False
Healthy/eyes-closed/patient17/Fz.txt,46080,47104,320.6182413147244,929.02277,1549.4284395410157,False
Healthy/eyes-closed/patient17/Fz.txt,47104,48128,286.78390391764674,895.9601499999999,1497.459647685547,False
Healthy/eyes-closed/patient17/Fz.txt,80896,81920,343.0412921958753,2574.1817499999997,-194.01200004589847,False
Healthy/eyes-closed/patient17/Fz.txt,81920,82944,369.2840419049245,2211.05008,-26.074500073242177,False
Healthy/eyes-closed/patient17/O1.txt,44032,45056,778.782731462382,2339.401281,1207.2897135478518,False
Healthy/eyes-closed/patient17/O1.txt,45056,46080,371.94329449023303,1239.4605600000002,1845.3460779589843,False
Healthy/eyes-closed/patient17/O1.txt,46080,47104,374.82407355406394,1087.9671099999998,1640.963776357422,False
Healthy/eyes-closed/patient17/O1.txt,47104,48128,412.9261187368416,1320.9644839999999,1377.1303580068359,False
Healthy/eyes-closed/patient17/O1.txt,80896,81920,332.21223655248446,2454.51587,-220.01053588964842,False
Healthy/eyes-closed/patient17/O2.txt,44032,45056,787.6377323032516,2371.536733,1480.995822390625,False
Healthy/eyes-closed/patient17/O2.txt,45056,46080,360.4867461086969,1215.03082,2150.397663173828,False
Healthy/eyes-closed/patient17/O2.txt,46080,47104,389.9175793007648,1134.8389999999997,2005.3290797851562,False
Healthy/eyes-closed/patient17/O2.txt,47104,48128,379.579044879573,1187.7908800000002,1852.008110488281,False
Healthy/eyes-closed/patient17/O2.txt,80896,81920,334.7009702887178,2596.96878,42.17312352734374,False
Healthy/eyes-closed/patient17/P3.txt,45056,46080,355.42635609809685,1184.2411399999999,1888.7013094824217,False
Healthy/eyes-closed/patient17/T3.txt,46080,47104,572.8755135606389,1879.181152,-1864.3456064121092,False
Healthy/eyes-closed/patient17/T3.txt,47104,48128,442.36789293902154,1520.085688,-1282.448101435547,False
Healthy/eyes-closed/patient17/T3.txt,80896,81920,335.683988846629,2490.6255499999997,-20.370421581054686,False
Healthy/eyes-closed/patient17/T3.txt,81920,82944,371.3044171706248,2193.362952,125.60939610156251,False
Healthy/eyes-closed/patient17/T4.txt,46080,47104,174.49457894430427,755.116111,-1353.2053916376954,False
Healthy/eyes-closed/patient17/T4.txt,80896,81920,336.22063353907066,2638.63943,-123.31525734570312,False
Healthy/eyes-closed/patient17/T4.txt,81920,82944,375.0836495752325,2213.940366,28.922994307617195,False
Healthy/eyes-closed/patient17/T5.txt,45056,46080,382.0243620143579,1241.5726009999998,1689.407039246094,False
Healthy/eyes-closed/patient18/F4.txt,24576,25600,410.18909243435115,1359.9064989999997,-1467.2645933525391,False
Healthy/eyes-closed/patient20/C3.txt,1024,2048,153.75441459502107,2149.94135,192.92967848046874,False
Healthy/eyes-closed/patient20/C3.txt,10240,11264,326.8524785919188,4485.46237,45.39573897070313,False
Healthy/eyes-closed/patient20/C3.txt,11264,12288,230.2213449260757,3146.196296,54.04981233105468,False
Healthy/eyes-closed/patient20/C3.txt,18432,19456,281.6785586524506,4196.29865,122.9937100830078,False
Healthy/eyes-closed/patient20/C3.txt,26624,27648,118.13389735778935,1979.520597,136.18334805664063,False
Healthy/eyes-closed/patient20/C3.txt,28672,29696,198.89978758330236,3288.077266,69.53377086230469,False
Healthy/eyes-closed/patient20/C3.txt,29696,30720,159.20341237350382,3634.19681,106.66435342773437,False
Healthy/eyes-closed/patient20/C3.txt,52224,53248,153.24133851194813,2613.520894,65.94062817773437,False
Healthy/eyes-closed/patient20/C3.txt,54272,55296,313.86011967416476,4577.52844,78.11745569628906,False
Healthy/eyes-closed/patient20/C3.txt,64512,65536,274.7406010648552,3056.322332,94.56040659570313,False
Healthy/eyes-closed/patient20/C3.txt,70656,71680,238.82080102125747,2950.10192,-11.183053702148438,False
Healthy/eyes-closed/patient20/C3.txt,71680,72704,207.77494976561627,2570.536497,-21.922871228515625,False
Healthy/eyes-closed/patient20/C3.txt,72704,73728,252.3967467009463,4098.83964,84.52422233203124,False
Healthy/eyes-closed/patient20/C3.txt,73728,74752,156.15366118831972,2124.864282,45.67107651074219,False
Healthy/eyes-closed/patient20/C3.txt,74752,75776,236.70881854224658,3077.713997,75.39130328515625,False
Healthy/eyes-closed/patient20/C4.txt,1024,2048,154.32815691596306,2204.6728439999997,-68.14544416601562,False
Healthy/eyes-closed/patient20/C4.txt,10240,11264,327.1270067303497,4487.89193,-133.21134498144534,False
Healthy/eyes-closed/patient20/C4.txt,11264,12288,230.61001036059005,3150.6718360000004,-136.9710406845703,False
Healthy/eyes-closed/patient20/C4.txt,18432,19456,281.53399568976914,4181.793299999999,-181.40706673828123,False
Healthy/eyes-closed/patient20/C4.txt,26624,27648,118.55324386478716,1976.6321199999998,-92.84478978027343,False
Healthy/eyes-closed/patient20/C4.txt,28672,29696,198.6736398369691,3305.989831,-164.30103532226562,False
Healthy/eyes-closed/patient20/C4.txt,29696,30720,159.74260433158327,3640.22907,-110.91185181933594,False
Healthy/eyes-closed/patient20/C4.txt,52224,53248,151.56664626190428,2612.850193,-124.83973271875001,False
Healthy/eyes-closed/patient20/C4.txt,54272,55296,313.7841005409272,4565.48381,-74.97958807617188,False
Healthy/eyes-closed/patient20/C4.txt,64512,65536,274.586273571984,3048.19791,-79.30906183398437,False
Healthy/eyes-closed/patient20/C4.txt,70656,71680,237.97742910646315,2970.52126,-119.28050389941406,False
Healthy/eyes-closed/patient20/C4.txt,71680,72704,206.16158965128355,2565.693288,-117.95359666503906,False
Healthy/eyes-closed/patient20/C4.txt,72704,73728,254.19185436285827,4097.50939,-23.407137942382814,False
Healthy/eyes-closed/patient20/C4.txt,73728,74752,155.48841750077412,2163.954303,-65.34031544726562,False
Healthy/eyes-closed/patient20/C4.txt,74752,75776,239.10909193061744,3096.923455,-47.90087251953125,False
Healthy/eyes-closed/patient20/Cz.txt,1024,2048,153.95568022285062,2184.010168,184.8475621669922,False
Healthy/eyes-closed/patient20/Cz.txt,10240,11264,327.01691863755394,4476.274820000001,51.82622693359375,False
Healthy/eyes-closed/patient20/Cz.txt,11264,12288,230.5887983963047,3157.879114,53.87537318554688,False
Healthy/eyes-closed/patient20/Cz.txt,18432,19456,282.27403094060617,4188.47847,24.514902931640624,False
Healthy/eyes-closed/patient20/Cz.txt,28672,29696,198.77775402416,3288.010722,42.868278495117195,False
Healthy/eyes-closed/patient20/Cz.txt,29696,30720,159.4077077710091,3640.47304,93.47356243066406,False
Healthy/eyes-closed/patient20/Cz.txt,52224,53248,149.45999951718804,2596.2216980000003,-10.475056295898437,False
Healthy/eyes-closed/patient20/Cz.txt,54272,55296,312.85570937964485,4568.295819999999,50.602299468750005,False
Healthy/eyes-closed/patient20/Cz.txt,64512,65536,274.2104967606235,3052.480173,60.73711607617188,False
Healthy/eyes-closed/patient20/Cz.txt,70656,71680,238.86621384183945,2938.353,37.00095899707031,False
Healthy/eyes-closed/patient20/Cz.txt,71680,72704,207.29542314928145,2577.354409,15.444150036132811,False
Healthy/eyes-closed/patient20/Cz.txt,72704,73728,253.88566341384652,4108.205019999999,95.5381418876953,False
Healthy/eyes-closed/patient20/Cz.txt,73728,74752,156.49854495806127,2140.700353,54.484869382812505,False
Healthy/eyes-closed/patient20/Cz.txt,74752,75776,238.75711513968216,3078.271442,61.62434667382812,False
Healthy/eyes-closed/patient20/F3.txt,10240,11264,327.5548159842887,4483.09112,-96.17516302539062,False
Healthy/eyes-closed/patient20/F3.txt,11264,12288,233.07921189847,3145.570319,-101.82051572265624,False
Healthy/eyes-closed/patient20/F3.txt,18432,19456,281.0354060181729,4197.15852,-127.27486234472656,False
Healthy/eyes-closed/patient20/F3.txt,28672,29696,199.86502502083945,3292.087904,-196.87135812304686,False
Healthy/eyes-closed/patient20/F3.txt,29696,30720,157.76927689039002,3631.57443,-128.25414636425782,False
Healthy/eyes-closed/patient20/F3.txt,52224,53248,156.91560825197172,2632.239891,-88.96401731933594,False
Healthy/eyes-closed/patient20/F3.txt,54272,55296,310.9832095565179,4574.42675,-61.76915484082032,False
Healthy/eyes-closed/patient20/F3.txt,64512,65536,273.8700127074131,3046.314826,-2.9824806513671867,False
Healthy/eyes-closed/patient20/F3.txt,70656,71680,237.39078373522324,2968.64937,-65.46552583398437,False
Healthy/eyes-closed/patient20/F3.txt,71680,72704,208.76861879916933,2569.127563,-55.71474644335938,False
Healthy/eyes-closed/patient20/F3.txt,72704,73728,253.93673975073736,4110.95119,25.965210894531253,False
Healthy/eyes-closed/patient20/F3.txt,74752,75776,236.62795537285407,3072.299526,-1.0158010791015653,False
Healthy/eyes-closed/patient20/F4.txt,10240,11264,327.1447517634837,4484.78596,26.2969832421875,False
Healthy/eyes-closed/patient20/F4.txt,11264,12288,231.19157715627415,3144.40387,58.218165561523435,False
Healthy/eyes-closed/patient20/F4.txt,18432,19456,282.1528300918308,4187.30891,-64.09576295507811,False
Healthy/eyes-closed/patient20/F4.txt,28672,29696,199.06602992466676,3293.484414,-10.293805278320312,False
Healthy/eyes-closed/patient20/F4.txt,29696,30720,157.83420955869337,3640.15221,39.37211076074219,False
Healthy/eyes-closed/patient20/F4.txt,52224,53248,152.4538092885944,2631.333666,-76.2149424267578,False
Healthy/eyes-closed/patient20/F4.txt,54272,55296,312.8779574939067,4563.62967,-66.82570105761718,False
Healthy/eyes-closed/patient20/F4.txt,64512,65536,277.434364410418,3035.3656300000002,-64.32880753125,False
Healthy/eyes-closed/patient20/F4.txt,70656,71680,237.71553343643166,2947.9816,-107.93388683886718,False
Healthy/eyes-closed/patient20/F4.txt,71680,72704,202.77182531943248,2498.4531690000003,-118.23792301171873,False
Healthy/eyes-closed/patient20/F4.txt,72704,73728,259.77526044011086,4139.88066,-29.73220459960937,False
Healthy/eyes-closed/patient20/F4.txt,74752,75776,238.20157097036264,3094.386774,-87.80618434374999,False
Healthy/eyes-closed/patient20/F7.txt,1024,2048,155.8088755359037,2205.349955,272.3324867480469,False
Healthy/eyes-closed/patient20/F7.txt,10240,11264,327.281285112595,4485.45628,166.95469113671876,False
Healthy/eyes-closed/patient20/F7.txt,11264,12288,229.71433845052456,3136.525931,117.52137127246094,False
Healthy/eyes-closed/patient20/F7.txt,18432,19456,281.6674488543727,4199.64069,111.80076265527342,False
Healthy/eyes-closed/patient20/F7.txt,28672,29696,199.2734939376276,3305.788293,40.790058767578124,False
Healthy/eyes-closed/patient20/F7.txt,29696,30720,158.83192523467844,3628.2510700000003,104.92561176660156,False
Healthy/eyes-closed/patient20/F7.txt,52224,53248,153.9948197515835,2654.235725,88.17287534667969,False
Healthy/eyes-closed/patient20/F7.txt,54272,55296,312.02421292162967,4571.485909999999,145.1847818310547,False
Healthy/eyes-closed/patient20/F7.txt,64512,65536,273.51342539704643,3045.4257909999997,140.8591274794922,False
Healthy/eyes-closed/patient20/F7.txt,70656,71680,237.06135623713706,2952.72933,88.27842486035156,False
Healthy/eyes-closed/patient20/F7.txt,71680,72704,215.4324592339029,2650.0723639999997,68.02419190722657,False
Healthy/eyes-closed/patient20/F7.txt,72704,73728,251.5364175317141,4088.90875,141.22698307226563,False
Healthy/eyes-closed/patient20/F7.txt,73728,74752,156.28227060895702,2142.1969609999996,108.71101610449219,False
Healthy/eyes-closed/patient20/F7.txt,74752,75776,235.41085790710946,3067.8632900000002,133.5287671533203,False
Healthy/eyes-closed/patient20/F8.txt,1024,2048,153.22601586651365,2163.215702,21.298884404296878,False
Healthy/eyes-closed/patient20/F8.txt,10240,11264,327.8841441694077,4487.31178,21.501978686523437,False
Healthy/eyes-closed/patient20/F8.txt,11264,12288,230.85731207946748,3142.281399,6.889357665039062,False
Healthy/eyes-closed/patient20/F8.txt,18432,19456,281.85123115605,4183.42922,17.527959063476562,False
Healthy/eyes-closed/patient20/F8.txt,28672,29696,199.6449631697318,3330.676491,9.591914508789063,False
Healthy/eyes-closed/patient20/F8.txt,29696,30720,162.1092595075113,3634.3515500000003,74.6362294609375,False
Healthy/eyes-closed/patient20/F8.txt,52224,53248,152.35526917224934,2660.233828,-26.34178944042969,False
Healthy/eyes-closed/patient20/F8.txt,54272,55296,312.9195981341184,4560.04364,56.26420839453125,False
Healthy/eyes-closed/patient20/F8.txt,64512,65536,275.5793792535366,3035.036691,150.9050531328125,False
Healthy/eyes-closed/patient20/F8.txt,70656,71680,238.6257393692287,2941.16892,0.6683025830078111,False
Healthy/eyes-closed/patient20/F8.txt,71680,72704,199.75548469534883,2447.378954,36.18563130175781,False
Healthy/eyes-closed/patient20/F8.txt,72704,73728,261.49711110141465,4090.9072499999997,177.98618148046876,False
Healthy/eyes-closed/patient20/F8.txt,74752,75776,238.66920834282615,3089.2296810000003,96.7467443203125,False
Healthy/eyes-closed/patient20/Fp1.txt,1024,2048,155.4283518302483,2189.064153,98.45603114355468,False
Healthy/eyes-closed/patient20/Fp1.txt,10240,11264,326.9766441931001,4481.6332,84.12384711914062,False
Healthy/eyes-closed/patient20/Fp1.txt,11264,12288,230.4546039060889,3143.387505,80.00849205273437,False
Healthy/eyes-closed/patient20/Fp1.txt,18432,19456,281.70461801503404,4197.95252,46.17625185253905,False
Healthy/eyes-closed/patient20/Fp1.txt,28672,29696,202.00583663270726,3303.271836,9.59528411621094,False
Healthy/eyes-closed/patient20/Fp1.txt,29696,30720,157.19904895059298,3628.51898,58.69624278417969,False
Healthy/eyes-closed/patient20/Fp1.txt,52224,53248,156.64801658485752,2656.4230700000003,47.95729975878906,False
Healthy/eyes-closed/patient20/Fp1.txt,54272,55296,312.414385777178,4568.9375199999995,155.97439115136717,False
Healthy/eyes-closed/patient20/Fp1.txt,64512,65536,276.2114554876149,3036.8826400000003,122.09854082031251,False
Healthy/eyes-closed/patient20/Fp1.txt,70656,71680,237.9844524030091,2996.06057,154.62157767089843,False
Healthy/eyes-closed/patient20/Fp1.txt,71680,72704,216.90272320148281,2667.434967,163.03247350585937,False
Healthy/eyes-closed/patient20/Fp1.txt,72704,73728,253.59871397975593,4084.38628,196.68309123242187,False
Healthy/eyes-closed/patient20/Fp1.txt,74752,75776,235.40456337703273,3063.5184799999997,168.01127584277344,False
Healthy/eyes-closed/patient20/Fp2.txt,10240,11264,327.4986176454156,4481.2292099999995,-141.03931760058595,False
Healthy/eyes-closed/patient20/Fp2.txt,11264,12288,230.0699988792376,3142.02645,-99.66699872265626,False
Healthy/eyes-closed/patient20/Fp2.txt,18432,19456,281.4202312615528,4190.90106,-160.94311568652344,False
Healthy/eyes-closed/patient20/Fp2.txt,28672,29696,203.437515021213,3307.973426,-95.28713880273438,False
Healthy/eyes-closed/patient20/Fp2.txt,29696,30720,161.65548306276503,3635.3827300000003,-54.16774410644531,False
Healthy/eyes-closed/patient20/Fp2.txt,52224,53248,155.20597746100495,2649.085808,-87.38795889843749,False
Healthy/eyes-closed/patient20/Fp2.txt,54272,55296,313.9988434217241,4565.43043,23.934180611328124,False
Healthy/eyes-closed/patient20/Fp2.txt,64512,65536,275.49689979709217,3036.3918000000003,-25.98254000976562,False
Healthy/eyes-closed/patient20/Fp2.txt,70656,71680,236.49875734395494,2976.13524,2.8927057441406263,False
Healthy/eyes-closed/patient20/Fp2.txt,71680,72704,202.08007014051856,2499.426983,25.021041496093748,False
Healthy/eyes-closed/patient20/Fp2.txt,72704,73728,260.7944034426062,4095.02383,115.36336668847656,False
Healthy/eyes-closed/patient20/Fp2.txt,74752,75776,239.91432917905573,3107.8583900000003,27.93447579394531,False
Healthy/eyes-closed/patient20/Fz.txt,1024,2048,152.61774115303783,2170.193987,28.347646630859373,False
Healthy/eyes-closed/patient20/Fz.txt,10240,11264,327.08225477757827,4479.43082,14.583800271484373,False
Healthy/eyes-closed/patient20/Fz.txt,11264,12288,230.36872828045378,3145.865243,4.301411161132811,False
Healthy/eyes-closed/patient20/Fz.txt,18432,19456,282.10331661047826,4191.60332,-2.396792393554687,False
Healthy/eyes-closed/patient20/Fz.txt,28672,29696,199.78374297019036,3282.9043599999995,27.878930947265626,False
Healthy/eyes-closed/patient20/Fz.txt,29696,30720,158.53691087227324,3635.60017,90.49692513085938,False
Healthy/eyes-closed/patient20/Fz.txt,52224,53248,151.29009231768953,2620.847633,58.66570952441406,False
Healthy/eyes-closed/patient20/Fz.txt,54272,55296,311.6449545809904,4561.15422,149.39473999902344,False
Healthy/eyes-closed/patient20/Fz.txt,64512,65536,273.30791282735896,3034.0151610000003,126.070698015625,False
Healthy/eyes-closed/patient20/Fz.txt,70656,71680,238.50558588026544,2914.40212,91.11224940820313,False
Healthy/eyes-closed/patient20/Fz.txt,71680,72704,207.73834535181294,2560.676875,107.71085400000001,False
Healthy/eyes-closed/patient20/Fz.txt,72704,73728,258.79136998765443,4143.21714,148.42755676660158,False
Healthy/eyes-closed/patient20/Fz.txt,74752,75776,240.6024798343579,3086.339581,141.0453273564453,False
Healthy/eyes-closed/patient20/O1.txt,1024,2048,154.6463029654211,2184.853232,127.57096902050779,False
Healthy/eyes-closed/patient20/O1.txt,10240,11264,327.4097062715423,4487.9773399999995,-67.32420909960938,False
Healthy/eyes-closed/patient20/O1.txt,11264,12288,231.69721846467783,3145.953818,-33.50094579589843,False
Healthy/eyes-closed/patient20/O1.txt,18432,19456,280.813541796303,4191.87187,12.08460341796875,False
Healthy/eyes-closed/patient20/O1.txt,26624,27648,116.25814454737593,1967.057035,-7.84393641015625,False
Healthy/eyes-closed/patient20/O1.txt,28672,29696,202.19329109195695,3370.208256,-71.0092540439453,False
Healthy/eyes-closed/patient20/O1.txt,29696,30720,197.48984941633023,3636.6695799999998,71.73051320507813,False
Healthy/eyes-closed/patient20/O1.txt,52224,53248,152.8816434182783,2619.497882,-66.84038855664062,False
Healthy/eyes-closed/patient20/O1.txt,54272,55296,313.4581210117629,4581.24257,-21.9265562109375,False
Healthy/eyes-closed/patient20/O1.txt,64512,65536,274.5296496535954,3060.63809,-20.995808148437497,False
Healthy/eyes-closed/patient20/O1.txt,70656,71680,238.0101933303718,2974.69946,-84.61920954882812,False
Healthy/eyes-closed/patient20/O1.txt,71680,72704,208.879898823615,2605.141756,-103.19821774511719,False
Healthy/eyes-closed/patient20/O1.txt,72704,73728,252.6228744168869,4092.3766100000003,-12.585427019531252,False
Healthy/eyes-closed/patient20/O1.txt,73728,74752,157.87288323705408,2147.104827,-40.46401002050781,False
Healthy/eyes-closed/patient20/O1.txt,74752,75776,236.60653161054987,3063.507531,-24.618291644531247,False
Healthy/eyes-closed/patient20/O2.txt,1024,2048,154.8884133236575,2250.707338,177.31802418066405,False
Healthy/eyes-closed/patient20/O2.txt,10240,11264,327.69971629881434,4491.50338,-37.9340908046875,False
Healthy/eyes-closed/patient20/O2.txt,11264,12288,231.0604018324719,3153.8462470000004,-35.628670364257815,False
Healthy/eyes-closed/patient20/O2.txt,18432,19456,279.9932398506289,4183.08656,-84.87876126367188,False
Healthy/eyes-closed/patient20/O2.txt,28672,29696,202.85394026654984,3235.291554,-70.21719257226562,False
Healthy/eyes-closed/patient20/O2.txt,29696,30720,169.82985183491795,3633.69444,-85.71659883984375,False
Healthy/eyes-closed/patient20/O2.txt,52224,53248,150.65342845409492,2625.671272,-151.3417607011719,False
Healthy/eyes-closed/patient20/O2.txt,54272,55296,312.89889478030045,4578.382460000001,-84.94295912402343,False
Healthy/eyes-closed/patient20/O2.txt,64512,65536,271.75228992072476,3063.12906,-33.87612533203125,False
Healthy/eyes-closed/patient20/O2.txt,70656,71680,238.2575377586235,2979.99913,-119.08628845800781,False
Healthy/eyes-closed/patient20/O2.txt,71680,72704,205.98335811634598,2514.070629,-91.56088283203124,False
Healthy/eyes-closed/patient20/O2.txt,72704,73728,253.33935818656636,4085.58383,59.425847497070315,False
Healthy/eyes-closed/patient20/O2.txt,74752,75776,244.9533487015374,3095.568469,-7.6210614814453095,False
Healthy/eyes-closed/patient20/P3.txt,1024,2048,154.6486627122467,2184.922612,197.92423331152344,False
Healthy/eyes-closed/patient20/P3.txt,10240,11264,327.42322963291116,4488.55023,82.68234644140625,False
Healthy/eyes-closed/patient20/P3.txt,11264,12288,230.70227614983057,3149.872046,88.15923062695313,False
Healthy/eyes-closed/patient20/P3.txt,18432,19456,281.7246664424943,4195.18725,35.42518292578125,False
Healthy/eyes-closed/patient20/P3.txt,26624,27648,117.65327064054604,1976.497389,61.224209198242185,False
Healthy/eyes-closed/patient20/P3.txt,28672,29696,199.50869602632582,3311.731154,-12.811048860351566,False
Healthy/eyes-closed/patient20/P3.txt,29696,30720,161.56570583023117,3645.97208,54.58649678808594,False
Healthy/eyes-closed/patient20/P3.txt,52224,53248,150.90366218886018,2605.379751,3.95677554785156,False
Healthy/eyes-closed/patient20/P3.txt,54272,55296,312.40421294137303,4580.62285,82.46625471875001,False
Healthy/eyes-closed/patient20/P3.txt,64512,65536,273.35783187188093,3065.321602,93.18078800195312,False
Healthy/eyes-closed/patient20/P3.txt,70656,71680,238.5687802514648,2956.1272,-4.324191803710935,False
Healthy/eyes-closed/patient20/P3.txt,71680,72704,209.17055344928892,2603.58458,-20.886424556640623,False
Healthy/eyes-closed/patient20/P3.txt,72704,73728,252.87989664860166,4098.37117,62.305659091796876,False
Healthy/eyes-closed/patient20/P3.txt,73728,74752,154.1319120954587,2176.075191,35.02598421679688,False
Healthy/eyes-closed/patient20/P3.txt,74752,75776,237.17359655528838,3074.745202,77.81942507617188,False
Healthy/eyes-closed/patient20/P4.txt,10240,11264,327.27529917632177,4486.49349,-286.9731617451172,False
Healthy/eyes-closed/patient20/P4.txt,11264,12288,231.7102633443413,3163.1829700000003,-245.78915637597657,False
Healthy/eyes-closed/patient20/P4.txt,18432,19456,280.6815853775874,4178.69231,-346.76633994628907,False
Healthy/eyes-closed/patient20/P4.txt,28672,29696,198.41655312344113,3295.80867,-414.1417352890625,False
Healthy/eyes-closed/patient20/P4.txt,29696,30720,161.19696740573772,3640.22682,-361.7038969775391,False
Healthy/eyes-closed/patient20/P4.txt,52224,53248,149.56407852196855,2608.125079,-297.3823601240234,False
Healthy/eyes-closed/patient20/P4.txt,54272,55296,312.63108820980244,4574.56268,-243.51197305273436,False
Healthy/eyes-closed/patient20/P4.txt,64512,65536,273.3255432342735,3063.66527,-274.9190294707031,False
Healthy/eyes-closed/patient20/P4.txt,70656,71680,239.27207761830775,2940.8621789999997,-344.6105267480469,False
Healthy/eyes-closed/patient20/P4.txt,71680,72704,207.280133447735,2583.736655,-353.5832731982422,False
Healthy/eyes-closed/patient20/P4.txt,72704,73728,253.83138509531761,4101.7716,-263.0375434208985,False
Healthy/eyes-closed/patient20/P4.txt,74752,75776,236.21971049292014,3069.9020849999997,-251.3919212392578,False
Healthy/eyes-closed/patient20/Pz.txt,1024,2048,155.39944149204723,2201.361342,-3.7549948046875006,False
Healthy/eyes-closed/patient20/Pz.txt,10240,11264,327.19870555632264,4476.77784,-69.54027919628905,False
Healthy/eyes-closed/patient20/Pz.txt,11264,12288,230.638641127891,3166.3907249999997,-69.09613548144532,False
Healthy/eyes-closed/patient20/Pz.txt,18432,19456,281.4161956308771,4183.5136,-59.63955212695312,False
Healthy/eyes-closed/patient20/Pz.txt,26624,27648,116.7492753591592,1978.464977,-88.47148311425781,False
Healthy/eyes-closed/patient20/Pz.txt,28672,29696,199.25150789830474,3307.3893639999997,-143.92495581835936,False
Healthy/eyes-closed/patient20/Pz.txt,29696,30720,160.75725430252498,3643.15927,-74.47577616699218,False
Healthy/eyes-closed/patient20/Pz.txt,52224,53248,151.0346928932222,2587.0998170000003,-99.44246943847656,False
Healthy/eyes-closed/patient20/Pz.txt,54272,55296,315.6261244422824,4576.86376,-105.07775818457031,False
Healthy/eyes-closed/patient20/Pz.txt,64512,65536,273.8867429360085,3060.95862,-86.05721032031249,False
Healthy/eyes-closed/patient20/Pz.txt,70656,71680,239.07702587226237,2951.5374,-89.45704497460937,False
Healthy/eyes-closed/patient20/Pz.txt,71680,72704,208.05570578595908,2588.80256,-113.187783515625,False
Healthy/eyes-closed/patient20/Pz.txt,72704,73728,253.36357733136785,4101.39651,-25.433735428710936,False
Healthy/eyes-closed/patient20/Pz.txt,73728,74752,155.78408979380248,2152.320034,-73.05003554492187,False
Healthy/eyes-closed/patient20/Pz.txt,74752,75776,238.15626334938855,3078.513883,-44.77587241503906,False
Healthy/eyes-closed/patient20/T3.txt,1024,2048,156.4925764366984,2216.432212,72.66537436425781,False
Healthy/eyes-closed/patient20/T3.txt,10240,11264,327.3613696419278,4499.1447499999995,5.128670716796877,False
Healthy/eyes-closed/patient20/T3.txt,11264,12288,230.5341524196022,3142.675126,-17.34493459863281,False
Healthy/eyes-closed/patient20/T3.txt,18432,19456,281.75566960844424,4207.70264,-42.458599333984374,False
Healthy/eyes-closed/patient20/T3.txt,28672,29696,198.57420040489495,3298.151941,-62.50792740527344,False
Healthy/eyes-closed/patient20/T3.txt,29696,30720,160.43003545909954,3627.7369099999996,11.272757056640625,False
Healthy/eyes-closed/patient20/T3.txt,52224,53248,152.37865869768603,2651.6056040000003,63.0945614296875,False
Healthy/eyes-closed/patient20/T3.txt,54272,55296,312.1551470451935,4581.16211,136.8633311611328,False
Healthy/eyes-closed/patient20/T3.txt,64512,65536,274.48547893664346,3056.323281,149.10389113671874,False
Healthy/eyes-closed/patient20/T3.txt,70656,71680,237.95491360302202,2950.7239600000003,27.117684016601565,False
Healthy/eyes-closed/patient20/T3.txt,71680,72704,209.58986405983373,2589.627912,19.70814364355469,False
Healthy/eyes-closed/patient20/T3.txt,72704,73728,253.08926708434814,4107.870440000001,122.05286798535157,False
Healthy/eyes-closed/patient20/T3.txt,73728,74752,157.48444152426325,2130.831758,75.52361578808595,False
Healthy/eyes-closed/patient20/T3.txt,74752,75776,235.51665969008997,3069.915471,98.26737944628907,False
Healthy/eyes-closed/patient20/T4.txt,1024,2048,154.60707240662256,2210.259051,-52.54035290332031,False
Healthy/eyes-closed/patient20/T4.txt,10240,11264,327.5809971616574,4492.22712,-162.0297624326172,False
Healthy/eyes-closed/patient20/T4.txt,11264,12288,231.61723358005275,3141.28385,-186.9170160908203,False
Healthy/eyes-closed/patient20/T4.txt,18432,19456,280.3700944191561,4183.91971,-184.2095516748047,False
Healthy/eyes-closed/patient20/T4.txt,28672,29696,198.2704621267561,3309.141399,-156.42750911816404,False
Healthy/eyes-closed/patient20/T4.txt,29696,30720,159.18482973312774,3635.55651,-106.40791265820312,False
Healthy/eyes-closed/patient20/T4.txt,52224,53248,154.20152102642447,2649.309739,-136.01951398046873,False
Healthy/eyes-closed/patient20/T4.txt,54272,55296,311.6110870667933,4565.88272,-60.76107583691406,False
Healthy/eyes-closed/patient20/T4.txt,64512,65536,275.0730950408725,3041.73662,-25.810679387695313,False
Healthy/eyes-closed/patient20/T4.txt,70656,71680,238.04672207055944,2964.49658,-79.5468791171875,False
Healthy/eyes-closed/patient20/T4.txt,71680,72704,204.17782153934536,2488.665269,-76.15547194433594,False
Healthy/eyes-closed/patient20/T4.txt,72704,73728,258.4895015487178,4132.21782,45.84641794628906,False
Healthy/eyes-closed/patient20/T4.txt,73728,74752,161.90871895033524,2124.886221,-25.864291805664067,False
Healthy/eyes-closed/patient20/T4.txt,74752,75776,235.7176425129258,3062.957007,-25.20762287890625,False
Healthy/eyes-closed/patient20/T5.txt,1024,2048,154.5183858777098,2177.448015,132.9300433095703,False
Healthy/eyes-closed/patient20/T5.txt,10240,11264,327.8385718839737,4496.9202700000005,47.062614837890635,False
Healthy/eyes-closed/patient20/T5.txt,11264,12288,231.1016998793136,3136.628804,37.62614025097656,False
Healthy/eyes-closed/patient20/T5.txt,18432,19456,281.84949226780066,4217.2411,12.857655314453124,False
Healthy/eyes-closed/patient20/T5.txt,26624,27648,117.26653195141876,1964.777429,20.796555110351562,False
Healthy/eyes-closed/patient20/T5.txt,28672,29696,199.16668786640912,3331.3081850000003,-15.003626247070311,False
Healthy/eyes-closed/patient20/T5.txt,29696,30720,176.99611325503267,3636.0941,97.37154461132812,False
Healthy/eyes-closed/patient20/T5.txt,52224,53248,154.10568533842542,2641.125426,-18.055730681640625,False
Healthy/eyes-closed/patient20/T5.txt,54272,55296,312.1755162297817,4581.54106,52.7268466484375,False
Healthy/eyes-closed/patient20/T5.txt,64512,65536,274.1034275610094,3062.7364000000002,42.85100161816407,False
Healthy/eyes-closed/patient20/T5.txt,70656,71680,239.3081291421605,2937.38033,-26.70267944042969,False
Healthy/eyes-closed/patient20/T5.txt,71680,72704,208.3470292162935,2586.214769,-31.73348925,False
Healthy/eyes-closed/patient20/T5.txt,72704,73728,254.42320826132365,4114.359109999999,62.351670031249995,False
Healthy/eyes-closed/patient20/T5.txt,73728,74752,157.12104568643008,2163.033887,22.450841776367184,False
Healthy/eyes-closed/patient20/T5.txt,74752,75776,236.7773663364214,3081.8485120000005,38.71792664257813,False
Healthy/eyes-closed/patient20/T6.txt,10240,11264,327.78759820096747,4502.4712500000005,150.35031937792968,False
Healthy/eyes-closed/patient20/T6.txt,11264,12288,231.57024185512233,3149.011967,137.56288982421876,False
Healthy/eyes-closed/patient20/T6.txt,18432,19456,281.88729269276496,4186.19719,77.62419146191405,False
Healthy/eyes-closed/patient20/T6.txt,28672,29696,199.90765666282212,3357.0642820000003,-107.3237111484375,False
Healthy/eyes-closed/patient20/T6.txt,29696,30720,171.99831724883165,3624.56347,26.541876978515624,False
Healthy/eyes-closed/patient20/T6.txt,52224,53248,148.41505164863972,2650.355119,41.952278880859375,False
Healthy/eyes-closed/patient20/T6.txt,54272,55296,314.87554968460876,4575.14527,123.16550127734375,False
Healthy/eyes-closed/patient20/T6.txt,64512,65536,276.0696859501599,3062.46159,-31.147784928710934,False
Healthy/eyes-closed/patient20/T6.txt,70656,71680,240.8243709809214,2932.51107,-79.36121011230469,False
Healthy/eyes-closed/patient20/T6.txt,71680,72704,206.01835668006782,2573.6712789999997,-131.54377594531252,False
Healthy/eyes-closed/patient20/T6.txt,72704,73728,254.6509101228403,4108.15204,-24.399313746093746,False
Healthy/eyes-closed/patient20/T6.txt,74752,75776,238.73272269858174,3079.035285,-34.768031175781246,False
Healthy/eyes-closed/patient21/F7.txt,8192,9216,490.49037560555485,1545.2831230000002,-1302.9400086601563,False
Healthy/eyes-closed/patient21/F7.txt,9216,10240,259.0465000767659,903.1289599999999,-1533.170183984375,False
Healthy/eyes-closed/patient25/Fp1.txt,48128,49152,463.3385554678697,3392.705907,-1.8037000341796983,False
Healthy/eyes-closed/patient25/Fp1.txt,49152,50176,1084.9605802266135,3618.230533,614.0206618945313,False
Healthy/eyes-closed/patient26/Fp1.txt,12288,13312,964.8484935276746,3462.6847740000003,453.02364081250005,False
Healthy/eyes-closed/patient26/Fp1.txt,13312,14336,1071.5771210446449,3609.718858,423.3448014003907,False
Healthy/eyes-closed/patient42/C3.txt,57344,58368,130.27698437879195,2589.77964,-0.4003436353676746,False
Healthy/eyes-closed/patient42/C3.txt,58368,59392,233.76890567728603,3097.19693,-0.4926385405820315,False
Healthy/eyes-closed/patient42/C3.txt,59392,60416,93.2530347074903,886.585331,0.500110455584375,False
Healthy/eyes-closed/patient42/C3.txt,60416,61440,36.84233676364838,367.191712,-0.002395280790234211,False
Healthy/eyes-closed/patient42/C4.txt,57344,58368,131.96568621888605,2603.9076699999996,0.4078267650960941,False
Healthy/eyes-closed/patient42/C4.txt,58368,59392,226.66219181810834,2373.028494,0.5316160825050771,False
Healthy/eyes-closed/patient42/C4.txt,59392,60416,93.97554608692931,900.517263,-0.5279707604706056,False
Healthy/eyes-closed/patient42/C4.txt,60416,61440,36.90012537348397,374.557232,0.009362970055957043,False
Healthy/eyes-closed/patient42/Cz.txt,55296,56320,8.82592809294477,216.839346,-0.13209149851436522,False
Healthy/eyes-closed/patient42/Cz.txt,56320,57344,7.056691313831169,120.5012068,0.011080252071581975,False
Healthy/eyes-closed/patient42/Cz.txt,57344,58368,274.6572819102222,4903.24608,0.6420771671960932,False
Healthy/eyes-closed/patient42/Cz.txt,58368,59392,470.0269721556056,3587.20343,-0.537759299251952,False
Healthy/eyes-closed/patient42/Cz.txt,59392,60416,209.25654563585712,2610.77642,0.6969582396484373,False
Healthy/eyes-closed/patient42/Cz.txt,60416,61440,59.46580892396921,501.553879,-0.7124462523734377,False
Healthy/eyes-closed/patient42/F3.txt,57344,58368,155.5540371900552,3837.82075,0.9631446333372757,False
Healthy/eyes-closed/patient42/F3.txt,58368,59392,630.7078341676576,6255.4701000000005,-4.523697184544918,False
Healthy/eyes-closed/patient42/F3.txt,59392,60416,145.02493589798155,1079.9165229999999,2.362695675643067,False
Healthy/eyes-closed/patient42/F3.txt,60416,61440,49.20083177534049,420.28357400000004,0.5011072103970706,False
Healthy/eyes-closed/patient42/F4.txt,57344,58368,150.70286902626026,2632.06388,0.9312544083476562,False
Healthy/eyes-closed/patient42/F4.txt,58368,59392,229.02515446676065,2997.946502,-0.2879592506575208,False
Healthy/eyes-closed/patient42/F4.txt,59392,60416,184.93871617542072,1568.44043,-1.4106486559284186,False
Healthy/eyes-closed/patient42/F4.txt,60416,61440,63.7052575161253,385.42567299999996,1.1714685265304683,False
Healthy/eyes-closed/patient42/F4.txt,259072,260096,11.038107522121207,170.6194262,-0.03644680337353523,False
Healthy/eyes-closed/patient42/F7.txt,57344,58368,235.81199382835266,2406.3035099999997,-0.074970185309569,False
Healthy/eyes-closed/patient42/F7.txt,58368,59392,544.2404857833342,4838.55911,1.1948898424506833,False
Healthy/eyes-closed/patient42/F7.txt,59392,60416,187.4857468458979,2103.54381,-1.4419256503816409,False
Healthy/eyes-closed/patient42/F7.txt,60416,61440,33.674533473628,326.113644,0.5505533796476562,False
Healthy/eyes-closed/patient42/F8.txt,57344,58368,206.3833946638028,2343.43529,0.17888207520800825,False
Healthy/eyes-closed/patient42/F8.txt,58368,59392,217.42688942934015,3010.575135,0.023750521972655814,False
Healthy/eyes-closed/patient42/F8.txt,59392,60416,388.56860880354117,2916.17305,0.10799745104980296,False
Healthy/eyes-closed/patient42/F8.txt,60416,61440,139.27816840612607,1540.9845289999998,0.2859168844232425,False
Healthy/eyes-closed/patient42/Fp1.txt,57344,58368,186.39133976797362,4426.80637,0.1633001016476574,False
Healthy/eyes-closed/patient42/Fp1.txt,58368,59392,230.6932582852661,3233.23672,-1.1135453674619138,False
Healthy/eyes-closed/patient42/Fp1.txt,59392,60416,100.21788454336071,894.127224,0.9051151881797854,False
Healthy/eyes-closed/patient42/Fp1.txt,60416,61440,57.99062769303993,602.046525,-1.2574764984191213,False
Healthy/eyes-closed/patient42/Fp2.txt,57344,58368,126.21480779622685,2588.3072599999996,0.23056578547802759,False
Healthy/eyes-closed/patient42/Fp2.txt,58368,59392,214.48355036360104,2893.499231,-0.715502815174804,False
Healthy/eyes-closed/patient42/Fp2.txt,59392,60416,146.71611537678686,2089.7346900000002,0.35542034176074266,False
Healthy/eyes-closed/patient42/Fp2.txt,60416,61440,54.669348099278814,459.10120500000005,-0.9540606081654296,False
Healthy/eyes-closed/patient42/Fz.txt,55296,56320,8.270015824283963,125.69982859999999,-0.08571195020780278,False
Healthy/eyes-closed/patient42/Fz.txt,57344,58368,184.38968237235298,4281.59103,2.733188153368652,False
Healthy/eyes-closed/patient42/Fz.txt,58368,59392,279.27691788840445,3049.278691,-3.091591537006833,False
Healthy/eyes-closed/patient42/Fz.txt,59392,60416,100.51704582146527,1194.384947,0.5365816293759857,False
Healthy/eyes-closed/patient42/Fz.txt,60416,61440,54.35286428571069,570.1319550000001,-0.7956972122721682,False
Healthy/eyes-closed/patient42/O1.txt,0,1024,11.69521935568471,135.4821221,-0.07398299289383783,False
Healthy/eyes-closed/patient42/O1.txt,55296,56320,23.865008196813765,736.3229699999999,-0.08995544449650392,False
Healthy/eyes-closed/patient42/O1.txt,56320,57344,23.92983913136036,409.86039600000004,-0.06423235600322275,False
Healthy/eyes-closed/patient42/O1.txt,57344,58368,278.66019717551563,1687.967034,4.372383256455466,False
Healthy/eyes-closed/patient42/O1.txt,58368,59392,882.0834289421994,6900.811110000001,1.4500195488867185,False
Healthy/eyes-closed/patient42/O1.txt,59392,60416,382.45765511881524,1960.7048129999998,-9.890155191628317,False
Healthy/eyes-closed/patient42/O1.txt,60416,61440,224.58075546514308,2378.8608750000003,3.787554552149804,False
Healthy/eyes-closed/patient42/O1.txt,62464,63488,22.74896725375202,258.025514,0.07800266825244143,False
Healthy/eyes-closed/patient42/O1.txt,63488,64512,16.171678006750376,156.1455672,0.08256575670712898,False
Healthy/eyes-closed/patient42/O2.txt,57344,58368,111.11603473826642,1773.572436,1.2353033767626953,False
Healthy/eyes-closed/patient42/O2.txt,58368,59392,180.77772767684996,2856.4922229999997,-1.0968494202183576,False
Healthy/eyes-closed/patient42/O2.txt,59392,60416,97.8112309003139,1324.839205,-0.2714464384178712,False
Healthy/eyes-closed/patient42/O2.txt,60416,61440,54.8455322584808,792.313268,0.32956371738798806,False
Healthy/eyes-closed/patient42/O2.txt,62464,63488,13.794712599284685,277.010797,-0.027821503133396396,False
Healthy/eyes-closed/patient42/P3.txt,35840,36864,11.372422743470251,112.3434681,0.023956137549316414,False
Healthy/eyes-closed/patient42/P3.txt,55296,56320,15.895596563133392,518.64098,-0.08752531704369146,False
Healthy/eyes-closed/patient42/P3.txt,56320,57344,14.009106984335789,276.165743,-0.07981685347016795,False
Healthy/eyes-closed/patient42/P3.txt,57344,58368,265.4071150878081,3301.07408,2.22746856993496,False
Healthy/eyes-closed/patient42/P3.txt,58368,59392,694.9795243044916,5317.51732,1.1983414255429725,False
Healthy/eyes-closed/patient42/P3.txt,59392,60416,223.76107265967627,1695.141582,-5.398073111915236,False
Healthy/eyes-closed/patient42/P3.txt,60416,61440,90.82158496901917,651.446951,1.659173644104619,False
Healthy/eyes-closed/patient42/P3.txt,62464,63488,15.106436932609746,153.66523,0.07195191601503914,False
Healthy/eyes-closed/patient42/P4.txt,57344,58368,194.07243287559967,4105.054,-0.17325176677968768,False
Healthy/eyes-closed/patient42/P4.txt,58368,59392,203.2284120067836,2700.37484,-0.3876864296372069,False
Healthy/eyes-closed/patient42/P4.txt,59392,60416,95.57436139237791,856.1107,0.43108073832382776,False
Healthy/eyes-closed/patient42/P4.txt,60416,61440,54.39352181317182,502.770394,-0.32489023580546866,False
Healthy/eyes-closed/patient42/Pz.txt,55296,56320,16.142915397423053,536.082189,-0.169131127383834,False
Healthy/eyes-closed/patient42/Pz.txt,56320,57344,13.670931381788307,287.328042,0.030860004976623966,False
Healthy/eyes-closed/patient42/Pz.txt,57344,58368,376.8412389062525,6688.4219,-9.540629201493214,False
Healthy/eyes-closed/patient42/Pz.txt,58368,59392,663.0422017284683,5433.568579999999,6.82620059475606,False
Healthy/eyes-closed/patient42/Pz.txt,59392,60416,477.20804466273614,4422.2393,2.3916663961523454,False
Healthy/eyes-closed/patient42/Pz.txt,60416,61440,103.82629483542165,632.748279,0.28472990794755915,False
Healthy/eyes-closed/patient42/Pz.txt,61440,62464,52.28992257343194,228.101676,0.0007914022268554755,False
Healthy/eyes-closed/patient42/Pz.txt,62464,63488,30.22833117946582,224.6996712,-0.15010926292529284,False
Healthy/eyes-closed/patient42/Pz.txt,63488,64512,19.79728505450566,118.26743429999999,-0.0030590796222166178,False
Healthy/eyes-closed/patient42/T3.txt,57344,58368,207.0873442410902,2861.37366,-0.5973511121275779,False
Healthy/eyes-closed/patient42/T3.txt,58368,59392,429.86439915484004,3910.55604,3.8593014232335934,False
Healthy/eyes-closed/patient42/T3.txt,59392,60416,158.51382634542074,1164.030192,-3.470930861066405,False
Healthy/eyes-closed/patient42/T3.txt,60416,61440,44.36528745090472,409.077652,0.24707142432519558,False
Healthy/eyes-closed/patient42/T4.txt,54272,55296,45.20154839607082,326.559433,0.578951031598047,False
Healthy/eyes-closed/patient42/T4.txt,56320,57344,34.50906549085671,311.95265700000004,-0.10100983063124994,False
Healthy/eyes-closed/patient42/T4.txt,57344,58368,179.47406313442934,2626.69423,0.9218321927392581,False
Healthy/eyes-closed/patient42/T4.txt,58368,59392,220.56394497967202,3099.479178,-0.42030865452636645,False
Healthy/eyes-closed/patient42/T4.txt,59392,60416,292.2928798104869,2500.591026,-0.8149851721855441,False
Healthy/eyes-closed/patient42/T4.txt,60416,61440,102.29218706286271,1208.1860609999999,1.6864643816075198,False
Healthy/eyes-closed/patient42/T4.txt,62464,63488,19.732370760596073,217.570548,-0.21479031610800792,False
Healthy/eyes-closed/patient42/T5.txt,34816,35840,23.845435129348843,321.612471,-0.4242306148699218,False
Healthy/eyes-closed/patient42/T5.txt,35840,36864,45.3998153487936,437.972887,0.3404329445334376,False
Healthy/eyes-closed/patient42/T5.txt,54272,55296,45.427296904938366,397.743353,0.20821105812089832,False
Healthy/eyes-closed/patient42/T5.txt,55296,56320,19.91958120919866,270.976039,-0.13588472275649427,False
Healthy/eyes-closed/patient42/T5.txt,56320,57344,22.776657590541763,219.946576,-0.10116244427088868,False
Healthy/eyes-closed/patient42/T5.txt,57344,58368,470.1343902359662,4821.65392,-0.2825232857429707,False
Healthy/eyes-closed/patient42/T5.txt,58368,59392,807.8133247223475,6414.77294,3.476359750694334,False
Healthy/eyes-closed/patient42/T5.txt,59392,60416,403.9138307255535,3228.1163699999997,-5.325207710231151,False
Healthy/eyes-closed/patient42/T5.txt,60416,61440,76.27053272226269,608.8275189999999,2.5826177833813473,False
Healthy/eyes-closed/patient42/T5.txt,62464,63488,18.56665607560825,274.441093,-0.04424652724736327,False
Healthy/eyes-closed/patient42/T6.txt,0,1024,20.360897898737523,264.840094,-0.2273585760123047,False
Healthy/eyes-closed/patient42/T6.txt,12288,13312,73.99768477482351,404.215374,0.7173743840455078,False
Healthy/eyes-closed/patient42/T6.txt,13312,14336,59.089330300225285,356.043342,-0.1388149804335932,False
Healthy/eyes-closed/patient42/T6.txt,34816,35840,110.16621696350686,601.044523,1.2940640959326173,False
Healthy/eyes-closed/patient42/T6.txt,35840,36864,62.436655514863666,397.697087,-1.159129565373047,False
Healthy/eyes-closed/patient42/T6.txt,53248,54272,144.0380048975919,745.40459,-2.817388506833984,False
Healthy/eyes-closed/patient42/T6.txt,54272,55296,201.93113833727585,1134.855712,2.0929704413867194,False
Healthy/eyes-closed/patient42/T6.txt,55296,56320,165.21927461446222,2194.774268,0.9643221137486333,False
Healthy/eyes-closed/patient42/T6.txt,56320,57344,89.17063035665431,668.535316,0.6726633080157232,False
Healthy/eyes-closed/patient42/T6.txt,57344,58368,466.75064239215493,4167.40018,-8.347015186642286,False
Healthy/eyes-closed/patient42/T6.txt,58368,59392,529.229902479424,3790.0705,1.957809623572265,False
Healthy/eyes-closed/patient42/T6.txt,59392,60416,661.8156146516171,4895.33121,7.915427399340821,False
Healthy/eyes-closed/patient42/T6.txt,60416,61440,163.23934457068285,1551.646926,-1.1387483621650394,False
Healthy/eyes-closed/patient42/T6.txt,61440,62464,64.17940526242124,310.336375,-1.0476797678544925,False
Healthy/eyes-closed/patient42/T6.txt,62464,63488,61.30520940386091,398.11969,-0.009136510625000316,False
Healthy/eyes-closed/patient42/T6.txt,63488,64512,24.223738611778387,257.45140200000003,-0.21826921436269509,False
Healthy/eyes-closed/patient42/T6.txt,112640,113664,59.81070095333373,554.263111,-0.5725233062310258,False
Healthy/eyes-closed/patient42/T6.txt,263168,264192,15.922300300491067,270.1034169,-0.07218017493964844,False
Healthy/eyes-closed/patient43/F8.txt,100352,101376,25.476264699199984,191.2521796,-0.06031620004863292,False
Healthy/eyes-closed/patient43/F8.txt,122880,123904,21.781868956071445,186.6742859,0.531190487825586,False
Healthy/eyes-closed/patient43/F8.txt,123904,124928,33.63292347084424,190.3138267,-0.1717102694343749,False
Healthy/eyes-closed/patient43/F8.txt,146432,147456,34.489017412651854,213.1567253,-0.5451792028495411,False
Healthy/eyes-closed/patient43/O2.txt,109568,110592,14.986976484932775,208.3428938,-0.07270607800820313,False
Healthy/eyes-closed/patient43/P4.txt,109568,110592,8.64332619785418,153.7071013,-0.10848709359952637,False
Healthy/eyes-closed/patient43/T4.txt,100352,101376,28.51385827332876,187.5138086,-0.8845045936062502,False
Healthy/eyes-closed/patient43/T4.txt,123904,124928,33.22630212756499,244.08119299999998,-0.44678461183284146,False
Healthy/eyes-closed/patient43/T4.txt,146432,147456,35.8408546412945,222.3151986,0.9318307818886522,False
Healthy/eyes-closed/patient43/T5.txt,109568,110592,33.47087229123389,236.171668,-0.4168250252566406,False
Healthy/eyes-closed/patient44/C3.txt,17408,18432,6.191115111445561,98.1549464,0.027671032577216793,False
Healthy/eyes-closed/patient44/C3.txt,41984,43008,6.360111762534166,93.8639263,0.012711535716689454,False
Healthy/eyes-closed/patient44/C3.txt,86016,87040,6.7015546927772505,89.54159179999999,0.0399989653328027,False
Healthy/eyes-closed/patient44/C4.txt,17408,18432,6.037018825331647,100.1248436,0.06833659603734371,False
Healthy/eyes-closed/patient44/C4.txt,41984,43008,6.763137246664668,100.7446664,-0.0004222573220380617,False
Healthy/eyes-closed/patient44/C4.txt,86016,87040,7.016740896129705,102.6144543,0.04814628442597655,False
Healthy/eyes-closed/patient44/Cz.txt,41984,43008,6.082067299205953,94.6214502,0.0086676846605468,False
Healthy/eyes-closed/patient44/Cz.txt,86016,87040,6.0003334112786115,80.04079490000001,0.04591002951267869,False
Healthy/eyes-closed/patient44/F3.txt,0,1024,13.352426978555116,104.5652915,0.09614020619960945,False
Healthy/eyes-closed/patient44/F3.txt,17408,18432,9.838749479769387,101.97111079999999,0.07125700153002928,False
Healthy/eyes-closed/patient44/F3.txt,41984,43008,11.129781057837832,185.2973169,0.020382056429853482,False
Healthy/eyes-closed/patient44/F3.txt,86016,87040,11.411446433730372,136.5731401,0.009005691333164062,False
Healthy/eyes-closed/patient44/F3.txt,158720,159744,7.4904205035684726,102.59163989999999,-0.0028006259562011956,False
Healthy/eyes-closed/patient44/F4.txt,17408,18432,7.8158985493958975,161.8483931,0.11449231160270314,False
Healthy/eyes-closed/patient44/F4.txt,41984,43008,9.065491944449828,166.1457974,-0.02456447967054687,False
Healthy/eyes-closed/patient44/F4.txt,76800,77824,8.754623025994695,103.1934123,-0.05171137344218747,False
Healthy/eyes-closed/patient44/F4.txt,86016,87040,9.301350052667301,121.77819819999999,0.038219007121367214,False
Healthy/eyes-closed/patient44/F7.txt,17408,18432,11.184305998422337,193.00915020000002,0.026660368692744144,False
Healthy/eyes-closed/patient44/F7.txt,41984,43008,13.876143378311681,254.694374,-0.07615948712480462,False
Healthy/eyes-closed/patient44/F7.txt,76800,77824,11.840346326244939,134.67654090000002,-0.1355539354195312,False
Healthy/eyes-closed/patient44/F7.txt,86016,87040,13.575003201763774,188.8112397,0.045881883834081996,False
Healthy/eyes-closed/patient44/F8.txt,17408,18432,12.59794630047577,264.811736,0.10621335445009768,False
Healthy/eyes-closed/patient44/F8.txt,41984,43008,14.05290471756015,275.777381,-0.08481176303857427,False
Healthy/eyes-closed/patient44/F8.txt,86016,87040,13.591704099649128,265.32077100000004,0.045066744856831195,False
Healthy/eyes-closed/patient44/Fp2.txt,41984,43008,10.548197572604286,170.15023960000002,-0.08337872603657223,False
Healthy/eyes-closed/patient44/Fz.txt,0,1024,12.807782044344297,96.0696352,0.05688540172671874,False
Healthy/eyes-closed/patient44/Fz.txt,41984,43008,6.880342240240069,94.5613512,-0.01935926472722463,False
Healthy/eyes-closed/patient44/O1.txt,41984,43008,9.05345170900231,127.3256352,-0.07210821301767587,False
Healthy/eyes-closed/patient44/O2.txt,0,1024,12.783289553964599,145.0066736,0.08689473697695312,False
Healthy/eyes-closed/patient44/O2.txt,143360,144384,8.74445280718434,131.5473258,0.012587180783525359,False
Healthy/eyes-closed/patient44/P3.txt,17408,18432,6.8375692866621804,92.4158367,0.013410928404452127,False
Healthy/eyes-closed/patient44/P3.txt,41984,43008,7.267325582110505,106.30272980000001,0.026747416576474586,False
Healthy/eyes-closed/patient44/P3.txt,86016,87040,6.705779346593821,92.4029719,0.05630266467749998,False
Healthy/eyes-closed/patient44/P4.txt,41984,43008,7.934984801343684,92.7606462,-0.059636132093466764,False
Healthy/eyes-closed/patient44/Pz.txt,41984,43008,6.295206461727439,105.7099353,0.024076295590214826,False
Healthy/eyes-closed/patient44/Pz.txt,86016,87040,5.690053883350634,80.0602051,0.008148955349111295,False
Healthy/eyes-closed/patient44/T3.txt,17408,18432,10.619845397786724,160.08012029999998,0.028962429487548888,False
Healthy/eyes-closed/patient44/T3.txt,41984,43008,12.353549756006176,216.77601800000002,-0.1021835508944336,False
Healthy/eyes-closed/patient44/T3.txt,86016,87040,12.110910085640658,167.613693,0.034221650814062476,False
Healthy/eyes-closed/patient44/T4.txt,17408,18432,12.327234185613035,183.400905,0.08306701035048829,False
Healthy/eyes-closed/patient44/T4.txt,41984,43008,12.896741329848185,205.4944226,-0.11251229546025382,False
Healthy/eyes-closed/patient44/T4.txt,86016,87040,14.94276643930858,193.279738,-0.014351529402636759,False
Healthy/eyes-closed/patient44/T5.txt,41984,43008,11.840428031966178,177.2468819,-0.08442375993894533,False
Healthy/eyes-closed/patient44/T6.txt,41984,43008,11.684646594874664,180.9848088,-0.10379452065511725,False
Healthy/eyes-closed/patient44/T6.txt,143360,144384,17.873335037743857,208.3788135,0.1859571566494141,False
Healthy/eyes-closed/patient45/C3.txt,52224,53248,6.374497910069618,100.1609874,0.02160406609881839,False
Healthy/eyes-closed/patient45/C3.txt,263168,264192,8.661283601579001,84.9255939,0.12564216134353506,False
Healthy/eyes-closed/patient45/C3.txt,264192,265216,11.80733130744952,98.7302235,0.08326261392197276,False
Healthy/eyes-closed/patient45/C4.txt,52224,53248,6.361937795374539,100.36542109999999,-0.022628364689658252,False
Healthy/eyes-closed/patient45/C4.txt,263168,264192,8.595984336558187,84.7185664,-0.13240935092626951,False
Healthy/eyes-closed/patient45/C4.txt,264192,265216,11.76426652444367,99.35667720000001,-0.0686837692629883,False
Healthy/eyes-closed/patient45/F3.txt,263168,264192,18.488224110912075,170.9827402,0.03946898426865244,False
Healthy/eyes-closed/patient45/F3.txt,264192,265216,26.51236486996938,204.6909033,0.09282001476943341,False
Healthy/eyes-closed/patient45/F3.txt,265216,266240,16.569774849620096,139.0512632,-0.3663290730200196,False
Healthy/eyes-closed/patient45/F4.txt,40960,41984,13.126035960407975,121.56681019999999,-0.02229110023036133,False
Healthy/eyes-closed/patient45/F4.txt,52224,53248,7.696443047207699,118.40707789999999,0.06182388287422852,False
Healthy/eyes-closed/patient45/F4.txt,59392,60416,6.630965199155113,98.7988139,-0.011405641402031284,False
Healthy/eyes-closed/patient45/F4.txt,88064,89088,7.8377413432124765,92.91169049999999,-0.07708340547265632,False
Healthy/eyes-closed/patient45/F4.txt,100352,101376,8.111639025091325,97.41757989999999,-0.038390888010341795,False
Healthy/eyes-closed/patient45/F4.txt,123904,124928,10.84618921348177,97.4265823,0.024010412135742176,False
Healthy/eyes-closed/patient45/F4.txt,157696,158720,6.2789760496143945,94.0186464,-0.031812055823916,False
Healthy/eyes-closed/patient45/F4.txt,176128,177152,6.677688919793937,96.303944,0.024988603624619132,False
Healthy/eyes-closed/patient45/F4.txt,230400,231424,5.819911157498619,93.9565049,0.02231226899511919,False
Healthy/eyes-closed/patient45/F4.txt,238592,239616,8.30360786204437,113.8500142,-0.06634915448270515,False
Healthy/eyes-closed/patient45/F4.txt,264192,265216,15.582665630234407,169.8416608,0.10020225489935543,False
Healthy/eyes-closed/patient45/F7.txt,40960,41984,22.478340863765673,171.1114079,0.052494145200390654,False
Healthy/eyes-closed/patient45/F7.txt,114688,115712,9.893811024159206,190.93615699999998,0.029105596503515678,False
Healthy/eyes-closed/patient45/F8.txt,0,1024,20.765108827937492,193.4233152,-0.04823157539326181,False
Healthy/eyes-closed/patient45/F8.txt,37888,38912,11.037484386078097,150.28994319999998,-0.10953897265712895,False
Healthy/eyes-closed/patient45/F8.txt,40960,41984,20.013812875142513,172.1805974,0.06057833195747064,False
Healthy/eyes-closed/patient45/F8.txt,43008,44032,13.749933878641142,178.55123179999998,-0.10606836143282232,False
Healthy/eyes-closed/patient45/F8.txt,48128,49152,17.691963892241077,259.604632,-0.05191618551985144,False
Healthy/eyes-closed/patient45/F8.txt,52224,53248,14.466667834126689,279.0129402,0.03358308935762684,False
Healthy/eyes-closed/patient45/F8.txt,100352,101376,13.659494121170551,169.4357485,0.12004120967277344,False
Healthy/eyes-closed/patient45/F8.txt,122880,123904,17.185785583190352,188.3196106,-0.10797878361549797,False
Healthy/eyes-closed/patient45/F8.txt,130048,131072,16.526519263296755,218.26061800000002,-0.32514638683053715,False
Healthy/eyes-closed/patient45/F8.txt,157696,158720,11.07384329632331,172.1239204,-0.06636402089522457,False
Healthy/eyes-closed/patient45/F8.txt,223232,224256,10.998389489078201,169.7687339,0.025548651948281202,False
Healthy/eyes-closed/patient45/F8.txt,238592,239616,14.30617781048095,213.43241799999998,-0.11477968014150393,False
Healthy/eyes-closed/patient45/F8.txt,264192,265216,21.85250098976066,234.6032733,0.02241270324746092,False
Healthy/eyes-closed/patient45/F8.txt,265216,266240,17.699108276356405,176.39346999999998,0.182528762849121,False
Healthy/eyes-closed/patient45/Fp1.txt,0,1024,34.5494190748618,294.88726099999997,0.17105732249824196,False
Healthy/eyes-closed/patient45/Fp1.txt,130048,131072,12.108062050798601,183.40180809999998,0.1987817476751952,False
Healthy/eyes-closed/patient45/Fp1.txt,137216,138240,26.285654650678868,325.469473,0.040313729795507874,False
Healthy/eyes-closed/patient45/Fp1.txt,263168,264192,33.29122290869322,399.851955,0.20117052150771492,False
Healthy/eyes-closed/patient45/Fp1.txt,264192,265216,43.54765859509003,345.43539699999997,-0.40853842734109347,False
Healthy/eyes-closed/patient45/Fp1.txt,265216,266240,25.86602103019966,258.230124,0.03215543116474612,False
Healthy/eyes-closed/patient45/Fp2.txt,137216,138240,19.355237220477225,246.782927,-0.2733199642330273,False
Healthy/eyes-closed/patient45/Fp2.txt,263168,264192,21.208291676511557,187.5757212,-0.2531497327874022,False
Healthy/eyes-closed/patient45/Fp2.txt,264192,265216,31.04826755754826,300.84334,-0.7172430746269534,False
Healthy/eyes-closed/patient45/Fp2.txt,265216,266240,19.577314566508328,123.11092390000002,0.8307710827792969,False
Healthy/eyes-closed/patient45/Fz.txt,0,1024,10.369049690923392,123.9842723,0.031849093488466707,False
Healthy/eyes-closed/patient45/Fz.txt,48128,49152,8.212509907339754,108.0003179,0.030771185133574148,False
Healthy/eyes-closed/patient45/Fz.txt,130048,131072,8.859843782249103,101.4026931,-0.0977320534316797,False
Healthy/eyes-closed/patient45/Fz.txt,137216,138240,6.369683959489258,98.8909998,-0.021089052327130917,False
Healthy/eyes-closed/patient45/Fz.txt,263168,264192,17.121291503922578,131.7022505,0.005958466159638659,False
Healthy/eyes-closed/patient45/Fz.txt,264192,265216,18.874262613497812,169.3427939,-0.47343728526787104,False
Healthy/eyes-closed/patient45/O2.txt,0,1024,72.44983230807733,918.6706080000001,0.07711357196826163,False
Healthy/eyes-closed/patient45/O2.txt,40960,41984,45.20898965142465,346.209668,-0.003668883518163857,False
Healthy/eyes-closed/patient45/O2.txt,48128,49152,63.03216937775973,948.310483,-0.13958367439604485,False
Healthy/eyes-closed/patient45/O2.txt,126976,128000,49.92800221952115,998.840403,-0.9756999983826173,False
Healthy/eyes-closed/patient45/O2.txt,130048,131072,74.34408754428912,1132.413082,-0.43908686105107464,False
Healthy/eyes-closed/patient45/O2.txt,137216,138240,77.15250430542548,1432.51912,0.16571736306611512,False
Healthy/eyes-closed/patient45/O2.txt,264192,265216,52.85580863329703,297.07549,0.6598888248347167,False
Healthy/eyes-closed/patient45/P3.txt,0,1024,12.274752283129295,151.4268783,0.03747388719069338,False
Healthy/eyes-closed/patient45/P3.txt,130048,131072,9.06274934732383,124.3785149,-0.023052626737490277,False
Healthy/eyes-closed/patient45/P3.txt,137216,138240,9.236586530315101,133.18043260000002,0.05379325100909179,False
Healthy/eyes-closed/patient45/P3.txt,263168,264192,25.63598795162427,194.1623878,-0.20775911177246079,False
Healthy/eyes-closed/patient45/P3.txt,264192,265216,27.84074819794055,201.78238399999998,0.3862928121091798,False
Healthy/eyes-closed/patient45/P4.txt,0,1024,102.63111466279182,1412.048431,-0.04889700536121977,False
Healthy/eyes-closed/patient45/P4.txt,40960,41984,56.8088830315205,425.01046599999995,0.2022380548992191,False
Healthy/eyes-closed/patient45/P4.txt,48128,49152,104.89215899160278,1578.20145,-0.3302756215419627,False
Healthy/eyes-closed/patient45/P4.txt,126976,128000,65.08619107525882,1371.759395,-1.0151894715933594,False
Healthy/eyes-closed/patient45/P4.txt,130048,131072,112.08675944844532,1768.6479060000001,-0.6523618535314454,False
Healthy/eyes-closed/patient45/P4.txt,137216,138240,117.88021044006294,2230.23001,0.2565204293669931,False
Healthy/eyes-closed/patient45/P4.txt,263168,264192,56.8095607089296,895.283854,-0.5036666590085935,False
Healthy/eyes-closed/patient45/P4.txt,264192,265216,81.61668231601978,927.213445,0.5860405395930663,False
Healthy/eyes-closed/patient45/Pz.txt,264192,265216,14.87594974570258,141.75622959999998,0.036306859971181674,False
Healthy/eyes-closed/patient45/T3.txt,128000,129024,24.96837002139162,208.304428,0.29831326321484364,False
Healthy/eyes-closed/patient45/T3.txt,264192,265216,23.081394107951944,204.4804958,0.4158640464188478,False
Healthy/eyes-closed/patient45/T4.txt,0,1024,64.66942083687822,835.02048,0.12333906368857372,False
Healthy/eyes-closed/patient45/T4.txt,48128,49152,57.101600661414125,859.335062,-0.047092540366328595,False
Healthy/eyes-closed/patient45/T4.txt,126976,128000,32.390340858284254,744.770914,-0.16212835304662288,False
Healthy/eyes-closed/patient45/T4.txt,130048,131072,63.93755648944984,1047.22226,-0.7897658553484767,False
Healthy/eyes-closed/patient45/T4.txt,137216,138240,64.8909186915139,1086.390566,0.11224541103515606,False
Healthy/eyes-closed/patient45/T4.txt,264192,265216,33.95572432009191,269.230367,0.1360077109579101,False
Healthy/eyes-closed/patient45/T6.txt,0,1024,42.92320457651096,527.216878,0.24068396858818364,False
Healthy/eyes-closed/patient45/T6.txt,48128,49152,28.78468693536616,388.718123,0.0438466099344728,False
Healthy/eyes-closed/patient45/T6.txt,69632,70656,11.494165462932532,224.0320597,-0.018010135800664052,False
Healthy/eyes-closed/patient45/T6.txt,126976,128000,18.516674438446856,368.42306499999995,-0.18166294145776368,False
Healthy/eyes-closed/patient45/T6.txt,130048,131072,31.064662925510188,455.370764,-0.2878752176652344,False
Healthy/eyes-closed/patient45/T6.txt,137216,138240,31.759975736437926,519.1536590000001,0.05570989376127955,False
Healthy/eyes-closed/patient46/C3.txt,16384,17408,8.983430270919728,138.57507230000002,-0.02721811693154303,False
Healthy/eyes-closed/patient46/C3.txt,28672,29696,5.031290579091457,82.29446469999999,-0.005848774956189438,False
Healthy/eyes-closed/patient46/C3.txt,70656,71680,6.193582494136924,92.69239859999999,-0.028633690769355388,False
Healthy/eyes-closed/patient46/C3.txt,103424,104448,8.108295928447813,104.2215732,0.020462679637304734,False
Healthy/eyes-closed/patient46/C3.txt,117760,118784,10.071738638189007,184.8833416,0.02075677414496096,False
Healthy/eyes-closed/patient46/C3.txt,132096,133120,6.873117566800898,82.531612,0.06305418773954688,False
Healthy/eyes-closed/patient46/C4.txt,16384,17408,8.947349231796377,136.9017875,0.0076367799763672195,False
Healthy/eyes-closed/patient46/C4.txt,28672,29696,4.882017898249443,68.5896294,-0.005918696196289057,False
Healthy/eyes-closed/patient46/C4.txt,56320,57344,6.30400450250912,68.3686429,-0.08664624159238281,False
Healthy/eyes-closed/patient46/C4.txt,70656,71680,6.102769255861635,89.1898389,-0.003596452083144547,False
Healthy/eyes-closed/patient46/C4.txt,103424,104448,8.252931189019494,100.1842173,-0.010854573828720696,False
Healthy/eyes-closed/patient46/C4.txt,117760,118784,9.9052400761362,180.6227747,-0.025999836243750015,False
Healthy/eyes-closed/patient46/C4.txt,132096,133120,6.984140981303106,78.9252435,-0.07301406552120117,False
Healthy/eyes-closed/patient46/Cz.txt,16384,17408,9.007124981809666,139.399856,-0.0658964847966601,False
Healthy/eyes-closed/patient46/Cz.txt,70656,71680,6.2616447396846615,88.6105816,-0.06496402797773435,False
Healthy/eyes-closed/patient46/Cz.txt,103424,104448,7.530241888898465,95.1198626,0.05576985840996093,False
Healthy/eyes-closed/patient46/Cz.txt,117760,118784,9.11191624283681,141.8282749,0.01988491620625002,False
Healthy/eyes-closed/patient46/Cz.txt,132096,133120,6.865681234128918,87.7233996,-0.008151024662783196,False
Healthy/eyes-closed/patient46/F3.txt,16384,17408,13.470615150447015,198.46521510000002,-0.01361662358017579,False
Healthy/eyes-closed/patient46/F3.txt,28672,29696,8.102153657051078,127.65650500000001,-0.039890359640107426,False
Healthy/eyes-closed/patient46/F3.txt,56320,57344,11.75958979273912,138.8088219,0.05477350915390629,False
Healthy/eyes-closed/patient46/F3.txt,70656,71680,9.039060982930485,114.896704,-0.02811655809755856,False
Healthy/eyes-closed/patient46/F3.txt,103424,104448,14.650717421021763,188.2364069,0.008330086872519592,False
Healthy/eyes-closed/patient46/F3.txt,117760,118784,14.778906158130537,203.9166796,0.13264776870065426,False
Healthy/eyes-closed/patient46/F3.txt,132096,133120,12.416033778237892,183.4061592,0.19385074556887694,False
Healthy/eyes-closed/patient46/F3.txt,138240,139264,8.94372002607642,101.8475629,0.030831462920411133,False
Healthy/eyes-closed/patient46/F3.txt,142336,143360,7.722283959119772,107.1818208,-0.04670468783241205,False
Healthy/eyes-closed/patient46/F3.txt,143360,144384,9.769879776559701,133.3069275,0.08986505210885742,False
Healthy/eyes-closed/patient46/F4.txt,16384,17408,12.482304244948246,218.813741,-0.025264393810693314,False
Healthy/eyes-closed/patient46/F4.txt,70656,71680,7.969720963498795,113.5778746,-0.005321645320624957,False
Healthy/eyes-closed/patient46/F4.txt,103424,104448,11.60118719272774,183.5193345,0.017974656128099474,False
Healthy/eyes-closed/patient46/F4.txt,117760,118784,11.170326291183002,166.9038723,-0.02115948664210937,False
Healthy/eyes-closed/patient46/F4.txt,132096,133120,10.033561076638536,103.0204045,-0.09948424910240229,False
Healthy/eyes-closed/patient46/F7.txt,16384,17408,27.163450471193944,352.975269,-0.2171213463378906,False
Healthy/eyes-closed/patient46/F7.txt,28672,29696,12.803559533074752,171.04795869999998,-0.1220396649470137,False
Healthy/eyes-closed/patient46/F7.txt,56320,57344,19.16336281823699,207.45566259999998,0.0635052647222265,False
Healthy/eyes-closed/patient46/F7.txt,64512,65536,13.426706440564512,174.36699670000002,-0.12829320069415043,False
Healthy/eyes-closed/patient46/F7.txt,70656,71680,18.265687256770207,300.568227,0.07682849574787107,False
Healthy/eyes-closed/patient46/F7.txt,103424,104448,27.501152722584422,407.59461799999997,0.4838339089123047,False
Healthy/eyes-closed/patient46/F7.txt,117760,118784,23.680647041189363,381.218666,0.10254336734960934,False
Healthy/eyes-closed/patient46/F7.txt,132096,133120,26.681529629846914,359.976758,0.07539709602734368,False
Healthy/eyes-closed/patient46/F7.txt,142336,143360,11.460775258425821,162.84135400000002,0.016921539053610435,False
Healthy/eyes-closed/patient46/F7.txt,143360,144384,20.02926639516663,230.973981,-0.023762780834609407,False
Healthy/eyes-closed/patient46/F7.txt,145408,146432,14.433976311984814,167.24178890000002,0.21127008449628912,False
Healthy/eyes-closed/patient46/F8.txt,16384,17408,27.278731465243453,509.28333999999995,-0.270158703115908,False
Healthy/eyes-closed/patient46/F8.txt,28672,29696,12.289988653046265,162.0174036,-0.037596891091699294,False
Healthy/eyes-closed/patient46/F8.txt,56320,57344,14.803502451380666,156.29991760000001,-0.10401258859696283,False
Healthy/eyes-closed/patient46/F8.txt,70656,71680,19.501686173188414,317.60949800000003,0.06075738942763681,False
Healthy/eyes-closed/patient46/F8.txt,103424,104448,21.518493949719605,278.736177,0.25797443412402354,False
Healthy/eyes-closed/patient46/F8.txt,117760,118784,31.874751605216456,556.535029,-0.03270619380803719,False
Healthy/eyes-closed/patient46/F8.txt,132096,133120,18.340308389470398,220.480049,-0.042843528914648515,False
Healthy/eyes-closed/patient46/Fp1.txt,16384,17408,13.593022092818243,189.49169460000002,-0.21287553659238284,False
Healthy/eyes-closed/patient46/Fp1.txt,117760,118784,13.01624971301013,169.7802777,0.15119782843224602,False
Healthy/eyes-closed/patient46/Fp2.txt,16384,17408,15.185122492738008,178.74679120000002,-0.20136071899853525,False
Healthy/eyes-closed/patient46/Fp2.txt,165888,166912,28.39792920388698,195.2005893,0.32986754808906266,False
Healthy/eyes-closed/patient46/Fz.txt,16384,17408,9.987885484266835,153.0404694,-0.10916781296273444,False
Healthy/eyes-closed/patient46/Fz.txt,70656,71680,7.116856427793367,104.87736899999999,-0.05704129587310543,False
Healthy/eyes-closed/patient46/Fz.txt,103424,104448,8.225684572556501,109.3480127,0.06377147630701178,False
Healthy/eyes-closed/patient46/Fz.txt,117760,118784,10.540189201949897,153.3578642,0.07958904914637703,False
Healthy/eyes-closed/patient46/O1.txt,16384,17408,10.625727381343593,151.0484078,0.07346293559881835,False
Healthy/eyes-closed/patient46/O1.txt,103424,104448,8.332610235876706,114.09678690000001,0.05894935061584965,False
Healthy/eyes-closed/patient46/O1.txt,117760,118784,10.856723377851754,179.2004418,-0.06199002311535155,False
Healthy/eyes-closed/patient46/O2.txt,16384,17408,9.649680202879077,133.700457,0.060673041359677764,False
Healthy/eyes-closed/patient46/P3.txt,16384,17408,9.277477610569647,144.8107434,-0.008447390806106358,False
Healthy/eyes-closed/patient46/P3.txt,70656,71680,6.114754319352291,85.7929391,0.032625681014814445,False
Healthy/eyes-closed/patient46/P3.txt,103424,104448,7.093294194582161,96.4975185,0.009515531883886708,False
Healthy/eyes-closed/patient46/P3.txt,117760,118784,10.14428677786172,180.0634275,-0.023813059545117095,False
Healthy/eyes-closed/patient46/P4.txt,16384,17408,8.055104262881688,113.51522969999999,0.012005024902734349,False
Healthy/eyes-closed/patient46/P4.txt,103424,104448,8.426554386872585,93.18082749999999,0.0928899384584101,False
Healthy/eyes-closed/patient46/P4.txt,117760,118784,7.253372436529613,89.6099629,-0.0587433994743848,False
Healthy/eyes-closed/patient46/P4.txt,132096,133120,7.218111237695031,104.0238639,-0.09746740783324609,False
Healthy/eyes-closed/patient46/Pz.txt,16384,17408,8.561363498031543,128.42722,-0.05742699121697271,False
Healthy/eyes-closed/patient46/Pz.txt,70656,71680,5.764809186342102,85.4505426,-0.025255882267158247,False
Healthy/eyes-closed/patient46/Pz.txt,103424,104448,7.218042469903488,90.6722129,0.06781425436046867,False
Healthy/eyes-closed/patient46/Pz.txt,117760,118784,8.683662998001138,137.051697,-0.04072609580816407,False
Healthy/eyes-closed/patient46/Pz.txt,132096,133120,6.729421536102758,86.289304,-0.02973843751712888,False
Healthy/eyes-closed/patient46/T3.txt,16384,17408,20.094813286874444,260.164114,-0.0424947554570311,False
Healthy/eyes-closed/patient46/T3.txt,56320,57344,16.446746254996906,186.3362765,0.01716134319531263,False
Healthy/eyes-closed/patient46/T3.txt,70656,71680,14.63298723740096,218.6144169,0.10545674091989263,False
Healthy/eyes-closed/patient46/T3.txt,103424,104448,22.212676921447542,330.00892799999997,0.27470789527130846,False
Healthy/eyes-closed/patient46/T3.txt,117760,118784,19.943398235973508,274.907313,0.06934182568677744,False
Healthy/eyes-closed/patient46/T3.txt,132096,133120,17.472419897285025,196.0932615,0.033188602265459,False
Healthy/eyes-closed/patient46/T3.txt,142336,143360,10.63446279005837,146.2022399,0.04682293704779297,False
Healthy/eyes-closed/patient46/T3.txt,143360,144384,13.285448878881116,157.263745,-0.03307446777187501,False
Healthy/eyes-closed/patient46/T4.txt,16384,17408,23.27320659356705,400.860639,-0.12555762417539051,False
Healthy/eyes-closed/patient46/T4.txt,28672,29696,10.802130241689012,151.0139006,-0.04621198636008789,False
Healthy/eyes-closed/patient46/T4.txt,56320,57344,13.526308919923165,154.3712046,-0.029650393414726486,False
Healthy/eyes-closed/patient46/T4.txt,70656,71680,15.293871466325005,287.431416,0.08239370790067385,False
Healthy/eyes-closed/patient46/T4.txt,103424,104448,17.316662203129567,239.276039,0.2211344921520801,False
Healthy/eyes-closed/patient46/T4.txt,117760,118784,26.519951443360416,494.529925,-0.05894976862911121,False
Healthy/eyes-closed/patient46/T4.txt,132096,133120,13.575884771531022,184.097167,-0.07280273336074225,False
Healthy/eyes-closed/patient46/T5.txt,16384,17408,13.798517882458592,178.88345420000002,0.07710593490712886,False
Healthy/eyes-closed/patient46/T5.txt,117760,118784,14.411327510998829,238.85191200000003,0.011319949451054606,False
Healthy/eyes-closed/patient47/F3.txt,0,1024,9.702100805251833,85.6210349,0.09053104948140428,False
Healthy/eyes-closed/patient47/Fp2.txt,91136,92160,10.435308250348772,129.8009571,-0.062326563630566476,False
Healthy/eyes-closed/patient47/P3.txt,0,1024,17.51392381916223,166.1350496,-0.1987518240319726,False
Healthy/eyes-closed/patient48/C3.txt,38912,39936,7.625627007122995,141.1405556,-0.004079940018046846,False
Healthy/eyes-closed/patient48/C3.txt,110592,111616,11.325711156546465,105.2565716,-0.07477323240861333,False
Healthy/eyes-closed/patient48/C3.txt,153600,154624,21.801384165582604,111.629629,0.22637684251542972,False
Healthy/eyes-closed/patient48/C3.txt,173056,174080,19.911010405421074,125.1761563,-0.0594416777049218,False
Healthy/eyes-closed/patient48/C3.txt,177152,178176,15.977547887179272,108.777703,-0.12088477674225587,False
Healthy/eyes-closed/patient48/C3.txt,182272,183296,21.08320726194769,151.3683015,-0.053516362678359464,False
Healthy/eyes-closed/patient48/C3.txt,183296,184320,12.646269216951476,107.71669689999999,0.18734115743062496,False
Healthy/eyes-closed/patient48/C3.txt,187392,188416,13.883172473279737,117.2114745,0.002280995454072357,False
Healthy/eyes-closed/patient48/C3.txt,188416,189440,15.906178184427247,123.4776685,-0.008056359417578152,False
Healthy/eyes-closed/patient48/C3.txt,193536,194560,17.787461325664978,118.25695400000001,0.12415863041886704,False
Healthy/eyes-closed/patient48/C3.txt,214016,215040,19.499482773782805,133.45419220000002,0.04872651194720701,False
Healthy/eyes-closed/patient48/C3.txt,218112,219136,16.088963022756452,116.08674909999999,-0.09320675244130869,False
Healthy/eyes-closed/patient48/C3.txt,227328,228352,15.205571140526917,111.26626590000001,0.008421960351005925,False
Healthy/eyes-closed/patient48/C3.txt,232448,233472,15.574795339008,192.8629948,-0.1880141695886719,False
Healthy/eyes-closed/patient48/C3.txt,233472,234496,11.659882864443421,163.1434875,0.05377461637410154,False
Healthy/eyes-closed/patient48/C4.txt,38912,39936,7.641650988633537,140.75903390000002,0.009189648165000022,False
Healthy/eyes-closed/patient48/C4.txt,110592,111616,11.339945659185945,103.4516999,0.0719536492883887,False
Healthy/eyes-closed/patient48/C4.txt,153600,154624,21.831461458294907,112.0208785,-0.22076440016170906,False
Healthy/eyes-closed/patient48/C4.txt,173056,174080,19.936058371523167,124.9681245,0.06417715952607435,False
Healthy/eyes-closed/patient48/C4.txt,177152,178176,15.94444052969452,107.6902721,0.10994519187163852,False
Healthy/eyes-closed/patient48/C4.txt,182272,183296,21.068171354039578,151.4190731,0.06356047863427733,False
Healthy/eyes-closed/patient48/C4.txt,183296,184320,12.697965162585282,107.4434809,-0.1891962493521484,False
Healthy/eyes-closed/patient48/C4.txt,187392,188416,13.945747839686959,118.8183391,0.0033732258692285716,False
Healthy/eyes-closed/patient48/C4.txt,188416,189440,15.936622224266804,122.358763,-0.0038317611308594512,False
Healthy/eyes-closed/patient48/C4.txt,193536,194560,17.827859213018332,117.31504269999999,-0.13187229036925774,False
Healthy/eyes-closed/patient48/C4.txt,214016,215040,19.535007488855197,133.835512,-0.0498398964866895,False
Healthy/eyes-closed/patient48/C4.txt,218112,219136,16.120049134167072,117.1667717,0.09065114643777344,False
Healthy/eyes-closed/patient48/C4.txt,227328,228352,15.260420169989093,111.85655249999999,-0.01808332555341799,False
Healthy/eyes-closed/patient48/C4.txt,232448,233472,15.630852925948073,195.5743071,0.17860462236555652,False
Healthy/eyes-closed/patient48/C4.txt,233472,234496,11.732668577524576,164.0549097,-0.047544702065254796,False
Healthy/eyes-closed/patient48/Cz.txt,232448,233472,14.029841485666608,160.1114092,-0.02692402625237311,False
Healthy/eyes-closed/patient48/Cz.txt,233472,234496,12.543928315896741,178.5847394,-0.0038190051196876074,False
Healthy/eyes-closed/patient48/F3.txt,177152,178176,25.317492971237325,193.4962525,0.020329726155266736,False
Healthy/eyes-closed/patient48/F3.txt,182272,183296,25.03409009714341,163.85271590000002,0.001933001211328056,False
Healthy/eyes-closed/patient48/F3.txt,188416,189440,26.33598741236154,162.7514858,-0.19431051602675786,False
Healthy/eyes-closed/patient48/F3.txt,214016,215040,29.295552544094328,165.97348829999999,0.5510299985144921,False
Healthy/eyes-closed/patient48/F3.txt,218112,219136,26.89125504450811,162.4579079,-0.07058227029111305,False
Healthy/eyes-closed/patient48/F3.txt,232448,233472,18.950844144703694,196.0264004,-0.3099268425734669,False
Healthy/eyes-closed/patient48/F3.txt,233472,234496,16.750201929719427,237.7364403,0.26052581057861324,False
Healthy/eyes-closed/patient48/F4.txt,173056,174080,25.848880881533503,137.9760727,0.08955405025252938,False
Healthy/eyes-closed/patient48/F4.txt,182272,183296,22.093390413956122,138.0047543,0.17811136500654268,False
Healthy/eyes-closed/patient48/F4.txt,187392,188416,17.01901985725342,146.8316274,0.0815248520619336,False
Healthy/eyes-closed/patient48/F4.txt,193536,194560,22.60485288396096,145.8646258,-0.3166516044320313,False
Healthy/eyes-closed/patient48/F4.txt,214016,215040,25.693967685452588,197.83826800000003,0.15786239900025378,False
Healthy/eyes-closed/patient48/F4.txt,218112,219136,22.010182882793647,160.0915368,0.2315253997948244,False
Healthy/eyes-closed/patient48/F4.txt,225280,226304,17.46845907056546,144.9452642,-0.20417734589768563,False
Healthy/eyes-closed/patient48/F4.txt,232448,233472,18.83874488125604,185.30857939999999,0.11222344372304685,False
Healthy/eyes-closed/patient48/F4.txt,233472,234496,13.29787310180998,182.13327650000002,0.12876243836112405,False
Healthy/eyes-closed/patient48/F7.txt,38912,39936,15.871353042551558,241.566061,0.07238284508874003,False
Healthy/eyes-closed/patient48/F7.txt,218112,219136,30.31493753218929,244.79650300000003,-0.691686221717871,False
Healthy/eyes-closed/patient48/F7.txt,232448,233472,43.197758970846756,482.20878600000003,-0.0793798407265626,False
Healthy/eyes-closed/patient48/F7.txt,233472,234496,34.962902774106446,521.444344,0.08457497285146484,False
Healthy/eyes-closed/patient48/F8.txt,38912,39936,14.411700199353117,232.100972,0.043549596858369184,False
Healthy/eyes-closed/patient48/F8.txt,65536,66560,18.124268526428786,252.30179900000002,-0.02847633456943366,False
Healthy/eyes-closed/patient48/F8.txt,232448,233472,34.26270748391859,538.7803349999999,0.1596841848212889,False
Healthy/eyes-closed/patient48/F8.txt,233472,234496,37.08780668055465,648.6943160000001,0.19420997436826165,False
Healthy/eyes-closed/patient48/Fp1.txt,232448,233472,36.76469379917868,279.081267,-0.6632015545430665,False
Healthy/eyes-closed/patient48/Fp1.txt,233472,234496,30.61021055838514,368.356922,0.6885656453317385,False
Healthy/eyes-closed/patient48/Fp2.txt,232448,233472,36.625508719918095,237.106024,-0.25318951282812485,False
Healthy/eyes-closed/patient48/Fp2.txt,233472,234496,23.81458254802981,241.578748,0.5387594052903318,False
Healthy/eyes-closed/patient48/Fz.txt,218112,219136,25.375561326466617,141.3423023,0.25368411127131635,False
Healthy/eyes-closed/patient48/Fz.txt,219136,220160,20.115864878598455,144.2058277,-0.2621446653527343,False
Healthy/eyes-closed/patient48/Fz.txt,232448,233472,17.11756763504503,178.2355511,-0.06974490667382816,False
Healthy/eyes-closed/patient48/Fz.txt,233472,234496,13.985202695214458,188.229973,0.11874307154135735,False
Healthy/eyes-closed/patient48/O1.txt,193536,194560,23.817459206703845,191.0991751,0.3711932699379199,False
Healthy/eyes-closed/patient48/O1.txt,233472,234496,14.396749656203127,215.07518579999999,-0.003888410632603506,False
Healthy/eyes-closed/patient48/O2.txt,233472,234496,14.248921581203758,185.9763371,0.0026150629123046776,False
Healthy/eyes-closed/patient48/P3.txt,188416,189440,17.092817115225387,145.1521708,0.1255159352329101,False
Healthy/eyes-closed/patient48/P3.txt,193536,194560,20.75315630759961,140.4167618,0.3876333528814453,False
Healthy/eyes-closed/patient48/P3.txt,218112,219136,21.771568261614988,146.2777211,-0.2545301420374022,False
Healthy/eyes-closed/patient48/P3.txt,233472,234496,10.590470146547412,174.12522719999998,0.05431488090517583,False
Healthy/eyes-closed/patient48/P4.txt,232448,233472,14.450459124180378,147.4707242,0.09958583792738293,False
Healthy/eyes-closed/patient48/P4.txt,233472,234496,11.499287778584936,158.3517467,-0.03958682272151362,False
Healthy/eyes-closed/patient48/Pz.txt,143360,144384,22.985271452117953,159.8131606,0.09065028722271287,False
Healthy/eyes-closed/patient48/Pz.txt,161792,162816,17.048013447042777,157.7130168,0.17780947872841807,False
Healthy/eyes-closed/patient48/Pz.txt,162816,163840,16.889496682112952,147.688659,0.008535450191894445,False
Healthy/eyes-closed/patient48/Pz.txt,167936,168960,14.903407541252014,146.54988600000001,-0.036640340262109355,False
Healthy/eyes-closed/patient48/Pz.txt,212992,214016,19.14981704209766,143.927167,-0.3160150005166895,False
Healthy/eyes-closed/patient48/Pz.txt,232448,233472,13.591517567803622,148.098983,-0.05011199318510742,False
Healthy/eyes-closed/patient48/Pz.txt,233472,234496,12.755237493772084,178.53523760000002,0.023528220676503897,False
Healthy/eyes-closed/patient48/T3.txt,214016,215040,32.45925064137469,215.14175,0.3418408798883791,False
Healthy/eyes-closed/patient48/T3.txt,218112,219136,31.202874854561998,240.92679099999998,-0.6886533456209962,False
Healthy/eyes-closed/patient48/T3.txt,219136,220160,38.61501485619207,220.90597309999998,1.0739254206920898,False
Healthy/eyes-closed/patient48/T3.txt,232448,233472,29.472430580975356,332.093498,-0.07210787228251962,False
Healthy/eyes-closed/patient48/T3.txt,233472,234496,25.624927113167335,398.39797899999996,0.09236528709628877,False
Healthy/eyes-closed/patient48/T4.txt,6144,7168,11.081884443024553,227.0253706,0.2334421339010059,False
Healthy/eyes-closed/patient48/T4.txt,38912,39936,13.862015404614954,231.794821,0.020089482211054707,False
Healthy/eyes-closed/patient48/T4.txt,232448,233472,34.53462269138297,406.59381299999995,0.07590976979365266,False
Healthy/eyes-closed/patient48/T4.txt,233472,234496,33.99550646585692,627.561203,0.16188549250664025,False
Healthy/eyes-closed/patient48/T5.txt,209920,210944,28.721331048174775,598.43624,-0.6252307448239258,False
Healthy/eyes-closed/patient48/T6.txt,233472,234496,19.953740346973863,268.22612000000004,0.05397336731669916,False
Healthy/eyes-closed/patient49/C3.txt,16384,17408,8.092346178864428,89.9280325,-0.003383379895556593,False
Healthy/eyes-closed/patient49/F3.txt,0,1024,18.93293264131832,143.6281219,0.047486025062792925,False
Healthy/eyes-closed/patient49/F4.txt,0,1024,17.235462008128987,133.3883287,-0.013468542093261898,False
Healthy/eyes-closed/patient49/F7.txt,16384,17408,22.5825116394459,261.983856,0.04464518758857425,False
Healthy/eyes-closed/patient49/F7.txt,28672,29696,10.487834592213174,165.3441923,0.03739188807938472,False
Healthy/eyes-closed/patient49/F7.txt,84992,86016,15.620131536790685,306.733113,-0.16327009915342777,False
Healthy/eyes-closed/patient49/F7.txt,137216,138240,21.968580761275135,250.0545803,-0.1707803572807616,False
Healthy/eyes-closed/patient49/F7.txt,143360,144384,12.863805401512343,186.1309238,-0.02087419073068358,False
Healthy/eyes-closed/patient49/F7.txt,154624,155648,12.32016866839369,167.9993517,-0.15838725081156257,False
Healthy/eyes-closed/patient49/F8.txt,16384,17408,22.53735734412431,315.503084,-0.12055888095312511,False
Healthy/eyes-closed/patient49/F8.txt,84992,86016,15.145322339901579,204.9839599,-0.024229032134277323,False
Healthy/eyes-closed/patient49/F8.txt,115712,116736,11.512698734613414,226.198239,-0.05126370034289744,False
Healthy/eyes-closed/patient49/F8.txt,137216,138240,23.375826645596515,162.1368605,-0.4449193050219725,False
Healthy/eyes-closed/patient49/F8.txt,143360,144384,13.265314455440805,193.29284030000002,-0.1724204257242382,False
Healthy/eyes-closed/patient49/F8.txt,154624,155648,13.691921844380207,202.186003,-0.04891203126160154,False
Healthy/eyes-closed/patient49/F8.txt,162816,163840,9.287859612528516,162.0420801,0.0059706497999609115,False
Healthy/eyes-closed/patient49/Fp1.txt,0,1024,29.039728482803564,216.3406732,0.025898090176660504,False
Healthy/eyes-closed/patient49/Fp1.txt,123904,124928,49.36010506746682,290.30210999999997,-1.1624911467431642,False
Healthy/eyes-closed/patient49/Fp1.txt,138240,139264,30.91217102980284,228.1904285,0.5891579136906248,False
Healthy/eyes-closed/patient49/Fp2.txt,16384,17408,27.596775848955374,219.4516467,0.1292060859069335,False
Healthy/eyes-closed/patient49/Fp2.txt,132096,133120,33.49278095179627,204.64761099999998,0.41884930099382794,False
Healthy/eyes-closed/patient49/Fp2.txt,137216,138240,36.06925815260389,218.05709000000002,-0.9140958563274413,False
Healthy/eyes-closed/patient49/Fp2.txt,138240,139264,33.47050830684202,239.228441,0.955652919504199,False
Healthy/eyes-closed/patient49/Fz.txt,138240,139264,21.859105765938388,156.8055064,0.4598061989913867,False
Healthy/eyes-closed/patient49/O1.txt,0,1024,30.16898274220234,363.460171,0.048987150499404275,False
Healthy/eyes-closed/patient49/O1.txt,145408,146432,39.57136952556651,439.712115,0.24739992950918016,False
Healthy/eyes-closed/patient49/Pz.txt,0,1024,11.138363530722707,94.2789295,0.03580578850393464,False
Healthy/eyes-closed/patient49/T3.txt,16384,17408,23.90053684232082,264.276403,-0.015881376569335942,False
Healthy/eyes-closed/patient49/T3.txt,84992,86016,13.670918006229932,226.8499515,-0.17019826180133785,False
Healthy/eyes-closed/patient50/C3.txt,0,1024,37.31428434379053,693.743766,0.13411085724016908,False
Healthy/eyes-closed/patient50/C4.txt,0,1024,37.55946124249359,698.046197,-0.13978791064478252,False
Healthy/eyes-closed/patient50/Cz.txt,0,1024,40.83417974322591,764.5904820000001,-0.12920788027434293,False
Healthy/eyes-closed/patient50/F3.txt,0,1024,36.395122543923684,673.9232999999999,-0.030930391987545963,False
Healthy/eyes-closed/patient50/F4.txt,0,1024,39.879049142133,742.103199,-0.13716067482168665,False
Healthy/eyes-closed/patient50/F7.txt,0,1024,33.09980556227781,603.370802,-0.005673154618668685,False
Healthy/eyes-closed/patient50/F8.txt,0,1024,36.87835623911264,665.626767,-0.11353684109932322,False
Healthy/eyes-closed/patient50/Fp1.txt,0,1024,35.319443608873556,644.861001,-0.0224600933076827,False
Healthy/eyes-closed/patient50/Fp2.txt,0,1024,32.08763163629956,577.078499,-0.16242957393164348,False
Healthy/eyes-closed/patient50/Fz.txt,0,1024,41.432933668598515,778.4567480000001,-0.07958432835605173,False
Healthy/eyes-closed/patient50/O1.txt,0,1024,20.556273910234232,426.605347,0.04631252172123247,False
Healthy/eyes-closed/patient50/O2.txt,0,1024,22.39000659637695,405.35425,-0.13666967379989053,False
Healthy/eyes-closed/patient50/P3.txt,0,1024,16.09870626975456,318.895329,-0.0038676846153261335,False
Healthy/eyes-closed/patient50/P4.txt,0,1024,15.262072663322959,304.976225,-0.06330230408004883,False
Healthy/eyes-closed/patient50/Pz.txt,0,1024,39.82760606474528,742.3094980000001,-0.10559038138686228,False
Healthy/eyes-closed/patient50/T3.txt,0,1024,19.5088707816611,356.381599,-0.008008404282697501,False
Healthy/eyes-closed/patient50/T4.txt,0,1024,40.00675354672859,733.9150910000001,-0.16745289039381528,False
Healthy/eyes-closed/patient50/T5.txt,0,1024,41.6782047302195,748.705528,-0.05722723237000671,False
Healthy/eyes-closed/patient50/T6.txt,0,1024,43.401574799757725,773.108341,-0.11000871237494836,False
Healthy/eyes-closed/patient51/C3.txt,0,1024,15.090543792680021,141.4978112,0.1049388626164062,False
Healthy/eyes-closed/patient51/C4.txt,0,1024,15.680870549856548,147.21669989999998,-0.11518175032480467,False
Healthy/eyes-closed/patient51/Cz.txt,0,1024,20.90371903460033,189.6286126,0.06413549585644518,False
Healthy/eyes-closed/patient51/F3.txt,0,1024,25.934809010687015,245.3699484,0.09924367821289065,False
Healthy/eyes-closed/patient51/F7.txt,0,1024,26.477944942495384,238.9569325,0.12929061023575192,False
Healthy/eyes-closed/patient51/F8.txt,0,1024,22.84800849418965,190.5761831,0.045118903845214844,False
Healthy/eyes-closed/patient51/F8.txt,28672,29696,24.62979699014892,202.37571350000002,0.5329292563404295,False
Healthy/eyes-closed/patient51/F8.txt,29696,30720,43.561481462603034,235.44334200000003,-0.6965919946113279,False
Healthy/eyes-closed/patient51/Fp1.txt,0,1024,39.24865158109167,371.24208,0.07715241560742192,False
Healthy/eyes-closed/patient51/Fp1.txt,21504,22528,26.669591316226803,266.71457399999997,0.32650259661435543,False
Healthy/eyes-closed/patient51/Fp1.txt,29696,30720,67.6756267172675,315.389474,1.2012244563460932,False
Healthy/eyes-closed/patient51/Fp2.txt,21504,22528,42.03161626046142,400.452706,0.3789546867009764,False
Healthy/eyes-closed/patient51/Fp2.txt,41984,43008,32.22551321102292,347.446189,0.41474213967968765,False
Healthy/eyes-closed/patient51/Fp2.txt,55296,56320,36.78136615221369,367.513501,-0.8738210088527343,False
Healthy/eyes-closed/patient51/Fz.txt,0,1024,77.39785551011363,981.9412689999999,-0.061447020385741846,False
Healthy/eyes-closed/patient51/Fz.txt,21504,22528,58.72985821649278,757.446733,0.03927322842246112,False
Healthy/eyes-closed/patient51/P4.txt,0,1024,18.980351357007866,203.06107070000002,0.0025327197581152955,False
Healthy/eyes-closed/patient51/T3.txt,0,1024,19.86302822454219,197.1339834,0.06676548672597646,False
Healthy/eyes-closed/patient52/C3.txt,107520,108544,12.937312997863263,146.910591,-0.005978926754335916,False
Healthy/eyes-closed/patient52/C4.txt,107520,108544,13.152932147311144,145.41459,-0.06928061837705085,False
Healthy/eyes-closed/patient52/Cz.txt,107520,108544,13.962899140203685,139.5770478,-0.06778158906953119,False
Healthy/eyes-closed/patient52/F3.txt,3072,4096,9.32593843877869,141.65036220000002,-0.07238299334396484,False
Healthy/eyes-closed/patient52/F3.txt,107520,108544,22.64244093274432,267.393893,-0.00930534803108974,False
Healthy/eyes-closed/patient52/F4.txt,3072,4096,12.54014087121849,190.1663084,0.008663054289300698,False
Healthy/eyes-closed/patient52/F4.txt,16384,17408,14.287256258273063,157.00356290000002,0.15839162179736319,False
Healthy/eyes-closed/patient52/F4.txt,107520,108544,29.79718075254805,393.729869,-0.12398288942200188,False
Healthy/eyes-closed/patient52/F7.txt,3072,4096,13.198511534165583,224.0343664,-0.023954535558251902,False
Healthy/eyes-closed/patient52/F7.txt,82944,83968,10.720571942493045,164.7790576,-0.08531293778103519,False
Healthy/eyes-closed/patient52/F7.txt,107520,108544,46.83484553984203,572.507021,-0.034558800874413736,False
Healthy/eyes-closed/patient52/F8.txt,107520,108544,27.599381987295,272.444811,0.040232474301562474,False
Healthy/eyes-closed/patient52/Fp1.txt,16384,17408,14.82576967261314,184.609596,0.3544425361344727,False
Healthy/eyes-closed/patient52/Fp1.txt,82944,83968,9.410959714671693,172.4913315,-0.04979858363027346,False
Healthy/eyes-closed/patient52/Fp1.txt,87040,88064,13.182147071733795,236.6674611,-0.04235663007125969,False
Healthy/eyes-closed/patient52/Fp1.txt,107520,108544,32.57821436963317,389.014707,-0.08885984206833966,False
Healthy/eyes-closed/patient52/Fp2.txt,3072,4096,16.168919070177672,209.92239569999998,-0.08539151907813491,False
Healthy/eyes-closed/patient52/Fp2.txt,8192,9216,9.08849089801639,154.1641073,0.027473533414042947,False
Healthy/eyes-closed/patient52/Fp2.txt,16384,17408,18.370639998440527,199.21600460000002,0.3145485876920899,False
Healthy/eyes-closed/patient52/Fp2.txt,82944,83968,10.124553940193042,142.3102211,-0.06040042427324224,False
Healthy/eyes-closed/patient52/Fp2.txt,107520,108544,35.649359898117915,412.683381,-0.09466170418967773,False
Healthy/eyes-closed/patient52/Fz.txt,107520,108544,19.08078880261864,198.6043616,-0.08511628394532214,False
Healthy/eyes-closed/patient52/O1.txt,0,1024,17.862432728248177,217.092627,0.022075289854101652,False
Healthy/eyes-closed/patient52/O1.txt,68608,69632,21.401135202737834,307.880941,0.1508963285431541,False
Healthy/eyes-closed/patient52/O2.txt,16384,17408,132.17574363265402,1224.950681,-1.4178142180941409,False
Healthy/eyes-closed/patient52/O2.txt,17408,18432,87.6334787013885,386.53675999999996,0.48182306672656294,False
Healthy/eyes-closed/patient52/O2.txt,36864,37888,30.930063775164314,379.20615499999997,0.4316419727427734,False
Healthy/eyes-closed/patient52/O2.txt,37888,38912,61.30254447313336,457.944345,0.039588193816543216,False
Healthy/eyes-closed/patient52/O2.txt,53248,54272,40.17980572484369,429.379586,0.997628404934375,False
Healthy/eyes-closed/patient52/O2.txt,54272,55296,67.13140036177262,621.302583,-0.8164549600902347,False
Healthy/eyes-closed/patient52/O2.txt,60416,61440,25.819445967055234,338.84948299999996,0.3988787481024414,False
Healthy/eyes-closed/patient52/O2.txt,61440,62464,82.2159207393561,584.045094,-1.2476399492626953,False
Healthy/eyes-closed/patient52/O2.txt,62464,63488,88.97434433033087,621.557429,1.5600359193628912,False
Healthy/eyes-closed/patient52/O2.txt,63488,64512,52.548611811281624,471.407608,-0.731541144383008,False
Healthy/eyes-closed/patient52/O2.txt,64512,65536,88.69350258661859,669.3501309999999,0.465614964551953,False
Healthy/eyes-closed/patient52/O2.txt,65536,66560,47.93928915694475,421.90136,-0.705702510055947,False
Healthy/eyes-closed/patient52/O2.txt,66560,67584,46.91300636841485,331.424214,0.28098435642187525,False
Healthy/eyes-closed/patient52/O2.txt,67584,68608,72.48143791291773,482.90537500000005,-1.1747333339130859,False
Healthy/eyes-closed/patient52/O2.txt,73728,74752,66.01023708430344,534.924804,-0.8569804784610351,False
Healthy/eyes-closed/patient52/O2.txt,74752,75776,87.54527603806336,629.12949,0.3564728095760745,False
Healthy/eyes-closed/patient52/O2.txt,75776,76800,74.91513307559137,502.712517,-0.06922702030380923,False
Healthy/eyes-closed/patient52/O2.txt,76800,77824,97.71636047717556,905.2540759999999,1.031993343684668,False
Healthy/eyes-closed/patient52/O2.txt,77824,78848,93.55569486145619,785.999006,-0.5747913528583639,False
Healthy/eyes-closed/patient52/O2.txt,81920,82944,69.13309235949748,755.083948,-0.029824673117479883,False
Healthy/eyes-closed/patient52/O2.txt,84992,86016,51.499682547502005,565.5917750000001,-0.5194249609049609,False
Healthy/eyes-closed/patient52/O2.txt,86016,87040,64.78026800474358,515.970833,1.0517245912614253,False
Healthy/eyes-closed/patient52/O2.txt,87040,88064,99.8021705865164,673.835284,-0.8196877877192383,False
Healthy/eyes-closed/patient52/O2.txt,88064,89088,58.61152735167061,524.215873,-0.032283784781933944,False
Healthy/eyes-closed/patient52/O2.txt,91136,92160,90.86493152892572,686.688453,-0.14511982855894523,False
Healthy/eyes-closed/patient52/O2.txt,111616,112640,54.420298628912036,537.931288,-0.29030779753891617,False
Healthy/eyes-closed/patient52/O2.txt,113664,114688,23.66015643225147,545.082264,0.38310015529863284,False
Healthy/eyes-closed/patient52/O2.txt,114688,115712,70.52023407151513,743.3545469999999,0.1061640872249997,False
Healthy/eyes-closed/patient52/O2.txt,115712,116736,122.27485961151712,952.485503,-1.959247177796875,False
Healthy/eyes-closed/patient52/O2.txt,116736,117760,155.56144452349147,1211.984043,1.0695756993740253,False
Healthy/eyes-closed/patient52/O2.txt,117760,118784,67.63766094111708,346.171174,0.6748069371855465,False
Healthy/eyes-closed/patient52/O2.txt,118784,119808,126.87969831036308,957.0282480000001,1.9803273055683601,False
Healthy/eyes-closed/patient52/O2.txt,119808,120832,134.87988747841018,1365.874727,-2.3585576160080084,False
Healthy/eyes-closed/patient52/O2.txt,120832,121856,61.15869362906365,603.903328,1.629448288680957,False
Healthy/eyes-closed/patient52/O2.txt,121856,122880,70.07608640248952,742.8285639999999,-1.7582259120505856,False
Healthy/eyes-closed/patient52/O2.txt,122880,123904,110.56552122909396,894.081726,0.12788841994824174,False
Healthy/eyes-closed/patient52/O2.txt,123904,124928,105.6124852591917,1045.763737,-0.3584891170294928,False
Healthy/eyes-closed/patient52/O2.txt,124928,125952,55.43485343487538,392.117656,1.6153218437929682,False
Healthy/eyes-closed/patient52/O2.txt,125952,126976,71.8766056834828,659.548956,-0.23615192119707015,False
Healthy/eyes-closed/patient52/O2.txt,126976,128000,61.44989699759992,557.744593,0.7718980572353514,False
Healthy/eyes-closed/patient52/P3.txt,0,1024,16.132965034014077,180.5444153,-0.14796202662904304,False
Healthy/eyes-closed/patient52/P3.txt,107520,108544,13.045348431640923,126.63659200000001,0.17496496004948245,False
Healthy/eyes-closed/patient52/P4.txt,107520,108544,13.741550050316869,151.9487014,0.011876797432128924,False
Healthy/eyes-closed/patient52/Pz.txt,107520,108544,11.959333821348308,125.6355893,0.016644208862617103,False
Healthy/eyes-closed/patient52/T3.txt,0,1024,20.484545279960408,194.0605413,0.3241772670283203,False
Healthy/eyes-closed/patient52/T3.txt,107520,108544,34.31898393486249,393.651527,0.04754054413431659,False
Healthy/eyes-closed/patient52/T4.txt,107520,108544,44.88682965043637,578.0226299999999,0.048946260505078304,False
Healthy/eyes-closed/patient52/T5.txt,107520,108544,27.15891934129774,263.9468,0.0804326924682423,False
Healthy/eyes-closed/patient52/T6.txt,3072,4096,16.18595472655472,262.37334599999997,0.047509243179775285,False
Healthy/eyes-closed/patient52/T6.txt,16384,17408,15.036792974725113,170.99462870000002,-0.04809223846650391,False
Healthy/eyes-closed/patient52/T6.txt,107520,108544,47.387817353547554,524.2690190000001,-0.054607040091504244,False
Healthy/eyes-closed/patient53/F7.txt,33792,34816,21.90259805496139,225.867431,0.0569316147946289,False
Healthy/eyes-closed/patient53/F8.txt,26624,27648,20.200834609536134,296.473097,-0.20879556507060543,False
Healthy/eyes-closed/patient53/F8.txt,30720,31744,15.60410034744458,242.15812269999998,0.096956925932422,False
Healthy/eyes-closed/patient53/T3.txt,33792,34816,22.48904797924369,242.9974779,-0.04160452086887702,False
Healthy/eyes-closed/patient53/T3.txt,34816,35840,17.39792615226355,216.0766294,0.10456838733217774,False
Healthy/eyes-closed/patient53/T4.txt,26624,27648,19.082207985626074,246.76336099999997,-0.42688145253219745,False
Healthy/eyes-closed/patient53/T4.txt,30720,31744,16.429041794303206,244.84817479999998,0.3312421736282325,False
Healthy/eyes-closed/patient54/C3.txt,0,1024,4.528373763554575,69.0754761,-0.0020344632630661177,False
Healthy/eyes-closed/patient54/C3.txt,118784,119808,6.66016981369841,70.68357850000001,0.018956068505986336,False
Healthy/eyes-closed/patient54/C3.txt,143360,144384,8.00192447933009,115.0304989,-0.044523811079502006,False
Healthy/eyes-closed/patient54/C4.txt,0,1024,4.561921166914861,69.0754761,-0.005363744228417674,False
Healthy/eyes-closed/patient54/C4.txt,118784,119808,6.698404303957919,70.5320279,-0.020971702956377025,False
Healthy/eyes-closed/patient54/C4.txt,143360,144384,7.980768681946451,113.0410211,0.04651487388438469,False
Healthy/eyes-closed/patient54/Cz.txt,143360,144384,7.164931191165325,115.25249120000001,-0.033284541331484396,False
Healthy/eyes-closed/patient54/Cz.txt,144384,145408,5.660146121507299,103.7732665,-0.04214861513705076,False
Healthy/eyes-closed/patient54/F3.txt,118784,119808,9.82173806581295,127.58929950000001,0.029716583928613323,False
Healthy/eyes-closed/patient54/F3.txt,143360,144384,14.115314412801617,225.533116,-0.1573883719222071,False
Healthy/eyes-closed/patient54/F4.txt,143360,144384,9.80729973066141,136.4612185,-0.012192164594287118,False
Healthy/eyes-closed/patient54/F7.txt,118784,119808,13.261764281357435,162.89964730000003,-0.04163242142831062,False
Healthy/eyes-closed/patient54/F7.txt,143360,144384,22.691456615222915,318.32594900000004,-0.06688849739512681,False
Healthy/eyes-closed/patient54/F7.txt,144384,145408,12.03727294077167,327.58134,0.0055594785035449415,False
Healthy/eyes-closed/patient54/F8.txt,118784,119808,17.63025728078386,211.9692681,0.01872788951913094,False
Healthy/eyes-closed/patient54/F8.txt,143360,144384,17.43586642423372,245.807861,0.10990311921406253,False
Healthy/eyes-closed/patient54/Fp1.txt,143360,144384,19.302708496124634,251.979479,-0.27529500263570317,False
Healthy/eyes-closed/patient54/Fp2.txt,143360,144384,14.731730845346375,183.1945295,-0.06938767228496101,False
Healthy/eyes-closed/patient54/Fz.txt,143360,144384,9.142280672043217,131.5566435,-0.12229232958538086,False
Healthy/eyes-closed/patient54/O1.txt,144384,145408,16.37073306523038,294.21254999999996,0.05411824512152351,False
Healthy/eyes-closed/patient54/O2.txt,144384,145408,12.32691685561409,234.42971,0.1328018070646191,False
Healthy/eyes-closed/patient54/P3.txt,0,1024,9.894256717654805,123.3423445,-0.028018291512002642,False
Healthy/eyes-closed/patient54/P3.txt,60416,61440,8.980334951709537,141.7632542,-0.00905040051076178,False
Healthy/eyes-closed/patient54/P3.txt,61440,62464,8.857013652648508,127.7491055,-0.06238201744326168,False
Healthy/eyes-closed/patient54/P3.txt,144384,145408,16.9990167331077,305.03677500000003,0.12708328484863285,False
Healthy/eyes-closed/patient54/P4.txt,0,1024,8.734771342964308,144.3246512,-0.05961615189508759,False
Healthy/eyes-closed/patient54/P4.txt,60416,61440,8.361736158387561,149.9800328,0.04605300967475584,False
Healthy/eyes-closed/patient54/P4.txt,61440,62464,7.698113653945484,118.1444414,-0.003770113247148467,False
Healthy/eyes-closed/patient54/P4.txt,143360,144384,9.196551315053663,125.5591339,0.007835622007841738,False
Healthy/eyes-closed/patient54/P4.txt,144384,145408,15.277243639033028,302.14317800000003,0.16632390359251953,False
Healthy/eyes-closed/patient54/Pz.txt,0,1024,141.96635154748955,2967.4573,0.1375270832017097,False
Healthy/eyes-closed/patient54/Pz.txt,60416,61440,171.03094451175696,3083.62507,0.14527286221621194,False
Healthy/eyes-closed/patient54/Pz.txt,61440,62464,166.6985070156901,3675.33144,0.3267707692113282,False
Healthy/eyes-closed/patient54/Pz.txt,144384,145408,217.8645440266712,3270.3242600000003,0.7128128354365225,False
Healthy/eyes-closed/patient54/Pz.txt,145408,146432,212.84420299114285,985.085653,-2.0972375863570325,False
Healthy/eyes-closed/patient54/T3.txt,60416,61440,12.891059175931414,212.36007469999998,-0.047504321644111364,False
Healthy/eyes-closed/patient54/T3.txt,61440,62464,12.102821644687246,195.41994069999998,0.0007210883492675332,False
Healthy/eyes-closed/patient54/T3.txt,118784,119808,14.475769860973193,239.4163942,0.006584410653886846,False
Healthy/eyes-closed/patient54/T3.txt,143360,144384,16.312471672483227,208.461495,-0.03189758206667971,False
Healthy/eyes-closed/patient54/T3.txt,144384,145408,25.288765755357847,584.085283,0.18536216051899412,False
Healthy/eyes-closed/patient54/T4.txt,118784,119808,19.5688608607906,230.599561,-0.001026716286132788,False
Healthy/eyes-closed/patient54/T4.txt,143360,144384,15.290630539088747,186.7340137,0.0153477307626953,False
Healthy/eyes-closed/patient54/T5.txt,144384,145408,13.960779661063093,311.753598,-0.11132614236816403,False
Healthy/eyes-closed/patient54/T6.txt,0,1024,66.85574280070755,1342.665491,-0.044695793128955275,False
Healthy/eyes-closed/patient54/T6.txt,60416,61440,53.650888466063556,978.865322,0.032952150271581965,False
Healthy/eyes-closed/patient54/T6.txt,61440,62464,44.269537210123126,880.248574,0.03415202197988276,False
Healthy/eyes-closed/patient54/T6.txt,144384,145408,108.78235951200814,1977.408093,0.8991234075528117,False
Healthy/eyes-closed/patient55/C3.txt,0,1024,5.511319118546047,52.010453,0.07064059035449217,False
Healthy/eyes-closed/patient55/C3.txt,106496,107520,5.233326723821266,71.2454287,0.013312263717167948,False
Healthy/eyes-closed/patient55/C4.txt,0,1024,6.025798791921457,54.2063816,-0.07630838118474609,False
Healthy/eyes-closed/patient55/C4.txt,106496,107520,5.320625735774738,63.762322100000006,-0.01511040828493165,False
Healthy/eyes-closed/patient55/Cz.txt,0,1024,21.67705844536515,183.2719804,-0.2308308672322267,False
Healthy/eyes-closed/patient55/F3.txt,95232,96256,10.798108815443918,103.3490204,0.12193927079500988,False
Healthy/eyes-closed/patient55/F4.txt,38912,39936,6.837400848149465,111.3057983,0.04185863396708981,False
Healthy/eyes-closed/patient55/F4.txt,86016,87040,7.6309965747817525,186.1744622,0.05151977746886127,False
Healthy/eyes-closed/patient55/F4.txt,95232,96256,10.608587709950383,126.76636239999999,-0.04760796109707027,False
Healthy/eyes-closed/patient55/F4.txt,106496,107520,12.178798420092813,137.7466667,-0.07110366496027347,False
Healthy/eyes-closed/patient55/F7.txt,0,1024,20.333135465197692,154.92694999999998,-0.1847651011285644,False
Healthy/eyes-closed/patient55/F7.txt,56320,57344,16.69897061312101,170.1516013,-0.3194258116804102,False
Healthy/eyes-closed/patient55/F7.txt,66560,67584,12.053484511411602,176.6274543,-0.03511357926396487,False
Healthy/eyes-closed/patient55/F7.txt,86016,87040,10.41451272493484,173.6134741,0.02937712488743166,False
Healthy/eyes-closed/patient55/F7.txt,95232,96256,18.099698145461538,199.4917582,0.14928661223028322,False
Healthy/eyes-closed/patient55/F7.txt,106496,107520,24.7642300010781,383.942484,0.022462532669238366,False
Healthy/eyes-closed/patient55/F8.txt,0,1024,64.46062940135455,566.810008,-0.6665927383359379,False
Healthy/eyes-closed/patient55/F8.txt,38912,39936,10.800888236188797,201.2047009,0.042137857956015615,False
Healthy/eyes-closed/patient55/F8.txt,86016,87040,12.494739662425653,307.80333099999996,-0.12099825692021475,False
Healthy/eyes-closed/patient55/F8.txt,95232,96256,17.77626835383529,233.132006,-0.13116350602294238,False
Healthy/eyes-closed/patient55/F8.txt,106496,107520,24.95147760761243,384.06044599999996,0.04160948337421878,False
Healthy/eyes-closed/patient55/F8.txt,107520,108544,9.24466387764168,172.0418562,0.00274297029199215,False
Healthy/eyes-closed/patient55/Fp2.txt,38912,39936,12.518209573089923,169.0366555,0.3007248734065137,False
Healthy/eyes-closed/patient55/Fp2.txt,86016,87040,12.757845001844201,260.944824,0.1496066624349121,False
Healthy/eyes-closed/patient55/Fp2.txt,95232,96256,20.472059831308872,218.041695,-0.059927714382954966,False
Healthy/eyes-closed/patient55/Fp2.txt,106496,107520,16.6919252402639,217.6989148,-0.141224732858789,False
Healthy/eyes-closed/patient55/Fz.txt,0,1024,14.667792960864897,142.5906119,-0.1357776026038477,False
Healthy/eyes-closed/patient55/O2.txt,0,1024,13.235805926291718,147.871882,-0.04542211633388671,False
Healthy/eyes-closed/patient55/P3.txt,95232,96256,7.665981472312438,60.2261805,0.08611770808109373,False
Healthy/eyes-closed/patient55/P4.txt,0,1024,15.56287390082441,133.5256551,-0.15597901186845708,False
Healthy/eyes-closed/patient55/Pz.txt,0,1024,10.776813048339422,101.36268820000001,-0.09972057885830071,False
Healthy/eyes-closed/patient55/T4.txt,0,1024,31.167545512052687,269.368487,-0.2890733517154297,False
Healthy/eyes-closed/patient55/T4.txt,106496,107520,12.755162868418696,225.111764,0.01804684270732422,False
Healthy/eyes-closed/patient55/T5.txt,0,1024,24.77802703274291,235.086975,0.3023630236249023,False
Healthy/eyes-closed/patient56/Cz.txt,0,1024,13.052030485782021,114.8360358,-0.017102988416015652,False
Healthy/eyes-closed/patient56/F3.txt,0,1024,11.535123581127822,98.31492940000001,-0.0184528753688476,False
Healthy/eyes-closed/patient56/F4.txt,0,1024,12.303731224513044,106.2881787,-0.001915469244726506,False
Healthy/eyes-closed/patient56/F4.txt,18432,19456,4.373253940731967,85.1673916,0.00010179954313966136,False
Healthy/eyes-closed/patient56/F7.txt,8192,9216,6.5449413475705285,96.4501317,0.019814936532968737,False
Healthy/eyes-closed/patient56/F7.txt,13312,14336,5.880143971364259,100.20814680000001,0.029920226145397442,False
Healthy/eyes-closed/patient56/F7.txt,18432,19456,5.786687274418616,134.9980319,-0.024349904749658178,False
Healthy/eyes-closed/patient56/F7.txt,34816,35840,8.144493444322482,160.61367819999998,-0.0035659505838027544,False
Healthy/eyes-closed/patient56/F7.txt,37888,38912,7.803610460536781,160.0662164,-0.05413935227260745,False
Healthy/eyes-closed/patient56/F8.txt,0,1024,23.392595590845158,184.9225042,0.021953788463964896,False
Healthy/eyes-closed/patient56/F8.txt,18432,19456,7.333692523852528,156.0086024,-0.052416585787109365,False
Healthy/eyes-closed/patient56/F8.txt,218112,219136,8.884871318557309,109.52993260000001,0.09314159803181647,False
Healthy/eyes-closed/patient56/Fp1.txt,37888,38912,5.710290231071649,84.574242,0.037013416503320296,False
Healthy/eyes-closed/patient56/Fz.txt,0,1024,18.22008145177468,161.1868232,-0.008586252895117094,False
Healthy/eyes-closed/patient56/O1.txt,0,1024,11.246240342875295,91.1758866,0.05249960243646584,False
Healthy/eyes-closed/patient56/O2.txt,0,1024,26.36882915301271,239.83818000000002,0.04637399047890631,False
Healthy/eyes-closed/patient56/P3.txt,0,1024,7.442067027216124,61.547821,0.018178683395537146,False
Healthy/eyes-closed/patient56/P4.txt,0,1024,18.069891849303453,168.36043990000002,0.011779965088281191,False
Healthy/eyes-closed/patient56/Pz.txt,0,1024,14.567279324342586,120.2792756,-0.03698524062480467,False
Healthy/eyes-closed/patient56/T3.txt,0,1024,20.399906256463645,212.952692,-0.035051654650683495,False
Healthy/eyes-closed/patient56/T4.txt,0,1024,8.865709752051423,94.6146837,0.006251482223925721,False
Healthy/eyes-closed/patient56/T6.txt,0,1024,12.440277874447501,130.3303313,0.027112036774902336,False
Healthy/eyes-closed/patient57/C3.txt,34816,35840,7.710690520562547,118.5289444,0.022454203039785167,False
Healthy/eyes-closed/patient57/C3.txt,72704,73728,7.833921484829381,95.4095813,-0.09681659573424806,False
Healthy/eyes-closed/patient57/C3.txt,87040,88064,6.905781956055617,89.7010574,-0.11930765737943355,False
Healthy/eyes-closed/patient57/C3.txt,108544,109568,6.445558207705128,75.4121311,0.01014774935292971,False
Healthy/eyes-closed/patient57/C3.txt,125952,126976,4.884388340493781,76.8766581,-0.010603206207861343,False
Healthy/eyes-closed/patient57/C4.txt,34816,35840,7.604494187227703,109.9271549,0.09553913548117185,False
Healthy/eyes-closed/patient57/C4.txt,52224,53248,6.347151263764905,76.0595889,-0.08714195489910255,False
Healthy/eyes-closed/patient57/C4.txt,72704,73728,7.846921360222923,101.9082629,0.04878278403154297,False
Healthy/eyes-closed/patient57/C4.txt,87040,88064,6.929868282199016,89.7236121,0.11049478085207813,False
Healthy/eyes-closed/patient57/C4.txt,108544,109568,6.2425757398804205,82.1993962,-0.011647693033652352,False
Healthy/eyes-closed/patient57/C4.txt,145408,146432,7.318418046385794,76.9016777,-0.03454766495628905,False
Healthy/eyes-closed/patient57/Cz.txt,34816,35840,6.649368166655458,86.0721738,0.0438790612170899,False
Healthy/eyes-closed/patient57/Cz.txt,39936,40960,4.624178518811131,83.4491554,0.05745030096143555,False
Healthy/eyes-closed/patient57/F3.txt,6144,7168,14.856519473885822,128.5283207,0.23146451807480126,False
Healthy/eyes-closed/patient57/F3.txt,34816,35840,16.100604116766704,193.8818127,-0.16194936804443352,False
Healthy/eyes-closed/patient57/F3.txt,72704,73728,13.240974158349674,142.94295920000002,-0.18182594885087908,False
Healthy/eyes-closed/patient57/F3.txt,108544,109568,13.352503968054553,126.3064758,0.11462233120392584,False
Healthy/eyes-closed/patient57/F4.txt,6144,7168,11.629989693725097,136.27225099999998,-0.04212292583066406,False
Healthy/eyes-closed/patient57/F4.txt,11264,12288,9.990205891531266,160.5152281,-0.0942242017540625,False
Healthy/eyes-closed/patient57/F4.txt,34816,35840,13.819278328323236,213.793089,0.01618901322541988,False
Healthy/eyes-closed/patient57/F4.txt,52224,53248,10.992283585722346,153.18327269999997,-0.007883275753906273,False
Healthy/eyes-closed/patient57/F4.txt,72704,73728,14.973423652386957,200.84933949999999,0.06286719936306634,False
Healthy/eyes-closed/patient57/F4.txt,87040,88064,13.390336637768836,151.3682849,0.10320107792373046,False
Healthy/eyes-closed/patient57/F4.txt,108544,109568,12.109297485399283,170.87267509999998,0.012365891961865216,False
Healthy/eyes-closed/patient57/F4.txt,125952,126976,9.771157669442365,213.8260676,-0.03839874579999997,False
Healthy/eyes-closed/patient57/F4.txt,162816,163840,10.104617780440686,161.5869351,-0.009236320927138789,False
Healthy/eyes-closed/patient57/F7.txt,34816,35840,12.724419605571102,157.7779728,0.03215734834855466,False
Healthy/eyes-closed/patient57/F7.txt,72704,73728,12.328291383665006,139.8424575,-0.1847052889186523,False
Healthy/eyes-closed/patient57/F7.txt,125952,126976,10.20210000634052,140.1964575,0.0741278798210645,False
Healthy/eyes-closed/patient57/F8.txt,6144,7168,14.814073975537612,140.9103541,-0.22933791717159172,False
Healthy/eyes-closed/patient57/F8.txt,11264,12288,11.11367640078649,160.508924,0.10926059942423827,False
Healthy/eyes-closed/patient57/F8.txt,34816,35840,15.07788326456376,163.302634,0.060676964226786964,False
Healthy/eyes-closed/patient57/F8.txt,52224,53248,15.24842717537696,175.8137668,-0.2722642252845703,False
Healthy/eyes-closed/patient57/F8.txt,72704,73728,16.49693530670611,185.3549219,0.03029808129797855,False
Healthy/eyes-closed/patient57/F8.txt,87040,88064,16.688846164657377,166.60676,0.24142481388505863,False
Healthy/eyes-closed/patient57/F8.txt,108544,109568,12.974430906249525,168.62876119999999,-0.03346336385683599,False
Healthy/eyes-closed/patient57/F8.txt,125952,126976,11.95945699642477,196.6074845,0.08702931192734373,False
Healthy/eyes-closed/patient57/F8.txt,140288,141312,8.950029701476378,135.58975600000002,0.04129179191847659,False
Healthy/eyes-closed/patient57/F8.txt,145408,146432,15.52026973531319,172.4750621,-0.043961023742041035,False
Healthy/eyes-closed/patient57/F8.txt,162816,163840,11.613245386263943,164.7534115,-0.061811282678349594,False
Healthy/eyes-closed/patient57/Fp1.txt,6144,7168,51.43255225885065,331.317055,0.8479128098769484,False
Healthy/eyes-closed/patient57/Fp1.txt,7168,8192,46.72762724463072,239.714214,-0.9037857616313473,False
Healthy/eyes-closed/patient57/Fp1.txt,13312,14336,35.13659205601765,280.69656499999996,0.021921391478710833,False
Healthy/eyes-closed/patient57/Fp1.txt,34816,35840,50.91833474266708,357.869598,-0.6964895462300877,False
Healthy/eyes-closed/patient57/Fp1.txt,35840,36864,44.226335924210275,220.14536700000002,0.2928541029785158,False
Healthy/eyes-closed/patient57/Fp1.txt,46080,47104,31.83725359179494,235.50527699999998,-0.2534405758423436,False
Healthy/eyes-closed/patient57/Fp1.txt,52224,53248,45.94983133905261,278.070568,1.0904419823480467,False
Healthy/eyes-closed/patient57/Fp1.txt,53248,54272,41.38192979327211,228.281017,-1.597423720340527,False
Healthy/eyes-closed/patient57/Fp1.txt,58368,59392,29.167986944438457,219.10646200000002,0.26281775580311506,False
Healthy/eyes-closed/patient57/Fp1.txt,62464,63488,39.72642053739225,222.242432,-0.06874776210400424,False
Healthy/eyes-closed/patient57/Fp1.txt,72704,73728,36.00756054650126,224.265178,-0.5892133444059089,False
Healthy/eyes-closed/patient57/Fp1.txt,87040,88064,47.382462256999915,246.12775299999998,-1.1139344485048832,False
Healthy/eyes-closed/patient57/Fp1.txt,88064,89088,48.488502829221495,261.87488399999995,0.4547142828610352,False
Healthy/eyes-closed/patient57/Fp1.txt,92160,93184,44.90449445498068,279.390081,-0.4942686063291992,False
Healthy/eyes-closed/patient57/Fp1.txt,98304,99328,34.775972270188824,213.713402,-0.7763076806384765,False
Healthy/eyes-closed/patient57/Fp1.txt,108544,109568,42.05297043221306,231.41858100000002,0.5650323354825196,False
Healthy/eyes-closed/patient57/Fp1.txt,109568,110592,37.80881871442404,214.108877,-0.47656086733419906,False
Healthy/eyes-closed/patient57/Fp1.txt,114688,115712,27.0303092953517,210.4843121,-0.1528610973944335,False
Healthy/eyes-closed/patient57/Fp1.txt,143360,144384,35.75139325563135,212.938328,-0.3965791386840818,False
Healthy/eyes-closed/patient57/Fp2.txt,6144,7168,38.73391012709629,254.85078199999998,0.1720790493062598,False
Healthy/eyes-closed/patient57/Fp2.txt,34816,35840,36.52867262880053,291.503791,-0.36001778487942404,False
Healthy/eyes-closed/patient57/Fp2.txt,52224,53248,25.38932871347914,209.57187,0.6177503444076173,False
Healthy/eyes-closed/patient57/Fp2.txt,72704,73728,26.469928666146888,292.436619,-0.009368278773320499,False
Healthy/eyes-closed/patient57/Fp2.txt,108544,109568,29.728144707433014,264.23395800000003,0.35952247914707014,False
Healthy/eyes-closed/patient57/Fp2.txt,125952,126976,11.154130805737594,249.748451,0.01849511574254885,False
Healthy/eyes-closed/patient57/Fz.txt,34816,35840,13.221535601654857,118.5852175,0.007483371171982486,False
Healthy/eyes-closed/patient57/Fz.txt,39936,40960,6.387642102452617,117.2172867,0.1220563501084961,False
Healthy/eyes-closed/patient57/P3.txt,34816,35840,7.716197099736516,94.89738080000001,0.1266892434128418,False
Healthy/eyes-closed/patient57/P3.txt,72704,73728,8.134676896578835,90.4762951,-0.09510940036035152,False
Healthy/eyes-closed/patient57/T3.txt,0,1024,124.53265083705445,1180.1473999999998,-0.1732156770460942,False
Healthy/eyes-closed/patient57/T3.txt,1024,2048,397.0056265318924,4212.368930000001,0.3785308355941397,False
Healthy/eyes-closed/patient57/T3.txt,2048,3072,271.0981450825333,2086.625457,-0.647591344708007,False
Healthy/eyes-closed/patient57/T3.txt,6144,7168,343.35635402939533,3081.8291200000003,0.7667240556942384,False
Healthy/eyes-closed/patient57/T3.txt,7168,8192,143.1443450064269,739.068089,-1.3524222769062502,False
Healthy/eyes-closed/patient57/T3.txt,10240,11264,271.67190763882917,3193.57372,0.9644110312815339,False
Healthy/eyes-closed/patient57/T3.txt,11264,12288,93.35511892951952,1984.7669529999998,-0.9530797010712897,False
Healthy/eyes-closed/patient57/T3.txt,13312,14336,223.05077872197742,2273.29076,3.32160641485459,False
Healthy/eyes-closed/patient57/T3.txt,14336,15360,158.2753128007169,904.444141,-5.052339209268555,False
Healthy/eyes-closed/patient57/T3.txt,18432,19456,149.01759995098496,2779.82344,0.8104053217402356,False
Healthy/eyes-closed/patient57/T3.txt,21504,22528,238.92879813114257,2796.5722100000003,-0.5573158151533224,False
Healthy/eyes-closed/patient57/T3.txt,27648,28672,277.66639696683745,2858.51715,0.5192135569427836,False
Healthy/eyes-closed/patient57/T3.txt,28672,29696,100.46474529336939,483.613483,-1.3401051769189454,False
Healthy/eyes-closed/patient57/T3.txt,29696,30720,282.1666986158717,2459.3038500000002,-1.9817572815166011,False
Healthy/eyes-closed/patient57/T3.txt,30720,31744,225.17998521037956,2901.27176,3.585580982000976,False
Healthy/eyes-closed/patient57/T3.txt,34816,35840,381.13691530495055,3162.67916,-6.362645876555762,False
Healthy/eyes-closed/patient57/T3.txt,35840,36864,118.5479073041317,944.0051090000001,6.505653102195313,False
Healthy/eyes-closed/patient57/T3.txt,36864,37888,463.9663759845935,3344.01933,1.040855689421873,False
Healthy/eyes-closed/patient57/T3.txt,37888,38912,354.0056736564873,3325.0407999999998,0.9121841659411043,False
Healthy/eyes-closed/patient57/T3.txt,38912,39936,490.7963875009454,4384.17786,-2.9221149919806675,False
Healthy/eyes-closed/patient57/T3.txt,39936,40960,485.051304912598,3760.38681,5.4032271747500005,False
Healthy/eyes-closed/patient57/T3.txt,40960,41984,143.39216357119378,960.947821,-4.361627360211914,False
Healthy/eyes-closed/patient57/T3.txt,46080,47104,367.7993227659301,3636.55818,-1.0730350743681256,False
Healthy/eyes-closed/patient57/T3.txt,47104,48128,35.57693754054211,302.602779,1.1910253664628907,False
Healthy/eyes-closed/patient57/T3.txt,49152,50176,35.76431652260185,607.80195,-0.18668622543105462,False
Healthy/eyes-closed/patient57/T3.txt,52224,53248,32.23855504822246,519.520345,-0.6490992525870117,False
Healthy/eyes-closed/patient57/T3.txt,62464,63488,250.66784627126393,2006.5045690000002,-0.32424098354101516,False
Healthy/eyes-closed/patient57/T3.txt,63488,64512,94.02733057243839,459.997199,-0.3992716583750886,False
Healthy/eyes-closed/patient57/T3.txt,64512,65536,51.74086897062365,351.257607,0.7570775771562502,False
Healthy/eyes-closed/patient57/T3.txt,70656,71680,144.59669891482665,1816.366587,-0.007886252708300873,False
Healthy/eyes-closed/patient57/T3.txt,74752,75776,70.90134569075772,654.54735,0.9009212814216807,False
Healthy/eyes-closed/patient57/T3.txt,76800,77824,44.46369913699865,616.283432,0.05490353152080102,False
Healthy/eyes-closed/patient57/T3.txt,84992,86016,29.138043015757606,431.177275,-0.6619045900749022,False
Healthy/eyes-closed/patient57/T3.txt,86016,87040,123.99802618000973,1140.268776,0.04764853658001994,False
Healthy/eyes-closed/patient57/T3.txt,87040,88064,98.15945039596522,775.0787789999999,0.8532160782637683,False
Healthy/eyes-closed/patient57/T3.txt,88064,89088,60.07516572225834,399.929024,-0.3160494733107424,False
Healthy/eyes-closed/patient57/T3.txt,93184,94208,57.34106170914728,638.6899060000001,-1.1210922264306638,False
Healthy/eyes-closed/patient57/T6.txt,2048,3072,35.65346659369832,208.70318600000002,-0.26760450651044954,False
Healthy/eyes-closed/patient57/T6.txt,39936,40960,13.911375904528484,276.877771,-0.041116793382129015,False
Healthy/eyes-closed/patient57/T6.txt,144384,145408,15.232957525528253,226.68543540000002,0.03474933616012693,False
Healthy/eyes-closed/patient58/C3.txt,0,1024,5.797646496072313,58.7060802,-0.061754941490234416,False
Healthy/eyes-closed/patient58/C3.txt,10240,11264,2.503897255373606,57.6723858,-0.003819517076425796,False
Healthy/eyes-closed/patient58/C3.txt,142336,143360,3.989320047261749,50.2632655,0.020969125175825182,False
Healthy/eyes-closed/patient58/C3.txt,150528,151552,5.656196676022348,66.7859421,0.0313982107978809,False
Healthy/eyes-closed/patient58/C4.txt,0,1024,5.979356563080839,58.7060802,-0.046838953484199225,False
Healthy/eyes-closed/patient58/C4.txt,10240,11264,2.515450708377365,60.8221734,0.00015343561711230955,False
Healthy/eyes-closed/patient58/C4.txt,142336,143360,4.01442925759747,51.2858371,-0.019427146870312488,False
Healthy/eyes-closed/patient58/C4.txt,150528,151552,5.728908172117707,68.6211823,-0.017300821525185583,False
Healthy/eyes-closed/patient58/Cz.txt,0,1024,6.099672378382473,58.7060802,-0.047733515145039096,False
Healthy/eyes-closed/patient58/Cz.txt,10240,11264,2.2152519802691812,46.0403595,-0.015486523489290041,False
Healthy/eyes-closed/patient58/Cz.txt,90112,91136,3.8148400733291754,54.0288447,0.04770105730393556,False
Healthy/eyes-closed/patient58/Cz.txt,150528,151552,4.2560157454829435,44.957722000000004,-0.008018153590338861,False
Healthy/eyes-closed/patient58/Cz.txt,151552,152576,4.664955621129563,69.7533042,-0.023032861272197305,False
Healthy/eyes-closed/patient58/F3.txt,10240,11264,3.51027990335919,65.8435887,-0.011635145749022455,False
Healthy/eyes-closed/patient58/F3.txt,30720,31744,4.3835876248378485,76.1586101,0.08750938049305665,False
Healthy/eyes-closed/patient58/F3.txt,39936,40960,5.062872730419229,94.7277138,0.11708851730460942,False
Healthy/eyes-closed/patient58/F3.txt,142336,143360,8.034427163029058,120.0622773,-0.022773855455800816,False
Healthy/eyes-closed/patient58/F3.txt,150528,151552,10.001684444759011,118.85159619999999,-0.013452646463613327,False
Healthy/eyes-closed/patient58/F4.txt,7168,8192,9.231415942093975,76.9233301,-0.26721172608698246,False
Healthy/eyes-closed/patient58/F4.txt,150528,151552,8.460088170520889,97.7203325,-0.02021203346802937,False
Healthy/eyes-closed/patient58/F4.txt,151552,152576,7.592143798324819,80.8659963,0.02503217621757821,False
Healthy/eyes-closed/patient58/F7.txt,142336,143360,12.25032066662789,168.0621132,0.029199610339667947,False
Healthy/eyes-closed/patient58/F7.txt,150528,151552,18.12799186681877,196.52162579999998,0.17857479530751952,False
Healthy/eyes-closed/patient58/F8.txt,0,1024,72.91558148136912,1450.721671,-0.2941039827506835,False
Healthy/eyes-closed/patient58/F8.txt,90112,91136,65.20171816488899,1039.902982,-0.2191494040171088,False
Healthy/eyes-closed/patient58/F8.txt,150528,151552,25.916219868059976,326.250129,0.14260882469238287,False
Healthy/eyes-closed/patient58/F8.txt,151552,152576,107.39964924986293,1601.2059410000002,-0.2583395760393542,False
Healthy/eyes-closed/patient58/Fp1.txt,7168,8192,32.73036979994391,219.621577,0.2403223197264357,False
Healthy/eyes-closed/patient58/Fp1.txt,30720,31744,22.579060028198374,174.9429998,0.8575881580487305,False
Healthy/eyes-closed/patient58/Fp1.txt,60416,61440,36.99814294086499,227.967242,-1.3626161651041018,False
Healthy/eyes-closed/patient58/Fp2.txt,6144,7168,21.53186412002661,185.106494,0.6344373906260741,False
Healthy/eyes-closed/patient58/Fp2.txt,7168,8192,29.25630959973053,225.654602,-0.7223177209902342,False
Healthy/eyes-closed/patient58/Fp2.txt,29696,30720,21.697418167798006,185.4304831,-0.794780257542676,False
Healthy/eyes-closed/patient58/Fp2.txt,30720,31744,27.002280449001848,212.8935357,1.1662055419252146,False
Healthy/eyes-closed/patient58/Fp2.txt,76800,77824,21.481512624417906,175.9592561,0.30140380743839834,False
Healthy/eyes-closed/patient58/Fz.txt,90112,91136,5.561289691370982,87.85992329999999,-0.016321407657001935,False
Healthy/eyes-closed/patient58/Fz.txt,151552,152576,11.160414606908411,99.5444884,-0.1736360629893554,False
Healthy/eyes-closed/patient58/O2.txt,10240,11264,4.152534215858492,78.4504709,-0.016648333312968763,False
Healthy/eyes-closed/patient58/O2.txt,150528,151552,6.565407484445161,79.0219766,0.00495600416049511,False
Healthy/eyes-closed/patient58/P3.txt,0,1024,6.182169053443473,58.7060802,-0.06800976153808592,False
Healthy/eyes-closed/patient58/P3.txt,10240,11264,3.3674953513676664,72.7976586,-0.01783850948070317,False
Healthy/eyes-closed/patient58/P4.txt,0,1024,6.194804723462542,58.7060802,-0.04038035254796875,False
Healthy/eyes-closed/patient58/P4.txt,10240,11264,3.2213200902642,63.4997252,0.0032008800671923555,False
Healthy/eyes-closed/patient58/P4.txt,150528,151552,5.755866699690663,74.1651152,-0.024237437697070326,False
Healthy/eyes-closed/patient58/Pz.txt,0,1024,5.963342313322368,58.7060802,-0.05031993624917966,False
Healthy/eyes-closed/patient58/Pz.txt,10240,11264,2.833539341155121,63.25405000000001,-0.01787822589873048,False
Healthy/eyes-closed/patient58/Pz.txt,150528,151552,4.729819939683558,57.6227992,-0.008147728293232438,False
Healthy/eyes-closed/patient58/T3.txt,150528,151552,13.235184432334853,138.0554951,0.10682056676441407,False
Healthy/eyes-closed/patient58/T4.txt,0,1024,9.322185417985011,113.48175,-0.020694249423144642,False
Healthy/eyes-closed/patient58/T4.txt,150528,151552,13.877755986577082,158.58715919999997,0.08218137407822271,False
Healthy/eyes-closed/patient58/T4.txt,151552,152576,11.579736807603162,153.81635219999998,-0.09914621415707028,False
Healthy/eyes-closed/patient58/T6.txt,90112,91136,10.358305689677923,135.3092394,-0.07419550946884776,False
Healthy/eyes-closed/patient58/T6.txt,151552,152576,13.63773199592766,160.8657551,-0.07335544522431633,False
Healthy/eyes-closed/patient59/C3.txt,0,1024,27.127692344225505,323.68341699999996,0.14393780631734596,False
Healthy/eyes-closed/patient59/C3.txt,13312,14336,8.482708074679957,126.5169205,0.020269069289377002,False
Healthy/eyes-closed/patient59/C3.txt,37888,38912,5.151165064315399,79.7366265,-0.04219279734051759,False
Healthy/eyes-closed/patient59/C3.txt,89088,90112,5.924859381799982,74.24752280000001,-0.009844126478671871,False
Healthy/eyes-closed/patient59/C3.txt,100352,101376,5.158928729796829,76.4686802,0.02677319679768557,False
Healthy/eyes-closed/patient59/C3.txt,108544,109568,8.920938590254078,85.47454590000001,-0.01713016032688478,False
Healthy/eyes-closed/patient59/C3.txt,162816,163840,6.286440268565385,93.5268551,0.0019037228083983795,False
Healthy/eyes-closed/patient59/C4.txt,0,1024,23.55137410195324,266.03538000000003,-0.08956111412087683,False
Healthy/eyes-closed/patient59/C4.txt,13312,14336,8.489566370844406,125.7755135,-0.01812899557847662,False
Healthy/eyes-closed/patient59/C4.txt,37888,38912,5.1668835996120475,81.6147152,0.04453292678188478,False
Healthy/eyes-closed/patient59/C4.txt,89088,90112,5.953728464236506,71.50106120000001,0.00744920979178711,False
Healthy/eyes-closed/patient59/C4.txt,100352,101376,5.102776394882759,75.0393886,-0.021035379368437565,False
Healthy/eyes-closed/patient59/C4.txt,108544,109568,8.913110937963003,86.2485273,0.017457953368657228,False
Healthy/eyes-closed/patient59/C4.txt,162816,163840,6.273659122969243,91.4633934,-0.0043273653565662935,False
Healthy/eyes-closed/patient59/Cz.txt,0,1024,23.801340715088866,242.263733,-0.007250555414421711,False
Healthy/eyes-closed/patient59/Cz.txt,13312,14336,5.806574151352913,73.0531327,-0.03558741470222656,False
Healthy/eyes-closed/patient59/Cz.txt,162816,163840,4.876315121684376,70.4839752,0.0012024666987890814,False
Healthy/eyes-closed/patient59/F3.txt,0,1024,18.349955846318693,192.8865194,0.0471222876207443,False
Healthy/eyes-closed/patient59/F3.txt,13312,14336,14.949042995475061,236.0675563,0.0050155111043945245,False
Healthy/eyes-closed/patient59/F3.txt,37888,38912,7.704859405113268,121.7122086,-0.0813681112346875,False
Healthy/eyes-closed/patient59/F3.txt,94208,95232,9.234123141688215,153.5025595,-0.07770993067366211,False
Healthy/eyes-closed/patient59/F3.txt,104448,105472,9.904245193313894,129.3051929,0.04720314322832033,False
Healthy/eyes-closed/patient59/F3.txt,108544,109568,17.56641563489751,153.1237184,0.007719678220843823,False
Healthy/eyes-closed/patient59/F3.txt,157696,158720,8.014358505205392,122.57611109999999,0.04293286907560545,False
Healthy/eyes-closed/patient59/F3.txt,162816,163840,8.374369880744506,123.3904411,0.03016811136513678,False
Healthy/eyes-closed/patient59/F4.txt,0,1024,27.16466048221991,269.06480799999997,0.01539494048019735,False
Healthy/eyes-closed/patient59/F4.txt,13312,14336,9.632925135438002,120.8678758,-0.07135687638906252,False
Healthy/eyes-closed/patient59/F4.txt,89088,90112,9.451052594799268,109.7191573,0.01172522631848627,False
Healthy/eyes-closed/patient59/F4.txt,108544,109568,10.440123584556401,101.5537132,0.04205990526195311,False
Healthy/eyes-closed/patient59/F4.txt,162816,163840,9.33833030618521,143.9006255,-0.0303600332879884,False
Healthy/eyes-closed/patient59/F7.txt,0,1024,20.711511749148663,252.291653,0.15430844352961165,False
Healthy/eyes-closed/patient59/F7.txt,13312,14336,17.547104102673913,194.9598858,-0.01959049098242191,False
Healthy/eyes-closed/patient59/F7.txt,37888,38912,10.759735569249095,192.8032877,-0.17909089701435543,False
Healthy/eyes-closed/patient59/F7.txt,108544,109568,17.238621138373382,164.0365736,0.1322112435524707,False
Healthy/eyes-closed/patient59/F8.txt,0,1024,38.50800644994644,397.297352,0.02775060789816619,False
Healthy/eyes-closed/patient59/F8.txt,13312,14336,13.10658399284196,150.0956233,-0.126409144500586,False
Healthy/eyes-closed/patient59/F8.txt,89088,90112,15.495366778535333,226.624344,-0.05646102101308595,False
Healthy/eyes-closed/patient59/F8.txt,100352,101376,14.010605904953769,205.4104257,-0.16703511473024407,False
Healthy/eyes-closed/patient59/F8.txt,162816,163840,15.83957216813225,232.551712,-0.01002706146552737,False
Healthy/eyes-closed/patient59/Fp1.txt,0,1024,16.67283840019266,183.60351939999998,0.11703060413281467,False
Healthy/eyes-closed/patient59/Fp1.txt,13312,14336,17.168946197898833,155.0628649,-0.02110968189012688,False
Healthy/eyes-closed/patient59/Fp1.txt,108544,109568,19.573516299681096,152.8059971,0.1750369393061328,False
Healthy/eyes-closed/patient59/Fp1.txt,110592,111616,15.983607890583963,142.2591392,0.20956761088306639,False
Healthy/eyes-closed/patient59/Fp2.txt,0,1024,18.55102191640173,188.6508602,0.02980768439504125,False
Healthy/eyes-closed/patient59/Fz.txt,0,1024,29.061678706255066,268.27475,-0.0026874746623807844,False
Healthy/eyes-closed/patient59/O1.txt,0,1024,64.56163642906209,886.445119,-0.18612184242527158,False
Healthy/eyes-closed/patient59/O1.txt,54272,55296,18.92760966826727,299.470415,-0.13495784033285158,False
Healthy/eyes-closed/patient59/O1.txt,55296,56320,27.175141010801052,195.40422239999998,0.007853089904052757,False
Healthy/eyes-closed/patient59/O2.txt,0,1024,79.22857086421624,1035.505922,-0.3157615016758286,False
Healthy/eyes-closed/patient59/P3.txt,0,1024,42.92447893734333,550.934981,-0.07706768459206792,False
Healthy/eyes-closed/patient59/P4.txt,0,1024,72.19312141561818,992.9997249999999,-0.256708993252615,False
Healthy/eyes-closed/patient59/Pz.txt,0,1024,241.76074455748426,3132.9809299999997,-0.4440064600670681,False
Healthy/eyes-closed/patient59/T3.txt,0,1024,25.12031135438751,327.681247,0.011887543497677927,False
Healthy/eyes-closed/patient59/T3.txt,13312,14336,21.535710588288808,277.670863,-0.02425014588867197,False
Healthy/eyes-closed/patient59/T3.txt,37888,38912,15.148465636681387,237.054732,-0.02851821605664054,False
Healthy/eyes-closed/patient59/T4.txt,0,1024,20.540081349105353,258.472207,-0.014255090686989894,False
Healthy/eyes-closed/patient59/T4.txt,13312,14336,14.912579099018217,182.6296757,-0.11995897161689445,False
Healthy/eyes-closed/patient59/T4.txt,29696,30720,18.58642077006243,223.9095332,0.17807552471768548,False
Healthy/eyes-closed/patient59/T4.txt,76800,77824,13.933704694299362,207.3252831,0.019249855777929703,False
Healthy/eyes-closed/patient59/T4.txt,89088,90112,19.686050726023314,288.871987,0.023607404462900175,False
Healthy/eyes-closed/patient59/T4.txt,100352,101376,17.035257090101826,245.113402,-0.05690819003693372,False
Healthy/eyes-closed/patient59/T4.txt,104448,105472,10.987881634462898,159.46344520000002,0.04200617550947265,False
Healthy/eyes-closed/patient59/T4.txt,105472,106496,9.842528266453353,163.8266384,-0.04924688221582031,False
Healthy/eyes-closed/patient59/T4.txt,123904,124928,12.793254285657397,161.7174244,-0.005198584389160141,False
Healthy/eyes-closed/patient59/T4.txt,134144,135168,9.550903880296653,151.0525557,0.003658803978320198,False
Healthy/eyes-closed/patient59/T4.txt,162816,163840,20.38321945956038,308.85471,-0.0387339835791992,False
Healthy/eyes-closed/patient59/T5.txt,0,1024,36.856328835330004,416.339947,0.2140766616794165,False
Healthy/eyes-closed/patient59/T5.txt,13312,14336,14.139374627334528,180.9330886,0.003769829550839928,False
Healthy/eyes-closed/patient59/T6.txt,0,1024,222.113082824012,3094.90477,-0.6627623952269308,False
Healthy/eyes-closed/patient60/F3.txt,65536,66560,9.984984359604947,200.10391349999998,-0.05183145264163085,False
Healthy/eyes-closed/patient60/F4.txt,65536,66560,9.207812510360302,132.4458727,-0.025110476935117223,False
Healthy/eyes-closed/patient60/Fp1.txt,65536,66560,20.12086451443149,409.910191,-0.014893464578515647,False
Healthy/eyes-closed/patient60/Fp2.txt,65536,66560,15.949154457480802,258.158521,-0.047076849169238266,False
Healthy/eyes-closed/patient60/O2.txt,0,1024,16.402922765352695,239.73916200000002,-0.10425195924524419,False
Healthy/eyes-closed/patient60/O2.txt,148480,149504,16.390819184916094,215.5307395,0.13027382439755847,False
Healthy/eyes-closed/patient60/P3.txt,0,1024,11.089641560522507,123.7380325,-0.07431971248690922,False
Healthy/eyes-closed/patient60/T3.txt,65536,66560,37.707262656110295,362.561379,-0.06658991554287103,False
Healthy/eyes-closed/patient60/T3.txt,66560,67584,17.97123431941437,176.0655879,0.19047859576573256,False
Healthy/eyes-closed/patient60/T4.txt,65536,66560,51.77895764677092,501.168969,0.0181063460038672,False
Healthy/eyes-closed/patient60/T4.txt,66560,67584,28.76462419629445,336.721455,0.03044836328671899,False
Healthy/eyes-closed/patient60/T5.txt,65536,66560,111.12125953768219,1120.5388830000002,-0.022353847823949106,False
Healthy/eyes-closed/patient60/T5.txt,66560,67584,48.34909835058966,596.752663,-0.006815336163573743,False
Healthy/eyes-closed/patient60/T6.txt,65536,66560,105.26108785225517,1085.147398,0.002920885648926397,False
Healthy/eyes-closed/patient60/T6.txt,66560,67584,56.59166129592351,693.021712,-0.05409644765662064,False
Healthy/eyes-closed/patient61/F3.txt,26624,27648,10.370471414642482,144.06707899999998,0.05551195025192381,False
Healthy/eyes-closed/patient61/F7.txt,26624,27648,13.431756908975949,225.834831,0.06674692173867186,False
Healthy/eyes-closed/patient61/F8.txt,26624,27648,13.057884845372724,177.6962342,0.029583950549511573,False
Healthy/eyes-closed/patient61/T6.txt,69632,70656,32.01591241372049,384.71772699999997,-0.19236874318876956,False
Healthy/eyes-closed/patient62/C3.txt,0,1024,12.29592444986441,103.31334129999999,-0.0023145063138280686,False
Healthy/eyes-closed/patient62/C3.txt,7168,8192,7.961864767701541,101.4039882,0.03878900627399416,False
Healthy/eyes-closed/patient62/C3.txt,11264,12288,4.153604194825291,50.303852,0.02894218488150392,False
Healthy/eyes-closed/patient62/C3.txt,27648,28672,4.549751495192154,67.75923180000001,-0.024264093951246086,False
Healthy/eyes-closed/patient62/C3.txt,32768,33792,7.08851264081962,114.66880309999999,0.04580519540824217,False
Healthy/eyes-closed/patient62/C3.txt,44032,45056,3.7291319269582726,54.9928831,-0.03875898394752929,False
Healthy/eyes-closed/patient62/C3.txt,48128,49152,6.33318085608126,94.24259040000001,-0.056191838214765595,False
Healthy/eyes-closed/patient62/C3.txt,50176,51200,6.158028685483618,77.1389815,0.050773456790312456,False
Healthy/eyes-closed/patient62/C3.txt,53248,54272,5.987627893412098,76.1660541,0.0015541067914453324,False
Healthy/eyes-closed/patient62/C3.txt,54272,55296,7.480281670014714,99.2898378,0.0476033632584571,False
Healthy/eyes-closed/patient62/C3.txt,57344,58368,6.849993273627584,113.612101,-0.0056292917941503946,False
Healthy/eyes-closed/patient62/C3.txt,59392,60416,10.497398517238897,117.48528830000001,0.007450396701337909,False
Healthy/eyes-closed/patient62/C3.txt,64512,65536,4.411572576178556,66.3516091,-0.005515497697382812,False
Healthy/eyes-closed/patient62/C3.txt,71680,72704,4.584056160019229,69.0264856,-0.05310294038753909,False
Healthy/eyes-closed/patient62/C3.txt,94208,95232,5.951386444589256,80.8262404,-0.01511280205425778,False
Healthy/eyes-closed/patient62/C3.txt,104448,105472,3.8270983108106216,61.9056079,-0.006894938357080098,False
Healthy/eyes-closed/patient62/C3.txt,106496,107520,3.9769678941587077,62.6857307,-0.05102599555814841,False
Healthy/eyes-closed/patient62/C3.txt,107520,108544,8.47836648975038,123.17462929999999,0.0922748271692578,False
Healthy/eyes-closed/patient62/C3.txt,108544,109568,8.738507413726431,109.00307409999999,-0.034041395507739214,False
Healthy/eyes-closed/patient62/C3.txt,110592,111616,6.417195390342803,93.6457561,-0.022276224970253933,False
Healthy/eyes-closed/patient62/C3.txt,126976,128000,5.302385342754619,79.10831730000001,-0.04256616830402049,False
Healthy/eyes-closed/patient62/C3.txt,130048,131072,3.125363115844656,59.5875565,-0.03925341358633791,False
Healthy/eyes-closed/patient62/C3.txt,132096,133120,5.518333941992927,77.8604513,-0.004596440346201158,False
Healthy/eyes-closed/patient62/C3.txt,133120,134144,6.075304085684706,73.9352122,-0.03150053783630861,False
Healthy/eyes-closed/patient62/C3.txt,136192,137216,6.237481573622827,83.39438960000001,-0.04822551471765918,False
Healthy/eyes-closed/patient62/C3.txt,143360,144384,3.4581173507840317,50.8489584,-0.01739351678347071,False
Healthy/eyes-closed/patient62/C3.txt,153600,154624,3.0739459022020217,55.0460161,-0.008182498263398398,False
Healthy/eyes-closed/patient62/C3.txt,156672,157696,3.4329750826637406,65.3458776,0.023787243199833986,False
Healthy/eyes-closed/patient62/C4.txt,0,1024,13.669012810844757,114.8175856,0.007472436058037019,False
Healthy/eyes-closed/patient62/C4.txt,7168,8192,8.055828436803365,104.7503503,-0.03317238559027343,False
Healthy/eyes-closed/patient62/C4.txt,11264,12288,4.154174607974217,51.2616826,-0.031243138637744153,False
Healthy/eyes-closed/patient62/C4.txt,27648,28672,4.553914869231857,69.1165308,0.022041696265732418,False
Healthy/eyes-closed/patient62/C4.txt,32768,33792,7.112734746092808,113.9916337,-0.03879408216314841,False
Healthy/eyes-closed/patient62/C4.txt,44032,45056,3.7233991210483945,55.0257906,0.04339072615097267,False
Healthy/eyes-closed/patient62/C4.txt,48128,49152,6.345338272619338,93.2647915,0.04593399424920903,False
Healthy/eyes-closed/patient62/C4.txt,50176,51200,6.154834251632686,77.7769457,-0.043444643947929726,False
Healthy/eyes-closed/patient62/C4.txt,53248,54272,6.0203756049869295,76.7820271,-0.0032817064313866613,False
Healthy/eyes-closed/patient62/C4.txt,54272,55296,7.4838286743654745,98.0068959,-0.03877760956975298,False
Healthy/eyes-closed/patient62/C4.txt,57344,58368,6.815010901058879,113.9113446,0.00049646480810547,False
Healthy/eyes-closed/patient62/C4.txt,59392,60416,10.549785293425,117.9069025,-0.008277198656250033,False
Healthy/eyes-closed/patient62/C4.txt,64512,65536,4.444060642140937,66.9444346,0.0006699631297207298,False
Healthy/eyes-closed/patient62/C4.txt,71680,72704,4.643751846358846,69.72642400000001,0.0492321202494629,False
Healthy/eyes-closed/patient62/C4.txt,94208,95232,5.994908544161504,81.72288169999999,0.0056203652712812045,False
Healthy/eyes-closed/patient62/C4.txt,104448,105472,3.856846653636643,62.5172604,0.015110683823398446,False
Healthy/eyes-closed/patient62/C4.txt,106496,107520,4.029242222884515,63.5243854,0.06747213098640623,False
Healthy/eyes-closed/patient62/C4.txt,107520,108544,8.488161936056942,122.9826571,-0.1033124844497188,False
Healthy/eyes-closed/patient62/C4.txt,108544,109568,8.753804559824433,110.0997557,0.03542582303906256,False
Healthy/eyes-closed/patient62/C4.txt,110592,111616,6.496808220605819,94.2773596,0.020595031551823295,False
Healthy/eyes-closed/patient62/C4.txt,126976,128000,5.338637001888783,81.92100930000001,0.04652671893526365,False
Healthy/eyes-closed/patient62/C4.txt,130048,131072,3.1481902599627944,59.39645900000001,0.04509371442791016,False
Healthy/eyes-closed/patient62/C4.txt,132096,133120,5.503012984107639,80.1104598,0.005006536241431669,False
Healthy/eyes-closed/patient62/C4.txt,133120,134144,6.1078373647177475,75.08990929999999,0.029510377012724614,False
Healthy/eyes-closed/patient62/C4.txt,136192,137216,6.242361295824048,83.37725850000001,0.05060481885545898,False
Healthy/eyes-closed/patient62/C4.txt,153600,154624,3.1114374691892066,55.5572009,0.004484341407878907,False
Healthy/eyes-closed/patient62/C4.txt,156672,157696,3.449238019617909,65.8053015,-0.02107327250937499,False
Healthy/eyes-closed/patient62/Cz.txt,0,1024,26.190027163941863,367.966419,0.005381649985224571,False
Healthy/eyes-closed/patient62/F3.txt,0,1024,11.79811108048002,99.7000287,0.008406991661406307,False
Healthy/eyes-closed/patient62/F3.txt,7168,8192,9.459681994814407,123.82179930000001,0.09270384420488284,False
Healthy/eyes-closed/patient62/F3.txt,11264,12288,7.073578363718375,89.6737612,0.08048440278179685,False
Healthy/eyes-closed/patient62/F3.txt,27648,28672,6.101231818280732,86.2778059,-0.020032471316601547,False
Healthy/eyes-closed/patient62/F3.txt,32768,33792,8.48685522826921,105.5120606,0.05568104797961909,False
Healthy/eyes-closed/patient62/F3.txt,48128,49152,8.212184770426491,117.4419155,-0.012503096312695305,False
Healthy/eyes-closed/patient62/F3.txt,50176,51200,8.344937616474539,103.9327319,0.037292546119060466,False
Healthy/eyes-closed/patient62/F3.txt,53248,54272,8.404326468928533,96.38449299999999,-0.027053598440000007,False
Healthy/eyes-closed/patient62/F3.txt,54272,55296,9.361489670595969,131.1366107,0.007310741233867123,False
Healthy/eyes-closed/patient62/F3.txt,57344,58368,8.880886986757462,160.70902080000002,0.00758923898057616,False
Healthy/eyes-closed/patient62/F3.txt,59392,60416,13.823123760960739,156.5375724,0.014147366205917944,False
Healthy/eyes-closed/patient62/F3.txt,71680,72704,7.138935789781996,130.335463,-0.0005357178495214721,False
Healthy/eyes-closed/patient62/F3.txt,94208,95232,8.770025133013368,121.4651767,-0.0036302310873915777,False
Healthy/eyes-closed/patient62/F3.txt,107520,108544,10.071994845512714,154.9016143,0.14630585706256832,False
Healthy/eyes-closed/patient62/F3.txt,108544,109568,11.398284246611974,153.4020828,-0.07527071414135592,False
Healthy/eyes-closed/patient62/F3.txt,110592,111616,8.561593227350135,96.83413759999999,-0.01601633031728523,False
Healthy/eyes-closed/patient62/F3.txt,126976,128000,6.8059672739554005,107.5025738,-0.027581944940527292,False
Healthy/eyes-closed/patient62/F3.txt,132096,133120,7.885951978157992,143.8925927,-0.04094058365788085,False
Healthy/eyes-closed/patient62/F3.txt,133120,134144,8.447034799351623,145.826694,-0.0035398460393359574,False
Healthy/eyes-closed/patient62/F3.txt,136192,137216,8.016176377484797,113.2140714,-0.07783617206912102,False
Healthy/eyes-closed/patient62/F3.txt,156672,157696,5.307215161379427,106.62252,-0.0047792081808398605,False
Healthy/eyes-closed/patient62/F4.txt,0,1024,17.148668259900855,142.6230679,-0.01577167409677735,False
Healthy/eyes-closed/patient62/F4.txt,7168,8192,11.899412380414272,155.21506060000002,0.03220573313059581,False
Healthy/eyes-closed/patient62/F4.txt,27648,28672,6.903604501528102,94.94341969999999,0.018488691736765567,False
Healthy/eyes-closed/patient62/F4.txt,32768,33792,9.268545445034366,148.4898596,-0.03247867808925777,False
Healthy/eyes-closed/patient62/F4.txt,37888,38912,6.634457598085829,88.4803792,0.0018931940382715395,False
Healthy/eyes-closed/patient62/F4.txt,44032,45056,5.601280649781971,77.03176020000001,0.0411366190731445,False
Healthy/eyes-closed/patient62/F4.txt,48128,49152,7.9563151498794,96.15005260000001,0.010724500260312452,False
Healthy/eyes-closed/patient62/F4.txt,50176,51200,11.060472924919392,136.12860690000002,-0.014268982837207062,False
Healthy/eyes-closed/patient62/F4.txt,53248,54272,8.753741091164889,117.6687998,-0.008953616164082034,False
Healthy/eyes-closed/patient62/F4.txt,54272,55296,11.949976717367432,170.3348704,-0.046920105187197345,False
Healthy/eyes-closed/patient62/F4.txt,57344,58368,8.971097993344761,141.3860076,-0.005209516995634763,False
Healthy/eyes-closed/patient62/F4.txt,59392,60416,14.56951504055726,178.3102975,0.007820639935693357,False
Healthy/eyes-closed/patient62/F4.txt,64512,65536,6.09289205272623,108.9505982,-0.07650175047419924,False
Healthy/eyes-closed/patient62/F4.txt,71680,72704,6.69513968446575,86.6662426,0.11767518726786132,False
Healthy/eyes-closed/patient62/F4.txt,88064,89088,5.545506542955918,79.1285978,0.0149994982719629,False
Healthy/eyes-closed/patient62/F4.txt,94208,95232,7.6191330747540995,86.2673281,0.04507291582686514,False
Healthy/eyes-closed/patient62/F4.txt,104448,105472,6.533944618918559,95.0843989,-0.04263600226429688,False
Healthy/eyes-closed/patient62/F4.txt,107520,108544,12.521430795607575,160.434887,-0.14770991841664047,False
Healthy/eyes-closed/patient62/F4.txt,108544,109568,11.414761607153029,131.33086079999998,0.06235340606666015,False
Healthy/eyes-closed/patient62/F4.txt,110592,111616,8.260768185055497,99.08213140000001,-0.022202902337057615,False
Healthy/eyes-closed/patient62/F4.txt,126976,128000,8.004528532290799,128.55842710000002,0.0297517974720703,False
Healthy/eyes-closed/patient62/F4.txt,132096,133120,9.234658062225215,141.2152304,-0.0067880502383496355,False
Healthy/eyes-closed/patient62/F4.txt,133120,134144,9.424313036974823,131.08197810000001,0.025908664787792916,False
Healthy/eyes-closed/patient62/F4.txt,136192,137216,8.091065947224406,89.5516586,-0.0075970036413867265,False
Healthy/eyes-closed/patient62/F4.txt,153600,154624,4.91959016336,93.4535339,0.041938425556347636,False
Healthy/eyes-closed/patient62/F7.txt,0,1024,36.804688913916195,303.141455,0.07697174776024435,False
Healthy/eyes-closed/patient62/F7.txt,7168,8192,26.01450685848226,293.93873099999996,0.05786498247294938,False
Healthy/eyes-closed/patient62/F7.txt,11264,12288,13.637042242551152,174.2326031,0.04635870926132814,False
Healthy/eyes-closed/patient62/F7.txt,27648,28672,15.275480514490374,212.94763319999998,-0.025355875447148457,False
Healthy/eyes-closed/patient62/F7.txt,32768,33792,20.956127171027042,342.034196,-0.21687954693008782,False
Healthy/eyes-closed/patient62/F7.txt,37888,38912,12.897115268689445,141.19824440000002,0.3969558359589843,False
Healthy/eyes-closed/patient62/F7.txt,44032,45056,11.073229047255456,142.1232162,0.014510799161025392,False
Healthy/eyes-closed/patient62/F7.txt,48128,49152,24.750048339509654,323.009704,0.19432425202050765,False
Healthy/eyes-closed/patient62/F7.txt,50176,51200,21.122341103212598,323.831709,-0.012173216773047002,False
Healthy/eyes-closed/patient62/F7.txt,53248,54272,21.1729819978779,275.198116,-0.03152976089781259,False
Healthy/eyes-closed/patient62/F7.txt,54272,55296,26.069904261346302,367.505089,-0.2533396310972657,False
Healthy/eyes-closed/patient62/F7.txt,57344,58368,21.706367772466752,345.826708,0.03684625781284165,False
Healthy/eyes-closed/patient62/F7.txt,59392,60416,35.903880597703456,329.365317,-0.27536947942822254,False
Healthy/eyes-closed/patient62/F7.txt,64512,65536,14.687701879150465,191.4855205,0.0864533916189453,False
Healthy/eyes-closed/patient62/F7.txt,71680,72704,14.432307653580509,215.42015800000001,-0.011704389781601585,False
Healthy/eyes-closed/patient62/F7.txt,88064,89088,10.362683218704957,152.6598405,0.04387345493761717,False
Healthy/eyes-closed/patient62/F7.txt,94208,95232,19.618138224848398,269.061123,0.08283866126071299,False
Healthy/eyes-closed/patient62/F7.txt,104448,105472,12.071298095855523,157.7241888,-0.07158526812350877,False
Healthy/eyes-closed/patient62/F7.txt,106496,107520,13.414270139426483,282.66064800000004,0.12447927978668943,False
Healthy/eyes-closed/patient62/F7.txt,107520,108544,27.729736206592808,408.789899,0.024216352849414063,False
Healthy/eyes-closed/patient62/F7.txt,108544,109568,29.51249950999761,323.59391500000004,-0.24699677634501963,False
Healthy/eyes-closed/patient62/F7.txt,110592,111616,22.606484031576656,267.375677,-0.047792511483398324,False
Healthy/eyes-closed/patient62/F7.txt,126976,128000,17.01691951266967,234.615599,0.025906246568457074,False
Healthy/eyes-closed/patient62/F7.txt,130048,131072,10.316626525727187,217.0482963,0.037149432913964886,False
Healthy/eyes-closed/patient62/F7.txt,132096,133120,21.00493080873152,331.114364,-0.09717632737050794,False
Healthy/eyes-closed/patient62/F7.txt,133120,134144,18.581584315509755,300.34462629999996,0.14173355408852545,False
Healthy/eyes-closed/patient62/F7.txt,136192,137216,20.9010883766844,254.222917,-0.050526862584521465,False
Healthy/eyes-closed/patient62/F7.txt,156672,157696,10.19468850517544,208.5757367,0.06622222207398634,False
Healthy/eyes-closed/patient62/F8.txt,7168,8192,23.48288471672269,364.331251,0.13490197640855,False
Healthy/eyes-closed/patient62/F8.txt,11264,12288,12.841376893702321,184.9999704,-0.04531193678165727,False
Healthy/eyes-closed/patient62/F8.txt,20480,21504,12.299315389463901,176.4755666,-0.05339441495292961,False
Healthy/eyes-closed/patient62/F8.txt,27648,28672,16.94402873609248,206.7269967,-0.1379651218851563,False
Healthy/eyes-closed/patient62/F8.txt,32768,33792,17.588847219894646,226.4651225,-0.33271011784823235,False
Healthy/eyes-closed/patient62/F8.txt,37888,38912,15.438918251052318,211.4546982,0.18115956843955078,False
Healthy/eyes-closed/patient62/F8.txt,44032,45056,15.371981483704984,289.758133,0.02338205010171876,False
Healthy/eyes-closed/patient62/F8.txt,48128,49152,21.585233189360785,353.48389699999996,0.23044095476767573,False
Healthy/eyes-closed/patient62/F8.txt,50176,51200,27.392967904166355,434.785923,0.05055154636146486,False
Healthy/eyes-closed/patient62/F8.txt,53248,54272,19.236658204098333,223.559703,-0.014678099957714963,False
Healthy/eyes-closed/patient62/F8.txt,54272,55296,32.022924273856795,502.10710800000004,-0.0716326758331052,False
Healthy/eyes-closed/patient62/F8.txt,57344,58368,17.602636273068804,280.388869,0.17522281174990245,False
Healthy/eyes-closed/patient62/F8.txt,59392,60416,30.756735405126534,327.784042,-0.2127878280577149,False
Healthy/eyes-closed/patient62/F8.txt,64512,65536,14.740407266705372,225.33366999999998,-0.03636451324414071,False
Healthy/eyes-closed/patient62/F8.txt,88064,89088,11.420639560157197,216.5109491,-0.03248009364609372,False
Healthy/eyes-closed/patient62/F8.txt,94208,95232,17.396639253439236,268.2646306,0.09051391358229488,False
Healthy/eyes-closed/patient62/F8.txt,104448,105472,15.784773137874238,219.856678,-0.1060772727009278,False
Healthy/eyes-closed/patient62/F8.txt,106496,107520,13.770167226513541,198.92546750000002,0.10767047621491206,False
Healthy/eyes-closed/patient62/F8.txt,107520,108544,25.16440849350103,278.582315,-0.2442648139599609,False
Healthy/eyes-closed/patient62/F8.txt,108544,109568,25.117117711934558,271.081365,0.07046741750474603,False
Healthy/eyes-closed/patient62/F8.txt,110592,111616,21.814319298466476,284.075102,0.15185342421952147,False
Healthy/eyes-closed/patient62/F8.txt,126976,128000,20.01381037823488,305.90527299999997,0.25198472221966806,False
Healthy/eyes-closed/patient62/F8.txt,132096,133120,23.054315311756664,335.824377,-0.05183449007987313,False
Healthy/eyes-closed/patient62/F8.txt,133120,134144,19.58288528153314,272.91436899999997,0.11177837025156268,False
Healthy/eyes-closed/patient62/F8.txt,136192,137216,17.52970190813333,198.7542623,0.08559726596279292,False
Healthy/eyes-closed/patient62/F8.txt,143360,144384,13.3429467529317,176.99029739999997,-0.1114758429086231,False
Healthy/eyes-closed/patient62/Fp1.txt,50176,51200,9.828939899139694,139.181771,0.10738471659418941,False
Healthy/eyes-closed/patient62/Fp1.txt,53248,54272,11.352987146168582,141.6822254,-0.05538708948876954,False
Healthy/eyes-closed/patient62/Fp1.txt,54272,55296,13.967092250092213,153.3922002,-0.14526905327378914,False
Healthy/eyes-closed/patient62/Fp1.txt,59392,60416,16.755654880400602,148.3149522,-0.07355315540615226,False
Healthy/eyes-closed/patient62/Fp1.txt,107520,108544,13.05805718537822,156.7213172,0.16045755486435553,False
Healthy/eyes-closed/patient62/Fp1.txt,108544,109568,16.62636439611154,164.657349,-0.08358462464480462,False
Healthy/eyes-closed/patient62/Fp1.txt,132096,133120,10.473946367334769,145.63560660000002,-0.06886559428925784,False
Healthy/eyes-closed/patient62/Fp1.txt,133120,134144,10.069177439496015,136.528371,0.054428043818457006,False
Healthy/eyes-closed/patient62/Fp2.txt,7168,8192,12.763529140973416,131.19519739999998,0.11011453521564457,False
Healthy/eyes-closed/patient62/Fp2.txt,32768,33792,9.308491733494861,126.0676545,-0.14344661387661617,False
Healthy/eyes-closed/patient62/Fp2.txt,48128,49152,9.742213492128647,145.0734147,0.1143693351703222,False
Healthy/eyes-closed/patient62/Fp2.txt,57344,58368,9.077455882909685,126.2463587,0.03936136678359376,False
Healthy/eyes-closed/patient62/Fp2.txt,59392,60416,14.312412915218701,151.30344350000001,0.003386281923115235,False
Healthy/eyes-closed/patient62/Fp2.txt,107520,108544,13.828546463217176,153.2811044,-0.1722993013207617,False
Healthy/eyes-closed/patient62/Fp2.txt,108544,109568,13.130241251819642,159.2682197,0.0893460008229492,False
Healthy/eyes-closed/patient62/Fp2.txt,132096,133120,9.384817258402567,129.7576763,-0.017188530193310597,False
Healthy/eyes-closed/patient62/Fz.txt,48128,49152,7.460303718224374,99.2772909,0.06888080552193357,False
Healthy/eyes-closed/patient62/Fz.txt,53248,54272,7.4189172526353575,96.0345363,-0.041481186418164,False
Healthy/eyes-closed/patient62/Fz.txt,54272,55296,9.602743790674019,118.1756111,-0.09667408359570318,False
Healthy/eyes-closed/patient62/Fz.txt,107520,108544,8.904794321431858,111.7726923,0.005918049840341777,False
Healthy/eyes-closed/patient62/Fz.txt,108544,109568,10.375583524313074,101.9112475,0.010482129719052768,False
Healthy/eyes-closed/patient62/O1.txt,0,1024,28.71573658165763,247.85308400000002,0.0396089021410157,False
Healthy/eyes-closed/patient62/O2.txt,0,1024,13.894867320125016,149.4360447,-0.004136931305468605,False
Healthy/eyes-closed/patient62/P3.txt,0,1024,8.876264727209064,70.90624980000001,-0.007156036729492221,False
Healthy/eyes-closed/patient62/P3.txt,50176,51200,5.4915046531221385,81.1529745,-0.010823219945507816,False
Healthy/eyes-closed/patient62/P3.txt,54272,55296,6.756678613810859,91.3040923,0.06044453742166011,False
Healthy/eyes-closed/patient62/P3.txt,57344,58368,5.123607011060792,80.089203,-6.421679655277228e-05,False
Healthy/eyes-closed/patient62/P3.txt,59392,60416,6.5097536076298335,72.92314540000001,-0.011873049652998083,False
Healthy/eyes-closed/patient62/P3.txt,94208,95232,4.815517492571593,69.0044465,0.003699808382421876,False
Healthy/eyes-closed/patient62/P4.txt,0,1024,10.410536608824897,92.6653232,-0.040687818208037047,False
Healthy/eyes-closed/patient62/P4.txt,7168,8192,8.534677582103402,98.655867,-0.02150294674017572,False
Healthy/eyes-closed/patient62/P4.txt,48128,49152,7.431224405613277,105.4936122,0.04694846522758858,False
Healthy/eyes-closed/patient62/P4.txt,57344,58368,7.793052504039961,113.3004806,0.015341006137353522,False
Healthy/eyes-closed/patient62/P4.txt,59392,60416,10.725950058725394,103.0140411,-0.05890111543398435,False
Healthy/eyes-closed/patient62/P4.txt,107520,108544,8.198424219132278,126.7176229,-0.10525877110265629,False
Healthy/eyes-closed/patient62/P4.txt,108544,109568,8.853190702789183,102.539897,0.004053709560546882,False
Healthy/eyes-closed/patient62/Pz.txt,0,1024,17.862753925448494,152.204016,0.03045399196484372,False
Healthy/eyes-closed/patient62/Pz.txt,7168,8192,5.542165018197588,67.23897170000001,0.032702513682103494,False
Healthy/eyes-closed/patient62/Pz.txt,9216,10240,4.390523739875853,67.6627473,-0.049837237510156215,False
Healthy/eyes-closed/patient62/Pz.txt,48128,49152,5.1359108873165695,69.2950768,0.02826775913461914,False
Healthy/eyes-closed/patient62/Pz.txt,50176,51200,4.989475185110722,65.2889227,0.010497539688730483,False
Healthy/eyes-closed/patient62/Pz.txt,53248,54272,4.602559718352662,59.614598799999996,-0.04797323824833008,False
Healthy/eyes-closed/patient62/Pz.txt,54272,55296,6.258122024907368,91.5490562,-0.008974349291992208,False
Healthy/eyes-closed/patient62/Pz.txt,57344,58368,4.764666269714878,64.1698346,0.03263393703335935,False
Healthy/eyes-closed/patient62/Pz.txt,59392,60416,7.172823214614227,66.64432769999999,-0.06531231797363277,False
Healthy/eyes-closed/patient62/Pz.txt,94208,95232,4.276275883681663,66.4803669,0.024572450077119112,False
Healthy/eyes-closed/patient62/Pz.txt,106496,107520,3.0950393296030443,51.4696033,0.04659537117859275,False
Healthy/eyes-closed/patient62/Pz.txt,107520,108544,5.770899262727588,83.2271552,-0.05566334241978518,False
Healthy/eyes-closed/patient62/Pz.txt,108544,109568,6.134122948410505,72.034741,0.012079496386816387,False
Healthy/eyes-closed/patient62/Pz.txt,110592,111616,5.160971386501533,59.7724785,-0.018918944420039063,False
Healthy/eyes-closed/patient62/Pz.txt,126976,128000,4.254485976783213,66.7668474,-0.0051009421057128974,False
Healthy/eyes-closed/patient62/Pz.txt,132096,133120,4.370417867351442,70.6770039,0.0010970774266992056,False
Healthy/eyes-closed/patient62/Pz.txt,133120,134144,4.059076401723797,55.7687847,0.020056102101826186,False
Healthy/eyes-closed/patient62/Pz.txt,136192,137216,4.504753971576281,57.2113042,-0.013313272552031248,False
Healthy/eyes-closed/patient62/T3.txt,7168,8192,19.286363120996867,246.01536600000003,0.05971149627089849,False
Healthy/eyes-closed/patient62/T3.txt,32768,33792,17.081717259786206,219.39722,-0.06575887638050784,False
Healthy/eyes-closed/patient62/T3.txt,48128,49152,18.711795782666396,220.84099,0.10301104829145503,False
Healthy/eyes-closed/patient62/T3.txt,50176,51200,17.435667769364546,280.300475,0.01622962829965828,False
Healthy/eyes-closed/patient62/T3.txt,53248,54272,15.534687868385987,213.426263,0.02482457844111325,False
Healthy/eyes-closed/patient62/T3.txt,54272,55296,20.05093974575463,309.148302,0.013139859664257708,False
Healthy/eyes-closed/patient62/T3.txt,57344,58368,15.967492530015036,211.0841192,0.0389206452253906,False
Healthy/eyes-closed/patient62/T3.txt,59392,60416,26.2093556249624,246.81868400000002,-0.14106853811611325,False
Healthy/eyes-closed/patient62/T3.txt,106496,107520,12.837551924882781,204.5126496,0.09105301542373043,False
Healthy/eyes-closed/patient62/T3.txt,107520,108544,20.128894421430147,229.164715,0.024966954882617062,False
Healthy/eyes-closed/patient62/T3.txt,108544,109568,23.885311485376022,288.203266,-0.16692666425292962,False
Healthy/eyes-closed/patient62/T3.txt,110592,111616,19.640354876960384,217.01202519999998,-0.010458044163716936,False
Healthy/eyes-closed/patient62/T3.txt,132096,133120,16.35578887742256,208.5607631,-0.07009701606367183,False
Healthy/eyes-closed/patient62/T3.txt,133120,134144,14.519378113384088,207.7537936,0.09385454188828118,False
Healthy/eyes-closed/patient62/T3.txt,136192,137216,15.753956893483748,217.173279,0.09889458240882609,False
Healthy/eyes-closed/patient62/T4.txt,0,1024,45.375651251978766,413.735665,0.11319619092265609,False
Healthy/eyes-closed/patient62/T5.txt,0,1024,45.20033023443986,351.521996,-0.017297319808007416,False
Healthy/eyes-closed/patient62/T5.txt,7168,8192,16.575698668443216,199.0782593,-0.02532177996367177,False
Healthy/eyes-closed/patient62/T5.txt,48128,49152,15.3449766746147,170.79044629999999,0.06200884023641595,False
Healthy/eyes-closed/patient62/T5.txt,50176,51200,14.654130674398164,212.5794988,-0.03283268201078118,False
Healthy/eyes-closed/patient62/T5.txt,54272,55296,18.454791547510194,264.944576,-0.061420595834176805,False
Healthy/eyes-closed/patient62/T5.txt,57344,58368,14.024803558692842,173.2109528,0.050074694116494005,False
Healthy/eyes-closed/patient62/T5.txt,107520,108544,18.04595666715845,208.7243488,0.11610981535160145,False
Healthy/eyes-closed/patient62/T5.txt,108544,109568,18.118652212082573,180.8729531,-0.22270697675478518,False
Healthy/eyes-closed/patient62/T5.txt,132096,133120,13.964581410359925,188.7650938,-0.1374801435177734,False
Healthy/eyes-closed/patient62/T6.txt,0,1024,29.893373612684968,256.844829,0.03034002692236315,False
Healthy/eyes-closed/patient62/T6.txt,7168,8192,17.239727650741003,188.7153487,0.026259403976357412,False
Healthy/eyes-closed/patient62/T6.txt,11264,12288,10.641931744668058,149.2998475,0.09082551678939452,False
Healthy/eyes-closed/patient62/T6.txt,20480,21504,8.99944487734397,156.9407952,-0.06980626837207032,False
Healthy/eyes-closed/patient62/T6.txt,27648,28672,13.848319702548784,179.41554589999998,-0.032509950724511676,False
Healthy/eyes-closed/patient62/T6.txt,32768,33792,15.061580421953668,240.850726,-0.16269373670745113,False
Healthy/eyes-closed/patient62/T6.txt,37888,38912,13.553720745102737,228.7383148,-0.004826759660917893,False
Healthy/eyes-closed/patient62/T6.txt,44032,45056,12.434343878385688,221.18664769999998,0.03957014225988284,False
Healthy/eyes-closed/patient62/T6.txt,48128,49152,16.819970639674867,247.819994,0.17147883001464842,False
Healthy/eyes-closed/patient62/T6.txt,50176,51200,18.610459646314133,276.36444800000004,-0.08000174946008805,False
Healthy/eyes-closed/patient62/T6.txt,53248,54272,14.634738289513278,200.4586461,0.03804735977812496,False
Healthy/eyes-closed/patient62/T6.txt,54272,55296,21.353308239285468,377.246774,-0.05258556202812495,False
Healthy/eyes-closed/patient62/T6.txt,57344,58368,15.166706358824035,202.3939645,0.0927049567020529,False
Healthy/eyes-closed/patient62/T6.txt,59392,60416,20.736758530762874,203.5556321,-0.0726143366214258,False
Healthy/eyes-closed/patient62/T6.txt,64512,65536,10.73081810748318,159.9871655,-0.005062303882968702,False
Healthy/eyes-closed/patient62/T6.txt,88064,89088,9.904362637751428,147.04398609999998,-0.012777383354589875,False
Healthy/eyes-closed/patient62/T6.txt,94208,95232,13.631546881419148,159.3996966,0.03359129083010747,False
Healthy/eyes-closed/patient62/T6.txt,101376,102400,8.996625714848,184.5692645,-0.017167921117382856,False
Healthy/eyes-closed/patient62/T6.txt,104448,105472,12.109325501578883,174.0101683,-0.01232822809355475,False
Healthy/eyes-closed/patient62/T6.txt,107520,108544,18.691289946831958,235.92829,-0.13650468861557624,False
Healthy/eyes-closed/patient62/T6.txt,108544,109568,17.898428135135767,215.9560459,0.03448200851718747,False
Healthy/eyes-closed/patient62/T6.txt,110592,111616,17.585895375276934,258.8142487,0.12003627427569336,False
Healthy/eyes-closed/patient62/T6.txt,126976,128000,14.957218625056418,234.05610439999998,0.18311514990134775,False
Healthy/eyes-closed/patient62/T6.txt,132096,133120,17.945013409622998,245.168922,0.0131829308298477,False
Healthy/eyes-closed/patient62/T6.txt,133120,134144,15.221329203303734,207.7734782,0.07073569810362301,False
Healthy/eyes-closed/patient62/T6.txt,136192,137216,13.525932064082907,159.53479620000002,0.10039563501093748,False
Healthy/eyes-closed/patient62/T6.txt,143360,144384,13.13538069523619,211.3132794,-0.02369420057813737,False
Healthy/eyes-closed/patient63/Cz.txt,0,1024,8.770583306248081,114.74439079999999,-0.007934998420410067,False
Healthy/eyes-closed/patient63/F4.txt,8192,9216,8.513739530811462,128.8490377,0.0474075034069434,False
Healthy/eyes-closed/patient63/F4.txt,31744,32768,7.264198864231175,123.5639221,-0.059485244957128876,False
Healthy/eyes-closed/patient63/F7.txt,8192,9216,15.282197521039587,164.2462894,-0.04049218319033194,False
Healthy/eyes-closed/patient63/F7.txt,31744,32768,9.348469254656617,163.6592622,-0.09831249952805668,False
Healthy/eyes-closed/patient63/F7.txt,41984,43008,11.3455986704056,148.9544164,0.0938586614850195,False
Healthy/eyes-closed/patient63/F7.txt,77824,78848,17.48611079308828,151.1027911,-0.13136347895078135,False
Healthy/eyes-closed/patient63/F7.txt,80896,81920,17.007684531684824,215.651342,0.09322775551753903,False
Healthy/eyes-closed/patient63/F7.txt,94208,95232,13.578485473785566,178.3617934,0.033463933056347595,False
Healthy/eyes-closed/patient63/F8.txt,8192,9216,15.168490390018263,210.78658969999998,-0.07575885184521491,False
Healthy/eyes-closed/patient63/F8.txt,31744,32768,11.95113552838072,188.9069589,-0.00426965520833987,False
Healthy/eyes-closed/patient63/F8.txt,94208,95232,13.407004734341573,165.3745081,0.05927685464199209,False
Healthy/eyes-closed/patient63/O1.txt,0,1024,18.05515836475925,151.0142156,-0.008765984490136769,False
Healthy/eyes-closed/patient63/O1.txt,41984,43008,26.509965416170257,176.312614,-0.29603016780875974,False
Healthy/eyes-closed/patient63/P4.txt,0,1024,10.694155074681955,98.95535989999999,0.01636222182280475,False
Healthy/eyes-closed/patient63/Pz.txt,0,1024,16.788369755817467,157.7702024,0.016183105766308437,False
Healthy/eyes-closed/patient63/T4.txt,8192,9216,13.322300720349046,164.4282475,-0.10200818943183598,False
Healthy/eyes-closed/patient63/T4.txt,31744,32768,9.151124277126156,164.37882489999998,0.04282811487668947,False
Healthy/eyes-closed/patient63/T4.txt,73728,74752,9.8718683531269,149.8620479,0.05084429542933591,False
Healthy/eyes-closed/patient63/T4.txt,94208,95232,12.451071108440944,172.7958388,0.02470958470027343,False
Healthy/eyes-closed/patient63/T4.txt,114688,115712,8.560269732244032,149.8367242,0.057429862670312554,False
Healthy/eyes-closed/patient63/T4.txt,138240,139264,8.419228209189544,160.2139056,0.03509177348050785,False
Healthy/eyes-closed/patient64/C3.txt,0,1024,5.771764001657559,56.1452046,-0.06723814100322262,False
Healthy/eyes-closed/patient64/Cz.txt,0,1024,5.753653044037418,56.1452046,-0.06525993387510742,False
Healthy/eyes-closed/patient64/Fp1.txt,4096,5120,27.11657489247929,143.0148168,-0.18315124183691417,False
Healthy/eyes-closed/patient64/Fp1.txt,12288,13312,29.64252670774802,163.4549124,-0.13958401740566417,False
Healthy/eyes-closed/patient64/O1.txt,0,1024,23.949815003886034,452.161967,0.03822752899951175,False
Healthy/eyes-closed/patient64/P3.txt,0,1024,12.562004525816167,215.9625635,-0.016385202300195356,False
Healthy/eyes-closed/patient64/P4.txt,0,1024,9.636505146431489,137.8036291,-0.03307687856210938,False
Healthy/eyes-closed/patient64/T4.txt,0,1024,13.963149318825131,219.6719925,-0.018554534719043038,False
Healthy/eyes-closed/patient65/Cz.txt,93184,94208,40.97569760991302,741.9990319999999,0.058872667934199194,False
Healthy/eyes-closed/patient65/F3.txt,84992,86016,14.086306724236305,137.1688934,-0.019835412174247946,False
Healthy/eyes-closed/patient65/F3.txt,93184,94208,37.802496351172,662.971549,0.03838411126475602,False
Healthy/eyes-closed/patient65/F4.txt,93184,94208,33.44029411594679,591.218953,-0.03167745175237606,False
Healthy/eyes-closed/patient65/F4.txt,144384,145408,10.163287232575554,137.058192,-0.19490179320634765,False
Healthy/eyes-closed/patient65/F7.txt,84992,86016,18.027801597107512,178.9304691,0.0316415886074318,False
Healthy/eyes-closed/patient65/F7.txt,93184,94208,15.745041464720222,264.66582999999997,-0.037613139717578126,False
Healthy/eyes-closed/patient65/Fp1.txt,93184,94208,34.974878747937886,605.142845,0.00401335980736349,False
Healthy/eyes-closed/patient65/Fp2.txt,93184,94208,19.612554743427104,324.08174,0.008811061157714906,False
Healthy/eyes-closed/patient65/Fp2.txt,156672,157696,23.348420274940477,223.863678,0.5657247660726269,False
Healthy/eyes-closed/patient65/Fp2.txt,157696,158720,26.824421752986034,223.978135,-0.35748269828542967,False
Healthy/eyes-closed/patient65/Fz.txt,143360,144384,19.436004381351243,155.0380515,0.0978826653854491,False
Healthy/eyes-closed/patient65/Fz.txt,144384,145408,29.43259270993484,369.20021399999996,-0.27536904141006835,False
Healthy/eyes-closed/patient65/Fz.txt,145408,146432,22.585456843691688,190.9704254,0.37978486332197287,False
Healthy/eyes-closed/patient65/P3.txt,93184,94208,60.43717803502772,1068.397935,0.17990764183193375,False
Healthy/eyes-closed/patient65/T3.txt,93184,94208,15.472481549713843,216.795849,0.06702663339560544,False
Healthy/eyes-closed/patient65/T3.txt,139264,140288,20.69990862102731,186.4149006,-0.05077414021529306,False
Healthy/eyes-closed/patient66/C3.txt,0,1024,5.567550758414555,56.3143931,-0.02995818598593751,False
Healthy/eyes-closed/patient66/C3.txt,4096,5120,4.1795068755492775,83.47954469999999,0.03777947933897461,False
Healthy/eyes-closed/patient66/C3.txt,5120,6144,3.792159769191708,60.896574099999995,-0.04071548332838869,False
Healthy/eyes-closed/patient66/C3.txt,68608,69632,6.038984905205433,54.8436752,-0.023751425249248025,False
Healthy/eyes-closed/patient66/C3.txt,69632,70656,12.199140369861071,76.3223276,0.00383954248613284,False
Healthy/eyes-closed/patient66/C3.txt,70656,71680,10.828871740876881,85.5380964,-0.005194403276171856,False
Healthy/eyes-closed/patient66/C3.txt,86016,87040,4.572995340146385,72.3605586,0.016806813483593697,False
Healthy/eyes-closed/patient66/C4.txt,0,1024,5.750424631314715,59.3382196,0.0345350653962305,False
Healthy/eyes-closed/patient66/C4.txt,4096,5120,4.214580862627043,86.6128705,-0.04150892428401365,False
Healthy/eyes-closed/patient66/C4.txt,5120,6144,3.778750284765596,60.4835576,0.03886391198026366,False
Healthy/eyes-closed/patient66/C4.txt,68608,69632,6.065318594591303,56.4506485,0.02073562197928709,False
Healthy/eyes-closed/patient66/C4.txt,69632,70656,12.248258845005708,73.8514657,0.0037653606507324633,False
Healthy/eyes-closed/patient66/C4.txt,70656,71680,10.858173791574186,87.1287208,-0.003080335773535184,False
Healthy/eyes-closed/patient66/C4.txt,86016,87040,4.614742507798413,72.5046359,-0.015617451430302721,False
Healthy/eyes-closed/patient66/F3.txt,47104,48128,9.110140436908784,153.39625130000002,0.010520746099697248,False
Healthy/eyes-closed/patient66/F3.txt,48128,49152,8.265394764097953,147.80357659999999,-0.037212085175791026,False
Healthy/eyes-closed/patient66/F3.txt,67584,68608,11.997207545309186,136.0228275,-0.10810369889599611,False
Healthy/eyes-closed/patient66/F3.txt,70656,71680,20.958517049517425,173.9642179,0.04522329340507805,False
Healthy/eyes-closed/patient66/F3.txt,74752,75776,26.242482136767755,220.1906347,-0.20525397590361327,False
Healthy/eyes-closed/patient66/F4.txt,0,1024,9.2119004005374,106.4290002,0.03811633156660153,False
Healthy/eyes-closed/patient66/F4.txt,4096,5120,5.041802223765924,91.3849948,-0.014344892160214862,False
Healthy/eyes-closed/patient66/F4.txt,47104,48128,6.81046576094741,106.90144169999999,-0.030044737539190812,False
Healthy/eyes-closed/patient66/F4.txt,68608,69632,10.749969625718377,97.46862899999999,0.042722424079980476,False
Healthy/eyes-closed/patient66/F4.txt,69632,70656,21.33867718554883,165.0549567,0.0568256708859375,False
Healthy/eyes-closed/patient66/F4.txt,70656,71680,17.67464744219805,151.6970934,0.008583298570402347,False
Healthy/eyes-closed/patient66/F7.txt,0,1024,16.23857562699447,157.7659573,0.1567241559351563,False
Healthy/eyes-closed/patient66/F7.txt,4096,5120,11.21340678126144,224.879742,-0.08526015369496082,False
Healthy/eyes-closed/patient66/F7.txt,5120,6144,11.827821878372236,190.7848058,0.04505229433406349,False
Healthy/eyes-closed/patient66/F7.txt,37888,38912,8.411293365860216,127.2612716,-0.019009939603505853,False
Healthy/eyes-closed/patient66/F7.txt,65536,66560,11.998458290538355,159.7941227,0.0174887387983144,False
Healthy/eyes-closed/patient66/F7.txt,67584,68608,11.251485621786603,147.0025513,0.03277761984609369,False
Healthy/eyes-closed/patient66/F7.txt,68608,69632,15.089511199568268,170.8940091,0.02928281614771487,False
Healthy/eyes-closed/patient66/F7.txt,69632,70656,24.227326112440963,155.752791,-0.10836347979179674,False
Healthy/eyes-closed/patient66/F7.txt,70656,71680,21.702772065963032,160.0000455,0.08461607871689455,False
Healthy/eyes-closed/patient66/F7.txt,86016,87040,13.45371921017324,194.50740960000002,-0.06457030219597652,False
Healthy/eyes-closed/patient66/F7.txt,97280,98304,12.274842530133402,133.3982593,-0.03536465754310544,False
Healthy/eyes-closed/patient66/F7.txt,114688,115712,10.62327155117393,148.9034861,0.017306649520263673,False
Healthy/eyes-closed/patient66/F8.txt,0,1024,12.645645505503325,150.7387344,-0.1427937711349609,False
Healthy/eyes-closed/patient66/F8.txt,4096,5120,6.6103637773335056,121.9697161,-0.042677336394722716,False
Healthy/eyes-closed/patient66/F8.txt,68608,69632,16.401593006118468,214.085174,0.036399542009375105,False
Healthy/eyes-closed/patient66/F8.txt,69632,70656,41.64549703486967,267.044234,-0.04989772633689464,False
Healthy/eyes-closed/patient66/F8.txt,70656,71680,32.292863280393895,252.514893,0.026107107379882755,False
Healthy/eyes-closed/patient66/Fp1.txt,0,1024,13.141905865429923,153.0391851,0.12412830988417972,False
Healthy/eyes-closed/patient66/Fp2.txt,47104,48128,98.86433043707596,1134.099191,-2.149743319910839,False
Healthy/eyes-closed/patient66/Fp2.txt,48128,49152,63.94035900339037,433.77763500000003,2.334643209968946,False
Healthy/eyes-closed/patient66/Fp2.txt,67584,68608,8.286671671312563,113.73872879999999,-0.03011090735809567,False
Healthy/eyes-closed/patient66/Fp2.txt,68608,69632,10.719986585960758,108.0269756,-0.06898935511708537,False
Healthy/eyes-closed/patient66/Fp2.txt,69632,70656,19.45572212509103,134.5282056,0.0992983811372069,False
Healthy/eyes-closed/patient66/Fp2.txt,70656,71680,16.092131630935462,139.1621947,-0.0025216311038085693,False
Healthy/eyes-closed/patient66/O1.txt,69632,70656,12.93200185094679,89.3467246,-0.05765413535214834,False
Healthy/eyes-closed/patient66/O2.txt,4096,5120,5.237746921113236,88.3352525,0.02299162980802733,False
Healthy/eyes-closed/patient66/P3.txt,0,1024,11.920951448065946,156.7226445,0.08576342953183591,False
Healthy/eyes-closed/patient66/P3.txt,47104,48128,14.452085289226838,217.429483,0.32087221360978524,False
Healthy/eyes-closed/patient66/P3.txt,48128,49152,10.440126740565013,122.8221648,-0.3763853922812794,False
Healthy/eyes-closed/patient66/P3.txt,70656,71680,16.40030879481925,147.8370198,0.050864297805273455,False
Healthy/eyes-closed/patient66/P4.txt,4096,5120,4.6102510234638565,84.61300299999999,-0.018527839354209014,False
Healthy/eyes-closed/patient66/P4.txt,86016,87040,5.371810139809762,77.8274409,0.01639718872517578,False
Healthy/eyes-closed/patient66/Pz.txt,69632,70656,7.826326364460317,50.7704327,-0.06109100306435547,False
Healthy/eyes-closed/patient66/Pz.txt,70656,71680,6.838977669662254,51.9943865,0.043361549816084026,False
Healthy/eyes-closed/patient66/Pz.txt,74752,75776,5.64613174244301,53.629907599999996,-0.032587338101201145,False
Healthy/eyes-closed/patient66/T3.txt,4096,5120,7.224015553453598,131.0619767,-0.04376861243503903,False
Healthy/eyes-closed/patient66/T3.txt,69632,70656,18.091246198744614,121.56039890000001,-0.08796404861464852,False
Healthy/eyes-closed/patient66/T3.txt,70656,71680,15.436486195542884,109.9696809,0.03729240433875271,False
Healthy/eyes-closed/patient66/T4.txt,4096,5120,7.226715358647579,118.8663077,-0.050598859007373015,False
Healthy/eyes-closed/patient66/T4.txt,67584,68608,7.82980740772495,112.3610677,0.05452888358105469,False
Healthy/eyes-closed/patient66/T4.txt,69632,70656,19.566126881234037,128.6963328,-0.09869382358352549,False
Healthy/eyes-closed/patient66/T4.txt,70656,71680,15.762318948561042,132.0663598,0.039962316840673834,False
Healthy/eyes-closed/patient66/T5.txt,68608,69632,20.386941817177263,134.2359109,0.05160062165175783,False
Healthy/eyes-closed/patient66/T6.txt,67584,68608,10.242336360363518,129.5598597,0.1697160951584668,False
Healthy/eyes-closed/patient67/C3.txt,26624,27648,4.823565346077042,64.919443,-0.01773374832185548,False
Healthy/eyes-closed/patient67/C3.txt,53248,54272,6.30450303741525,83.2479661,0.006576939674482408,False
Healthy/eyes-closed/patient67/C3.txt,134144,135168,4.501634036756298,66.061544,-0.07735611843728027,False
Healthy/eyes-closed/patient67/C4.txt,53248,54272,6.340490254622791,78.7424808,0.027576817388125015,False
Healthy/eyes-closed/patient67/F3.txt,18432,19456,10.020759936831995,132.7012676,-0.0005180428150879796,False
Healthy/eyes-closed/patient67/F3.txt,26624,27648,10.004275241825564,150.18560300000001,0.011001371444775435,False
Healthy/eyes-closed/patient67/F3.txt,28672,29696,7.642773349786554,109.1458963,-0.016952754381494156,False
Healthy/eyes-closed/patient67/F3.txt,35840,36864,10.588194792491176,151.6147438,0.18370397062187505,False
Healthy/eyes-closed/patient67/F3.txt,53248,54272,12.58691059639648,167.5299077,-0.030873259789914106,False
Healthy/eyes-closed/patient67/F3.txt,57344,58368,11.023093360923994,138.1494845,0.02752775086730464,False
Healthy/eyes-closed/patient67/F3.txt,130048,131072,9.249716142274307,104.1425025,-0.10939179410689459,False
Healthy/eyes-closed/patient67/F3.txt,135168,136192,8.29668159779609,104.16690969999999,-0.033063101866043026,False
Healthy/eyes-closed/patient67/F3.txt,161792,162816,7.206741581790477,105.6514583,-0.001720870847050776,False
Healthy/eyes-closed/patient67/F4.txt,0,1024,20.509772386010464,167.81606699999998,-0.08647466205810542,False
Healthy/eyes-closed/patient67/F4.txt,18432,19456,8.421756055908984,103.78654420000001,0.05122700464860357,False
Healthy/eyes-closed/patient67/F4.txt,26624,27648,7.762269700888812,102.460186,0.018645913212998022,False
Healthy/eyes-closed/patient67/F4.txt,35840,36864,9.203666552807984,105.5546654,0.12119757394199215,False
Healthy/eyes-closed/patient67/F4.txt,53248,54272,10.556576854449556,141.0284164,0.07013452452328117,False
Healthy/eyes-closed/patient67/F4.txt,130048,131072,9.116930295135832,108.9269393,-0.09338134929409185,False
Healthy/eyes-closed/patient67/F7.txt,18432,19456,26.271554229047553,326.657623,-0.24743452936563481,False
Healthy/eyes-closed/patient67/F7.txt,26624,27648,21.501221921189895,286.91708800000004,-0.3152568787349512,False
Healthy/eyes-closed/patient67/F7.txt,28672,29696,16.602369839976514,326.051518,-0.00048807805419918276,False
Healthy/eyes-closed/patient67/F7.txt,35840,36864,20.377114812113557,261.285366,-0.1001098948509766,False
Healthy/eyes-closed/patient67/F7.txt,53248,54272,32.27397660487503,440.797732,0.19739582325117172,False
Healthy/eyes-closed/patient67/F7.txt,54272,55296,37.05119047706874,287.482386,-0.7069210109351565,False
Healthy/eyes-closed/patient67/F7.txt,57344,58368,35.829436837382914,263.39678100000003,-0.4876442093618555,False
Healthy/eyes-closed/patient67/F7.txt,135168,136192,17.973264145276968,261.063944,-0.21929669514443353,False
Healthy/eyes-closed/patient67/F8.txt,18432,19456,22.85264793520704,357.867392,-0.15502577124308986,False
Healthy/eyes-closed/patient67/F8.txt,26624,27648,20.658607512464968,307.99086,-0.028622342421113306,False
Healthy/eyes-closed/patient67/F8.txt,28672,29696,17.139485324654142,282.664748,-0.10569041764345703,False
Healthy/eyes-closed/patient67/F8.txt,35840,36864,25.201094696158854,265.97484,-0.02982752837265612,False
Healthy/eyes-closed/patient67/F8.txt,53248,54272,30.698795852163617,425.30194800000004,-0.08194812009053004,False
Healthy/eyes-closed/patient67/F8.txt,54272,55296,23.77987885972337,225.596024,-0.027507550274218612,False
Healthy/eyes-closed/patient67/F8.txt,117760,118784,13.943379419010938,285.868031,0.12105028919970719,False
Healthy/eyes-closed/patient67/F8.txt,130048,131072,20.41819063603735,271.84092999999996,0.10863242721562012,False
Healthy/eyes-closed/patient67/F8.txt,134144,135168,15.510563630118849,259.099775,-0.2151732076046875,False
Healthy/eyes-closed/patient67/F8.txt,135168,136192,16.894800593335464,224.202573,0.09739761173760837,False
Healthy/eyes-closed/patient67/Fp1.txt,53248,54272,16.951453694259495,198.4212152,0.07640771261793954,False
Healthy/eyes-closed/patient67/Fp1.txt,152576,153600,32.30808565831092,193.7684354,0.09842151661464821,False
Healthy/eyes-closed/patient67/Fp2.txt,53248,54272,13.581576832366693,190.7051702,0.132499871821127,False
Healthy/eyes-closed/patient67/O1.txt,4096,5120,11.983389272476838,96.7024703,0.1933440085520116,False
Healthy/eyes-closed/patient67/O1.txt,72704,73728,15.227147813004384,118.8259547,-0.31708198832402334,False
Healthy/eyes-closed/patient67/O1.txt,73728,74752,14.459391992643198,111.2852901,0.16327586261103527,False
Healthy/eyes-closed/patient67/O1.txt,134144,135168,12.311564689660164,119.94166390000001,-0.08148323392850593,False
Healthy/eyes-closed/patient67/O1.txt,151552,152576,13.191989548601708,106.9051247,0.13654369280957035,False
Healthy/eyes-closed/patient67/O1.txt,167936,168960,13.62582081160893,106.5414992,-0.09527124268225684,False
Healthy/eyes-closed/patient67/O2.txt,4096,5120,12.867021751518404,119.182951,-0.08283688858839848,False
Healthy/eyes-closed/patient67/O2.txt,12288,13312,12.489904989869812,108.0885121,-0.19754420116208016,False
Healthy/eyes-closed/patient67/O2.txt,46080,47104,11.506154203534225,109.1008765,-0.08975817608128908,False
Healthy/eyes-closed/patient67/O2.txt,57344,58368,12.334752482826785,102.37122819999999,-0.36253838179636705,False
Healthy/eyes-closed/patient67/O2.txt,72704,73728,19.793792932711355,119.7419342,0.15301845485718762,False
Healthy/eyes-closed/patient67/O2.txt,73728,74752,15.947172819736414,118.16057599999999,0.07990174237957019,False
Healthy/eyes-closed/patient67/O2.txt,86016,87040,15.058750990908644,102.55187839999999,0.07325167714824224,False
Healthy/eyes-closed/patient67/O2.txt,125952,126976,11.786752918917065,104.2199627,0.1850323341088867,False
Healthy/eyes-closed/patient67/O2.txt,129024,130048,13.860617364488041,126.5093473,-0.2938699293593457,False
Healthy/eyes-closed/patient67/O2.txt,130048,131072,16.064108606284943,111.5689961,0.13834484154003895,False
Healthy/eyes-closed/patient67/O2.txt,134144,135168,15.758616047707617,167.7444886,-0.2654785841756251,False
Healthy/eyes-closed/patient67/O2.txt,159744,160768,17.356427725905803,101.7371236,-0.24062719483810546,False
Healthy/eyes-closed/patient67/P3.txt,53248,54272,5.775134470857329,78.5962114,0.013427062985380878,False
Healthy/eyes-closed/patient67/P4.txt,0,1024,10.806032999218557,90.8165672,-0.04220163524746093,False
Healthy/eyes-closed/patient67/T3.txt,117760,118784,13.96447903296969,190.9309965,0.14836150117344732,False
Healthy/eyes-closed/patient67/T4.txt,18432,19456,11.564294466318248,170.39444250000003,-0.013946529496347698,False
Healthy/eyes-closed/patient67/T4.txt,82944,83968,20.773558821802116,164.1555515,0.04021494015954102,False
Healthy/eyes-closed/patient67/T5.txt,18432,19456,55.95340049022835,357.358679,0.6458079857447268,False
Healthy/eyes-closed/patient67/T5.txt,72704,73728,90.71263921200018,432.188648,1.1710425719175492,False
Healthy/eyes-closed/patient67/T5.txt,73728,74752,45.17070900476338,259.204169,-1.024782844243164,False
Healthy/eyes-closed/patient67/T6.txt,53248,54272,17.13731214599546,241.10467,0.08882196413076167,False
Healthy/eyes-closed/patient68/C3.txt,53248,54272,17.189723319762102,231.905349,0.02869731554350587,False
Healthy/eyes-closed/patient68/C3.txt,54272,55296,8.944163161414226,114.2917931,-0.013928003132812491,False
Healthy/eyes-closed/patient68/C3.txt,55296,56320,11.44699178823214,246.29240049999999,-0.046083961297656295,False
Healthy/eyes-closed/patient68/C4.txt,53248,54272,17.389510583462904,234.81759499999998,-0.04472378112032726,False
Healthy/eyes-closed/patient68/C4.txt,54272,55296,8.990762585918587,112.7624494,0.03848292549296875,False
Healthy/eyes-closed/patient68/C4.txt,55296,56320,11.3709746941984,251.32777800000002,0.06724113062937605,False
Healthy/eyes-closed/patient68/C4.txt,134144,135168,9.271321551223826,90.9529364,-0.013153369119921862,False
Healthy/eyes-closed/patient68/Cz.txt,53248,54272,13.396222194743737,153.4028562,-0.06459448341735363,False
Healthy/eyes-closed/patient68/Cz.txt,55296,56320,10.20837878070282,165.45007149999998,0.06984589417641607,False
Healthy/eyes-closed/patient68/F3.txt,53248,54272,20.907781888312172,234.04326400000002,-0.01894756693739255,False
Healthy/eyes-closed/patient68/F3.txt,54272,55296,13.423183313281138,209.9572733,-0.19006365653242185,False
Healthy/eyes-closed/patient68/F3.txt,55296,56320,14.089303100900779,260.129952,0.08737608959682616,False
Healthy/eyes-closed/patient68/F3.txt,134144,135168,14.525318909626058,154.4538991,-0.028612213753632765,False
Healthy/eyes-closed/patient68/F4.txt,0,1024,37.4124242060393,422.845309,0.058920998386034984,False
Healthy/eyes-closed/patient68/F4.txt,1024,2048,15.937302396202936,240.32555349999998,-0.16847795770730467,False
Healthy/eyes-closed/patient68/F4.txt,31744,32768,14.102935910296942,252.08690099999998,0.05354329983324216,False
Healthy/eyes-closed/patient68/F4.txt,33792,34816,15.098677660171969,269.70107,0.18467346860537104,False
Healthy/eyes-closed/patient68/F4.txt,53248,54272,30.00797783437154,416.982779,-0.17628335955761704,False
Healthy/eyes-closed/patient68/F4.txt,55296,56320,18.33925697709452,344.377154,0.14966872167012696,False
Healthy/eyes-closed/patient68/F7.txt,0,1024,17.5647268509439,170.0934684,0.10545217436163093,False
Healthy/eyes-closed/patient68/F7.txt,53248,54272,24.982516765804583,329.526421,0.10746441829783214,False
Healthy/eyes-closed/patient68/F7.txt,54272,55296,18.439775857523035,288.603115,-0.13958192224609395,False
Healthy/eyes-closed/patient68/F7.txt,55296,56320,16.281945671001097,273.765336,0.013252720182597655,False
Healthy/eyes-closed/patient68/F7.txt,70656,71680,40.63334764438444,289.226761,-0.27786660404101576,False
Healthy/eyes-closed/patient68/F7.txt,134144,135168,13.296707540372152,181.7001813,-0.11363676283935537,False
Healthy/eyes-closed/patient68/F8.txt,0,1024,48.485969313718165,794.492691,-0.03288802070678687,False
Healthy/eyes-closed/patient68/F8.txt,1024,2048,23.41598467280784,436.227423,0.05660830093964844,False
Healthy/eyes-closed/patient68/F8.txt,31744,32768,25.253506946282897,445.15418,0.05859780726719713,False
Healthy/eyes-closed/patient68/F8.txt,33792,34816,25.959876740756755,525.801571,0.2256941551820799,False
Healthy/eyes-closed/patient68/F8.txt,53248,54272,44.21272201600421,627.623587,0.1315345740356449,False
Healthy/eyes-closed/patient68/F8.txt,55296,56320,29.204575266132082,615.012502,-0.10990841140546853,False
Healthy/eyes-closed/patient68/Fp1.txt,53248,54272,25.893921988762447,258.70081500000003,0.16922701465820306,False
Healthy/eyes-closed/patient68/Fp1.txt,55296,56320,20.038516534236614,266.60116700000003,0.3460186068260743,False
Healthy/eyes-closed/patient68/Fp1.txt,70656,71680,49.69546178905549,360.87764500000003,-0.5198727399426757,False
Healthy/eyes-closed/patient68/Fp1.txt,86016,87040,40.3314769691406,255.817556,0.05160045239811534,False
Healthy/eyes-closed/patient68/Fp1.txt,92160,93184,111.71924679542205,863.712954,0.13534922884038125,False
Healthy/eyes-closed/patient68/Fp1.txt,93184,94208,44.38712057211176,185.63668059999998,-0.7553763335495115,False
Healthy/eyes-closed/patient68/Fp2.txt,0,1024,21.64770347721241,199.348573,0.12958407067988292,False
Healthy/eyes-closed/patient68/Fp2.txt,53248,54272,23.256537690520364,320.899717,-0.3148551782318554,False
Healthy/eyes-closed/patient68/Fp2.txt,55296,56320,19.48193949004036,239.419973,0.20773507650146508,False
Healthy/eyes-closed/patient68/Fp2.txt,70656,71680,21.651653592455293,149.9595167,-0.27768742055478507,False
Healthy/eyes-closed/patient68/Fz.txt,53248,54272,18.682353221316685,181.294539,-0.0962475818899414,False
Healthy/eyes-closed/patient68/Fz.txt,55296,56320,15.831853624875885,196.1324442,0.2418545967169436,False
Healthy/eyes-closed/patient68/Fz.txt,70656,71680,20.594769832513055,148.7713018,-0.295019663605791,False
Healthy/eyes-closed/patient68/O1.txt,0,1024,171.99476536182763,2119.491334,0.32410945624130905,False
Healthy/eyes-closed/patient68/O1.txt,1024,2048,36.89100996448395,400.62233200000003,-0.43126002087255855,False
Healthy/eyes-closed/patient68/O1.txt,31744,32768,33.07576492597328,585.2398780000001,0.17047736393740237,False
Healthy/eyes-closed/patient68/O1.txt,33792,34816,32.441623165349675,628.5670070000001,0.14282969456220684,False
Healthy/eyes-closed/patient68/O1.txt,56320,57344,12.612081477061071,347.647331,-0.06194908135546887,False
Healthy/eyes-closed/patient68/O2.txt,0,1024,30.459920024360386,369.360782,0.06370553664473327,False
Healthy/eyes-closed/patient68/O2.txt,1024,2048,15.99997132554778,166.0163923,-0.11692464385410167,False
Healthy/eyes-closed/patient68/O2.txt,31744,32768,10.220896206941514,158.44315260000002,0.07360252946899415,False
Healthy/eyes-closed/patient68/O2.txt,33792,34816,11.970114861666637,171.84717419999998,0.11624481111732415,False
Healthy/eyes-closed/patient68/O2.txt,53248,54272,15.018767889961458,175.825312,0.10313043818547857,False
Healthy/eyes-closed/patient68/O2.txt,55296,56320,10.999305917420456,181.8284658,-0.09721475691855472,False
Healthy/eyes-closed/patient68/P3.txt,0,1024,18.392538211658227,185.8509487,0.029398188052060528,False
Healthy/eyes-closed/patient68/P3.txt,31744,32768,10.274655777371732,115.8741977,0.10027207435893556,False
Healthy/eyes-closed/patient68/P3.txt,33792,34816,11.266179803967423,104.5120879,0.08312294023466797,False
Healthy/eyes-closed/patient68/P3.txt,53248,54272,17.938728126679838,216.893361,0.09894467161669056,False
Healthy/eyes-closed/patient68/P3.txt,55296,56320,12.025716138687267,253.94791829999997,-0.10212840495028316,False
Healthy/eyes-closed/patient68/P4.txt,0,1024,18.57028015476502,169.2696014,0.0722629991935547,False
Healthy/eyes-closed/patient68/P4.txt,31744,32768,8.063149334770854,107.3428467,0.060638495955830124,False
Healthy/eyes-closed/patient68/P4.txt,33792,34816,9.720392402242116,106.8296737,0.10629338511273427,False
Healthy/eyes-closed/patient68/P4.txt,53248,54272,9.670407224471036,103.582878,0.05483154924367183,False
Healthy/eyes-closed/patient68/P4.txt,55296,56320,7.823320973067402,128.598171,-0.04408204786410154,False
Healthy/eyes-closed/patient68/Pz.txt,0,1024,12.963425183185644,110.7010836,0.02265161441321291,False
Healthy/eyes-closed/patient68/Pz.txt,31744,32768,11.635666260716265,143.3628717,0.11527304656552737,False
Healthy/eyes-closed/patient68/Pz.txt,33792,34816,11.818159114644564,125.0345391,0.13756054338142576,False
Healthy/eyes-closed/patient68/Pz.txt,53248,54272,13.206445919238694,153.8824248,-0.032641828948056575,False
Healthy/eyes-closed/patient68/Pz.txt,55296,56320,9.410195958518397,176.4404977,0.019867986579472724,False
Healthy/eyes-closed/patient68/T3.txt,0,1024,27.40694454093795,291.72299899999996,0.0677260692591798,False
Healthy/eyes-closed/patient68/T3.txt,1024,2048,16.59254379818024,160.9523854,-0.16964105798769508,False
Healthy/eyes-closed/patient68/T3.txt,31744,32768,10.191927235909876,144.3905106,0.08157011458427721,False
Healthy/eyes-closed/patient68/T3.txt,33792,34816,12.949460163765552,148.4314164,0.13910950176474618,False
Healthy/eyes-closed/patient68/T3.txt,53248,54272,26.075749923785057,312.823447,0.2134365523246094,False
Healthy/eyes-closed/patient68/T3.txt,54272,55296,18.002797401395704,184.8974892,0.08330555990561542,False
Healthy/eyes-closed/patient68/T3.txt,55296,56320,17.717584029732347,318.363264,-0.207125540046289,False
Healthy/eyes-closed/patient68/T3.txt,70656,71680,13.787184337853967,156.6080196,0.25605651886426856,False
Healthy/eyes-closed/patient68/T3.txt,92160,93184,17.904461042743495,213.898131,0.11924436190683599,False
Healthy/eyes-closed/patient68/T4.txt,0,1024,24.808540899184216,374.45768599999997,0.00989868433583993,False
Healthy/eyes-closed/patient68/T4.txt,1024,2048,12.371284242779243,205.147181,0.026103132061425796,False
Healthy/eyes-closed/patient68/T4.txt,31744,32768,16.119143502343338,278.30524099999997,0.0608672330195312,False
Healthy/eyes-closed/patient68/T4.txt,33792,34816,17.388365243940765,325.298564,0.17965245866185545,False
Healthy/eyes-closed/patient68/T4.txt,53248,54272,43.66931006481174,578.306634,0.129239398830664,False
Healthy/eyes-closed/patient68/T4.txt,55296,56320,27.49364821408762,488.081505,-0.3468587072142579,False
Healthy/eyes-closed/patient68/T4.txt,62464,63488,13.31009002899295,211.359371,0.07795193135818354,False
Healthy/eyes-closed/patient68/T4.txt,70656,71680,15.426280056842847,197.6693613,0.13960663081840818,False
Healthy/eyes-closed/patient68/T4.txt,131072,132096,15.33739115687844,175.27214659999999,-0.15711921502383797,False
Healthy/eyes-closed/patient68/T5.txt,0,1024,23.77490585836526,188.6624132,0.09203968123160162,False
Healthy/eyes-closed/patient68/T5.txt,53248,54272,24.19757921967787,266.55636200000004,0.20244111705390633,False
Healthy/eyes-closed/patient68/T5.txt,55296,56320,16.86647133242993,299.710702,-0.2555142403765626,False
Healthy/eyes-closed/patient68/T6.txt,0,1024,60.66979132795655,987.359592,0.019912253058496393,False
Healthy/eyes-closed/patient68/T6.txt,1024,2048,28.84938856389755,556.847064,-0.026264591134882914,False
Healthy/eyes-closed/patient68/T6.txt,31744,32768,21.319625985274723,383.849057,0.02146302822223642,False
Healthy/eyes-closed/patient68/T6.txt,33792,34816,22.421580763945876,427.505914,0.17316988775244135,False
Healthy/eyes-closed/patient68/T6.txt,53248,54272,28.17459377286363,325.966411,0.2610183670309572,False
Healthy/eyes-closed/patient68/T6.txt,55296,56320,18.81762658660217,334.552873,-0.17061897217724603,False
Healthy/eyes-closed/patient69/F8.txt,0,1024,19.781436035827976,329.440181,0.028968383178222673,False
Healthy/eyes-closed/patient69/T6.txt,0,1024,13.632942487962291,208.04499729999998,0.05740535727255863,False
Healthy/eyes-closed/patient70/C3.txt,292864,293888,4.972747760674217,77.48413260000001,-0.029992384299218737,False
Healthy/eyes-closed/patient70/C3.txt,293888,294912,14.023754844591314,90.4768142,0.013474081818554792,False
Healthy/eyes-closed/patient70/C3.txt,294912,295936,12.062439233969178,83.2342,0.029604969399609365,False
Healthy/eyes-closed/patient70/C3.txt,296960,297984,12.3537741877149,119.9470019,0.005975309393945295,False
Healthy/eyes-closed/patient70/C3.txt,297984,299008,9.779587553277498,65.0268508,-0.02951024984414063,False
Healthy/eyes-closed/patient70/C4.txt,292864,293888,5.013533995654971,78.7686038,0.024526175568419014,False
Healthy/eyes-closed/patient70/C4.txt,293888,294912,14.023717344751349,89.4106993,-0.006095563288701145,False
Healthy/eyes-closed/patient70/C4.txt,294912,295936,12.045545357109965,81.865116,-0.03469066023735358,False
Healthy/eyes-closed/patient70/C4.txt,296960,297984,12.413596592972956,117.63937000000001,-0.0006653034758691296,False
Healthy/eyes-closed/patient70/C4.txt,297984,299008,9.790129069077539,64.7244127,0.029978973919340852,False
Healthy/eyes-closed/patient70/Cz.txt,29696,30720,28.17295452573839,206.319566,0.4331654995889647,False
Healthy/eyes-closed/patient70/Cz.txt,293888,294912,15.12719846824396,110.16279109999999,-0.028481096118955045,False
Healthy/eyes-closed/patient70/Cz.txt,294912,295936,13.204007270661798,89.47918,0.039816035693320304,False
Healthy/eyes-closed/patient70/Cz.txt,296960,297984,12.226630555233907,102.1970959,0.010338933083515661,False
Healthy/eyes-closed/patient70/F3.txt,29696,30720,14.417918865105202,100.59289989999999,-0.1046490403910254,False
Healthy/eyes-closed/patient70/F3.txt,59392,60416,9.623087218166988,106.61461919999999,0.003509159682304707,False
Healthy/eyes-closed/patient70/F3.txt,292864,293888,10.586732128821614,160.77943449999998,-0.07937127382036134,False
Healthy/eyes-closed/patient70/F3.txt,293888,294912,23.94483236416412,164.4223273,0.02104292002548845,False
Healthy/eyes-closed/patient70/F3.txt,294912,295936,19.26777534339504,123.38068949999999,0.04088902233945341,False
Healthy/eyes-closed/patient70/F3.txt,296960,297984,17.317232900779096,158.5212779,-0.014973319673632825,False
Healthy/eyes-closed/patient70/F3.txt,297984,299008,12.266257383095564,89.2937655,0.01816761872285165,False
Healthy/eyes-closed/patient70/F4.txt,29696,30720,11.103940450420462,199.11640640000002,0.03322626542642579,False
Healthy/eyes-closed/patient70/F4.txt,293888,294912,15.079767944607974,102.6904162,-0.006937357287988145,False
Healthy/eyes-closed/patient70/F4.txt,294912,295936,13.656876143678469,94.8368639,-0.01699780733185552,False
Healthy/eyes-closed/patient70/F4.txt,296960,297984,13.70243302201011,143.4429521,0.04018891184686523,False
Healthy/eyes-closed/patient70/F7.txt,293888,294912,20.046333296319546,119.63131340000001,0.02422114161250013,False
Healthy/eyes-closed/patient70/F7.txt,294912,295936,19.6483687396591,139.9300786,0.05477930209628922,False
Healthy/eyes-closed/patient70/F7.txt,296960,297984,18.51046175211364,206.50037200000003,0.024044962520995986,False
Healthy/eyes-closed/patient70/F8.txt,29696,30720,16.158576678716745,224.9465298,-0.12009413229788324,False
Healthy/eyes-closed/patient70/F8.txt,293888,294912,16.863705770383707,113.25792849999999,0.01775689955253905,False
Healthy/eyes-closed/patient70/F8.txt,296960,297984,15.347650003550072,160.5233551,0.0050587335773046235,False
Healthy/eyes-closed/patient70/Fp1.txt,29696,30720,18.662569766298112,163.8454575,-0.00511478489994055,False
Healthy/eyes-closed/patient70/Fp1.txt,59392,60416,27.977338378843253,146.86234000000002,0.1422963863349318,False
Healthy/eyes-closed/patient70/Fp1.txt,296960,297984,14.476957190181281,149.1379665,0.03724754361163078,False
Healthy/eyes-closed/patient70/Fp2.txt,29696,30720,17.43743190783574,190.74289829999998,-0.05001618980762679,False
Healthy/eyes-closed/patient70/Fp2.txt,59392,60416,36.92262994465494,172.1948367,-0.1949542566068363,False
Healthy/eyes-closed/patient70/Fz.txt,293888,294912,14.223951364646462,106.7898036,-0.03607447359939465,False
Healthy/eyes-closed/patient70/Fz.txt,296960,297984,11.729519487607385,100.4659748,0.013986747501787074,False
Healthy/eyes-closed/patient70/O1.txt,0,1024,18.89232953057402,318.16109700000004,0.015023994558818421,False
Healthy/eyes-closed/patient70/O1.txt,52224,53248,19.154553971926497,282.021333,0.04044796499306644,False
Healthy/eyes-closed/patient70/O2.txt,0,1024,11.99272497030149,154.816189,-0.016257774077089886,False
Healthy/eyes-closed/patient70/O2.txt,29696,30720,36.33638603090727,278.136699,0.3361156466340819,False
Healthy/eyes-closed/patient70/P3.txt,0,1024,12.763686031374354,206.2112651,-0.021876280802236275,False
Healthy/eyes-closed/patient70/P3.txt,52224,53248,11.287315556625439,171.01986699999998,-0.004799544075019556,False
Healthy/eyes-closed/patient70/P4.txt,0,1024,28.447053312302952,527.247308,0.03234694796445281,False
Healthy/eyes-closed/patient70/P4.txt,29696,30720,26.768904510958496,230.000991,0.28640161948444337,False
Healthy/eyes-closed/patient70/P4.txt,52224,53248,34.057390651893925,487.37759500000004,0.12688103453212873,False
Healthy/eyes-closed/patient70/Pz.txt,29696,30720,40.884368659434074,304.130338,0.4882782743003128,False
Healthy/eyes-closed/patient70/Pz.txt,293888,294912,17.050564672639176,120.0360531,-0.018877022468066416,False
Healthy/eyes-closed/patient70/Pz.txt,294912,295936,14.886435287547034,104.3708044,0.03062331979931638,False
Healthy/eyes-closed/patient70/Pz.txt,296960,297984,13.44292013746803,122.8432835,0.003455568986435689,False
Healthy/eyes-closed/patient70/T4.txt,0,1024,13.880795211643877,215.2937512,-0.07848172382010737,False
Healthy/eyes-closed/patient70/T4.txt,29696,30720,12.162279213780085,181.63769710000003,-0.14908827763398436,False
Healthy/eyes-closed/patient70/T4.txt,52224,53248,15.721507630303936,231.02419659999998,0.007110378090527336,False
Healthy/eyes-closed/patient70/T4.txt,64512,65536,25.428489614927717,224.36363740000002,0.1383895679295995,False
Healthy/eyes-closed/patient71/C3.txt,97280,98304,4.143784510259681,70.5521137,0.040244560355085945,False
Healthy/eyes-closed/patient71/C4.txt,97280,98304,4.158256375280328,69.0068385,-0.028113983391416037,False
Healthy/eyes-closed/patient71/Cz.txt,0,1024,6.131091593266721,54.0002475,0.0020700795906250305,False
Healthy/eyes-closed/patient71/F3.txt,97280,98304,7.3841496590694895,145.1393514,0.0013879206325390359,False
Healthy/eyes-closed/patient71/F4.txt,67584,68608,8.570524761735308,110.0586825,-0.09713226715784176,False
Healthy/eyes-closed/patient71/F4.txt,97280,98304,12.75224590223262,174.8524114,-0.03772228435347644,False
Healthy/eyes-closed/patient71/F8.txt,97280,98304,12.060334551749216,151.2984877,0.00047909537334960874,False
Healthy/eyes-closed/patient71/Fp1.txt,5120,6144,39.21258481409652,216.512964,-0.03252386786621103,False
Healthy/eyes-closed/patient71/Fp1.txt,11264,12288,34.128149538013965,187.4823353,-0.14959493900087895,False
Healthy/eyes-closed/patient71/Fp1.txt,19456,20480,29.33168939032238,165.5350247,-0.07332541573769535,False
Healthy/eyes-closed/patient71/Fp1.txt,20480,21504,27.792052650578132,193.9619234,0.13610294305761717,False
Healthy/eyes-closed/patient71/Fp1.txt,29696,30720,36.07424876239715,202.8406506,-0.13130746816259758,False
Healthy/eyes-closed/patient71/Fp1.txt,37888,38912,38.96012814117759,240.737017,0.010101007675488272,False
Healthy/eyes-closed/patient71/Fp1.txt,55296,56320,29.581155370833947,158.00522080000002,0.5426217071645507,False
Healthy/eyes-closed/patient71/Fp1.txt,73728,74752,30.506364390955035,209.094856,-0.06261720473271495,False
Healthy/eyes-closed/patient71/Fp1.txt,99328,100352,26.68122939711698,163.2574947,0.17795709138378912,False
Healthy/eyes-closed/patient71/Fp1.txt,104448,105472,29.912693903956907,165.99213609999998,0.3175871041667969,False
Healthy/eyes-closed/patient71/Fp1.txt,110592,111616,33.35896317191079,194.24086010000002,-0.5505580569717283,False
Healthy/eyes-closed/patient71/Fp2.txt,5120,6144,38.00954743939591,220.329337,0.10782019168652335,False
Healthy/eyes-closed/patient71/Fp2.txt,11264,12288,39.48757143348409,252.98816,-0.1582381602119139,False
Healthy/eyes-closed/patient71/Fp2.txt,19456,20480,31.85111122241031,188.5962653,-0.6745991587121092,False
Healthy/eyes-closed/patient71/Fp2.txt,29696,30720,39.18269160159226,197.84376300000002,0.05713059254651365,False
Healthy/eyes-closed/patient71/Fp2.txt,36864,37888,19.11284037063157,204.62973399999998,0.2035145559501953,False
Healthy/eyes-closed/patient71/Fp2.txt,37888,38912,37.37165463735088,194.7189677,-0.3926321912918459,False
Healthy/eyes-closed/patient71/Fp2.txt,55296,56320,41.20161567926355,204.1081029,0.7176109277567384,False
Healthy/eyes-closed/patient71/Fp2.txt,61440,62464,28.852975262836733,201.339733,0.10010150950146507,False
Healthy/eyes-closed/patient71/Fp2.txt,66560,67584,35.57679794852378,236.451417,0.028223044302509825,False
Healthy/eyes-closed/patient71/Fp2.txt,97280,98304,13.909251071215895,213.1615895,-0.22560069790928705,False
Healthy/eyes-closed/patient71/Fp2.txt,103424,104448,20.231239810929143,196.76443460000002,-0.393638797936109,False
Healthy/eyes-closed/patient71/Fp2.txt,104448,105472,34.24770350071378,180.1434188,0.14380002541376966,False
Healthy/eyes-closed/patient71/Fp2.txt,109568,110592,31.957221192742203,204.5270118,0.8121496246083985,False
Healthy/eyes-closed/patient71/Fp2.txt,110592,111616,41.50446952790058,237.845054,-1.2307468380812498,False
Healthy/eyes-closed/patient71/Fp2.txt,162816,163840,29.726146431707196,212.9984215,-0.03101477300576163,False
Healthy/eyes-closed/patient72/C3.txt,0,1024,12.699041997306203,142.6284226,0.026317645995703187,False
Healthy/eyes-closed/patient72/C3.txt,13312,14336,17.9824349512053,91.7819772,0.3785228432402344,False
Healthy/eyes-closed/patient72/C3.txt,14336,15360,54.74696930207586,348.429944,-1.1996093332846187,False
Healthy/eyes-closed/patient72/C3.txt,15360,16384,173.00062648950305,1329.116333,1.9804027192000953,False
Healthy/eyes-closed/patient72/C3.txt,16384,17408,50.95884098500963,281.167669,-0.6859136540712893,False
Healthy/eyes-closed/patient72/C4.txt,0,1024,13.927398900425477,156.2937165,-0.030240163974140616,False
Healthy/eyes-closed/patient72/C4.txt,13312,14336,35.44580680412121,164.3824023,0.2593665580819724,False
Healthy/eyes-closed/patient72/C4.txt,14336,15360,69.50531242630203,319.899407,-0.17476469935058536,False
Healthy/eyes-closed/patient72/C4.txt,15360,16384,179.32594767619366,1368.399026,-1.611127172871484,False
Healthy/eyes-closed/patient72/C4.txt,16384,17408,59.64818040811063,301.656754,0.8738632476635743,False
Healthy/eyes-closed/patient72/Cz.txt,0,1024,12.073849173162287,121.7771612,-0.058490097473183594,False
Healthy/eyes-closed/patient72/Cz.txt,14336,15360,54.6538801630857,348.41767500000003,-1.2221515945160157,False
Healthy/eyes-closed/patient72/Cz.txt,15360,16384,185.1501367927699,1428.9139650000002,2.220638746071287,False
Healthy/eyes-closed/patient72/Cz.txt,16384,17408,51.7460379230309,266.09166200000004,-1.0035474940815323,False
Healthy/eyes-closed/patient72/F3.txt,0,1024,13.016543923751467,142.85047980000002,0.002982619687988325,False
Healthy/eyes-closed/patient72/F3.txt,14336,15360,54.43900732451073,351.09184600000003,-1.1580969523682614,False
Healthy/eyes-closed/patient72/F3.txt,15360,16384,170.92364077922593,1311.738574,1.9469546539356464,False
Healthy/eyes-closed/patient72/F3.txt,16384,17408,50.72682891934831,274.581757,-0.6777532626728516,False
Healthy/eyes-closed/patient72/F4.txt,14336,15360,54.42664478510095,354.658764,-1.1937799598107421,False
Healthy/eyes-closed/patient72/F4.txt,15360,16384,173.92238655869832,1332.655077,2.1080542406708966,False
Healthy/eyes-closed/patient72/F4.txt,16384,17408,50.303583325813854,274.08500200000003,-0.7792397172541015,False
Healthy/eyes-closed/patient72/F7.txt,0,1024,30.64396495121336,302.370399,-0.11195808643046834,False
Healthy/eyes-closed/patient72/F7.txt,14336,15360,54.398158060967,357.850358,-1.1316198083424802,False
Healthy/eyes-closed/patient72/F7.txt,15360,16384,191.67289616201273,1512.837129,2.13194752840039,False
Healthy/eyes-closed/patient72/F7.txt,16384,17408,54.48676344019804,305.925065,-0.9673403498793943,False
Healthy/eyes-closed/patient72/F7.txt,90112,91136,20.207293600963933,261.37611300000003,-0.0761848166964843,False
Healthy/eyes-closed/patient72/F8.txt,0,1024,35.930550801535034,381.978515,-0.06871359235068353,False
Healthy/eyes-closed/patient72/F8.txt,14336,15360,55.487484895836126,362.648307,-1.1649476627606448,False
Healthy/eyes-closed/patient72/F8.txt,15360,16384,201.97604380709504,1600.8945979999999,2.284611629279297,False
Healthy/eyes-closed/patient72/F8.txt,16384,17408,54.05733116584745,299.150263,-0.9691536617824217,False
Healthy/eyes-closed/patient72/Fp1.txt,0,1024,17.12875022119948,189.856527,-0.011662836526122877,False
Healthy/eyes-closed/patient72/Fp1.txt,14336,15360,54.36145805656814,349.985196,-1.2241756196767577,False
Healthy/eyes-closed/patient72/Fp1.txt,15360,16384,170.19444046996065,1301.238566,1.9846295635185554,False
Healthy/eyes-closed/patient72/Fp1.txt,16384,17408,52.18387613580071,266.423633,-0.7721972822269535,False
Healthy/eyes-closed/patient72/Fp1.txt,90112,91136,15.531702947181895,167.8101058,-0.17683391447685554,False
Healthy/eyes-closed/patient72/Fp2.txt,0,1024,22.80031475435336,223.79606760000001,-0.10561101646582027,False
Healthy/eyes-closed/patient72/Fp2.txt,8192,9216,34.87080846143685,479.120012,0.14822121960952148,False
Healthy/eyes-closed/patient72/Fp2.txt,9216,10240,67.06822198432319,480.39249,0.6884739558345117,False
Healthy/eyes-closed/patient72/Fp2.txt,14336,15360,55.16687042684468,356.01338599999997,-1.2606070009567385,False
Healthy/eyes-closed/patient72/Fp2.txt,15360,16384,184.29478970887294,1437.360904,2.3694238647783203,False
Healthy/eyes-closed/patient72/Fp2.txt,16384,17408,51.50033418768852,261.788562,-1.1131895553537108,False
Healthy/eyes-closed/patient72/Fp2.txt,49152,50176,33.35235367629006,235.15505710000002,0.6367667281784183,False
Healthy/eyes-closed/patient72/Fp2.txt,90112,91136,13.956805585824931,163.449239,-0.1282929397875,False
Healthy/eyes-closed/patient72/Fz.txt,14336,15360,54.60300993685554,355.815233,-1.1754475651775387,False
Healthy/eyes-closed/patient72/Fz.txt,15360,16384,184.54450479716309,1433.797768,2.2159967635042968,False
Healthy/eyes-closed/patient72/Fz.txt,16384,17408,54.14235347266104,263.501944,-1.0504368765352539,False
Healthy/eyes-closed/patient72/O1.txt,14336,15360,55.1548435490746,365.027204,-1.1776980023378911,False
Healthy/eyes-closed/patient72/O1.txt,15360,16384,182.98507992652128,1394.570477,2.058168551220703,False
Healthy/eyes-closed/patient72/O1.txt,16384,17408,51.693082136605575,300.620246,-0.6836205766611331,False
Healthy/eyes-closed/patient72/O2.txt,14336,15360,55.87759176947309,368.61736,-1.2185066557490236,False
Healthy/eyes-closed/patient72/O2.txt,15360,16384,155.36832232868727,1143.270822,2.190534017605469,False
Healthy/eyes-closed/patient72/O2.txt,16384,17408,41.77504458733121,248.47542900000002,-0.9442588259322269,False
Healthy/eyes-closed/patient72/P3.txt,0,1024,8.442207814482089,99.0058794,0.03875539596333981,False
Healthy/eyes-closed/patient72/P3.txt,13312,14336,18.339771619387214,99.28591829999999,0.2955913831874024,False
Healthy/eyes-closed/patient72/P3.txt,14336,15360,54.04127012539477,354.236378,-1.1380823409579102,False
Healthy/eyes-closed/patient72/P3.txt,15360,16384,181.27308269627108,1388.84942,2.0307533396730477,False
Healthy/eyes-closed/patient72/P3.txt,16384,17408,51.88673312336833,293.899442,-0.6757695341503908,False
Healthy/eyes-closed/patient72/P4.txt,0,1024,19.62094933162839,200.1521617,0.0063819846284962345,False
Healthy/eyes-closed/patient72/P4.txt,13312,14336,19.535578750516475,117.9278591,0.31734064837724607,False
Healthy/eyes-closed/patient72/P4.txt,14336,15360,55.34088294757187,363.691476,-1.2258325438612303,False
Healthy/eyes-closed/patient72/P4.txt,15360,16384,191.05524264541194,1468.3824599999998,2.2421565873662113,False
Healthy/eyes-closed/patient72/P4.txt,16384,17408,51.57074607394651,293.041747,-0.8629117928325196,False
Healthy/eyes-closed/patient72/P4.txt,49152,50176,13.492848913862243,128.5361347,0.17041027636679687,False
Healthy/eyes-closed/patient72/Pz.txt,0,1024,9.15538943200189,118.58357269999999,-0.008361145837880848,False
Healthy/eyes-closed/patient72/Pz.txt,13312,14336,20.028930222100392,120.6790812,0.08246805757646503,False
Healthy/eyes-closed/patient72/Pz.txt,14336,15360,54.25525950746526,346.366157,-0.9788823402666993,False
Healthy/eyes-closed/patient72/Pz.txt,15360,16384,174.23930829466687,1329.483581,2.150657548123223,False
Healthy/eyes-closed/patient72/Pz.txt,16384,17408,50.4861157753859,265.47601,-0.9638776308070316,False
Healthy/eyes-closed/patient72/T3.txt,14336,15360,54.88646509532354,356.923268,-1.1460979538166698,False
Healthy/eyes-closed/patient72/T3.txt,15360,16384,187.88056832240036,1460.7159080000001,2.0044642363964837,False
Healthy/eyes-closed/patient72/T3.txt,16384,17408,53.370376547423746,300.301793,-0.7383738784446288,False
Healthy/eyes-closed/patient72/T4.txt,14336,15360,55.2812529882292,363.998581,-1.156457403353515,False
Healthy/eyes-closed/patient72/T4.txt,15360,16384,179.49401367506107,1384.580135,2.047064666328125,False
Healthy/eyes-closed/patient72/T4.txt,16384,17408,50.77321309360522,292.545154,-0.6990971294617185,False
Healthy/eyes-closed/patient72/T5.txt,14336,15360,55.508135508758464,382.12844800000005,-1.0881860349374997,False
Healthy/eyes-closed/patient72/T5.txt,15360,16384,184.31309428002916,1429.04896,1.9921525417177746,False
Healthy/eyes-closed/patient72/T5.txt,16384,17408,52.4479281069627,303.27389500000004,-0.6674082434583006,False
Healthy/eyes-closed/patient72/T6.txt,0,1024,25.396670219716523,261.080672,0.03288191085117176,False
Healthy/eyes-closed/patient72/T6.txt,14336,15360,55.75297727105141,369.30785,-1.128804094736426,False
Healthy/eyes-closed/patient72/T6.txt,15360,16384,192.5711244469775,1504.060908,2.1636704312202144,False
Healthy/eyes-closed/patient72/T6.txt,16384,17408,51.97648636447753,309.058322,-0.8341595284798826,False
Healthy/eyes-closed/patient73/C3.txt,6144,7168,5.689227118088784,101.80071290000001,0.022353234005047795,False
Healthy/eyes-closed/patient73/C3.txt,13312,14336,10.37521803059048,122.6373661,-0.020539416444921868,False
Healthy/eyes-closed/patient73/C3.txt,52224,53248,8.018732460035311,98.805568,0.030349331836816394,False
Healthy/eyes-closed/patient73/C3.txt,71680,72704,8.077444619702842,79.9778277,0.04740687136498431,False
Healthy/eyes-closed/patient73/C3.txt,111616,112640,8.056671100532293,68.5450661,-0.06250679932064455,False
Healthy/eyes-closed/patient73/C3.txt,114688,115712,7.7761026660212424,88.58682250000001,0.0399936327926367,False
Healthy/eyes-closed/patient73/C3.txt,116736,117760,10.230478706593528,121.1519969,0.027682710262558655,False
Healthy/eyes-closed/patient73/C3.txt,119808,120832,8.139303753518,78.7597566,0.020822851554882796,False
Healthy/eyes-closed/patient73/C3.txt,129024,130048,8.705843408416555,99.2998935,0.023859917033924725,False
Healthy/eyes-closed/patient73/C3.txt,151552,152576,7.416226183406856,92.223221,-0.04810174737067381,False
Healthy/eyes-closed/patient73/C4.txt,6144,7168,6.143951258623789,111.9032288,-0.02421099641215821,False
Healthy/eyes-closed/patient73/C4.txt,13312,14336,10.355405930629333,120.4046243,0.023919774785234403,False
Healthy/eyes-closed/patient73/C4.txt,52224,53248,8.000481020977904,100.34774039999999,-0.034203154914130854,False
Healthy/eyes-closed/patient73/C4.txt,71680,72704,8.094683326798027,82.43550859999999,-0.045841134999697226,False
Healthy/eyes-closed/patient73/C4.txt,110592,111616,5.266405716625123,66.2379048,-0.03893321676922852,False
Healthy/eyes-closed/patient73/C4.txt,111616,112640,8.111290829015813,67.277098,0.06110995672778316,False
Healthy/eyes-closed/patient73/C4.txt,114688,115712,7.793592648461853,89.10379209999999,-0.043366806731547795,False
Healthy/eyes-closed/patient73/C4.txt,116736,117760,10.308913244580301,123.552508,-0.02323122974845698,False
Healthy/eyes-closed/patient73/C4.txt,119808,120832,8.159565391298893,80.2582085,-0.019061396270214796,False
Healthy/eyes-closed/patient73/C4.txt,129024,130048,8.754954642364567,99.98477940000001,-0.02514266055154302,False
Healthy/eyes-closed/patient73/C4.txt,151552,152576,7.4616157474217255,90.0193024,0.05322037981806639,False
Healthy/eyes-closed/patient73/Cz.txt,1024,2048,7.871882147399554,87.98454430000001,-0.21426125358623044,False
Healthy/eyes-closed/patient73/Cz.txt,6144,7168,8.27830892534427,109.43372719999999,-0.04139984973683594,False
Healthy/eyes-closed/patient73/Cz.txt,13312,14336,10.795302787752103,172.17195270000002,0.04107276171162105,False
Healthy/eyes-closed/patient73/Cz.txt,33792,34816,5.7371389529351,64.3316808,-0.0036215029052707806,False
Healthy/eyes-closed/patient73/Cz.txt,52224,53248,7.984171892860571,89.5368622,0.01383895560599609,False
Healthy/eyes-closed/patient73/Cz.txt,71680,72704,7.958364134698806,96.1475168,0.006406809023704094,False
Healthy/eyes-closed/patient73/Cz.txt,110592,111616,4.037506346138548,58.0691344,0.010002163866025381,False
Healthy/eyes-closed/patient73/Cz.txt,111616,112640,8.13911508795023,75.91121530000001,-0.03719479054083004,False
Healthy/eyes-closed/patient73/Cz.txt,114688,115712,7.773545284175065,83.6558885,0.013628676664941355,False
Healthy/eyes-closed/patient73/Cz.txt,116736,117760,9.302873316847222,96.9886447,0.03863789208587891,False
Healthy/eyes-closed/patient73/Cz.txt,119808,120832,7.24249355912179,75.8483577,-0.02526842681779299,False
Healthy/eyes-closed/patient73/Cz.txt,120832,121856,5.8022655417860625,58.4739315,0.05182532855577149,False
Healthy/eyes-closed/patient73/Cz.txt,129024,130048,7.920838869727097,83.9005695,-0.049932698227558595,False
Healthy/eyes-closed/patient73/Cz.txt,151552,152576,8.055671687608042,120.9715277,0.010484544321601542,False
Healthy/eyes-closed/patient73/F3.txt,13312,14336,14.881526130691975,174.3936857,-0.025740132792187398,False
Healthy/eyes-closed/patient73/F3.txt,41984,43008,21.03364220495887,167.0514882,0.16952850352983387,False
Healthy/eyes-closed/patient73/F3.txt,55296,56320,17.18429685538841,164.0277426,-0.15320962338165028,False
Healthy/eyes-closed/patient73/F3.txt,100352,101376,20.03789654132797,196.5850709,0.25372451701475585,False
Healthy/eyes-closed/patient73/F3.txt,111616,112640,10.751968512593853,148.8330609,-0.08416743493108592,False
Healthy/eyes-closed/patient73/F3.txt,116736,117760,12.082901829451474,137.5520439,-0.0010524318042187536,False
Healthy/eyes-closed/patient73/F3.txt,129024,130048,10.984979763560144,119.93367229999998,0.008699118316211119,False
Healthy/eyes-closed/patient73/F4.txt,1024,2048,12.433520038256301,200.8084334,0.14370782475198246,False
Healthy/eyes-closed/patient73/F4.txt,3072,4096,22.428537211031,151.73391709999999,0.24084521243437507,False
Healthy/eyes-closed/patient73/F4.txt,6144,7168,24.58261716622784,534.3217119999999,-0.10392904380908193,False
Healthy/eyes-closed/patient73/F4.txt,12288,13312,33.73648105354359,283.390712,1.1853937749444334,False
Healthy/eyes-closed/patient73/F4.txt,13312,14336,38.91291368747245,201.2622754,-0.9289338913889352,False
Healthy/eyes-closed/patient73/F4.txt,116736,117760,12.664860049591688,142.385017,-0.08505037265644544,False
Healthy/eyes-closed/patient73/F7.txt,1024,2048,14.267199342964153,143.5787273,-0.3639078076522461,False
Healthy/eyes-closed/patient73/F7.txt,13312,14336,20.75071525342515,297.494108,-0.07859326078427728,False
Healthy/eyes-closed/patient73/F7.txt,52224,53248,14.998355142818472,174.06988389999998,0.06225358750688467,False
Healthy/eyes-closed/patient73/F7.txt,71680,72704,15.16303706792628,167.4885768,-0.008994760287929726,False
Healthy/eyes-closed/patient73/F7.txt,111616,112640,15.59903657213436,138.5901761,-0.07109241247662706,False
Healthy/eyes-closed/patient73/F7.txt,114688,115712,14.85360490846327,131.3877564,-0.057053514080488255,False
Healthy/eyes-closed/patient73/F7.txt,116736,117760,16.97072229823009,152.89867099999998,-0.06789973343770525,False
Healthy/eyes-closed/patient73/F7.txt,119808,120832,13.548595304721934,138.7482953,-0.07797653361181656,False
Healthy/eyes-closed/patient73/F7.txt,129024,130048,14.029842425596463,146.7354238,-0.0239914986733398,False
Healthy/eyes-closed/patient73/F7.txt,151552,152576,14.39286556342268,202.7804597,-0.053625709143066365,False
Healthy/eyes-closed/patient73/F8.txt,6144,7168,9.852126308628407,188.0424189,-0.10825735380674809,False
Healthy/eyes-closed/patient73/F8.txt,13312,14336,30.248195872342965,445.09580200000005,-0.11264064443199225,False
Healthy/eyes-closed/patient73/F8.txt,33792,34816,12.997559434161664,141.70561,-0.08042396871746092,False
Healthy/eyes-closed/patient73/F8.txt,52224,53248,18.465164599281973,226.003132,-0.008246454543219726,False
Healthy/eyes-closed/patient73/F8.txt,71680,72704,18.640230310302382,214.088603,-0.08010590130219529,False
Healthy/eyes-closed/patient73/F8.txt,111616,112640,20.309620952400188,221.44171599999999,0.08868906531184569,False
Healthy/eyes-closed/patient73/F8.txt,114688,115712,19.66489454283639,212.2005737,-0.10103291393570313,False
Healthy/eyes-closed/patient73/F8.txt,116736,117760,20.316372440382374,220.39754900000003,-0.07541975476689457,False
Healthy/eyes-closed/patient73/F8.txt,119808,120832,17.021538883294557,216.93488660000003,-0.08926992632117185,False
Healthy/eyes-closed/patient73/F8.txt,120832,121856,12.91142824405706,134.4124224,-0.06344886421240238,False
Healthy/eyes-closed/patient73/F8.txt,129024,130048,18.04534317186236,188.19251789999998,-0.02226835577968747,False
Healthy/eyes-closed/patient73/F8.txt,151552,152576,18.57592157973642,249.200943,0.11413950357841793,False
Healthy/eyes-closed/patient73/Fp1.txt,12288,13312,25.79247701770745,215.558672,0.2060151388922558,False
Healthy/eyes-closed/patient73/Fp1.txt,13312,14336,30.17274012608195,213.8910708,-0.3900699420896484,False
Healthy/eyes-closed/patient73/Fp2.txt,1024,2048,13.028028620237032,215.92764749999998,0.1779530768933789,False
Healthy/eyes-closed/patient73/Fp2.txt,3072,4096,22.765515484748185,153.9516028,0.23299576323652355,False
Healthy/eyes-closed/patient73/Fp2.txt,6144,7168,22.398975326258235,470.594807,-0.11491801394807313,False
Healthy/eyes-closed/patient73/Fp2.txt,8192,9216,17.785896546229093,136.1451816,0.252902758530957,False
Healthy/eyes-closed/patient73/Fp2.txt,12288,13312,36.204633052655325,303.845709,1.2600596443276366,False
Healthy/eyes-closed/patient73/Fp2.txt,13312,14336,41.19181601828075,213.0394311,-0.9993074055999029,False
Healthy/eyes-closed/patient73/Fp2.txt,116736,117760,12.716348601971843,143.4200464,-0.08822248009589842,False
Healthy/eyes-closed/patient73/Fz.txt,1024,2048,9.193719137370012,105.8225621,-0.15952102492131837,False
Healthy/eyes-closed/patient73/Fz.txt,6144,7168,9.459446508744282,89.9594585,-0.055430505055156204,False
Healthy/eyes-closed/patient73/Fz.txt,13312,14336,11.240815172199602,171.8620425,0.09155505437060545,False
Healthy/eyes-closed/patient73/Fz.txt,33792,34816,5.724335083346073,65.9725298,-0.009772384794042953,False
Healthy/eyes-closed/patient73/Fz.txt,52224,53248,7.855458026195849,83.0617307,0.03197567350066406,False
Healthy/eyes-closed/patient73/Fz.txt,71680,72704,8.31517205587159,95.9174007,0.039966362643740164,False
Healthy/eyes-closed/patient73/Fz.txt,111616,112640,8.003948618445486,72.780602,0.006008050594433583,False
Healthy/eyes-closed/patient73/Fz.txt,114688,115712,7.774663706734752,75.8155069,0.06058806517161036,False
Healthy/eyes-closed/patient73/Fz.txt,116736,117760,9.351845624529062,97.7953132,0.039409496045820405,False
Healthy/eyes-closed/patient73/Fz.txt,119808,120832,7.155783030560498,65.4116113,-0.016946262674873033,False
Healthy/eyes-closed/patient73/Fz.txt,129024,130048,8.208754289735714,92.95513729999999,-0.028968173098124994,False
Healthy/eyes-closed/patient73/Fz.txt,151552,152576,8.153669275557052,120.4245506,0.028979676682744183,False
Healthy/eyes-closed/patient73/O1.txt,0,1024,7.7887952765136905,138.2149955,0.047723630875540164,False
Healthy/eyes-closed/patient73/O1.txt,1024,2048,13.106945118984518,192.5390178,-0.3026275651291016,False
Healthy/eyes-closed/patient73/O1.txt,6144,7168,12.710855007994244,152.76397120000001,-0.08835889069249225,False
Healthy/eyes-closed/patient73/O1.txt,13312,14336,13.687508004929564,208.776824,-0.021172814828730444,False
Healthy/eyes-closed/patient73/O1.txt,52224,53248,9.623505978356922,106.4894208,0.045766834095583034,False
Healthy/eyes-closed/patient73/O1.txt,71680,72704,10.19441804599577,111.2370019,0.04467406881490234,False
Healthy/eyes-closed/patient73/O1.txt,111616,112640,10.344669046299991,102.2139457,-0.05832974648538085,False
Healthy/eyes-closed/patient73/O1.txt,114688,115712,10.407511280923528,101.2982345,-0.0463016520229492,False
Healthy/eyes-closed/patient73/O1.txt,116736,117760,11.107757381306183,102.1279161,-0.002486588018750048,False
Healthy/eyes-closed/patient73/O1.txt,119808,120832,9.18826490351474,106.9137916,-0.014174164674433633,False
Healthy/eyes-closed/patient73/O1.txt,129024,130048,9.158791696368306,96.6486266,-0.00019195110489258344,False
Healthy/eyes-closed/patient73/O1.txt,151552,152576,9.777635654286673,129.2950927,-0.0120078358735351,False
Healthy/eyes-closed/patient73/O2.txt,6144,7168,7.86858359265629,127.2025036,-0.021739035795869138,False
Healthy/eyes-closed/patient73/O2.txt,13312,14336,12.367453639978201,191.2513971,-0.04202743931838873,False
Healthy/eyes-closed/patient73/O2.txt,52224,53248,10.137025459062587,114.0765186,0.02717311866875,False
Healthy/eyes-closed/patient73/O2.txt,71680,72704,9.902467575458118,104.8117681,0.03431961561159173,False
Healthy/eyes-closed/patient73/O2.txt,110592,111616,5.998801749524235,95.07544010000001,-0.0053384444409668025,False
Healthy/eyes-closed/patient73/O2.txt,111616,112640,10.144353594873287,98.23837839999999,-0.042141156563906164,False
Healthy/eyes-closed/patient73/O2.txt,114688,115712,9.532455386353655,93.9797842,-0.06635237992832027,False
Healthy/eyes-closed/patient73/O2.txt,116736,117760,11.998018035241499,133.8548123,0.020262505822895453,False
Healthy/eyes-closed/patient73/O2.txt,119808,120832,9.138920003307705,93.8762492,-0.016010384602539,False
Healthy/eyes-closed/patient73/O2.txt,129024,130048,9.957721110870226,103.4091011,-0.023727955898037133,False
Healthy/eyes-closed/patient73/O2.txt,151552,152576,10.14165296164556,156.9275356,-0.0008274312478515622,False
Healthy/eyes-closed/patient73/P3.txt,0,1024,6.368774269131362,106.38214310000001,0.07550171379331477,False
Healthy/eyes-closed/patient73/P3.txt,1024,2048,7.195910090216085,137.6026599,-0.09527423104353513,False
Healthy/eyes-closed/patient73/P3.txt,6144,7168,8.834318154281931,166.1610549,-0.018421748567308535,False
Healthy/eyes-closed/patient73/P3.txt,13312,14336,10.773360080276516,141.24737779999998,0.0011308872101758669,False
Healthy/eyes-closed/patient73/P3.txt,33792,34816,5.474967761892655,67.5935659,0.038255721258750014,False
Healthy/eyes-closed/patient73/P3.txt,52224,53248,7.0976882103838275,84.4404455,0.04474309219714841,False
Healthy/eyes-closed/patient73/P3.txt,71680,72704,7.771228784067749,81.8219268,0.07249318880222658,False
Healthy/eyes-closed/patient73/P3.txt,111616,112640,7.755821936198875,77.8890268,-0.051199825167656324,False
Healthy/eyes-closed/patient73/P3.txt,114688,115712,7.645116992426086,79.3329294,-0.037626399353212936,False
Healthy/eyes-closed/patient73/P3.txt,116736,117760,7.6986846797475845,75.2319995,0.06246802602918514,False
Healthy/eyes-closed/patient73/P3.txt,119808,120832,7.047087186155296,95.02114230000001,0.0023904782535967214,False
Healthy/eyes-closed/patient73/P3.txt,129024,130048,6.613958001150575,70.77387139999999,-0.009542686101699234,False
Healthy/eyes-closed/patient73/P3.txt,151552,152576,7.052600882689011,96.7407416,-0.01698984175346681,False
Healthy/eyes-closed/patient73/P4.txt,0,1024,5.113277453213323,88.51120610000001,-0.0200807446886068,False
Healthy/eyes-closed/patient73/P4.txt,1024,2048,10.333667679669787,127.4179443,-0.17127045867197277,False
Healthy/eyes-closed/patient73/P4.txt,6144,7168,11.154743418044983,119.499457,-0.08698697040927739,False
Healthy/eyes-closed/patient73/P4.txt,13312,14336,9.63816855280857,127.1949127,-0.009001705876562495,False
Healthy/eyes-closed/patient73/P4.txt,52224,53248,8.472407412158622,104.8142918,0.007888369991874984,False
Healthy/eyes-closed/patient73/P4.txt,71680,72704,7.867989488312494,78.77381940000001,-0.017551137304423804,False
Healthy/eyes-closed/patient73/P4.txt,110592,111616,5.349073329177182,92.6744655,-0.005042482136503948,False
Healthy/eyes-closed/patient73/P4.txt,111616,112640,8.15959080924346,84.32089830000001,-0.009526791496400372,False
Healthy/eyes-closed/patient73/P4.txt,114688,115712,7.619647277645959,71.5294193,-0.04981435442021488,False
Healthy/eyes-closed/patient73/P4.txt,116736,117760,10.212458461627422,121.62696969999999,0.010731082276210935,False
Healthy/eyes-closed/patient73/P4.txt,119808,120832,7.765468532853705,76.4319908,-0.02265599507358397,False
Healthy/eyes-closed/patient73/P4.txt,129024,130048,8.692314486797473,99.8236208,-0.04461886071007811,False
Healthy/eyes-closed/patient73/P4.txt,151552,152576,8.232683810866636,132.5319048,0.02978729539614258,False
Healthy/eyes-closed/patient73/Pz.txt,0,1024,4.751057199945796,72.05335459999999,0.03570828027701087,False
Healthy/eyes-closed/patient73/Pz.txt,1024,2048,6.459106396787051,93.3360014,-0.0223322291631152,False
Healthy/eyes-closed/patient73/Pz.txt,6144,7168,8.149810614796303,125.7468521,-0.03126886435092771,False
Healthy/eyes-closed/patient73/Pz.txt,13312,14336,12.392962013521553,193.9051645,0.0016381144065976613,False
Healthy/eyes-closed/patient73/Pz.txt,52224,53248,9.30067113531086,100.94228989999999,0.026496358634633788,False
Healthy/eyes-closed/patient73/Pz.txt,71680,72704,9.380582878405914,110.0572605,0.03697074240761723,False
Healthy/eyes-closed/patient73/Pz.txt,110592,111616,4.9917397164165545,71.2955739,0.0135348909848408,False
Healthy/eyes-closed/patient73/Pz.txt,111616,112640,9.535641261524397,92.5127648,-0.05092406416005864,False
Healthy/eyes-closed/patient73/Pz.txt,114688,115712,9.057557076435685,96.4334565,-0.028494358930908223,False
Healthy/eyes-closed/patient73/Pz.txt,116736,117760,10.74367481365288,109.3932094,0.06935419539695312,False
Healthy/eyes-closed/patient73/Pz.txt,119808,120832,8.416614075929022,94.9964887,-0.017535397432919902,False
Healthy/eyes-closed/patient73/Pz.txt,129024,130048,9.061520806939784,92.7375309,-0.03170659034422846,False
Healthy/eyes-closed/patient73/Pz.txt,151552,152576,9.443414841970123,137.825756,0.006830986187638732,False
Healthy/eyes-closed/patient73/T3.txt,1024,2048,14.420079136496993,160.6516005,-0.3209390497347266,False
Healthy/eyes-closed/patient73/T3.txt,13312,14336,26.61030398453955,367.581242,-0.10748859268007822,False
Healthy/eyes-closed/patient73/T3.txt,33792,34816,13.544660240831625,158.614612,0.08184046423974596,False
Healthy/eyes-closed/patient73/T3.txt,52224,53248,20.410883354386666,241.64446700000002,0.11007530411890626,False
Healthy/eyes-closed/patient73/T3.txt,71680,72704,19.666314078904716,243.773876,-0.039653552179589796,False
Healthy/eyes-closed/patient73/T3.txt,72704,73728,11.29310454379485,135.9281326,0.03034401573457031,False
Healthy/eyes-closed/patient73/T3.txt,110592,111616,9.597987976746825,135.16762590000002,0.08040232254725589,False
Healthy/eyes-closed/patient73/T3.txt,111616,112640,19.720648677238863,195.362207,-0.16641545384394524,False
Healthy/eyes-closed/patient73/T3.txt,114688,115712,18.591501823714367,194.40039209999998,0.012753352053408148,False
Healthy/eyes-closed/patient73/T3.txt,116736,117760,23.96424812793633,313.876756,0.05746962958599599,False
Healthy/eyes-closed/patient73/T3.txt,119808,120832,17.128635405149534,179.8708722,-0.03494693988915043,False
Healthy/eyes-closed/patient73/T3.txt,129024,130048,18.51689847636281,193.59984550000001,0.0025718595238281364,False
Healthy/eyes-closed/patient73/T3.txt,151552,152576,19.6830885124447,327.887279,-0.08535552781510733,False
Healthy/eyes-closed/patient73/T4.txt,0,1024,9.205449567423184,140.2516812,-0.08959722749897066,False
Healthy/eyes-closed/patient73/T4.txt,1024,2048,26.06132287510989,360.610905,-0.5317480642232325,False
Healthy/eyes-closed/patient73/T4.txt,6144,7168,15.086755755268218,136.920061,-0.14450211068750007,False
Healthy/eyes-closed/patient73/T4.txt,13312,14336,25.185084402586792,366.485085,-0.10504950901531267,False
Healthy/eyes-closed/patient73/T4.txt,33792,34816,11.951154040929369,124.2571332,-0.038001313798780204,False
Healthy/eyes-closed/patient73/T4.txt,52224,53248,16.733055038571354,206.89767899999998,0.011034589508828171,False
Healthy/eyes-closed/patient73/T4.txt,71680,72704,16.534950807510874,176.5334256,-0.029692055152871107,False
Healthy/eyes-closed/patient73/T4.txt,111616,112640,17.630498444902816,200.0324667,0.07124332858810027,False
Healthy/eyes-closed/patient73/T4.txt,114688,115712,17.310724505334857,213.084565,-0.06225320772282233,False
Healthy/eyes-closed/patient73/T4.txt,116736,117760,18.694353399359017,185.9729316,-0.05139817223468768,False
Healthy/eyes-closed/patient73/T4.txt,119808,120832,14.857228151016162,171.5864944,-0.03317499533574218,False
Healthy/eyes-closed/patient73/T4.txt,129024,130048,16.160180798230396,173.23226,-0.02619666519453126,False
Healthy/eyes-closed/patient73/T4.txt,151552,152576,17.017056349647422,240.07043199999998,0.038725402431513734,False
Healthy/eyes-closed/patient73/T5.txt,13312,14336,26.61240173691166,412.66571999999996,-0.04308246709243156,False
Healthy/eyes-closed/patient73/T5.txt,52224,53248,19.83300302952682,237.366259,0.12785403900566417,False
Healthy/eyes-closed/patient73/T5.txt,71680,72704,20.17615170889139,238.339635,-0.0090268860930664,False
Healthy/eyes-closed/patient73/T5.txt,111616,112640,21.049947607587093,203.9829572,-0.2493982109531249,False
Healthy/eyes-closed/patient73/T5.txt,114688,115712,18.72250241734463,186.623889,0.03913733453085913,False
Healthy/eyes-closed/patient73/T5.txt,116736,117760,24.10062430656771,263.498675,0.1059428319591798,False
Healthy/eyes-closed/patient73/T5.txt,119808,120832,17.891031325145413,179.93074130000002,0.028396567935839556,False
Healthy/eyes-closed/patient73/T5.txt,129024,130048,19.896258075631224,209.598469,0.07371670694801767,False
Healthy/eyes-closed/patient73/T5.txt,151552,152576,20.3025483619148,332.99443299999996,-0.2523249185832031,False
Healthy/eyes-closed/patient73/T6.txt,0,1024,12.177932437560283,200.36655910000002,-0.04546003820423174,False
Healthy/eyes-closed/patient73/T6.txt,1024,2048,14.105833653741321,254.797335,0.11271517505692286,False
Healthy/eyes-closed/patient73/T6.txt,6144,7168,14.309086082200665,246.222873,-0.039842468053808575,False
Healthy/eyes-closed/patient73/T6.txt,13312,14336,19.535316941007014,284.63406,-0.1527938902988087,False
Healthy/eyes-closed/patient73/T6.txt,52224,53248,14.75835854271715,149.2251988,0.01827623754746096,False
Healthy/eyes-closed/patient73/T6.txt,71680,72704,14.692932483542306,153.43662030000002,-0.043984602925693436,False
Healthy/eyes-closed/patient73/T6.txt,111616,112640,15.397178091363152,155.5729019,-0.00541089933671874,False
Healthy/eyes-closed/patient73/T6.txt,114688,115712,14.795665395117968,148.3765238,-0.05987728630090819,False
Healthy/eyes-closed/patient73/T6.txt,116736,117760,17.054165253065285,185.3596371,-0.05056806308837893,False
Healthy/eyes-closed/patient73/T6.txt,119808,120832,13.384476746434338,141.5818042,-0.05696084803969723,False
Healthy/eyes-closed/patient73/T6.txt,129024,130048,14.352792171713727,143.69538799999998,-0.023521711028710902,False
Healthy/eyes-closed/patient73/T6.txt,151552,152576,14.482022282150059,204.0668755,0.020523356046445354,False
Healthy/eyes-closed/patient74/C3.txt,0,1024,9.108758921704794,77.42129059999999,-0.040945400167783155,False
Healthy/eyes-closed/patient74/C4.txt,0,1024,9.433041215316697,80.7566665,-0.0651415704755859,False
Healthy/eyes-closed/patient74/Fp1.txt,53248,54272,13.688847000144454,243.6431462,-0.05275382475882814,False
Healthy/eyes-closed/patient74/Fp1.txt,67584,68608,13.562827957306665,218.91862300000003,0.11539324232919922,False
Healthy/eyes-closed/patient74/Fp1.txt,75776,76800,16.410796623296267,237.44171799999998,0.004272203653037043,False
Healthy/eyes-closed/patient74/Fp2.txt,53248,54272,14.431902339619494,315.874121,0.11160301820056631,False
Healthy/eyes-closed/patient74/Pz.txt,0,1024,9.551514783583029,82.1800612,-0.04023569861496088,False
Healthy/eyes-closed/patient74/T4.txt,0,1024,375.8408107677245,5470.55292,-0.49535876458799,False
Healthy/eyes-closed/patient74/T4.txt,147456,148480,12.56878645167114,281.808519,-0.023930107776142635,False
Healthy/eyes-closed/patient74/T5.txt,147456,148480,13.949107646392983,355.31584599999996,-0.05018798618824212,False
Healthy/eyes-closed/patient75/C3.txt,0,1024,8.048964727653196,76.3293604,0.005363942045681053,False
Healthy/eyes-closed/patient75/C3.txt,4096,5120,8.798762287656665,135.12445300000002,-0.0721191551788086,False
Healthy/eyes-closed/patient75/C3.txt,118784,119808,12.870426668434778,148.0245917,0.01937110887827052,False
Healthy/eyes-closed/patient75/C3.txt,140288,141312,13.751043736366743,170.1112646,-0.010530685313769605,False
Healthy/eyes-closed/patient75/C3.txt,145408,146432,6.278319362858606,94.3358509,0.0012194708508007149,False
Healthy/eyes-closed/patient75/C3.txt,151552,152576,9.226334424142042,121.3418608,0.018128847123076216,False
Healthy/eyes-closed/patient75/C4.txt,0,1024,7.967639447889534,80.4255069,-0.027119070866149363,False
Healthy/eyes-closed/patient75/C4.txt,4096,5120,8.804014158821726,133.005221,0.0694444604781543,False
Healthy/eyes-closed/patient75/C4.txt,118784,119808,12.901456099962802,147.4630694,-0.016961355741240188,False
Healthy/eyes-closed/patient75/C4.txt,140288,141312,13.744959079835382,170.92399089999998,0.009499716589941525,False
Healthy/eyes-closed/patient75/C4.txt,145408,146432,6.328954404257548,95.5676763,-0.0070295575962597626,False
Healthy/eyes-closed/patient75/C4.txt,151552,152576,9.238593549001552,122.64279730000001,-0.019657968796113333,False
Healthy/eyes-closed/patient75/Cz.txt,0,1024,52.62507119851009,1059.5177760000001,-0.23728946911869137,False
Healthy/eyes-closed/patient75/Cz.txt,4096,5120,79.3286281400259,930.953193,-0.6281696115724613,False
Healthy/eyes-closed/patient75/Cz.txt,10240,11264,295.78703191861666,1762.7642139999998,-6.787878251080562,False
Healthy/eyes-closed/patient75/Cz.txt,11264,12288,117.57266901806575,698.1221370000001,7.699267463440606,False
Healthy/eyes-closed/patient75/Cz.txt,36864,37888,13.564739854401466,206.44864289999998,-0.3345384147051269,False
Healthy/eyes-closed/patient75/Cz.txt,37888,38912,146.04786299165065,823.901339,-1.3360980464912109,False
Healthy/eyes-closed/patient75/Cz.txt,38912,39936,53.612654117059634,230.4062,1.173662247713476,False
Healthy/eyes-closed/patient75/Cz.txt,39936,40960,38.125454376678036,226.876136,1.186089520770508,False
Healthy/eyes-closed/patient75/Cz.txt,71680,72704,38.38933486728502,301.68319499999996,-0.9570486977027706,False
Healthy/eyes-closed/patient75/Cz.txt,72704,73728,54.559733045623425,282.65254300000004,0.793498820107032,False
Healthy/eyes-closed/patient75/Cz.txt,101376,102400,263.0213727552334,2275.4508,2.6187230393852534,False
Healthy/eyes-closed/patient75/Cz.txt,102400,103424,465.8243235306985,2574.37389,8.508979308082033,False
Healthy/eyes-closed/patient75/Cz.txt,103424,104448,512.11710394128,2723.7952800000003,-12.229678783409183,False
Healthy/eyes-closed/patient75/Cz.txt,104448,105472,119.35242828784054,510.421923,0.15088454309580196,False
Healthy/eyes-closed/patient75/Cz.txt,105472,106496,51.78814038590491,216.765591,0.5451045673717771,False
Healthy/eyes-closed/patient75/Cz.txt,113664,114688,20.078979643524992,218.541835,-0.6911179304404298,False
Healthy/eyes-closed/patient75/Cz.txt,119808,120832,37.32851044223766,256.050455,-0.07204823579189445,False
Healthy/eyes-closed/patient75/Cz.txt,131072,132096,137.96430136604874,1215.459834,-0.9760726764898437,False
Healthy/eyes-closed/patient75/Cz.txt,140288,141312,137.21806624725272,1186.0318160000002,0.17505264448427815,False
Healthy/eyes-closed/patient75/Cz.txt,141312,142336,151.39071369074668,1578.3069,-4.031518666415449,False
Healthy/eyes-closed/patient75/Cz.txt,142336,143360,224.91403393804652,1410.721145,5.296466349495704,False
Healthy/eyes-closed/patient75/Cz.txt,143360,144384,384.4503342865425,2793.99077,1.3238161628754894,False
Healthy/eyes-closed/patient75/Cz.txt,144384,145408,437.5207288242317,2656.1073,0.983467024526361,False
Healthy/eyes-closed/patient75/Cz.txt,145408,146432,369.701927235819,2505.80296,-4.812541468136718,False
Healthy/eyes-closed/patient75/Cz.txt,146432,147456,217.65152200373424,2172.64801,2.084037477366212,False
Healthy/eyes-closed/patient75/Cz.txt,150528,151552,132.8677537096927,1248.185343,2.8198992495761717,False
Healthy/eyes-closed/patient75/Cz.txt,151552,152576,66.29936558686515,403.676835,-2.2062785787046875,False
Healthy/eyes-closed/patient75/Cz.txt,164864,165888,182.79765304496246,1459.03254,-1.6963227633994156,False
Healthy/eyes-closed/patient75/F3.txt,4096,5120,13.41730374160982,158.9735692,-0.0020623101197266153,False
Healthy/eyes-closed/patient75/F3.txt,118784,119808,24.59485407047369,349.466085,-0.06177309087424715,False
Healthy/eyes-closed/patient75/F3.txt,140288,141312,19.1899978627069,225.6660613,0.015127988775585896,False
Healthy/eyes-closed/patient75/F3.txt,151552,152576,22.530601834474215,293.698406,-0.05380608783202144,False
Healthy/eyes-closed/patient75/F4.txt,4096,5120,15.05573807322944,137.4607712,0.030619723621679626,False
Healthy/eyes-closed/patient75/F4.txt,118784,119808,15.375620928416685,138.31160490000002,-0.009047311328906266,False
Healthy/eyes-closed/patient75/F4.txt,140288,141312,15.650774964150651,163.620137,-0.06319819704737305,False
Healthy/eyes-closed/patient75/F4.txt,151552,152576,11.188247966749769,138.9807815,-0.10444342433330081,False
Healthy/eyes-closed/patient75/F7.txt,4096,5120,19.320551483675064,170.2230016,0.16251164279562497,False
Healthy/eyes-closed/patient75/F7.txt,118784,119808,57.96255032914945,625.862531,-0.026062802568163707,False
Healthy/eyes-closed/patient75/F7.txt,140288,141312,38.2397990740679,606.735933,-0.08377391581650401,False
Healthy/eyes-closed/patient75/F7.txt,151552,152576,44.12390516506696,634.747754,0.05870808046835933,False
Healthy/eyes-closed/patient75/F8.txt,4096,5120,42.20764413074999,672.241946,-0.4201022611861326,False
Healthy/eyes-closed/patient75/F8.txt,118784,119808,22.562056449385768,288.2632115,0.10616854051152329,False
Healthy/eyes-closed/patient75/F8.txt,140288,141312,66.61429282625843,768.296967,-0.1852571111405276,False
Healthy/eyes-closed/patient75/F8.txt,151552,152576,19.445471737001114,282.46402439999997,-0.009127360850214844,False
Healthy/eyes-closed/patient75/Fp1.txt,3072,4096,14.72543769760559,275.511174,-0.11146803781767572,False
Healthy/eyes-closed/patient75/Fp1.txt,4096,5120,29.31656524128352,264.33829000000003,0.38579811413398446,False
Healthy/eyes-closed/patient75/Fp1.txt,48128,49152,10.798871048713874,177.3337517,0.043264284928613235,False
Healthy/eyes-closed/patient75/Fp1.txt,82944,83968,14.943831835639523,186.7016331,0.0819048054660157,False
Healthy/eyes-closed/patient75/Fp1.txt,100352,101376,14.369745809786453,255.870635,-0.16435149395133788,False
Healthy/eyes-closed/patient75/Fp1.txt,118784,119808,37.54745336394981,221.85383000000002,-0.8341262984245118,False
Healthy/eyes-closed/patient75/Fp1.txt,121856,122880,24.519074343485002,391.699185,-0.1302731604642579,False
Healthy/eyes-closed/patient75/Fp1.txt,140288,141312,28.76602413481634,260.45135799999997,0.2977727999542386,False
Healthy/eyes-closed/patient75/Fp2.txt,3072,4096,15.737342325045287,255.13110799999998,-0.10079610114375004,False
Healthy/eyes-closed/patient75/Fp2.txt,4096,5120,35.258484137896026,318.414041,0.05912425094218743,False
Healthy/eyes-closed/patient75/Fp2.txt,68608,69632,14.981006075874305,183.28004700000002,0.0850246970125878,False
Healthy/eyes-closed/patient75/Fp2.txt,100352,101376,12.463355658703907,200.7982048,-0.024954433083593797,False
Healthy/eyes-closed/patient75/Fp2.txt,118784,119808,55.82508699784705,414.16395800000004,-0.02978696406933662,False
Healthy/eyes-closed/patient75/Fp2.txt,121856,122880,30.070971443283828,374.24729,0.17066281756669932,False
Healthy/eyes-closed/patient75/Fp2.txt,140288,141312,39.33213103657645,376.667029,-0.5978397593134768,False
Healthy/eyes-closed/patient75/Fp2.txt,144384,145408,28.53020010499603,266.36861799999997,-0.08447078466640612,False
Healthy/eyes-closed/patient75/Fz.txt,4096,5120,12.203786217331466,93.5875592,-0.16544164887256832,False
Healthy/eyes-closed/patient75/Fz.txt,118784,119808,12.069191989919272,90.6962447,-0.0025521798364257497,False
Healthy/eyes-closed/patient75/Fz.txt,140288,141312,11.804638499100525,115.9961398,-0.06678966906218757,False
Healthy/eyes-closed/patient75/Fz.txt,151552,152576,8.257588439408066,85.7562585,-0.0007590615625097247,False
Healthy/eyes-closed/patient75/O1.txt,0,1024,11.28249618449401,150.5144999,-0.03428283198022472,False
Healthy/eyes-closed/patient75/O1.txt,4096,5120,10.247429837269506,125.987027,-0.1515388718139649,False
Healthy/eyes-closed/patient75/O1.txt,140288,141312,13.5728850617868,145.84227529999998,-0.06517699684704102,False
Healthy/eyes-closed/patient75/O1.txt,145408,146432,13.501551088407375,163.0085211,0.017617683279882786,False
Healthy/eyes-closed/patient75/O2.txt,0,1024,28.05078058283742,526.16977,-0.15764707210332995,False
Healthy/eyes-closed/patient75/O2.txt,145408,146432,32.50562393903183,491.87088900000003,0.07462911784721671,False
Healthy/eyes-closed/patient75/P3.txt,0,1024,9.61050331230888,118.5085344,-0.018829233727119088,False
Healthy/eyes-closed/patient75/P3.txt,4096,5120,9.68755846995278,129.1003601,-0.11209994856183596,False
Healthy/eyes-closed/patient75/P3.txt,140288,141312,14.201694767161507,145.5067119,0.07104620735387004,False
Healthy/eyes-closed/patient75/P3.txt,145408,146432,9.898594620360992,142.7850046,0.024445267529970695,False
Healthy/eyes-closed/patient75/P4.txt,0,1024,12.814082974774728,204.4876787,-0.08324630970224614,False
Healthy/eyes-closed/patient75/P4.txt,118784,119808,12.790356542845327,137.4083944,0.03194757327756845,False
Healthy/eyes-closed/patient75/P4.txt,140288,141312,12.240697034354458,129.64960250000001,-0.07819839120291995,False
Healthy/eyes-closed/patient75/P4.txt,145408,146432,13.74732512837633,200.0918254,-0.001442714999218695,False
Healthy/eyes-closed/patient75/P4.txt,151552,152576,9.509581089175578,115.77475279999999,0.020519445253613284,False
Healthy/eyes-closed/patient75/Pz.txt,118784,119808,10.316129995549181,93.4455231,0.07813481460341795,False
Healthy/eyes-closed/patient75/Pz.txt,140288,141312,9.824014569898578,99.1229733,-0.03813498948760749,False
Healthy/eyes-closed/patient75/Pz.txt,145408,146432,6.991457968972978,93.6225229,0.004033243068769551,False
Healthy/eyes-closed/patient75/Pz.txt,151552,152576,7.152785799526937,87.8887656,0.01326220227387696,False
Healthy/eyes-closed/patient75/T3.txt,4096,5120,16.444522191050922,161.3337221,0.02745403438626945,False
Healthy/eyes-closed/patient75/T3.txt,118784,119808,36.15670332670518,339.487042,-0.06399505979345724,False
Healthy/eyes-closed/patient75/T3.txt,140288,141312,29.026049065460583,275.10166,-0.08760213423837881,False
Healthy/eyes-closed/patient75/T3.txt,151552,152576,28.275376817693616,308.302732,-0.029177063781523585,False
Healthy/eyes-closed/patient75/T4.txt,4096,5120,26.792566572482272,321.659621,-0.20337480713417955,False
Healthy/eyes-closed/patient75/T4.txt,118784,119808,22.946123016449448,247.924393,-0.04534116421748063,False
Healthy/eyes-closed/patient75/T4.txt,140288,141312,41.73481060972036,424.030928,-0.1292650891011913,False
Healthy/eyes-closed/patient75/T4.txt,151552,152576,20.21678337279335,340.006777,-0.11854044736482426,False
Healthy/eyes-closed/patient75/T4.txt,152576,153600,10.501606235987673,182.2275208,0.1254124567853809,False
Healthy/eyes-closed/patient75/T5.txt,118784,119808,34.07488990469992,298.356128,-0.012250668348046917,False
Healthy/eyes-closed/patient75/T5.txt,140288,141312,31.86334585762821,330.55735400000003,-0.10667992644580096,False
Healthy/eyes-closed/patient75/T5.txt,151552,152576,20.315311657356226,242.256527,0.01644582647109373,False
Healthy/eyes-closed/patient75/T6.txt,0,1024,32.249857114146074,600.967367,-0.1131570905499806,False
Healthy/eyes-closed/patient75/T6.txt,118784,119808,26.119457293012672,252.18965500000002,-0.16541973410595706,False
Healthy/eyes-closed/patient75/T6.txt,140288,141312,73.47599313662292,769.395744,0.13935966750253925,False
Healthy/eyes-closed/patient75/T6.txt,145408,146432,77.2866720399249,1416.391235,0.022208610247148056,False
Healthy/eyes-closed/patient76/C3.txt,31744,32768,5.3657889108145,81.4938044,0.031688456633284685,False
Healthy/eyes-closed/patient76/C3.txt,51200,52224,4.091921739639232,61.8230454,0.000860555096386717,False
Healthy/eyes-closed/patient76/C3.txt,110592,111616,10.835739167363656,131.948853,-0.0561188407194629,False
Healthy/eyes-closed/patient76/C3.txt,111616,112640,4.618705310058553,70.1418123,0.06864606679166992,False
Healthy/eyes-closed/patient76/C3.txt,117760,118784,6.596986373182326,99.6979613,-0.03855260813570313,False
Healthy/eyes-closed/patient76/C3.txt,143360,144384,5.4872441268490215,85.9625097,0.055395011341717725,False
Healthy/eyes-closed/patient76/C4.txt,31744,32768,5.368641895871733,81.9255497,-0.02207043034633786,False
Healthy/eyes-closed/patient76/C4.txt,51200,52224,4.058966084262075,60.9938183,-0.009072877777167983,False
Healthy/eyes-closed/patient76/C4.txt,110592,111616,10.896362850531629,132.4639806,0.05387126035390637,False
Healthy/eyes-closed/patient76/C4.txt,111616,112640,4.632753314091141,68.7885821,-0.07260783661914064,False
Healthy/eyes-closed/patient76/C4.txt,117760,118784,6.578649433079564,100.3966641,0.043548380815498014,False
Healthy/eyes-closed/patient76/C4.txt,143360,144384,5.495441956322298,87.7593162,-0.060545224293183555,False
Healthy/eyes-closed/patient76/Cz.txt,0,1024,105.9588418934135,1966.8079109999999,-0.058289824530566636,False
Healthy/eyes-closed/patient76/Cz.txt,120832,121856,16.948242606512515,164.2091256,-0.3675548894219726,False
Healthy/eyes-closed/patient76/F3.txt,0,1024,20.028104130519097,193.610419,-0.1751483961521681,False
Healthy/eyes-closed/patient76/F3.txt,6144,7168,6.155261084725102,93.882217,-0.008480638622282224,False
Healthy/eyes-closed/patient76/F3.txt,31744,32768,8.750819092933074,143.0254937,0.12268850783878908,False
Healthy/eyes-closed/patient76/F3.txt,51200,52224,7.343965390392615,109.9411141,0.05072507810511723,False
Healthy/eyes-closed/patient76/F3.txt,91136,92160,6.907568401857373,150.5660744,0.012875561859209003,False
Healthy/eyes-closed/patient76/F3.txt,110592,111616,18.239802662147653,249.920697,-0.03496960910602537,False
Healthy/eyes-closed/patient76/F3.txt,117760,118784,14.5068913214579,278.69602,-0.053049136958925706,False
Healthy/eyes-closed/patient76/F3.txt,143360,144384,10.18239505038645,179.9701861,0.02878705979844428,False
Healthy/eyes-closed/patient76/F4.txt,31744,32768,6.765540006581427,90.8265114,-0.015418854706435522,False
Healthy/eyes-closed/patient76/F4.txt,110592,111616,12.549324513514524,138.3831513,0.014483086867812564,False
Healthy/eyes-closed/patient76/F4.txt,117760,118784,8.069041273600314,141.2282159,0.014824853047167966,False
Healthy/eyes-closed/patient76/F4.txt,143360,144384,7.294080534021807,85.51391810000001,-0.059057188886435484,False
Healthy/eyes-closed/patient76/F7.txt,0,1024,20.385978631355833,199.66711429999998,-0.13938369908886727,False
Healthy/eyes-closed/patient76/F7.txt,20480,21504,9.040737384015912,132.97473789999998,0.0012346116819336728,False
Healthy/eyes-closed/patient76/F7.txt,31744,32768,13.364081886026371,197.9084546,0.034460112744443404,False
Healthy/eyes-closed/patient76/F7.txt,51200,52224,9.231813142371202,148.75676909999999,0.02044534766992194,False
Healthy/eyes-closed/patient76/F7.txt,91136,92160,9.998036100951639,164.7257975,0.11517785944904299,False
Healthy/eyes-closed/patient76/F7.txt,110592,111616,27.847308353788428,337.781625,0.15184819403561522,False
Healthy/eyes-closed/patient76/F7.txt,111616,112640,9.44845624791164,181.7751862,-0.1261639034905762,False
Healthy/eyes-closed/patient76/F7.txt,117760,118784,14.987052324311334,242.86435699999998,0.03658043711339834,False
Healthy/eyes-closed/patient76/F7.txt,143360,144384,13.142162359396025,221.8738937,-0.07048847128446285,False
Healthy/eyes-closed/patient76/F8.txt,0,1024,17.862420450281505,196.2318634,0.157812601022168,False
Healthy/eyes-closed/patient76/F8.txt,110592,111616,16.09498797035924,170.0685952,0.06865385721173817,False
Healthy/eyes-closed/patient76/F8.txt,117760,118784,9.247360883383095,133.5664204,0.02672126739277353,False
Healthy/eyes-closed/patient76/F8.txt,143360,144384,9.151429177345989,114.3907951,-0.04870158252754886,False
Healthy/eyes-closed/patient76/Fp1.txt,0,1024,24.05545685163467,242.93456700000002,-0.21463736876601552,False
Healthy/eyes-closed/patient76/Fp1.txt,31744,32768,9.07607270891277,141.8870051,-0.01866711632851565,False
Healthy/eyes-closed/patient76/Fp1.txt,110592,111616,17.159073009242835,208.245687,0.015970176567880884,False
Healthy/eyes-closed/patient76/Fp1.txt,117760,118784,13.857646874424626,225.0256477,-0.12834818620800792,False
Healthy/eyes-closed/patient76/Fp1.txt,143360,144384,12.938105465857358,193.76060760000001,-0.013209892099980414,False
Healthy/eyes-closed/patient76/Fp2.txt,0,1024,12.049203456501372,110.31714769999999,0.11191999813164064,False
Healthy/eyes-closed/patient76/Fp2.txt,110592,111616,13.710486854740225,133.1159212,0.04266104369160163,False
Healthy/eyes-closed/patient76/Fp2.txt,117760,118784,9.766699750564378,141.4685366,-0.02308876558338878,False
Healthy/eyes-closed/patient76/Fp2.txt,137216,138240,9.02134248286961,124.6461497,0.01130892330458988,False
Healthy/eyes-closed/patient76/Fp2.txt,141312,142336,9.846982160394184,135.98977960000002,0.039335536881259785,False
Healthy/eyes-closed/patient76/Fp2.txt,143360,144384,10.22507968760955,133.2230662,-0.08405330114560544,False
Healthy/eyes-closed/patient76/Fz.txt,0,1024,12.451202069736455,114.73781070000001,0.10375017063803713,False
Healthy/eyes-closed/patient76/Fz.txt,110592,111616,8.08082947309304,89.3342418,0.03646666211464844,False
Healthy/eyes-closed/patient76/O1.txt,0,1024,26.27209642163948,312.500925,0.06655291287773421,False
Healthy/eyes-closed/patient76/O2.txt,0,1024,45.89436575697023,579.469818,0.09444539090996104,False
Healthy/eyes-closed/patient76/P3.txt,0,1024,32.252096823149024,391.250264,-0.19569590835712888,False
Healthy/eyes-closed/patient76/P3.txt,5120,6144,15.757508960710648,117.91791380000001,0.18881967844281244,False
Healthy/eyes-closed/patient76/P3.txt,7168,8192,18.96028851031723,121.1469021,-0.018574050408417975,False
Healthy/eyes-closed/patient76/P4.txt,0,1024,41.373444162061034,540.287446,0.03065321725347639,False
Healthy/eyes-closed/patient76/P4.txt,110592,111616,11.955630580316535,127.89253930000001,0.10259127347529297,False
Healthy/eyes-closed/patient76/Pz.txt,0,1024,12.238473451903522,120.2522635,0.10080428211727532,False
Healthy/eyes-closed/patient76/Pz.txt,110592,111616,9.477936971573675,120.69444329999999,0.04083393797255854,False
Healthy/eyes-closed/patient76/T3.txt,0,1024,19.43516214789196,192.241141,0.20835208889665227,False
Healthy/eyes-closed/patient76/T3.txt,31744,32768,10.386053321911184,153.1928649,-0.0891025155258301,False
Healthy/eyes-closed/patient76/T3.txt,51200,52224,8.823109719942698,136.9438729,-0.0911679083981348,False
Healthy/eyes-closed/patient76/T3.txt,91136,92160,10.187926597598427,149.8301413,0.10306084198974606,False
Healthy/eyes-closed/patient76/T3.txt,110592,111616,25.0831553152502,346.79490899999996,0.30525202162958975,False
Healthy/eyes-closed/patient76/T3.txt,111616,112640,10.485358455085066,146.4442942,-0.40954410844072253,False
Healthy/eyes-closed/patient76/T3.txt,117760,118784,13.30897510676027,182.3067413,0.019546374257714882,False
Healthy/eyes-closed/patient76/T3.txt,143360,144384,12.730968494702395,195.997007,-0.1332838372144532,False
Healthy/eyes-closed/patient76/T4.txt,0,1024,22.006589062409706,271.061696,0.11841777696500977,False
Healthy/eyes-closed/patient76/T4.txt,110592,111616,14.555113534550992,164.6767342,0.1657150886826757,False
Healthy/eyes-closed/patient76/T4.txt,117760,118784,8.798314756457152,143.0343168,0.07914437612855466,False
Healthy/eyes-closed/patient76/T5.txt,0,1024,17.826729079557868,173.0988586,0.23728279676904301,False
Healthy/eyes-closed/patient76/T5.txt,110592,111616,18.419186517552234,186.56357300000002,0.28250524744267574,False
Healthy/eyes-closed/patient76/T5.txt,117760,118784,11.691047362326696,165.6299789,0.0360419807436621,False
Healthy/eyes-closed/patient76/T6.txt,110592,111616,16.889662242560377,169.4710586,0.19976409001316883,False
Healthy/eyes-closed/patient76/T6.txt,117760,118784,10.759541670820449,162.1937307,0.023893129374482458,False
Healthy/eyes-closed/patient77/C3.txt,0,1024,9.645025148483661,85.0919757,0.12510655040934174,False
Healthy/eyes-closed/patient77/C3.txt,9216,10240,6.3047342409131995,68.33588560000001,-0.0032317116396679696,False
Healthy/eyes-closed/patient77/C3.txt,25600,26624,6.263407471729317,86.26620360000001,-0.006159862745800802,False
Healthy/eyes-closed/patient77/C3.txt,40960,41984,3.3822563882392243,58.6012841,-0.01710071371301758,False
Healthy/eyes-closed/patient77/C3.txt,44032,45056,4.6579447671700915,79.3887119,-0.015404914599397433,False
Healthy/eyes-closed/patient77/C3.txt,74752,75776,4.784013784692064,66.3101239,-0.028843962770400387,False
Healthy/eyes-closed/patient77/C3.txt,128000,129024,5.886189901542869,84.0767972,-0.006928999366992213,False
Healthy/eyes-closed/patient77/C3.txt,175104,176128,4.885620723668226,61.8101049,0.03739810513311522,False
Healthy/eyes-closed/patient77/C3.txt,243712,244736,4.506565589707272,63.428238199999996,-0.021605690850107433,False
Healthy/eyes-closed/patient77/C4.txt,0,1024,10.258508811599853,92.8595401,-0.12931227370523926,False
Healthy/eyes-closed/patient77/C4.txt,9216,10240,6.330607239858869,69.7813621,-0.0015087443244140141,False
Healthy/eyes-closed/patient77/C4.txt,25600,26624,6.281915294496581,86.2491468,0.0030956837373154536,False
Healthy/eyes-closed/patient77/C4.txt,40960,41984,3.405721442841595,59.932309,0.0128614971957422,False
Healthy/eyes-closed/patient77/C4.txt,44032,45056,4.731339826445504,80.5974314,0.014309534520097662,False
Healthy/eyes-closed/patient77/C4.txt,74752,75776,4.82599266888292,66.4448596,0.033733054490429695,False
Healthy/eyes-closed/patient77/C4.txt,128000,129024,5.882733925457425,84.6847335,0.004275344782285136,False
Healthy/eyes-closed/patient77/C4.txt,175104,176128,4.9143954157008265,61.9062825,-0.0401053783179004,False
Healthy/eyes-closed/patient77/C4.txt,243712,244736,4.5810221781168075,63.3423874,0.011126145349892556,False
Healthy/eyes-closed/patient77/Cz.txt,0,1024,13.464929859691946,113.9408366,0.09780720178956062,False
Healthy/eyes-closed/patient77/Cz.txt,25600,26624,4.948716391232049,67.2689146,0.03269601369902536,False
Healthy/eyes-closed/patient77/Cz.txt,128000,129024,4.673242910027531,67.50784110000001,0.04519244326398436,False
Healthy/eyes-closed/patient77/Cz.txt,246784,247808,4.432107107152767,72.5422208,-0.004460511055605503,False
Healthy/eyes-closed/patient77/F3.txt,9216,10240,11.604196683634608,109.3237824,-0.12454052405654105,False
Healthy/eyes-closed/patient77/F3.txt,25600,26624,11.701716533235016,168.2561599,-0.010650484458427777,False
Healthy/eyes-closed/patient77/F3.txt,44032,45056,9.291598999701204,134.4880956,-0.10485631687255864,False
Healthy/eyes-closed/patient77/F3.txt,74752,75776,9.182691707750118,123.20057059999999,0.06419073696014646,False
Healthy/eyes-closed/patient77/F3.txt,128000,129024,11.059162849968823,162.8231643,0.07177769708319329,False
Healthy/eyes-closed/patient77/F3.txt,175104,176128,9.72448928829025,162.4728553,0.09243059067580078,False
Healthy/eyes-closed/patient77/F3.txt,243712,244736,7.399504491138844,105.81684720000001,0.06438632263385742,False
Healthy/eyes-closed/patient77/F3.txt,246784,247808,14.575576889622166,265.19897100000003,0.29295939339441407,False
Healthy/eyes-closed/patient77/F3.txt,247808,248832,20.561377839661915,120.21814889999999,-0.5899741884422853,False
Healthy/eyes-closed/patient77/F4.txt,44032,45056,6.1406989870138,93.7503087,-0.05688283092597656,False
Healthy/eyes-closed/patient77/F4.txt,74752,75776,6.611877377327787,87.8212211,0.07522543091455083,False
Healthy/eyes-closed/patient77/F4.txt,128000,129024,7.111895828586053,90.87111630000001,0.03964934154720703,False
Healthy/eyes-closed/patient77/F4.txt,246784,247808,6.895183767172402,99.57452839999999,0.11106402542713867,False
Healthy/eyes-closed/patient77/F7.txt,0,1024,15.515517655611463,136.6293839,-0.01379507068409555,False
Healthy/eyes-closed/patient77/F7.txt,6144,7168,26.57541101289842,152.0377879,0.014077909906152208,False
Healthy/eyes-closed/patient77/F7.txt,9216,10240,16.685652619445328,177.24763330000002,0.018324132824501987,False
Healthy/eyes-closed/patient77/F7.txt,25600,26624,17.037116433237,292.216656,0.04883188222898441,False
Healthy/eyes-closed/patient77/F7.txt,40960,41984,15.599565447356655,455.532976,0.08048331285615236,False
Healthy/eyes-closed/patient77/F7.txt,44032,45056,12.677256453564267,208.15996180000002,-0.06133751045644521,False
Healthy/eyes-closed/patient77/F7.txt,74752,75776,12.914924987933162,166.8694532,-0.07482532052598634,False
Healthy/eyes-closed/patient77/F7.txt,128000,129024,14.842353297729266,169.1973018,-0.06156534185368156,False
Healthy/eyes-closed/patient77/F7.txt,175104,176128,14.927608768100981,244.8730077,0.12887768195263682,False
Healthy/eyes-closed/patient77/F7.txt,243712,244736,13.379222032866615,203.513669,-0.14316674323515338,False
Healthy/eyes-closed/patient77/F7.txt,246784,247808,9.461223643793506,134.9872845,0.007750088412558566,False
Healthy/eyes-closed/patient77/F8.txt,25600,26624,13.551201673309292,177.6766226,0.08451969562965811,False
Healthy/eyes-closed/patient77/F8.txt,243712,244736,13.258697643573257,151.8587843,0.051325734431933556,False
Healthy/eyes-closed/patient77/Fp1.txt,4096,5120,28.731203160047247,171.5889787,-0.5445350266362305,False
Healthy/eyes-closed/patient77/Fp1.txt,9216,10240,26.066623807859248,132.7008379,-0.5057664615003904,False
Healthy/eyes-closed/patient77/Fp1.txt,44032,45056,9.986205481874029,147.23649790000002,-0.03909375276770509,False
Healthy/eyes-closed/patient77/Fp1.txt,128000,129024,12.376151069675554,187.41971289999998,0.09067003395083015,False
Healthy/eyes-closed/patient77/Fp1.txt,139264,140288,16.577679463608913,130.2272382,0.10951633443500003,False
Healthy/eyes-closed/patient77/Fp1.txt,175104,176128,9.657656921671286,131.1612208,0.20494999053974608,False
Healthy/eyes-closed/patient77/Fp1.txt,243712,244736,10.225834091092453,144.9176947,0.11372687111601568,False
Healthy/eyes-closed/patient77/Fp1.txt,246784,247808,21.539098486346305,220.331214,1.2512406236247071,False
Healthy/eyes-closed/patient77/Fp1.txt,247808,248832,57.22319064574018,258.891156,-1.9916216287404298,False
Healthy/eyes-closed/patient77/Fp2.txt,4096,5120,20.04041502929931,132.8024671,-0.3191172119849808,False
Healthy/eyes-closed/patient77/Fp2.txt,9216,10240,20.391221939182852,113.3421315,-0.3579883378197656,False
Healthy/eyes-closed/patient77/Fp2.txt,246784,247808,11.429359982763852,209.2810389,0.3071884455510077,False
Healthy/eyes-closed/patient77/Fz.txt,40960,41984,3.8405377219423342,72.6985597,-0.035716712936630854,False
Healthy/eyes-closed/patient77/Fz.txt,128000,129024,5.748096157177951,85.77462270000001,0.030843502817646504,False
Healthy/eyes-closed/patient77/Fz.txt,246784,247808,8.032066339047377,124.4504958,0.20962729410515332,False
Healthy/eyes-closed/patient77/O2.txt,25600,26624,10.925484614665514,116.8880585,0.018300657260742138,False
Healthy/eyes-closed/patient77/P4.txt,0,1024,17.00324797980408,147.4177323,-0.0919435698276338,False
Healthy/eyes-closed/patient77/P4.txt,25600,26624,7.825998962332704,105.328693,0.008811880668925805,False
Healthy/eyes-closed/patient77/P4.txt,44032,45056,5.185149145112461,85.5499245,0.02973584529330076,False
Healthy/eyes-closed/patient77/P4.txt,74752,75776,5.888122614959151,78.03473589999999,0.03433488938155269,False
Healthy/eyes-closed/patient77/P4.txt,128000,129024,7.003987216473845,82.18675300000001,-0.06026794069844729,False
Healthy/eyes-closed/patient77/P4.txt,175104,176128,5.9640689914552345,81.07611969999999,-0.043155173521289114,False
Healthy/eyes-closed/patient77/Pz.txt,25600,26624,6.539778743103538,87.41036030000001,0.011880721123691398,False
Healthy/eyes-closed/patient77/Pz.txt,246784,247808,5.5835853101528485,76.262856,-0.006004004191542976,False
Healthy/eyes-closed/patient77/T3.txt,0,1024,17.117234971305137,136.27628520000002,0.2646162794046406,False
Healthy/eyes-closed/patient77/T3.txt,9216,10240,14.731707543404896,185.3481534,-0.02212279082197259,False
Healthy/eyes-closed/patient77/T3.txt,25600,26624,15.66298025520367,210.76487500000002,0.0032290675995898105,False
Healthy/eyes-closed/patient77/T3.txt,40960,41984,10.836471265373818,291.050861,0.03175707832356443,False
Healthy/eyes-closed/patient77/T3.txt,44032,45056,13.269978316119293,188.27414299999998,-0.18947920960300796,False
Healthy/eyes-closed/patient77/T3.txt,74752,75776,13.372564441253935,187.7451796,0.07083357282207034,False
Healthy/eyes-closed/patient77/T3.txt,128000,129024,15.386266124429852,191.523987,-0.011059732854088851,False
Healthy/eyes-closed/patient77/T3.txt,175104,176128,14.290661982250034,212.2913117,0.14320783242490237,False
Healthy/eyes-closed/patient77/T3.txt,243712,244736,15.013902136225733,259.2173444,-0.18853504110607422,False
Healthy/eyes-closed/patient77/T4.txt,0,1024,19.81929578266316,168.2514035,0.2032909441369386,False
Healthy/eyes-closed/patient77/T4.txt,25600,26624,11.975543104993958,149.0232438,-0.05577967116650394,False
Healthy/eyes-closed/patient77/T4.txt,243712,244736,18.743825181639295,139.7305649,0.14224518157677746,False
Healthy/eyes-closed/patient77/T5.txt,40960,41984,13.51044421022423,358.13005499999997,-0.013569914534179675,False
Healthy/eyes-closed/patient77/T6.txt,0,1024,23.036569270381584,188.174735,0.27112584121850797,False
Healthy/eyes-closed/patient77/T6.txt,242688,243712,18.500758381543825,258.531041,0.5938371880555859,False
Healthy/eyes-closed/patient77/T6.txt,243712,244736,93.80277001065775,492.15347299999996,-0.09104802597504769,False
Healthy/eyes-closed/patient77/T6.txt,246784,247808,69.14756547287129,551.051434,2.5238238574788086,False
Healthy/eyes-closed/patient77/T6.txt,247808,248832,80.84436335789884,446.802019,-2.5287347531096676,False
Healthy/eyes-closed/patient78/F3.txt,102400,103424,15.14319102044146,175.5445831,-0.11323721867636721,False
Healthy/eyes-closed/patient78/F4.txt,102400,103424,15.186827642401015,166.03232200000002,0.10707583297333982,False
Healthy/eyes-closed/patient78/F7.txt,102400,103424,25.48347759599836,309.43671600000005,-0.10132610410537107,False
Healthy/eyes-closed/patient78/F8.txt,52224,53248,20.259783916364846,236.764523,0.003335787704492388,False
Healthy/eyes-closed/patient78/F8.txt,102400,103424,27.226040378146863,285.256445,-0.07222034455986318,False
Healthy/eyes-closed/patient78/O1.txt,83968,84992,18.485012079252197,277.211323,-0.1333671486277343,False
Healthy/eyes-closed/patient78/P3.txt,0,1024,18.05935113570987,314.06710999999996,-0.13203329772421885,False
Healthy/eyes-closed/patient78/P3.txt,83968,84992,35.394205337849534,596.9353100000001,-0.14670552188232425,False
Healthy/eyes-closed/patient78/P4.txt,0,1024,15.628549536836543,266.065817,-0.01134094682763663,False
Healthy/eyes-closed/patient78/P4.txt,83968,84992,29.692315886677736,496.302374,-0.11534414782109344,False
Healthy/eyes-closed/patient78/T3.txt,102400,103424,23.737483206314476,271.041523,-0.1111210923446385,False
Healthy/eyes-closed/patient79/F8.txt,96256,97280,11.319790593834638,154.8367033,-0.0016864728893555003,False
Healthy/eyes-closed/patient80/F3.txt,50176,51200,12.08646850348966,165.3265892,0.12443788573875975,False
Healthy/eyes-closed/patient80/F3.txt,98304,99328,19.771442450183674,312.37323,-0.02490266154099611,False
Healthy/eyes-closed/patient80/F3.txt,132096,133120,16.83790820265561,192.8030139,0.23618526447691413,False
Healthy/eyes-closed/patient80/F4.txt,98304,99328,10.586244433781527,133.3106852,-0.12200319877153312,False
Healthy/eyes-closed/patient80/Fp1.txt,50176,51200,31.357923030054895,213.91704,0.6160408566837597,False
Healthy/eyes-closed/patient80/Fp1.txt,51200,52224,37.98986042884105,225.882046,-0.49856575068037146,False
Healthy/eyes-closed/patient80/Fp1.txt,98304,99328,162.8645310013207,1020.037962,1.4874841047641512,False
Healthy/eyes-closed/patient80/Fp1.txt,99328,100352,81.17540136998471,430.00336400000003,-1.430694703491406,False
Healthy/eyes-closed/patient80/Fp1.txt,132096,133120,82.90355803975328,610.993811,-1.207023216655371,False
Healthy/eyes-closed/patient80/Fp2.txt,7168,8192,29.84513935927694,413.660506,-0.09250579132274414,False
Healthy/eyes-closed/patient80/Fp2.txt,50176,51200,26.64652851731025,231.918254,0.7631985225207032,False
Healthy/eyes-closed/patient80/Fp2.txt,51200,52224,33.17916414269815,221.69801239999998,-0.24444495962656249,False
Healthy/eyes-closed/patient80/Fp2.txt,98304,99328,118.37692625720626,819.848868,2.4143098719703127,False
Healthy/eyes-closed/patient80/Fp2.txt,99328,100352,82.81028604745379,350.354914,-3.070525103637735,False
Healthy/eyes-closed/patient80/Fp2.txt,132096,133120,35.522268497208806,283.25038,-0.4779412012219727,False
Healthy/eyes-closed/patient80/Fz.txt,71680,72704,12.090064531206572,110.7205345,0.09772888716422466,False
Healthy/eyes-closed/patient81/F3.txt,48128,49152,14.6472746749862,192.3737326,-0.01616066004833986,False
Healthy/eyes-closed/patient81/F3.txt,81920,82944,12.003002623117387,145.5203598,0.07193781263242187,False
Healthy/eyes-closed/patient81/F3.txt,82944,83968,13.271857582461733,171.0195831,-0.029941887524130795,False
Healthy/eyes-closed/patient81/F3.txt,115712,116736,7.930286709663669,134.3486359,-0.04890369275972656,False
Healthy/eyes-closed/patient81/F3.txt,116736,117760,11.51326008460004,174.2610356,0.0965673878575879,False
Healthy/eyes-closed/patient81/F4.txt,82944,83968,10.023130769395822,140.821724,-0.09372441570661627,False
Healthy/eyes-closed/patient81/F4.txt,115712,116736,7.352240200003485,115.7386424,0.14278179371549793,False
Healthy/eyes-closed/patient81/F4.txt,116736,117760,8.425773408477784,133.9011587,-0.049150666822558586,False
Healthy/eyes-closed/patient81/F7.txt,82944,83968,14.610530317153374,191.4536605,0.12335057041472658,False
Healthy/eyes-closed/patient81/F7.txt,115712,116736,11.591263374317629,190.5713165,-0.12425138710107415,False
Healthy/eyes-closed/patient81/F7.txt,116736,117760,12.917203658129457,200.4029456,0.0758873723160156,False
Healthy/eyes-closed/patient81/Fp1.txt,115712,116736,10.708417389309123,142.1442672,0.02979375820670902,False
Healthy/eyes-closed/patient81/O1.txt,16384,17408,18.644877750162898,114.61603539999999,-0.16066370901359367,False
Healthy/eyes-closed/patient81/O1.txt,28672,29696,12.873477635042985,131.2877592,0.45900652259062075,False
Healthy/eyes-closed/patient81/O1.txt,29696,30720,32.32039247200624,218.3550098,-0.1476245201756834,False
Healthy/eyes-closed/patient81/O2.txt,29696,30720,22.68015159507184,161.453242,0.3495208222553418,False
Healthy/eyes-closed/patient81/O2.txt,48128,49152,13.397842553574138,125.34736369999999,-0.24333592070049603,False
Healthy/eyes-closed/patient81/P3.txt,16384,17408,11.093023904712243,78.5720079,0.03391524737702151,False
Healthy/eyes-closed/patient81/P3.txt,29696,30720,20.115355712671708,120.4850418,-0.2191917952326955,False
Healthy/eyes-closed/patient82/C3.txt,130048,131072,8.863407357456088,129.6820165,0.03480507459306638,False
Healthy/eyes-closed/patient82/Cz.txt,0,1024,14.869563528027221,134.987906,-0.0008962741304686661,False
Healthy/eyes-closed/patient82/F3.txt,10240,11264,29.634460395026597,279.34142599999996,0.01321442275564444,False
Healthy/eyes-closed/patient82/F3.txt,26624,27648,27.38420305209149,260.332286,0.589646033998916,False
Healthy/eyes-closed/patient82/F3.txt,40960,41984,19.937112143159027,226.92683670000002,0.055932718896025385,False
Healthy/eyes-closed/patient82/F3.txt,51200,52224,14.22342848903593,218.965279,0.002071734068291038,False
Healthy/eyes-closed/patient82/F3.txt,110592,111616,18.828044673983,245.85814499999998,-0.05195395803708987,False
Healthy/eyes-closed/patient82/F3.txt,142336,143360,19.550396636025607,248.038209,-0.00013620719023427208,False
Healthy/eyes-closed/patient82/F3.txt,176128,177152,29.94417898544203,293.36048700000003,0.19525209216533196,False
Healthy/eyes-closed/patient82/F4.txt,110592,111616,22.304104438017585,244.46825719999998,-0.14809050912259775,False
Healthy/eyes-closed/patient82/F4.txt,176128,177152,27.915424212884748,248.802718,0.11480490971171864,False
Healthy/eyes-closed/patient82/F7.txt,130048,131072,19.88366965012802,397.55182,0.25036095272394515,False
Healthy/eyes-closed/patient82/F7.txt,142336,143360,26.355982770640658,318.576338,-0.09341758333017589,False
Healthy/eyes-closed/patient82/F7.txt,143360,144384,27.705781569026588,300.125466,-0.2336299685684571,False
Healthy/eyes-closed/patient82/F7.txt,159744,160768,31.608403134538868,272.35110099999997,-0.43202573419375023,False
Healthy/eyes-closed/patient82/F7.txt,168960,169984,31.895679407351277,394.4684,0.31572873835368176,False
Healthy/eyes-closed/patient82/F7.txt,169984,171008,28.80237450675572,306.882967,-0.14780984349193355,False
Healthy/eyes-closed/patient82/F8.txt,121856,122880,25.258317170619957,356.64221299999997,-0.05588218248183574,False
Healthy/eyes-closed/patient82/F8.txt,130048,131072,34.80938003593851,719.4613810000001,0.2525776653592577,False
Healthy/eyes-closed/patient82/F8.txt,142336,143360,32.22761732141742,318.439073,-0.11001287683583959,False
Healthy/eyes-closed/patient82/F8.txt,143360,144384,33.60228229370628,443.307922,-0.06420169325664071,False
Healthy/eyes-closed/patient82/F8.txt,159744,160768,29.643428417487847,330.834466,-0.1896503786208792,False
Healthy/eyes-closed/patient82/F8.txt,168960,169984,32.015099976190065,487.175411,0.21665481056933603,False
Healthy/eyes-closed/patient82/F8.txt,176128,177152,29.65144465802678,322.362919,-0.05000316557020501,False
Healthy/eyes-closed/patient82/Fp1.txt,10240,11264,106.19627174936919,715.527999,-1.9313706633759773,False
Healthy/eyes-closed/patient82/Fp1.txt,40960,41984,44.027739241182644,422.355826,0.8883614871638572,False
Healthy/eyes-closed/patient82/Fp1.txt,64512,65536,56.97354068465627,415.605133,1.164874343791992,False
Healthy/eyes-closed/patient82/Fp1.txt,110592,111616,44.55135508469886,542.52768,0.21638510955110346,False
Healthy/eyes-closed/patient82/Fp1.txt,176128,177152,111.39991546362985,683.207985,-0.23349710372080135,False
Healthy/eyes-closed/patient82/Fp2.txt,10240,11264,72.87919509133852,429.270823,-1.5846076095069335,False
Healthy/eyes-closed/patient82/Fp2.txt,52224,53248,70.81784559785088,435.167308,-0.8498554314234377,False
Healthy/eyes-closed/patient82/Fp2.txt,176128,177152,104.29172402721247,642.627118,-0.9293926131210937,False
Healthy/eyes-closed/patient82/Pz.txt,0,1024,30.223804761679794,271.7819898,0.016247016458886654,False
Healthy/eyes-closed/patient83/C3.txt,71680,72704,6.759000170029019,90.5787275,0.02839660609235351,False
Healthy/eyes-closed/patient83/C3.txt,74752,75776,7.445180316636179,117.3782943,-0.027702049760351555,False
Healthy/eyes-closed/patient83/C3.txt,76800,77824,7.463722645528539,121.26834600000001,0.06109575837631834,False
Healthy/eyes-closed/patient83/C3.txt,77824,78848,4.547291874587719,67.3712019,0.00030756451130861673,False
Healthy/eyes-closed/patient83/C3.txt,83968,84992,6.218362265892713,72.6087471,-0.1102572622187597,False
Healthy/eyes-closed/patient83/C3.txt,92160,93184,14.099961096697287,191.1635141,-0.058729862164716824,False
Healthy/eyes-closed/patient83/C3.txt,104448,105472,13.13153107406732,249.878916,0.05866608052186516,False
Healthy/eyes-closed/patient83/C3.txt,109568,110592,5.616131779924192,129.26595930000002,-0.045541639098290974,False
Healthy/eyes-closed/patient83/C3.txt,113664,114688,17.982415533626753,258.957678,0.078748108480625,False
Healthy/eyes-closed/patient83/C3.txt,122880,123904,8.841369176782317,126.9035315,-0.0532384956765234,False
Healthy/eyes-closed/patient83/C3.txt,135168,136192,6.761540092054901,90.05088409999999,-0.018469150676728534,False
Healthy/eyes-closed/patient83/C3.txt,155648,156672,6.812530691940688,111.37397329999999,0.027029328691513657,False
Healthy/eyes-closed/patient83/C3.txt,162816,163840,9.155490113617192,98.4456768,-0.01500926817354492,False
Healthy/eyes-closed/patient83/C4.txt,71680,72704,7.182375077972689,94.95999359999999,-0.01296940713918944,False
Healthy/eyes-closed/patient83/C4.txt,72704,73728,6.175489450538835,70.4446824,0.040939245079101544,False
Healthy/eyes-closed/patient83/C4.txt,74752,75776,7.514397369570458,123.95605119999999,-0.00038745538300782173,False
Healthy/eyes-closed/patient83/C4.txt,76800,77824,7.639898413236067,125.7898481,0.036295185654707005,False
Healthy/eyes-closed/patient83/C4.txt,83968,84992,6.014049767050756,77.7270962,-0.09360542483335156,False
Healthy/eyes-closed/patient83/C4.txt,92160,93184,14.426693837306983,191.2432436,0.06577240651386726,False
Healthy/eyes-closed/patient83/C4.txt,104448,105472,13.18412764101536,246.34630199999998,-0.09444655950534178,False
Healthy/eyes-closed/patient83/C4.txt,109568,110592,5.806316458258136,130.6311461,0.004915224583330102,False
Healthy/eyes-closed/patient83/C4.txt,113664,114688,17.940989509019303,261.790909,-0.002694484742626971,False
Healthy/eyes-closed/patient83/C4.txt,122880,123904,8.920806745785976,130.31553159999999,0.0022430924963867567,False
Healthy/eyes-closed/patient83/C4.txt,135168,136192,6.69242697571401,93.2686743,0.013177158015957056,False
Healthy/eyes-closed/patient83/C4.txt,155648,156672,6.9141186818872695,109.75914,-0.009154186954199221,False
Healthy/eyes-closed/patient83/C4.txt,162816,163840,9.151404858362934,111.48487779999999,-0.03967876129166013,False
Healthy/eyes-closed/patient83/Cz.txt,0,1024,19.46661048788617,153.02500020000002,0.1371024434489259,False
Healthy/eyes-closed/patient83/Cz.txt,71680,72704,6.627430657995996,76.7649948,-0.013268803764248951,False
Healthy/eyes-closed/patient83/Cz.txt,74752,75776,11.419240760927194,118.3712525,-0.11154771615265621,False
Healthy/eyes-closed/patient83/Cz.txt,75776,76800,7.941062933104603,90.62306720000001,0.12717157718779293,False
Healthy/eyes-closed/patient83/Cz.txt,83968,84992,5.854389821744696,72.8429622,-0.04841371036626957,False
Healthy/eyes-closed/patient83/Cz.txt,92160,93184,9.887500355625955,165.4365596,-0.04347322963195317,False
Healthy/eyes-closed/patient83/Cz.txt,104448,105472,9.302531347946093,133.3984049,-0.02697859962019538,False
Healthy/eyes-closed/patient83/Cz.txt,113664,114688,13.919481464563745,174.399387,0.0017191602912987464,False
Healthy/eyes-closed/patient83/Cz.txt,122880,123904,6.7043568684163946,82.97672779999999,-0.07617363756849606,False
Healthy/eyes-closed/patient83/Cz.txt,162816,163840,7.280317981790563,76.4920162,-0.013509726008616212,False
Healthy/eyes-closed/patient83/F3.txt,0,1024,17.696043104622614,132.60901990000002,0.11287912054667959,False
Healthy/eyes-closed/patient83/F3.txt,71680,72704,9.995511370809115,163.1133362,-0.028352686728701212,False
Healthy/eyes-closed/patient83/F3.txt,72704,73728,8.823532756432924,111.2184707,-0.0019021427304785482,False
Healthy/eyes-closed/patient83/F3.txt,74752,75776,11.20297048865689,225.73225280000003,-0.006323620136191421,False
Healthy/eyes-closed/patient83/F3.txt,76800,77824,12.244749155865266,193.2851453,0.03129812823048832,False
Healthy/eyes-closed/patient83/F3.txt,82944,83968,6.48616961598935,104.3084284,-0.07897978094584958,False
Healthy/eyes-closed/patient83/F3.txt,83968,84992,9.139436517830081,119.21607850000001,-0.02567627439639646,False
Healthy/eyes-closed/patient83/F3.txt,86016,87040,9.233338005240903,121.54835320000001,0.02073258295560545,False
Healthy/eyes-closed/patient83/F3.txt,92160,93184,24.394806558027124,400.472127,-0.19279769273309666,False
Healthy/eyes-closed/patient83/F3.txt,104448,105472,26.44367574223667,462.823991,0.1454105473130862,False
Healthy/eyes-closed/patient83/F3.txt,109568,110592,8.012446845720822,157.3306604,-0.043221731802539104,False
Healthy/eyes-closed/patient83/F3.txt,113664,114688,30.800915521534478,462.462978,0.13528199998029994,False
Healthy/eyes-closed/patient83/F3.txt,122880,123904,14.896782143816145,221.029702,-0.08019760833935549,False
Healthy/eyes-closed/patient83/F3.txt,135168,136192,10.603727068995823,164.7593643,-0.019422116688691447,False
Healthy/eyes-closed/patient83/F3.txt,155648,156672,11.742829646884804,163.2402368,-0.0022447072464570512,False
Healthy/eyes-closed/patient83/F3.txt,162816,163840,13.960248653009893,150.8180481,-0.02310479325419912,False
Healthy/eyes-closed/patient83/F4.txt,71680,72704,18.304398925627762,296.900467,-0.119112490921582,False
Healthy/eyes-closed/patient83/F4.txt,72704,73728,11.39578491926542,140.3197981,0.14964338649711906,False
Healthy/eyes-closed/patient83/F4.txt,74752,75776,18.504175801045943,366.095229,0.1174872895873808,False
Healthy/eyes-closed/patient83/F4.txt,76800,77824,20.895767289066594,310.597616,0.07948049923911124,False
Healthy/eyes-closed/patient83/F4.txt,77824,78848,12.64585808504268,271.291859,-0.07819527689529293,False
Healthy/eyes-closed/patient83/F4.txt,82944,83968,8.188680191365265,145.0141998,0.04981696735446291,False
Healthy/eyes-closed/patient83/F4.txt,83968,84992,11.370462428317095,198.4064568,-0.08195603076375,False
Healthy/eyes-closed/patient83/F4.txt,92160,93184,31.915262327439372,471.75284899999997,0.07658593112226575,False
Healthy/eyes-closed/patient83/F4.txt,95232,96256,7.720041331611995,107.79859099999999,0.03632183143410149,False
Healthy/eyes-closed/patient83/F4.txt,104448,105472,31.71530568111807,471.761976,-0.08229125365166998,False
Healthy/eyes-closed/patient83/F4.txt,109568,110592,14.057032883891406,298.827954,0.054368942739668,False
Healthy/eyes-closed/patient83/F4.txt,112640,113664,6.741336756279673,114.82444480000001,-0.034046812103818366,False
Healthy/eyes-closed/patient83/F4.txt,113664,114688,35.67851479102898,522.142004,0.02676869179151374,False
Healthy/eyes-closed/patient83/F4.txt,122880,123904,17.568104423739538,242.684479,0.022615952076201054,False
Healthy/eyes-closed/patient83/F4.txt,135168,136192,14.993206743222538,295.636427,0.0021485530903905953,False
Healthy/eyes-closed/patient83/F4.txt,155648,156672,15.176492850153574,275.578976,-0.06206073137994145,False
Healthy/eyes-closed/patient83/F4.txt,162816,163840,21.43383400928774,247.219895,-0.06239064162382828,False
Healthy/eyes-closed/patient83/F7.txt,71680,72704,20.139642646157316,276.275663,0.19729016651992196,False
Healthy/eyes-closed/patient83/F7.txt,72704,73728,20.001144144199415,261.415332,-0.17326858172924806,False
Healthy/eyes-closed/patient83/F7.txt,73728,74752,12.292200667459197,231.161588,-0.04783220141250974,False
Healthy/eyes-closed/patient83/F7.txt,74752,75776,24.431150046940772,420.754605,-0.060307703434375026,False
Healthy/eyes-closed/patient83/F7.txt,76800,77824,20.38964071340055,293.99186,-0.12183288591359365,False
Healthy/eyes-closed/patient83/F7.txt,77824,78848,14.410978546501983,246.634476,-0.030584950122597654,False
Healthy/eyes-closed/patient83/F7.txt,82944,83968,9.885593065719577,172.7942703,-0.009190865423789107,False
Healthy/eyes-closed/patient83/F7.txt,83968,84992,16.207439971627355,355.339114,-0.13872408613479495,False
Healthy/eyes-closed/patient83/F7.txt,86016,87040,12.875225568345105,164.0817236,-0.10659179368473638,False
Healthy/eyes-closed/patient83/F7.txt,92160,93184,37.8687036738311,621.347265,0.04015849392157214,False
Healthy/eyes-closed/patient83/F7.txt,104448,105472,38.41120684693931,502.84144200000003,-0.08732799080811549,False
Healthy/eyes-closed/patient83/F7.txt,109568,110592,16.919595632666034,220.1270717,-0.04119927018539058,False
Healthy/eyes-closed/patient83/F7.txt,113664,114688,50.46208917134108,772.147013,-0.1510075472053711,False
Healthy/eyes-closed/patient83/F7.txt,122880,123904,25.72268279834887,326.57479,-0.22362994041259762,False
Healthy/eyes-closed/patient83/F7.txt,135168,136192,18.304679871841802,289.094294,0.02129819424882816,False
Healthy/eyes-closed/patient83/F7.txt,155648,156672,16.043902491129277,238.78341999999998,-0.048828985518457005,False
Healthy/eyes-closed/patient83/F7.txt,162816,163840,21.41271723416125,279.683942,-0.03626888200916989,False
Healthy/eyes-closed/patient83/F8.txt,0,1024,47.586846596995436,386.28513599999997,0.33464549176162106,False
Healthy/eyes-closed/patient83/F8.txt,71680,72704,23.22212901495348,381.556428,0.2913471913649415,False
Healthy/eyes-closed/patient83/F8.txt,72704,73728,18.748786888857392,225.958795,-0.3776892028981298,False
Healthy/eyes-closed/patient83/F8.txt,73728,74752,13.807473444050418,227.9095841,0.11496116060478528,False
Healthy/eyes-closed/patient83/F8.txt,74752,75776,30.511869768839734,664.248286,-0.06294737237399417,False
Healthy/eyes-closed/patient83/F8.txt,76800,77824,23.86937673035598,369.86096699999996,-0.03533157550156257,False
Healthy/eyes-closed/patient83/F8.txt,77824,78848,18.298344942611788,354.999276,-0.07722508969804684,False
Healthy/eyes-closed/patient83/F8.txt,82944,83968,8.881231210184858,181.1096598,0.060644142547558524,False
Healthy/eyes-closed/patient83/F8.txt,83968,84992,14.89267745867271,268.334072,-0.09784300413837861,False
Healthy/eyes-closed/patient83/F8.txt,86016,87040,11.022057099530581,150.8316308,-0.006169478678632878,False
Healthy/eyes-closed/patient83/F8.txt,92160,93184,43.348230034484395,616.490391,0.05159261086269544,False
Healthy/eyes-closed/patient83/F8.txt,104448,105472,44.780123381641715,672.3009059999999,-0.24100820373173792,False
Healthy/eyes-closed/patient83/F8.txt,109568,110592,23.699542468656563,470.573753,-0.11944544361591816,False
Healthy/eyes-closed/patient83/F8.txt,113664,114688,53.926869538514296,680.289714,-0.15850932735605472,False
Healthy/eyes-closed/patient83/F8.txt,122880,123904,26.353826731233234,337.73706100000004,-0.03986313143740255,False
Healthy/eyes-closed/patient83/F8.txt,135168,136192,18.77773075424696,214.0984276,-0.01659796559394535,False
Healthy/eyes-closed/patient83/F8.txt,155648,156672,19.967067646509545,288.310582,-0.03148591819505844,False
Healthy/eyes-closed/patient83/F8.txt,162816,163840,28.533535778589542,371.272646,0.01758716556152347,False
Healthy/eyes-closed/patient83/Fp1.txt,0,1024,20.63928727358503,159.65574320000002,0.18150343504482414,False
Healthy/eyes-closed/patient83/Fp1.txt,71680,72704,10.537478164395232,208.8156672,0.01960118590344727,False
Healthy/eyes-closed/patient83/Fp1.txt,74752,75776,12.075780810823108,190.0945963,0.0261031419374316,False
Healthy/eyes-closed/patient83/Fp1.txt,76800,77824,12.126054006734323,178.3912564,-0.06686675639736328,False
Healthy/eyes-closed/patient83/Fp1.txt,77824,78848,9.159600514427998,120.2832046,0.009180916986503904,False
Healthy/eyes-closed/patient83/Fp1.txt,86016,87040,8.175606309276167,110.6455407,-0.009767100437734377,False
Healthy/eyes-closed/patient83/Fp1.txt,92160,93184,23.0941237415614,360.457035,-0.1771659123570273,False
Healthy/eyes-closed/patient83/Fp1.txt,104448,105472,19.90648488289891,316.074336,0.07459602574696267,False
Healthy/eyes-closed/patient83/Fp1.txt,109568,110592,7.210708438485977,114.6236385,-0.04008978573382811,False
Healthy/eyes-closed/patient83/Fp1.txt,113664,114688,26.12245342230093,396.811172,0.10378084710394542,False
Healthy/eyes-closed/patient83/Fp1.txt,122880,123904,11.764926766493952,174.246738,-0.0667474233988281,False
Healthy/eyes-closed/patient83/Fp1.txt,135168,136192,10.322631874089312,189.3088998,-0.024806059888457035,False
Healthy/eyes-closed/patient83/Fp1.txt,155648,156672,9.523359437880014,128.5661518,-0.007586731977246044,False
Healthy/eyes-closed/patient83/Fp1.txt,162816,163840,16.405288212576167,197.4817941,0.058967516841992265,False
Healthy/eyes-closed/patient83/Fp2.txt,0,1024,43.50840570923603,545.703694,0.07115738750472653,False
Healthy/eyes-closed/patient83/Fp2.txt,71680,72704,13.879439416407669,213.66739,-0.04149314394638668,False
Healthy/eyes-closed/patient83/Fp2.txt,74752,75776,16.8808706279523,359.34005,0.1653917169093847,False
Healthy/eyes-closed/patient83/Fp2.txt,76800,77824,19.63583494699525,257.311462,0.003774117065136584,False
Healthy/eyes-closed/patient83/Fp2.txt,77824,78848,15.335626164900665,213.29255339999997,-0.1743557037382031,False
Healthy/eyes-closed/patient83/Fp2.txt,82944,83968,14.231195726344128,240.0558004,0.09855355323646486,False
Healthy/eyes-closed/patient83/Fp2.txt,83968,84992,11.312945008875287,154.5189074,-0.04665659334548827,False
Healthy/eyes-closed/patient83/Fp2.txt,92160,93184,30.29598737042667,445.015784,0.0279350920743263,False
Healthy/eyes-closed/patient83/Fp2.txt,95232,96256,8.97912133627407,146.55730210000002,0.043984426750439495,False
Healthy/eyes-closed/patient83/Fp2.txt,104448,105472,30.59337328939882,486.454785,-0.1237475879791015,False
Healthy/eyes-closed/patient83/Fp2.txt,109568,110592,13.93349663372435,268.543906,0.01647959286700204,False
Healthy/eyes-closed/patient83/Fp2.txt,113664,114688,35.40443700780921,520.551295,0.013226407832519452,False
Healthy/eyes-closed/patient83/Fp2.txt,122880,123904,16.113958646806292,254.794758,0.033951759676171825,False
Healthy/eyes-closed/patient83/Fp2.txt,135168,136192,11.876724815812267,209.64133550000003,-0.024591781810595764,False
Healthy/eyes-closed/patient83/Fp2.txt,155648,156672,12.25796966481372,260.1965152,-0.02378600129618156,False
Healthy/eyes-closed/patient83/Fp2.txt,162816,163840,20.940026487568236,232.679199,-0.030430015386035014,False
Healthy/eyes-closed/patient83/Fz.txt,0,1024,27.10487985398996,217.528911,0.21629352177753902,False
Healthy/eyes-closed/patient83/Fz.txt,71680,72704,8.03302365950237,102.1297383,0.008386471064970757,False
Healthy/eyes-closed/patient83/Fz.txt,74752,75776,8.820616962104284,158.31295010000002,-0.029587090441308597,False
Healthy/eyes-closed/patient83/Fz.txt,76800,77824,9.001076123836288,92.2547802,-0.04630060480828116,False
Healthy/eyes-closed/patient83/Fz.txt,92160,93184,12.838700286874358,216.326627,-0.05396113046435545,False
Healthy/eyes-closed/patient83/Fz.txt,104448,105472,11.91274431460268,172.2413013,0.0002526824505469233,False
Healthy/eyes-closed/patient83/Fz.txt,113664,114688,16.91845232342765,223.277794,0.032343478230273524,False
Healthy/eyes-closed/patient83/Fz.txt,122880,123904,8.51453062862937,101.8429621,-0.0132402904571777,False
Healthy/eyes-closed/patient83/Fz.txt,162816,163840,11.92649152921302,101.34937930000001,0.029216353663964828,False
Healthy/eyes-closed/patient83/O1.txt,0,1024,40.15307950683782,478.02587600000004,0.1248733663343849,False
Healthy/eyes-closed/patient83/O1.txt,71680,72704,9.083629452305997,121.31916989999999,0.09180578020526366,False
Healthy/eyes-closed/patient83/O1.txt,74752,75776,10.64652770056305,212.0653765,-0.09980755003808593,False
Healthy/eyes-closed/patient83/O1.txt,76800,77824,8.688329555476908,113.7877904,0.0368053766573926,False
Healthy/eyes-closed/patient83/O1.txt,77824,78848,6.860961123312142,124.5854012,0.00821707839690431,False
Healthy/eyes-closed/patient83/O1.txt,92160,93184,14.585647296437026,205.5522914,-0.01905939879404432,False
Healthy/eyes-closed/patient83/O1.txt,104448,105472,14.2139502637611,198.6402144,-0.046295713304296895,False
Healthy/eyes-closed/patient83/O1.txt,109568,110592,7.924162808329377,120.1970738,-0.01672046221594923,False
Healthy/eyes-closed/patient83/O1.txt,113664,114688,17.42781498506956,192.5334117,-0.030839196070798033,False
Healthy/eyes-closed/patient83/O1.txt,155648,156672,7.186669130278728,98.1388648,0.025192173830468755,False
Healthy/eyes-closed/patient83/O1.txt,162816,163840,10.92964327116442,134.4897622,-0.029488226687011676,False
Healthy/eyes-closed/patient83/O2.txt,0,1024,32.47189208841468,257.782147,0.27031646653320307,False
Healthy/eyes-closed/patient83/O2.txt,71680,72704,9.539216205507822,133.4102727,0.0814037901002442,False
Healthy/eyes-closed/patient83/O2.txt,74752,75776,10.724333581889708,187.88277929999998,-0.10180769595316407,False
Healthy/eyes-closed/patient83/O2.txt,76800,77824,9.198382166482052,134.2225221,-0.002065854169335926,False
Healthy/eyes-closed/patient83/O2.txt,77824,78848,7.358967468078854,117.48542739999999,-0.015583358438842815,False
Healthy/eyes-closed/patient83/O2.txt,83968,84992,8.062453333109323,135.4297192,-0.06893943174667966,False
Healthy/eyes-closed/patient83/O2.txt,92160,93184,14.998494342936082,223.63563499999998,-0.002885991691308515,False
Healthy/eyes-closed/patient83/O2.txt,104448,105472,16.265977575100322,216.648114,-0.08567015140447257,False
Healthy/eyes-closed/patient83/O2.txt,113664,114688,18.744468697154225,255.569729,-0.07170369044843741,False
Healthy/eyes-closed/patient83/O2.txt,122880,123904,9.194220577304929,113.3982282,-0.06536158426855465,False
Healthy/eyes-closed/patient83/O2.txt,155648,156672,7.745497273895358,105.9994728,0.03308756890210933,False
Healthy/eyes-closed/patient83/O2.txt,162816,163840,10.419286014936908,119.84960699999999,-0.03562317428338875,False
Healthy/eyes-closed/patient83/P3.txt,0,1024,17.23374048427783,183.14684599999998,0.06450072451171882,False
Healthy/eyes-closed/patient83/P3.txt,71680,72704,7.665527978607045,105.16332839999998,0.046909056316435584,False
Healthy/eyes-closed/patient83/P3.txt,74752,75776,8.830188616164534,169.025459,-0.10220676924362591,False
Healthy/eyes-closed/patient83/P3.txt,76800,77824,7.349772524030659,109.5289884,0.022347905847793018,False
Healthy/eyes-closed/patient83/P3.txt,77824,78848,5.503700192087449,100.8967652,0.005915694128720686,False
Healthy/eyes-closed/patient83/P3.txt,92160,93184,12.642122423102526,189.4980362,-0.016564614971191452,False
Healthy/eyes-closed/patient83/P3.txt,104448,105472,11.240860706260078,171.630833,-0.0053180303677051455,False
Healthy/eyes-closed/patient83/P3.txt,109568,110592,6.46998020981477,118.06856210000001,-0.02189991549453122,False
Healthy/eyes-closed/patient83/P3.txt,113664,114688,15.017243755871188,199.68592339999998,0.016154777140429614,False
Healthy/eyes-closed/patient83/P3.txt,122880,123904,7.808069107395382,89.930271,-0.08379415522923833,False
Healthy/eyes-closed/patient83/P3.txt,135168,136192,6.319574537582044,78.8618845,-0.015052825203017612,False
Healthy/eyes-closed/patient83/P3.txt,155648,156672,6.226440270991991,92.2277441,-0.009962978538762702,False
Healthy/eyes-closed/patient83/P3.txt,162816,163840,9.28318323860001,99.6690397,-0.004352325282822242,False
Healthy/eyes-closed/patient83/P4.txt,0,1024,29.367870068660906,234.708684,0.23220570107978017,False
Healthy/eyes-closed/patient83/P4.txt,71680,72704,7.042649153222354,91.9751237,0.059903855696562466,False
Healthy/eyes-closed/patient83/P4.txt,74752,75776,7.566224744899048,105.7043939,-0.0678090665377412,False
Healthy/eyes-closed/patient83/P4.txt,76800,77824,6.693112152836519,101.4506956,0.0024727904492675493,False
Healthy/eyes-closed/patient83/P4.txt,83968,84992,6.60082450463894,104.7574926,-0.08459055591125979,False
Healthy/eyes-closed/patient83/P4.txt,92160,93184,11.97587795162141,189.5407152,0.03843831849904304,False
Healthy/eyes-closed/patient83/P4.txt,104448,105472,12.238684257392391,170.6208107,-0.09207708840531251,False
Healthy/eyes-closed/patient83/P4.txt,113664,114688,15.130090071596275,215.373435,-0.0431747137381445,False
Healthy/eyes-closed/patient83/P4.txt,122880,123904,7.29178315606136,89.4068723,-0.026551086002343748,False
Healthy/eyes-closed/patient83/P4.txt,135168,136192,6.10015226187767,82.1962268,0.0012028321054980348,False
Healthy/eyes-closed/patient83/P4.txt,162816,163840,7.743090945469088,96.52071369999999,-0.025103539168183565,False
Healthy/eyes-closed/patient83/Pz.txt,0,1024,25.122255129838504,200.39857519999998,0.17745130460625008,False
Healthy/eyes-closed/patient83/Pz.txt,71680,72704,6.444490216650752,76.9360535,0.031097485521987316,False
Healthy/eyes-closed/patient83/Pz.txt,74752,75776,8.18953108426398,107.2495843,-0.07070715613576173,False
Healthy/eyes-closed/patient83/Pz.txt,76800,77824,5.546132304603325,65.7735883,0.01629565739745112,False
Healthy/eyes-closed/patient83/Pz.txt,77824,78848,4.188680096675574,67.3885904,-0.041358125702303725,False
Healthy/eyes-closed/patient83/Pz.txt,83968,84992,5.852476190864966,78.88028489999999,-0.06878637855930664,False
Healthy/eyes-closed/patient83/Pz.txt,92160,93184,9.357059918331911,157.9981666,-0.012706025574345619,False
Healthy/eyes-closed/patient83/Pz.txt,104448,105472,9.285179677925143,124.9527678,-0.03716332503409181,False
Healthy/eyes-closed/patient83/Pz.txt,113664,114688,12.116771802932295,170.53149580000002,0.018450153371513678,False
Healthy/eyes-closed/patient83/Pz.txt,122880,123904,6.214143652489268,75.1167804,-0.05527313566357425,False
Healthy/eyes-closed/patient83/Pz.txt,155648,156672,4.707478319757294,62.88406809999999,-0.004867231191416042,False
Healthy/eyes-closed/patient83/Pz.txt,162816,163840,6.527046557310118,70.09271899999999,-0.0030432278013085914,False
Healthy/eyes-closed/patient83/T3.txt,0,1024,23.731345595625672,220.7032049,-0.19734415841640618,False
Healthy/eyes-closed/patient83/T3.txt,71680,72704,18.42440395099792,284.810028,0.271471755232715,False
Healthy/eyes-closed/patient83/T3.txt,72704,73728,18.597758388160187,237.068133,-0.21082339854736334,False
Healthy/eyes-closed/patient83/T3.txt,73728,74752,10.248452127327093,190.8626045,0.0666860534893399,False
Healthy/eyes-closed/patient83/T3.txt,74752,75776,24.571588299666598,361.206928,-0.22254775096181645,False
Healthy/eyes-closed/patient83/T3.txt,76800,77824,19.250016963926523,344.285505,-0.01816618472099618,False
Healthy/eyes-closed/patient83/T3.txt,77824,78848,11.677748572278256,208.83768650000002,0.007123952384375021,False
Healthy/eyes-closed/patient83/T3.txt,83968,84992,11.588137696980393,210.0599973,-0.13627303101019828,False
Healthy/eyes-closed/patient83/T3.txt,86016,87040,10.61903114072329,141.037767,-0.05845983522050787,False
Healthy/eyes-closed/patient83/T3.txt,92160,93184,34.287964732792084,504.80055699999997,0.04993831315703112,False
Healthy/eyes-closed/patient83/T3.txt,104448,105472,32.2832243380852,457.683088,-0.21300156565742207,False
Healthy/eyes-closed/patient83/T3.txt,109568,110592,15.190451834688611,298.801559,-0.07715437026783185,False
Healthy/eyes-closed/patient83/T3.txt,113664,114688,42.90201004580425,616.052614,-0.0953281451879886,False
Healthy/eyes-closed/patient83/T3.txt,122880,123904,24.909527409928355,380.377436,-0.12618587568457015,False
Healthy/eyes-closed/patient83/T3.txt,135168,136192,19.73481442335332,329.945808,0.0949116751576172,False
Healthy/eyes-closed/patient83/T3.txt,155648,156672,14.308844835029184,181.6499767,0.05129231632284183,False
Healthy/eyes-closed/patient83/T3.txt,162816,163840,19.98801317062627,270.026116,0.02644017184024397,False
Healthy/eyes-closed/patient83/T4.txt,0,1024,36.45333964659361,290.99078099999997,0.27306465992031254,False
Healthy/eyes-closed/patient83/T4.txt,71680,72704,12.222608850288495,183.0270098,0.14187739832119137,False
Healthy/eyes-closed/patient83/T4.txt,74752,75776,15.613331080927699,219.8439732,-0.04257418766554688,False
Healthy/eyes-closed/patient83/T4.txt,76800,77824,12.212323684746545,170.5374729,-0.007198341973828043,False
Healthy/eyes-closed/patient83/T4.txt,77824,78848,10.315552043374188,173.62325679999998,-0.0435697095140527,False
Healthy/eyes-closed/patient83/T4.txt,83968,84992,10.069224050322807,181.7330698,-0.09390656392617189,False
Healthy/eyes-closed/patient83/T4.txt,92160,93184,21.612041364014846,307.549218,0.10841288889736322,False
Healthy/eyes-closed/patient83/T4.txt,104448,105472,21.701092642598304,285.35983699999997,-0.1726053639159177,False
Healthy/eyes-closed/patient83/T4.txt,109568,110592,12.560141898164968,182.2258739,-0.08576719808570499,False
Healthy/eyes-closed/patient83/T4.txt,113664,114688,26.976569086802915,367.804298,-0.09903576024124985,False
Healthy/eyes-closed/patient83/T4.txt,122880,123904,14.749616298293295,162.04376530000002,0.014550263799218761,False
Healthy/eyes-closed/patient83/T4.txt,135168,136192,11.63735412169154,159.8056537,0.015241198861621029,False
Healthy/eyes-closed/patient83/T4.txt,155648,156672,11.359111640822606,132.8539361,-0.0181050075769434,False
Healthy/eyes-closed/patient83/T4.txt,162816,163840,13.910966366091072,182.6016936,-0.016135424779707003,False
Healthy/eyes-closed/patient83/T5.txt,71680,72704,18.003404769988606,237.4138776,0.18773253485587899,False
Healthy/eyes-closed/patient83/T5.txt,72704,73728,16.024717330554008,187.8667281,-0.26466933852246083,False
Healthy/eyes-closed/patient83/T5.txt,74752,75776,22.452163730392286,365.459858,0.010247171610263672,False
Healthy/eyes-closed/patient83/T5.txt,76800,77824,17.76072003772057,255.630408,0.012619060751972666,False
Healthy/eyes-closed/patient83/T5.txt,77824,78848,15.80033881035754,216.219754,0.0033160437927441666,False
Healthy/eyes-closed/patient83/T5.txt,83968,84992,14.823582921459472,232.867606,-0.15698459141419918,False
Healthy/eyes-closed/patient83/T5.txt,92160,93184,28.810034332249224,397.29144499999995,0.04330820957800785,False
Healthy/eyes-closed/patient83/T5.txt,104448,105472,30.04136016913745,347.986076,-0.12477245776259765,False
Healthy/eyes-closed/patient83/T5.txt,113664,114688,36.34475529682963,522.409936,-0.12298699451460926,False
Healthy/eyes-closed/patient83/T5.txt,122880,123904,18.65852516441399,213.7897595,-0.0345684535753028,False
Healthy/eyes-closed/patient83/T5.txt,162816,163840,19.939488302988895,232.301178,-0.026477286326269445,False
Healthy/eyes-closed/patient83/T6.txt,0,1024,29.250519976523965,234.156788,0.2027029674426757,False
Healthy/eyes-closed/patient83/T6.txt,71680,72704,17.593479586924445,249.6423491,0.144757610430459,False
Healthy/eyes-closed/patient83/T6.txt,72704,73728,15.395415800203768,160.99576489999998,-0.2740537802552443,False
Healthy/eyes-closed/patient83/T6.txt,73728,74752,12.141727196762083,174.5592881,0.25615173510961914,False
Healthy/eyes-closed/patient83/T6.txt,74752,75776,22.56540329223968,371.926398,0.02718743128576953,False
Healthy/eyes-closed/patient83/T6.txt,76800,77824,17.17666765546711,260.017427,0.012655437382617152,False
Healthy/eyes-closed/patient83/T6.txt,77824,78848,14.24959581935769,227.1905583,-0.040579750182128865,False
Healthy/eyes-closed/patient83/T6.txt,83968,84992,13.752718087129029,210.0382083,-0.14329325057121,False
Healthy/eyes-closed/patient83/T6.txt,92160,93184,28.571325296493733,393.501868,0.12851762249082022,False
Healthy/eyes-closed/patient83/T6.txt,104448,105472,30.004520790375945,352.886778,-0.15430678488159186,False
Healthy/eyes-closed/patient83/T6.txt,109568,110592,16.791107669506133,235.9326189,0.0038745533858398906,False
Healthy/eyes-closed/patient83/T6.txt,113664,114688,35.39597459585764,488.018096,-0.18136731025027347,False
Healthy/eyes-closed/patient83/T6.txt,122880,123904,17.95129004184847,225.285932,0.03872822419072261,False
Healthy/eyes-closed/patient83/T6.txt,155648,156672,14.202070856068486,180.1814455,-0.05724054342060547,False
Healthy/eyes-closed/patient83/T6.txt,162816,163840,20.048203614048603,242.443174,-0.014640820764550755,False
Healthy/eyes-closed/patient84/Cz.txt,0,1024,24.704282171755047,181.0906781,0.06681222744389662,False
Healthy/eyes-closed/patient84/Fp1.txt,0,1024,31.293994222732497,223.664238,0.1036024926416993,False
Healthy/eyes-closed/patient84/Pz.txt,0,1024,17.09496408798467,121.8294503,-0.00895286748964852,False
Healthy/eyes-closed/patient85/Cz.txt,122880,123904,19.203022008472153,157.5009746,-0.8453024200340234,False
Healthy/eyes-closed/patient85/F7.txt,207872,208896,27.673631016533335,301.309068,-0.01519296019424815,False
Healthy/eyes-closed/patient85/F7.txt,208896,209920,23.879121037675688,195.85626180000003,-0.02315411938779298,False
Healthy/eyes-closed/patient85/Pz.txt,0,1024,39.01291574732481,484.117138,0.12920149903724293,False
Healthy/eyes-closed/patient86/Cz.txt,7168,8192,14.477691310550895,128.6696178,-0.16865002976710922,False
Healthy/eyes-closed/patient86/F3.txt,38912,39936,19.760617598284444,226.713506,0.25239371359751944,False
Healthy/eyes-closed/patient86/F3.txt,124928,125952,21.221702505628244,196.1969578,-0.22714357936708993,False
Healthy/eyes-closed/patient86/F4.txt,34816,35840,21.062208802210293,323.312235,-0.10439500225244133,False
Healthy/eyes-closed/patient86/F4.txt,61440,62464,23.85378441686656,257.03614600000003,0.056517262940371044,False
Healthy/eyes-closed/patient86/F4.txt,79872,80896,23.802653118722798,320.770857,0.03033644564712913,False
Healthy/eyes-closed/patient86/F4.txt,94208,95232,28.455759027818253,240.11940199999998,0.05525883737177739,False
Healthy/eyes-closed/patient86/F4.txt,104448,105472,24.12421539452176,253.05225099999998,0.04275282998056637,False
Healthy/eyes-closed/patient86/F4.txt,111616,112640,33.825138183918,265.724678,0.321264692485547,False
Healthy/eyes-closed/patient86/F7.txt,167936,168960,31.104164255144376,272.49107200000003,-0.01079258975861324,False
Healthy/eyes-closed/patient86/Fp1.txt,104448,105472,31.189385158474266,299.52438099999995,-0.09130601554521481,False
Healthy/eyes-closed/patient86/Fp1.txt,124928,125952,38.439688825974955,335.006123,-0.538465150052246,False
Healthy/eyes-closed/patient86/Fp2.txt,2048,3072,68.53397777101758,794.612851,0.23995496476105416,False
Healthy/eyes-closed/patient86/Fp2.txt,17408,18432,32.45915203259452,406.818092,0.21515062651457043,False
Healthy/eyes-closed/patient86/Fp2.txt,34816,35840,34.90811469070114,505.502636,-0.03865118818359364,False
Healthy/eyes-closed/patient86/Fp2.txt,61440,62464,37.644598342824104,407.813625,-0.08393700048183589,False
Healthy/eyes-closed/patient86/Fp2.txt,75776,76800,37.00957190244284,382.308601,0.07993063166816408,False
Healthy/eyes-closed/patient86/Fp2.txt,79872,80896,41.471405009371956,522.9221769999999,0.07844852184970699,False
Healthy/eyes-closed/patient86/Fp2.txt,111616,112640,53.844625867834566,432.52682300000004,0.34894331849365184,False
Healthy/eyes-closed/patient86/Fp2.txt,124928,125952,39.73765399874609,396.175936,-0.0813837681868161,False
Healthy/eyes-closed/patient86/O1.txt,52224,53248,14.936038826262017,255.83067749999998,0.07312715061482425,False
Healthy/eyes-closed/patient86/O1.txt,124928,125952,19.893274718022585,283.548127,-0.12385326985390611,False
Healthy/eyes-closed/patient86/O2.txt,0,1024,13.145265456005983,202.4479514,-0.05086002183617427,False
Healthy/eyes-closed/patient86/O2.txt,2048,3072,19.80245194004896,255.100663,-0.1133687597558595,False
Healthy/eyes-closed/patient86/O2.txt,52224,53248,16.171311841895637,232.260539,0.34213758108738285,False
Healthy/eyes-closed/patient86/O2.txt,53248,54272,26.473616122296907,212.74662840000002,-0.5566443051375977,False
Healthy/eyes-closed/patient86/O2.txt,157696,158720,14.226125843458718,319.352663,0.03183934189477544,False
Healthy/eyes-closed/patient86/O2.txt,158720,159744,13.103049420357511,183.3857666,-0.11916725142606449,False
Healthy/eyes-closed/patient86/P4.txt,2048,3072,13.535974785866278,175.8854817,0.009236488146581956,False
Healthy/eyes-closed/patient86/P4.txt,157696,158720,12.571179158036383,269.083267,-0.0900693388890722,False
Healthy/eyes-closed/patient86/P4.txt,158720,159744,11.025325251345274,160.87676620000002,0.10115593042612304,False
Healthy/eyes-closed/patient86/Pz.txt,7168,8192,14.853267580648028,124.5450447,-0.09666918368376953,False
Healthy/eyes-closed/patient87/F4.txt,26624,27648,6.519947538156945,109.53335580000001,-0.048169154605771564,False
Healthy/eyes-closed/patient87/F4.txt,148480,149504,8.195493756446748,128.14539200000002,0.0010057205307617278,False
Healthy/eyes-closed/patient87/F7.txt,18432,19456,11.425219244291817,218.11339099999998,-0.039975081822070296,False
Healthy/eyes-closed/patient87/F7.txt,23552,24576,10.323920061216025,151.34590559999998,0.014257894277304756,False
Healthy/eyes-closed/patient87/F7.txt,26624,27648,10.927008961604251,171.3171848,0.015133881609472655,False
Healthy/eyes-closed/patient87/F7.txt,102400,103424,12.952625916615444,175.8123908,0.03885116626328128,False
Healthy/eyes-closed/patient87/F7.txt,148480,149504,16.873745367714147,289.946154,0.21731248081552723,False
Healthy/eyes-closed/patient87/F7.txt,159744,160768,11.312237097772133,199.38529010000002,0.05165082140400391,False
Healthy/eyes-closed/patient87/F7.txt,180224,181248,12.7782418776118,214.07122329999999,0.0058918956839942235,False
Healthy/eyes-closed/patient87/F8.txt,7168,8192,11.510202879340632,154.2309768,-0.04341878949452155,False
Healthy/eyes-closed/patient87/F8.txt,18432,19456,12.449395014335241,224.72340150000002,-0.11080135170664066,False
Healthy/eyes-closed/patient87/F8.txt,26624,27648,12.571109928556478,227.3045393,0.07920437776658211,False
Healthy/eyes-closed/patient87/F8.txt,91136,92160,8.920375088038957,154.8025606,-0.05753802839802738,False
Healthy/eyes-closed/patient87/F8.txt,148480,149504,17.97064528706953,422.879911,0.17664820491537114,False
Healthy/eyes-closed/patient87/F8.txt,180224,181248,11.476201983213336,163.56429359999998,-0.003938085479287125,False
Healthy/eyes-closed/patient87/O2.txt,0,1024,26.345335493553996,236.055743,0.05278453525851573,False
Healthy/eyes-closed/patient87/T3.txt,148480,149504,11.763560201649419,200.9772445,0.17840349985441406,False
Healthy/eyes-closed/patient87/T4.txt,148480,149504,11.212641195492587,203.2852797,0.11278092261244627,False
Healthy/eyes-closed/patient87/T5.txt,148480,149504,12.79471833582114,191.04524170000002,0.04954909122529295,False
Healthy/eyes-closed/patient87/T6.txt,148480,149504,11.851552889326392,201.8630647,0.022701736556835946,False
Healthy/eyes-closed/patient87/T6.txt,227328,228352,75.26688999378602,488.084692,3.629548262476856,False
Healthy/eyes-closed/patient87/T6.txt,228352,229376,72.38836288346458,432.86578499999996,-3.326441295934375,False
Healthy/eyes-closed/patient88/F4.txt,96256,97280,16.465633157212785,149.5307927,-0.5747412769914552,False
Healthy/eyes-closed/patient88/F7.txt,66560,67584,20.166854575128085,328.439709,-0.0659353624717324,False
Healthy/eyes-closed/patient88/Fp1.txt,157696,158720,36.57029539958139,254.549522,-0.12135830846025408,False
Healthy/eyes-closed/patient88/Fp2.txt,114688,115712,29.721212444951348,227.246716,0.2661008260926757,False
Healthy/eyes-closed/patient88/Fz.txt,75776,76800,17.510700398885316,129.1657858,-0.07622733307433588,False
Healthy/eyes-closed/patient88/Fz.txt,140288,141312,16.827726884947282,126.47453250000001,0.19351153713285163,False
Healthy/eyes-closed/patient88/Fz.txt,157696,158720,19.369501511374928,125.66509580000002,0.17709297534589846,False
Healthy/eyes-closed/patient88/Fz.txt,175104,176128,17.160776354212043,127.951911,0.4366881221434571,False
Healthy/eyes-closed/patient88/Fz.txt,248832,249856,23.456941739559305,162.3159161,0.046244465270409985,False
Healthy/eyes-closed/patient88/Fz.txt,252928,253952,21.589184491364446,133.3435142,0.29205359851494145,False
Healthy/eyes-closed/patient88/O1.txt,66560,67584,15.99338044424636,213.658873,-0.10904176369433596,False
Healthy/eyes-closed/patient88/O2.txt,66560,67584,139.80337983017282,2308.68671,-0.051814985081054865,False
Healthy/eyes-closed/patient88/P3.txt,0,1024,14.615732327644345,164.3650349,-0.17644482572734377,False
Healthy/eyes-closed/patient88/P4.txt,0,1024,11.427418488525868,122.2990651,-0.1436571082722656,False
Healthy/eyes-closed/patient88/Pz.txt,0,1024,33.831786027900264,573.31269,-0.20679830193798837,False
Healthy/eyes-closed/patient88/Pz.txt,66560,67584,94.75811285883061,1569.283058,-0.47367476942451203,False
Healthy/eyes-closed/patient88/T3.txt,66560,67584,31.160671479156356,465.564024,-0.13208403754305684,False
Healthy/eyes-closed/patient88/T5.txt,66560,67584,22.272413578185795,291.939463,-0.16389515031220717,False
Healthy/eyes-closed/patient88/T6.txt,0,1024,32.52019953521388,581.64832,-0.17998564812314433,False
Healthy/eyes-closed/patient88/T6.txt,66560,67584,43.93993726407332,775.050638,-0.2049282540529297,False
Healthy/eyes-closed/patient89/C3.txt,68608,69632,7.094217966595834,84.58438989999999,0.07526469686039068,False
Healthy/eyes-closed/patient89/C3.txt,141312,142336,8.034698118761577,141.2397889,0.024239961406171934,False
Healthy/eyes-closed/patient89/C4.txt,68608,69632,7.103018534236794,84.72019739999999,-0.07127554977742191,False
Healthy/eyes-closed/patient89/C4.txt,141312,142336,8.035882119296199,141.0057612,-0.02349390070034077,False
Healthy/eyes-closed/patient89/Cz.txt,2048,3072,5.815581940010182,103.03221500000001,0.040085965468964854,False
Healthy/eyes-closed/patient89/Cz.txt,141312,142336,7.193309592725452,111.4421217,0.01046400189617928,False
Healthy/eyes-closed/patient89/F3.txt,2048,3072,9.099463732081105,137.0484865,0.07805965346767577,False
Healthy/eyes-closed/patient89/F3.txt,12288,13312,16.90949155261423,134.6425197,0.4437692126630859,False
Healthy/eyes-closed/patient89/F3.txt,13312,14336,18.814795210517648,128.9177547,-0.33197460330048834,False
Healthy/eyes-closed/patient89/F3.txt,18432,19456,21.5643631512116,172.4769485,0.0690704532089941,False
Healthy/eyes-closed/patient89/F3.txt,28672,29696,41.56848707023335,339.108475,0.08705360460537104,False
Healthy/eyes-closed/patient89/F3.txt,62464,63488,19.099827930233793,138.58600719999998,-0.12792646109218747,False
Healthy/eyes-closed/patient89/F3.txt,68608,69632,15.184599799331707,196.0457286,0.054549878622851516,False
Healthy/eyes-closed/patient89/F3.txt,111616,112640,32.56745179809551,195.1766993,-0.12912122576484408,False
Healthy/eyes-closed/patient89/F3.txt,141312,142336,10.95898653548452,192.7742734,-0.01239139307661135,False
Healthy/eyes-closed/patient89/F3.txt,143360,144384,10.344810165364239,125.713639,-0.1806930613982422,False
Healthy/eyes-closed/patient89/F4.txt,2048,3072,8.034112820381822,136.7064577,-0.23757580638583986,False
Healthy/eyes-closed/patient89/F4.txt,18432,19456,19.594926330653003,150.1175514,0.1940748253572266,False
Healthy/eyes-closed/patient89/F4.txt,28672,29696,21.71864969290638,133.2769697,-0.16511484297871082,False
Healthy/eyes-closed/patient89/F4.txt,141312,142336,9.816394671010768,160.0965036,-0.06421057657353516,False
Healthy/eyes-closed/patient89/F7.txt,28672,29696,16.520425008067892,132.01184569999998,-0.006664980598144465,False
Healthy/eyes-closed/patient89/F7.txt,68608,69632,11.40841746164614,158.7071014,0.07309510722352533,False
Healthy/eyes-closed/patient89/F7.txt,141312,142336,21.19291968916764,348.69,0.23520170961699233,False
Healthy/eyes-closed/patient89/F8.txt,28672,29696,32.45221792370347,183.02861230000002,-0.1513664897239846,False
Healthy/eyes-closed/patient89/F8.txt,68608,69632,12.489953979912078,143.5545605,-0.07306340275587896,False
Healthy/eyes-closed/patient89/F8.txt,141312,142336,16.327834410164993,246.108746,-0.04099300188027339,False
Healthy/eyes-closed/patient89/Fp1.txt,4096,5120,26.585986322961542,223.04582399999998,-0.0805483820027442,False
Healthy/eyes-closed/patient89/Fp1.txt,5120,6144,36.22154285119233,286.675921,-0.37975463356855466,False
Healthy/eyes-closed/patient89/Fp1.txt,12288,13312,38.03203311103516,300.01988,0.909113267276416,False
Healthy/eyes-closed/patient89/Fp1.txt,13312,14336,47.88994745546272,292.603925,-0.8841788281158788,False
Healthy/eyes-closed/patient89/Fp1.txt,18432,19456,61.67768892556958,464.99709,0.18875262358369077,False
Healthy/eyes-closed/patient89/Fp1.txt,28672,29696,117.565234043285,720.1558689999999,-2.7359220130494126,False
Healthy/eyes-closed/patient89/Fp1.txt,29696,30720,64.74184163669484,286.15176399999996,2.64632792363916,False
Healthy/eyes-closed/patient89/Fp1.txt,35840,36864,20.353903992706222,182.83977190000002,0.09713062056733412,False
Healthy/eyes-closed/patient89/Fp1.txt,61440,62464,24.047473348198707,201.49702150000002,0.07295480287431634,False
Healthy/eyes-closed/patient89/Fp1.txt,62464,63488,56.52891744672,416.012525,-0.6213553368338569,False
Healthy/eyes-closed/patient89/Fp1.txt,68608,69632,14.33519121357881,173.7229867,-0.053518920944396475,False
Healthy/eyes-closed/patient89/Fp1.txt,70656,71680,23.851459603421628,212.017821,0.08289069409770511,False
Healthy/eyes-closed/patient89/Fp1.txt,82944,83968,32.32528677970601,228.001939,-0.5449070555767773,False
Healthy/eyes-closed/patient89/Fp1.txt,90112,91136,30.648459057575714,188.1972563,0.4343153507609763,False
Healthy/eyes-closed/patient89/Fp1.txt,95232,96256,34.40096160500979,225.329971,-0.0037530834723634166,False
Healthy/eyes-closed/patient89/Fp1.txt,105472,106496,24.06053512287574,185.8722972,-0.13168526114189447,False
Healthy/eyes-closed/patient89/Fp1.txt,111616,112640,53.92167519660944,323.029312,-0.16063838762785188,False
Healthy/eyes-closed/patient89/Fp1.txt,112640,113664,28.765478010631124,190.1282664,0.38307984373085957,False
Healthy/eyes-closed/patient89/Fp1.txt,117760,118784,22.869879601097093,199.2520786,-0.10962461346884773,False
Healthy/eyes-closed/patient89/Fp1.txt,118784,119808,29.207883344694917,181.354581,0.27649098191946264,False
Healthy/eyes-closed/patient89/Fp1.txt,141312,142336,12.72581489142641,170.6737312,0.04977567405413081,False
Healthy/eyes-closed/patient89/Fp1.txt,153600,154624,41.35586205085029,336.57779000000005,-0.19125405405546872,False
Healthy/eyes-closed/patient89/Fp1.txt,176128,177152,27.321683949942773,222.157421,-0.4422688766053711,False
Healthy/eyes-closed/patient89/Fp2.txt,4096,5120,25.887073175509492,202.90400319999998,-0.24194063934824223,False
Healthy/eyes-closed/patient89/Fp2.txt,5120,6144,30.79974327684556,243.88826999999998,0.45588818321416,False
Healthy/eyes-closed/patient89/Fp2.txt,13312,14336,34.264546389008224,185.0077747,-0.19178204842812496,False
Healthy/eyes-closed/patient89/Fp2.txt,18432,19456,62.03171160722564,443.340263,0.22105208802529358,False
Healthy/eyes-closed/patient89/Fp2.txt,28672,29696,57.481216982999534,388.20516999999995,-1.099031112974805,False
Healthy/eyes-closed/patient89/Fp2.txt,35840,36864,19.408627394437303,171.3238787,-0.023036130683300904,False
Healthy/eyes-closed/patient89/Fp2.txt,61440,62464,20.03932389710386,177.89324440000001,0.03776010049193357,False
Healthy/eyes-closed/patient89/Fp2.txt,62464,63488,44.85992057558139,326.179265,-0.32422594306044883,False
Healthy/eyes-closed/patient89/Fp2.txt,81920,82944,20.183693053756198,164.52768609999998,0.3157425128309765,False
Healthy/eyes-closed/patient89/Fp2.txt,82944,83968,29.47478903535569,205.140135,-0.2628453657292969,False
Healthy/eyes-closed/patient89/Fp2.txt,90112,91136,25.420251354203693,183.6947422,0.22543944311298825,False
Healthy/eyes-closed/patient89/Fp2.txt,95232,96256,30.010822919556254,203.8635175,-0.15945662009189454,False
Healthy/eyes-closed/patient89/Fp2.txt,105472,106496,19.477470636560312,164.2039591,0.13270338146337904,False
Healthy/eyes-closed/patient89/Fp2.txt,111616,112640,49.03931810815003,289.889423,0.17781709365566378,False
Healthy/eyes-closed/patient89/Fp2.txt,112640,113664,20.458708935678292,179.09148820000001,-0.22614359518267582,False
Healthy/eyes-closed/patient89/Fp2.txt,141312,142336,11.031956771319422,181.1925812,-0.07367241716171871,False
Healthy/eyes-closed/patient89/Fp2.txt,153600,154624,34.95484300593315,290.303764,-0.34725596027685596,False
Healthy/eyes-closed/patient89/Fz.txt,18432,19456,19.641500677211614,134.0816074,0.14878240060048825,False
Healthy/eyes-closed/patient89/Fz.txt,28672,29696,21.031958429900822,130.9657945,-0.23734039660455075,False
Healthy/eyes-closed/patient89/Fz.txt,62464,63488,15.534864296485965,110.4911065,-0.09668749174658192,False
Healthy/eyes-closed/patient89/Fz.txt,141312,142336,7.6232556594412495,106.2203379,-0.022346224575488263,False
Healthy/eyes-closed/patient89/O1.txt,2048,3072,9.393484852767292,143.03814020000002,-0.004416424770937531,False
Healthy/eyes-closed/patient89/O1.txt,141312,142336,13.032141909440863,136.2319173,0.12240883905527347,False
Healthy/eyes-closed/patient89/O2.txt,53248,54272,28.703358927518757,403.92681200000004,-0.0433060139855565,False
Healthy/eyes-closed/patient89/P3.txt,141312,142336,8.410099195533977,116.70820069999999,-0.004842692743398422,False
Healthy/eyes-closed/patient89/P4.txt,0,1024,9.411536976987366,129.27982780000002,-0.1196736916354981,False
Healthy/eyes-closed/patient89/P4.txt,2048,3072,6.909768498859959,133.70929030000002,-0.029345747289365204,False
Healthy/eyes-closed/patient89/P4.txt,141312,142336,10.008280057644093,152.88572879999998,0.03483078549223634,False
Healthy/eyes-closed/patient89/P4.txt,155648,156672,9.848720563902049,145.8338149,-0.17583199893293944,False
Healthy/eyes-closed/patient89/Pz.txt,141312,142336,9.130878861756207,125.331928,0.049198352207470646,False
Healthy/eyes-closed/patient89/T3.txt,2048,3072,8.631604801554092,150.3859021,0.00912276330512693,False
Healthy/eyes-closed/patient89/T3.txt,18432,19456,15.896277195828851,125.1504874,0.0062473126302735466,False
Healthy/eyes-closed/patient89/T3.txt,28672,29696,17.643259117655056,133.30690040000002,0.06229861748261714,False
Healthy/eyes-closed/patient89/T3.txt,141312,142336,15.199908138027105,229.04164679999997,0.08945697017840824,False
Healthy/eyes-closed/patient89/T4.txt,28672,29696,19.80268001128022,190.4115724,0.11553903952776362,False
Healthy/eyes-closed/patient89/T4.txt,141312,142336,14.755302962065743,189.1670309,0.004538618165429734,False
Healthy/eyes-closed/patient89/T5.txt,141312,142336,16.836009718960902,193.7130898,0.09559910133750009,False
Healthy/eyes-closed/patient89/T6.txt,141312,142336,15.940879158692997,204.3805706,0.025728758581640726,False
Healthy/eyes-closed/patient89/T6.txt,173056,174080,9.370941115048042,239.06088900000003,0.01975783273933597,False
Healthy/eyes-closed/patient90/C3.txt,20480,21504,5.490950882138909,58.027902,0.016662253672656287,False
Healthy/eyes-closed/patient90/C3.txt,37888,38912,4.017190178333748,55.505187500000005,0.00628510274598635,False
Healthy/eyes-closed/patient90/C3.txt,73728,74752,4.922209746864685,50.611967699999994,-0.0014288223522460931,False
Healthy/eyes-closed/patient90/C3.txt,107520,108544,5.075636735930464,63.716154,-0.039847857539218795,False
Healthy/eyes-closed/patient90/C3.txt,114688,115712,5.066027950899637,60.5000007,-0.008980911836015609,False
Healthy/eyes-closed/patient90/C3.txt,142336,143360,4.021811335144528,49.335436099999995,0.03208564706626952,False
Healthy/eyes-closed/patient90/C4.txt,20480,21504,5.53019327753602,57.476607900000005,-0.009384268984882801,False
Healthy/eyes-closed/patient90/C4.txt,37888,38912,3.9992690567858737,55.8561962,-0.005312002102587893,False
Healthy/eyes-closed/patient90/C4.txt,73728,74752,4.947906039455535,51.6859917,0.00597143774219731,False
Healthy/eyes-closed/patient90/C4.txt,107520,108544,5.068728331307244,64.8972088,0.03975084060529886,False
Healthy/eyes-closed/patient90/C4.txt,114688,115712,5.115775159110165,60.587059499999995,-0.004602668287363269,False
Healthy/eyes-closed/patient90/C4.txt,142336,143360,4.030827859295064,48.4861444,-0.027887478501308606,False
Healthy/eyes-closed/patient90/Cz.txt,20480,21504,6.753883518110453,57.713806000000005,0.03560963555644531,False
Healthy/eyes-closed/patient90/Cz.txt,37888,38912,5.419895862953673,64.6816366,-0.004978571153320371,False
Healthy/eyes-closed/patient90/Cz.txt,73728,74752,4.473525432530726,56.1997976,-0.04935583003934572,False
Healthy/eyes-closed/patient90/Cz.txt,107520,108544,4.835570404104749,63.8568499,0.029792370213056626,False
Healthy/eyes-closed/patient90/Cz.txt,114688,115712,4.782904713340561,56.5159078,-0.053539991521005886,False
Healthy/eyes-closed/patient90/Cz.txt,142336,143360,4.31395445010386,53.4211665,0.005392965349707041,False
Healthy/eyes-closed/patient90/F3.txt,20480,21504,16.811224385665565,179.46458969999998,0.053532882332812365,False
Healthy/eyes-closed/patient90/F3.txt,37888,38912,12.528962314686186,184.9678672,0.09939388526572264,False
Healthy/eyes-closed/patient90/F3.txt,73728,74752,13.956217674763645,159.9671464,-0.026691153024179633,False
Healthy/eyes-closed/patient90/F3.txt,99328,100352,10.310518065026596,119.23411060000001,0.04949012152914065,False
Healthy/eyes-closed/patient90/F3.txt,107520,108544,12.763213793550513,179.4080035,-0.0785595913036132,False
Healthy/eyes-closed/patient90/F3.txt,114688,115712,12.510642691436098,140.9353281,-0.038294122065166095,False
Healthy/eyes-closed/patient90/F3.txt,142336,143360,10.69284511515315,128.0622666,0.12011988522768557,False
Healthy/eyes-closed/patient90/F4.txt,4096,5120,5.266927046641531,79.270398,0.09049119807099608,False
Healthy/eyes-closed/patient90/F4.txt,20480,21504,8.207814012435064,80.7396737,0.08841187925638662,False
Healthy/eyes-closed/patient90/F4.txt,26624,27648,5.430249769591142,75.7344574,0.035141908244736314,False
Healthy/eyes-closed/patient90/F4.txt,37888,38912,7.53322890210972,80.6312433,0.12456075168836908,False
Healthy/eyes-closed/patient90/F4.txt,74752,75776,6.71302698092414,94.87797979999999,0.09351534996390781,False
Healthy/eyes-closed/patient90/F4.txt,107520,108544,7.626347598317235,96.6232679,-0.019563896772860346,False
Healthy/eyes-closed/patient90/F4.txt,113664,114688,7.138505683954124,111.4871575,0.038082099242119166,False
Healthy/eyes-closed/patient90/F4.txt,114688,115712,7.021913699424947,80.755241,-0.02807110935048826,False
Healthy/eyes-closed/patient90/F4.txt,141312,142336,6.278540419249019,99.1236534,-0.06027019879668945,False
Healthy/eyes-closed/patient90/F4.txt,142336,143360,7.451290784013453,89.7928354,0.07667169739818357,False
Healthy/eyes-closed/patient90/F7.txt,20480,21504,22.123993658023423,280.403874,0.004347778227431542,False
Healthy/eyes-closed/patient90/F7.txt,37888,38912,19.57127678193437,268.341122,0.24944131900608404,False
Healthy/eyes-closed/patient90/F7.txt,73728,74752,19.232946986888244,201.2775459,0.031493906508789124,False
Healthy/eyes-closed/patient90/F7.txt,83968,84992,11.800335347435658,157.5025101,-0.13562429576445317,False
Healthy/eyes-closed/patient90/F7.txt,99328,100352,14.189989423164256,226.117289,-0.00822028964511716,False
Healthy/eyes-closed/patient90/F7.txt,107520,108544,17.15857912724936,264.122132,-0.08586598285835942,False
Healthy/eyes-closed/patient90/F7.txt,114688,115712,20.61165295821665,259.24697000000003,-0.02785222463496101,False
Healthy/eyes-closed/patient90/F7.txt,142336,143360,16.488337267781716,244.08662800000002,0.07150728232738293,False
Healthy/eyes-closed/patient90/F8.txt,20480,21504,18.364001247178773,246.86178999999998,-0.00025194081547842695,False
Healthy/eyes-closed/patient90/F8.txt,37888,38912,17.673633615385015,276.38946,0.10461803150082041,False
Healthy/eyes-closed/patient90/F8.txt,73728,74752,18.175694180697956,275.877991,-0.034698158418447304,False
Healthy/eyes-closed/patient90/F8.txt,83968,84992,9.81619830911543,164.376828,-0.10635463392781251,False
Healthy/eyes-closed/patient90/F8.txt,99328,100352,12.143847674161012,217.870148,-0.1527668073927011,False
Healthy/eyes-closed/patient90/F8.txt,107520,108544,18.78892010751289,315.800967,-0.01878659525389656,False
Healthy/eyes-closed/patient90/F8.txt,114688,115712,18.952899341555522,262.995025,0.1003240409149415,False
Healthy/eyes-closed/patient90/F8.txt,142336,143360,17.976590989414667,302.075313,-0.07423785492097658,False
Healthy/eyes-closed/patient90/Fp1.txt,20480,21504,14.317688666579842,122.2710434,0.23353084751401382,False
Healthy/eyes-closed/patient90/Fp1.txt,37888,38912,13.062198025023193,150.6457207,0.3993422459582521,False
Healthy/eyes-closed/patient90/Fp1.txt,73728,74752,10.886197786531982,142.0924774,-0.0597691315720117,False
Healthy/eyes-closed/patient90/Fp1.txt,107520,108544,10.79910073930504,117.1414378,-0.13194673811015628,False
Healthy/eyes-closed/patient90/Fp1.txt,114688,115712,11.75325562258504,136.7830381,-0.021751424430107427,False
Healthy/eyes-closed/patient90/Fp1.txt,142336,143360,11.115650474687067,107.7536757,0.20749678108982222,False
Healthy/eyes-closed/patient90/Fp2.txt,0,1024,10.737731590743522,127.83610580000001,0.10147907579873042,False
Healthy/eyes-closed/patient90/Fp2.txt,114688,115712,10.575465824437186,123.9528502,-0.036625240681933596,False
Healthy/eyes-closed/patient90/Fp2.txt,142336,143360,11.190699761721348,120.9047408,0.15210710701663085,False
Healthy/eyes-closed/patient90/O1.txt,73728,74752,5.33786517421411,66.6215623,0.04184705198427736,False
Healthy/eyes-closed/patient90/O1.txt,107520,108544,6.565825371073783,90.0317313,-0.049495905432646516,False
Healthy/eyes-closed/patient90/O1.txt,114688,115712,6.368021765855513,68.9166446,-0.03880444300536817,False
Healthy/eyes-closed/patient90/O1.txt,142336,143360,5.711359459220019,65.5155134,-0.016108093468310526,False
Healthy/eyes-closed/patient90/O2.txt,0,1024,7.5499229001242485,81.42541399999999,-0.04498515520517579,False
Healthy/eyes-closed/patient90/O2.txt,20480,21504,5.97678644057638,70.0611944,0.001398708871972687,False
Healthy/eyes-closed/patient90/O2.txt,107520,108544,6.308572546181539,79.5588055,-0.04415522443349612,False
Healthy/eyes-closed/patient90/O2.txt,114688,115712,6.1319358766484315,74.5085953,-0.062238397263261726,False
Healthy/eyes-closed/patient90/P3.txt,0,1024,6.176254497651916,68.50689919999999,-0.06642535603315432,False
Healthy/eyes-closed/patient90/P3.txt,20480,21504,4.841146774833733,63.888102,0.009141835849122065,False
Healthy/eyes-closed/patient90/P3.txt,73728,74752,4.443264200611367,51.8418529,0.029241206717846642,False
Healthy/eyes-closed/patient90/P3.txt,107520,108544,5.3131699431339205,72.0132261,-0.0410189275894238,False
Healthy/eyes-closed/patient90/P3.txt,114688,115712,5.022830397270156,61.1336525,-0.032762686932099605,False
Healthy/eyes-closed/patient90/P3.txt,142336,143360,4.579726431266534,56.823752,-0.0052706467355175535,False
Healthy/eyes-closed/patient90/P4.txt,20480,21504,6.124930033545141,66.7210824,0.004386753951083969,False
Healthy/eyes-closed/patient90/P4.txt,73728,74752,4.294145473661605,52.8427194,0.03489945402724602,False
Healthy/eyes-closed/patient90/P4.txt,107520,108544,5.2248342779978465,51.577486,0.0012770631912011887,False
Healthy/eyes-closed/patient90/P4.txt,114688,115712,4.814659117140922,58.1908209,-0.020945429313544924,False
Healthy/eyes-closed/patient90/Pz.txt,37888,38912,6.5512958628544204,68.7346206,0.16800884483824222,False
Healthy/eyes-closed/patient90/Pz.txt,107520,108544,5.295432532243359,62.7136981,-0.04434332935332033,False
Healthy/eyes-closed/patient90/Pz.txt,114688,115712,5.785438752845823,67.0586973,-0.055480820357646454,False
Healthy/eyes-closed/patient90/T3.txt,0,1024,13.838261450726296,164.3499819,-0.0962334742759765,False
Healthy/eyes-closed/patient90/T3.txt,20480,21504,11.026628938826999,108.9670309,-0.12517191537910158,False
Healthy/eyes-closed/patient90/T3.txt,37888,38912,9.77156233708667,174.7375083,0.023051483290136662,False
Healthy/eyes-closed/patient90/T3.txt,73728,74752,10.451849515931736,113.8665199,0.04598109865732426,False
Healthy/eyes-closed/patient90/T3.txt,83968,84992,7.124919286388853,102.1900286,-0.0034709308329297153,False
Healthy/eyes-closed/patient90/T3.txt,107520,108544,10.181890568254746,135.25306310000002,-0.05141263696445897,False
Healthy/eyes-closed/patient90/T3.txt,114688,115712,11.162764844685528,116.90194199999999,-0.020926092931542933,False
Healthy/eyes-closed/patient90/T3.txt,142336,143360,8.976749626852003,146.2815428,-0.012622583507263634,False
Healthy/eyes-closed/patient90/T4.txt,0,1024,12.785540370631223,140.5544739,-0.0912129151531348,False
Healthy/eyes-closed/patient90/T4.txt,20480,21504,15.453020689092051,181.37954159999998,-0.06321969963159181,False
Healthy/eyes-closed/patient90/T4.txt,37888,38912,13.253212878190013,175.74743039999998,0.03173533784492187,False
Healthy/eyes-closed/patient90/T4.txt,73728,74752,13.29699271860704,139.5669311,0.02455273518591796,False
Healthy/eyes-closed/patient90/T4.txt,83968,84992,7.141011331943421,99.25571389999999,-0.07366930400942383,False
Healthy/eyes-closed/patient90/T4.txt,99328,100352,8.394640367938827,98.5432936,-0.10278305961062498,False
Healthy/eyes-closed/patient90/T4.txt,107520,108544,13.610852050156389,239.30029580000001,-0.04976172919340824,False
Healthy/eyes-closed/patient90/T4.txt,114688,115712,14.319913283537774,204.67041899999998,0.013977435911562502,False
Healthy/eyes-closed/patient90/T4.txt,142336,143360,11.184993774112307,180.8153813,-0.0781277111300977,False
Healthy/eyes-closed/patient90/T5.txt,37888,38912,10.153294394856005,121.4394958,-0.06708482771015616,False
Healthy/eyes-closed/patient90/T5.txt,107520,108544,11.214694658999438,127.3037579,-0.08533637175390629,False
Healthy/eyes-closed/patient90/T5.txt,114688,115712,10.853991451895837,127.43124470000001,-0.04507267751414065,False
Healthy/eyes-closed/patient91/F3.txt,152576,153600,12.417245947835726,102.61988199999999,0.13942156075018552,False
Healthy/eyes-closed/patient91/F7.txt,24576,25600,89.5518306002776,780.962513,-0.737810176811133,False
Healthy/eyes-closed/patient91/F8.txt,24576,25600,50.31123421017029,451.627138,-0.2849633782265625,False
Healthy/eyes-closed/patient91/Fp1.txt,120832,121856,24.718794148886726,146.28001640000002,0.5037129810252928,False
Healthy/eyes-closed/patient91/Fp1.txt,152576,153600,20.75619430468399,144.7251863,0.184986310469531,False
Healthy/eyes-closed/patient91/Fp1.txt,153600,154624,22.28625797021504,148.15927770000002,0.0037604938900391294,False
Healthy/eyes-closed/patient91/Fp2.txt,2048,3072,35.173128055652995,253.581716,-0.5424083649039063,False
Healthy/eyes-closed/patient91/Fp2.txt,3072,4096,33.58987892499893,191.0984417,0.38794043684667934,False
Healthy/eyes-closed/patient91/Fp2.txt,20480,21504,24.388888843338684,158.4411988,0.41545605805282204,False
Healthy/eyes-closed/patient91/Fp2.txt,120832,121856,23.637611418262452,159.6549758,0.1876791507136813,False
Healthy/eyes-closed/patient91/Fz.txt,2048,3072,124.9727857199875,1190.410965,-1.3260779694024425,False
Healthy/eyes-closed/patient91/Fz.txt,3072,4096,74.16333503208257,363.321598,0.8639534602792964,False
Healthy/eyes-closed/patient91/Fz.txt,18432,19456,32.40359875432046,169.6793577,-0.41235031865134786,False
Healthy/eyes-closed/patient91/Fz.txt,19456,20480,23.993177180058918,154.8472231,-0.6660896211193262,False
Healthy/eyes-closed/patient91/Fz.txt,20480,21504,31.734780145671806,192.3259725,0.721528354016416,False
Healthy/eyes-closed/patient91/Fz.txt,120832,121856,35.36579365634055,183.096881,0.6598698793381839,False
Healthy/eyes-closed/patient91/Fz.txt,121856,122880,28.988864294986048,159.35691359999998,-0.13372386460429703,False
Healthy/eyes-closed/patient91/Fz.txt,122880,123904,37.233482213055545,201.6334713,-0.12606858361015605,False
Healthy/eyes-closed/patient91/Fz.txt,152576,153600,27.24554129940558,215.40758799999998,0.3778473318101073,False
Healthy/eyes-closed/patient91/Fz.txt,153600,154624,33.893608297221846,188.690979,-0.11866089237558619,False
Healthy/eyes-closed/patient91/Fz.txt,155648,156672,29.031423424397303,180.8215529,0.05724448494941403,False
Healthy/eyes-closed/patient91/T3.txt,24576,25600,20.475993201326045,175.1150316,-0.06775756163427732,False
Healthy/eyes-closed/patient92/F3.txt,136192,137216,9.134662843967618,133.4627503,0.020580620948906253,False
Healthy/eyes-closed/patient92/F7.txt,136192,137216,13.159833294153986,199.80503800000002,0.21054447316092098,False
Healthy/eyes-closed/patient93/Fp1.txt,0,1024,28.782658591754938,242.00748620000002,0.037683864396972744,False
Healthy/eyes-closed/patient93/Fp2.txt,243712,244736,20.603905066747302,190.1226043,-0.275475006895996,False
Healthy/eyes-closed/patient93/Fz.txt,0,1024,23.682810025918208,170.7945833,-0.05537760403737324,False
Healthy/eyes-closed/patient93/O2.txt,243712,244736,28.55087377012599,158.5765627,-0.3326120170901367,False
Healthy/eyes-closed/patient93/P3.txt,0,1024,29.759463115539557,242.92705700000002,0.09343823833759785,False
Healthy/eyes-closed/patient93/Pz.txt,0,1024,14.267766614505545,111.18353669999999,0.03204441914212895,False
Healthy/eyes-closed/patient93/T4.txt,243712,244736,37.57241442195019,221.500048,0.3246580479220705,False
Healthy/eyes-closed/patient94/F3.txt,0,1024,20.50406028670436,165.99261209999997,-0.025050528329970623,False
Healthy/eyes-closed/patient94/T4.txt,10240,11264,19.38962738624285,302.4273819,0.061201166308837845,False
Healthy/eyes-closed/patient94/T6.txt,0,1024,27.012846360841635,354.56989699999997,-0.43810242570019536,False
Healthy/eyes-closed/patient94/T6.txt,8192,9216,51.97570633249935,398.793654,-0.5886342584063479,False
Healthy/eyes-closed/patient94/T6.txt,17408,18432,95.00750497395019,595.304751,0.1953341584672852,False
Healthy/eyes-closed/patient94/T6.txt,36864,37888,34.59717317478629,473.623659,0.9274429981179686,False
Healthy/eyes-closed/patient95/C3.txt,1024,2048,8.878772613399542,99.440557,-0.09626372946794923,False
Healthy/eyes-closed/patient95/C4.txt,1024,2048,9.485267422215433,105.1283429,0.08779266860638188,False
Healthy/eyes-closed/patient95/Cz.txt,1024,2048,10.093186072940172,101.44101939999999,0.022484472171875047,False
Healthy/eyes-closed/patient95/F3.txt,1024,2048,22.148129682548234,283.76449,-0.2364575753789355,False
Healthy/eyes-closed/patient95/F7.txt,1024,2048,19.70432484243182,230.32662600000003,-0.13440947509658213,False
Healthy/eyes-closed/patient95/F8.txt,1024,2048,12.130514290777336,174.1933109,0.34602606141357417,False
Healthy/eyes-closed/patient95/Fp1.txt,0,1024,184.8267288222954,1138.138613,2.6061884126497072,False
Healthy/eyes-closed/patient95/Fp1.txt,1024,2048,113.37630819711892,479.95191,-3.184747672622461,False
Healthy/eyes-closed/patient95/Fp1.txt,68608,69632,32.64216474497068,283.055693,0.8081869404057032,False
Healthy/eyes-closed/patient95/Fp2.txt,58368,59392,40.97056478769477,277.793317,0.02717188257751968,False
Healthy/eyes-closed/patient95/Fp2.txt,68608,69632,23.164494000247505,344.787586,-0.12884146238492195,False
Healthy/eyes-closed/patient95/Fp2.txt,69632,70656,39.10878431836516,281.494168,-0.06389763839677737,False
Healthy/eyes-closed/patient95/Fp2.txt,146432,147456,55.213722173273986,294.841412,0.7874582712292479,False
Healthy/eyes-closed/patient95/Fp2.txt,168960,169984,50.81503713724064,343.151612,-1.5220920899203119,False
Healthy/eyes-closed/patient95/Fz.txt,1024,2048,21.036921134437364,254.850041,-0.0999806465028319,False
Healthy/eyes-closed/patient95/O2.txt,0,1024,11.819943315384123,177.61638449999998,0.0022118702089844178,False
Healthy/eyes-closed/patient95/O2.txt,1024,2048,21.4134261784701,329.47210900000005,0.03488385352148428,False
Healthy/eyes-closed/patient95/O2.txt,148480,149504,18.13055767910981,334.55603099999996,-0.05600586620292971,False
Healthy/eyes-closed/patient95/P4.txt,1024,2048,11.21291882066658,101.1413249,0.20619038139296889,False
Healthy/eyes-closed/patient95/Pz.txt,0,1024,8.439817988414742,117.0791381,0.04067750407814458,False
Healthy/eyes-closed/patient95/Pz.txt,1024,2048,12.776221601063495,201.9774817,-0.012677492137980431,False
Healthy/eyes-closed/patient95/Pz.txt,148480,149504,6.964138261157552,101.1121306,-0.040689496936954096,False
Healthy/eyes-closed/patient95/T5.txt,1024,2048,23.476253838271113,308.822568,-0.20739431313188472,False
Healthy/eyes-closed/patient95/T5.txt,148480,149504,23.112583932076806,422.91153299999996,0.04687839740078129,False
Healthy/eyes-closed/patient95/T6.txt,148480,149504,12.605283802743195,206.0331853,0.0009292380902342079,False
Healthy/eyes-closed/patient96/C3.txt,0,1024,6.510853063709934,49.755380099999996,-0.034901189127215626,False
Healthy/eyes-closed/patient96/C3.txt,1024,2048,5.0394392715407035,76.1195622,0.0013246934463574285,False
Healthy/eyes-closed/patient96/C3.txt,49152,50176,7.6406208456299956,55.9135747,0.004200665824052749,False
Healthy/eyes-closed/patient96/C3.txt,50176,51200,6.877365675923475,49.7265195,-0.026018952286210956,False
Healthy/eyes-closed/patient96/C3.txt,111616,112640,6.0945664133571,70.7737957,-0.011631588974121126,False
Healthy/eyes-closed/patient96/C4.txt,0,1024,6.567335385022108,49.755380099999996,-0.08032116390549196,False
Healthy/eyes-closed/patient96/C4.txt,1024,2048,5.10245983434601,76.55687879999999,0.08770278875663087,False
Healthy/eyes-closed/patient96/C4.txt,44032,45056,6.859445880693526,42.5129632,-0.007465629358963874,False
Healthy/eyes-closed/patient96/C4.txt,49152,50176,7.693757232377002,54.024721299999996,-0.005709558557714836,False
Healthy/eyes-closed/patient96/C4.txt,50176,51200,7.04469527874896,51.9636736,0.02982546021982417,False
Healthy/eyes-closed/patient96/C4.txt,111616,112640,6.10433901949935,71.6066628,0.021327044430185564,False
Healthy/eyes-closed/patient96/Cz.txt,0,1024,6.840801501986748,49.755380099999996,-0.029008773873104327,False
Healthy/eyes-closed/patient96/Cz.txt,43008,44032,22.909879776024088,158.2361813,-0.7521514829043945,False
Healthy/eyes-closed/patient96/Cz.txt,44032,45056,26.30904674709258,146.446839,0.4237729561333008,False
Healthy/eyes-closed/patient96/Cz.txt,45056,46080,15.15373098963898,71.85684789999999,0.29233132704472653,False
Healthy/eyes-closed/patient96/Cz.txt,49152,50176,9.187684375220341,79.9892619,-0.08735671797541017,False
Healthy/eyes-closed/patient96/Cz.txt,50176,51200,14.307721592165077,136.4459828,0.07034763994995122,False
Healthy/eyes-closed/patient96/Cz.txt,86016,87040,7.730889285986856,117.3811317,0.013153605532128916,False
Healthy/eyes-closed/patient96/Cz.txt,111616,112640,5.702713231533329,73.7301678,-0.04295899342753911,False
Healthy/eyes-closed/patient96/Cz.txt,115712,116736,7.030108231009672,64.5361267,-0.009588960997822249,False
Healthy/eyes-closed/patient96/Cz.txt,117760,118784,4.763793314408701,76.9125638,-0.08672117475298834,False
Healthy/eyes-closed/patient96/Cz.txt,124928,125952,5.719368219086397,51.675085300000006,0.016264956611123038,False
Healthy/eyes-closed/patient96/F3.txt,43008,44032,24.517586518031568,133.607482,0.061610918340957076,False
Healthy/eyes-closed/patient96/F3.txt,44032,45056,35.072220706936186,223.05901640000002,-0.5951351041271482,False
Healthy/eyes-closed/patient96/F3.txt,45056,46080,16.256765280657234,102.3014662,0.38485754194033206,False
Healthy/eyes-closed/patient96/F3.txt,46080,47104,11.125676618121618,70.5141136,0.06173252159971676,False
Healthy/eyes-closed/patient96/F3.txt,49152,50176,16.101174504081467,97.4256903,0.034119537289257845,False
Healthy/eyes-closed/patient96/F3.txt,50176,51200,15.267115692668156,197.9115064,0.0008965538386718486,False
Healthy/eyes-closed/patient96/F3.txt,86016,87040,9.509275447162693,116.5381739,0.02666955283867184,False
Healthy/eyes-closed/patient96/F3.txt,111616,112640,6.535522231507838,89.84779230000001,0.004647814781660157,False
Healthy/eyes-closed/patient96/F3.txt,115712,116736,9.049629931288285,89.3096305,-0.027348610321279304,False
Healthy/eyes-closed/patient96/F3.txt,117760,118784,6.275311926992698,108.3130498,-0.14374053245517576,False
Healthy/eyes-closed/patient96/F4.txt,43008,44032,62.238326383067786,335.178845,0.3181629253537112,False
Healthy/eyes-closed/patient96/F4.txt,44032,45056,40.70522910934074,241.47859,0.16119369041000986,False
Healthy/eyes-closed/patient96/F4.txt,45056,46080,17.866978009752398,87.8262398,-0.36296087992009773,False
Healthy/eyes-closed/patient96/F4.txt,47104,48128,11.041493262055937,66.21090190000001,-0.15418876275969629,False
Healthy/eyes-closed/patient96/F4.txt,49152,50176,20.772987264365142,183.5792485,-0.2830630340507812,False
Healthy/eyes-closed/patient96/F4.txt,50176,51200,20.176052197950366,241.99601959999998,0.26559903020107933,False
Healthy/eyes-closed/patient96/F4.txt,86016,87040,8.074789712770079,99.1570495,0.010579661859999964,False
Healthy/eyes-closed/patient96/F4.txt,111616,112640,6.815083245187201,82.187816,0.011972098628288099,False
Healthy/eyes-closed/patient96/F4.txt,115712,116736,7.006717166951087,68.4894104,-0.02329465494062495,False
Healthy/eyes-closed/patient96/F7.txt,1024,2048,10.150525664346153,120.73250529999999,0.09605274410739253,False
Healthy/eyes-closed/patient96/F7.txt,37888,38912,8.72618486698405,106.095704,0.10727475691464847,False
Healthy/eyes-closed/patient96/F7.txt,43008,44032,34.007816683994996,247.665662,0.185412466922461,False
Healthy/eyes-closed/patient96/F7.txt,44032,45056,25.731014478430033,132.2032501,-0.05074286399189454,False
Healthy/eyes-closed/patient96/F7.txt,50176,51200,25.100490542826986,388.096381,-0.19272496635585923,False
Healthy/eyes-closed/patient96/F7.txt,86016,87040,9.419163977178725,134.6094072,-0.03226172840894531,False
Healthy/eyes-closed/patient96/F7.txt,111616,112640,17.562937388952903,237.62523950000002,-0.03832238529755849,False
Healthy/eyes-closed/patient96/F8.txt,1024,2048,13.516173460562477,177.7393454,0.16926241730566413,False
Healthy/eyes-closed/patient96/F8.txt,43008,44032,53.91242030258604,333.728441,-0.9124275445125979,False
Healthy/eyes-closed/patient96/F8.txt,44032,45056,42.82045716945742,213.1092638,0.12092848894453101,False
Healthy/eyes-closed/patient96/F8.txt,45056,46080,23.955945629855208,115.6403187,1.2309573702970704,False
Healthy/eyes-closed/patient96/F8.txt,49152,50176,13.604901107685388,108.5320581,-0.3080904675169922,False
Healthy/eyes-closed/patient96/F8.txt,50176,51200,21.39604122179973,374.86285699999996,0.42235196878943354,False
Healthy/eyes-closed/patient96/F8.txt,111616,112640,14.20409496473001,174.0143597,-0.02007182513399311,False
Healthy/eyes-closed/patient96/Fp1.txt,43008,44032,52.567357275047684,332.833534,0.09637244854951232,False
Healthy/eyes-closed/patient96/Fp1.txt,44032,45056,44.36614063074523,235.722626,-0.36790512131005837,False
Healthy/eyes-closed/patient96/Fp1.txt,45056,46080,24.123949832956253,148.14706790000002,-0.33021662922166,False
Healthy/eyes-closed/patient96/Fp1.txt,46080,47104,18.273775369411936,143.1342034,0.5789874100818652,False
Healthy/eyes-closed/patient96/Fp1.txt,49152,50176,18.64236043807533,141.7280738,-0.001972234545459167,False
Healthy/eyes-closed/patient96/Fp1.txt,50176,51200,44.570137140815895,778.892383,0.08763364484335934,False
Healthy/eyes-closed/patient96/Fp2.txt,43008,44032,19.44526618120796,143.2669071,0.6073665103698924,False
Healthy/eyes-closed/patient96/Fp2.txt,44032,45056,30.35130610274518,156.09997520000002,-0.9385045410207034,False
Healthy/eyes-closed/patient96/Fp2.txt,49152,50176,21.540795383262314,139.0762198,-0.19740100863466803,False
Healthy/eyes-closed/patient96/Fp2.txt,50176,51200,32.45194245012573,592.651832,0.18659513052650403,False
Healthy/eyes-closed/patient96/Fp2.txt,86016,87040,9.208518054937926,114.37557659999999,-0.04886088055927733,False
Healthy/eyes-closed/patient96/Fp2.txt,111616,112640,10.70048100777077,125.5678758,0.06759785632584966,False
Healthy/eyes-closed/patient96/Fz.txt,0,1024,7.951957470745448,83.0683528,-0.00741720196032114,False
Healthy/eyes-closed/patient96/Fz.txt,44032,45056,31.61772826605904,153.51935129999998,-0.12750080082099596,False
Healthy/eyes-closed/patient96/Fz.txt,45056,46080,16.422064153705595,94.2471175,0.2004565705243164,False
Healthy/eyes-closed/patient96/Fz.txt,49152,50176,17.703927822399194,128.783594,0.6211419278728029,False
Healthy/eyes-closed/patient96/Fz.txt,50176,51200,31.72553393027393,363.156135,-0.30314643551332043,False
Healthy/eyes-closed/patient96/Fz.txt,86016,87040,9.969840433777035,133.4041991,-0.011672057389361362,False
Healthy/eyes-closed/patient96/Fz.txt,111616,112640,6.921190087360061,79.7013504,0.01825081938830273,False
Healthy/eyes-closed/patient96/Fz.txt,115712,116736,13.940973423254011,209.392267,-0.048820722589537124,False
Healthy/eyes-closed/patient96/Fz.txt,117760,118784,7.250167471499681,99.039935,-0.046172205375668934,False
Healthy/eyes-closed/patient96/Fz.txt,124928,125952,8.692075260912612,145.11960219999997,-0.002154917409824292,False
Healthy/eyes-closed/patient96/O1.txt,44032,45056,12.31688660813098,78.7387782,-0.0902851445579102,False
Healthy/eyes-closed/patient96/O1.txt,50176,51200,19.18781937142571,159.8696505,-0.041283834904687344,False
Healthy/eyes-closed/patient96/O1.txt,86016,87040,12.196290810416786,185.538714,-0.04041120547314449,False
Healthy/eyes-closed/patient96/O1.txt,115712,116736,9.127864272520062,78.5537075,-0.0017692206686524548,False
Healthy/eyes-closed/patient96/O1.txt,117760,118784,6.061237578934989,104.1360282,-0.08983402908730474,False
Healthy/eyes-closed/patient96/O2.txt,50176,51200,18.578215396691593,196.0429638,0.08533030896347657,False
Healthy/eyes-closed/patient96/O2.txt,86016,87040,12.37477503713475,182.7661895,-0.03834208046103523,False
Healthy/eyes-closed/patient96/O2.txt,124928,125952,10.269087842686947,98.3946688,0.020701380252588858,False
Healthy/eyes-closed/patient96/P3.txt,0,1024,9.525577262948056,152.1484355,-0.05272337280279181,False
Healthy/eyes-closed/patient96/P3.txt,1024,2048,5.133214728601086,72.7159383,0.05719317056011719,False
Healthy/eyes-closed/patient96/P3.txt,44032,45056,11.918418006392557,75.1592962,-0.13703793332548825,False
Healthy/eyes-closed/patient96/P3.txt,50176,51200,15.935708904460416,245.78492799999998,-0.13266490934329092,False
Healthy/eyes-closed/patient96/P3.txt,86016,87040,13.050750989448547,164.1625981,-0.00357009058256829,False
Healthy/eyes-closed/patient96/P3.txt,115712,116736,14.765844294756329,215.73013730000002,-0.005311182700937465,False
Healthy/eyes-closed/patient96/P3.txt,117760,118784,13.126944726999538,184.8414935,-0.010723234543554627,False
Healthy/eyes-closed/patient96/P3.txt,124928,125952,17.176344862786575,310.62552300000004,0.005148709689160098,False
Healthy/eyes-closed/patient96/P4.txt,0,1024,16.259775504021338,301.93013,-0.08838666802120002,False
Healthy/eyes-closed/patient96/P4.txt,49152,50176,14.724527700317738,94.3534815,-0.4005739439659179,False
Healthy/eyes-closed/patient96/P4.txt,50176,51200,28.988442868727546,529.3661109999999,0.2592912141977538,False
Healthy/eyes-closed/patient96/P4.txt,86016,87040,22.589454357120104,326.44906100000003,-0.037322095995097476,False
Healthy/eyes-closed/patient96/P4.txt,115712,116736,25.314148202733325,382.08636,-0.028115690131249996,False
Healthy/eyes-closed/patient96/P4.txt,117760,118784,22.69263999474641,345.118001,0.08364593133222661,False
Healthy/eyes-closed/patient96/P4.txt,124928,125952,28.59557832202764,499.574423,-0.006063578308185602,False
Healthy/eyes-closed/patient96/Pz.txt,0,1024,7.54362133907135,82.9329817,-0.06712969921392459,False
Healthy/eyes-closed/patient96/Pz.txt,43008,44032,8.834358595542193,94.24373209999999,-0.30850885282821283,False
Healthy/eyes-closed/patient96/Pz.txt,44032,45056,17.76149205044368,86.4451948,0.3638631156776368,False
Healthy/eyes-closed/patient96/Pz.txt,49152,50176,5.8753893914153945,55.1665519,0.06411443608290036,False
Healthy/eyes-closed/patient96/Pz.txt,50176,51200,14.364146211865851,125.84840940000001,-0.12161417530265627,False
Healthy/eyes-closed/patient96/Pz.txt,86016,87040,8.396038421674383,136.7043674,-0.025634880504746032,False
Healthy/eyes-closed/patient96/Pz.txt,111616,112640,6.004813981393814,70.1515496,-0.03991618367923827,False
Healthy/eyes-closed/patient96/Pz.txt,115712,116736,6.572894838219752,69.755954,-0.03345180036054697,False
Healthy/eyes-closed/patient96/Pz.txt,117760,118784,4.835993494224088,63.0221605,-0.05244368099255931,False
Healthy/eyes-closed/patient96/Pz.txt,124928,125952,6.955873588137933,81.01455949999999,0.026323670909091823,False
Healthy/eyes-closed/patient96/T3.txt,1024,2048,8.620877089494773,97.20828019999999,0.10386953811219729,False
Healthy/eyes-closed/patient96/T3.txt,43008,44032,31.923741146830388,228.355649,1.0497441858655958,False
Healthy/eyes-closed/patient96/T3.txt,44032,45056,35.345148444326014,163.8403487,-0.951558993629785,False
Healthy/eyes-closed/patient96/T3.txt,50176,51200,23.780907382787454,247.2403027,0.30767187338376945,False
Healthy/eyes-closed/patient96/T3.txt,86016,87040,8.778664598400407,143.9548031,-0.021461958672714825,False
Healthy/eyes-closed/patient96/T3.txt,111616,112640,12.421350720834425,147.9347871,-0.02222028375619141,False
Healthy/eyes-closed/patient96/T4.txt,0,1024,23.560511771915866,461.02443400000004,-0.10935208046290873,False
Healthy/eyes-closed/patient96/T4.txt,43008,44032,47.62823430231411,353.548507,1.19156224584668,False
Healthy/eyes-closed/patient96/T4.txt,44032,45056,53.327225415367366,312.521474,-1.1001117732428713,False
Healthy/eyes-closed/patient96/T4.txt,45056,46080,22.186166264212225,141.2255927,-0.2323391290481443,False
Healthy/eyes-closed/patient96/T4.txt,50176,51200,39.19120228273219,737.17824,-0.08189053155253917,False
Healthy/eyes-closed/patient96/T4.txt,86016,87040,27.80697187497131,365.19170099999997,-0.012820313317578123,False
Healthy/eyes-closed/patient96/T4.txt,115712,116736,30.602847012711198,457.055544,-0.0347231981608398,False
Healthy/eyes-closed/patient96/T4.txt,117760,118784,27.572795783565685,425.90159300000005,-0.007208534355322246,False
Healthy/eyes-closed/patient96/T4.txt,124928,125952,34.74766314395697,612.3279520000001,-0.04011015749510749,False
Healthy/eyes-closed/patient96/T5.txt,43008,44032,53.65288101343184,342.77497800000003,0.5794179995970703,False
Healthy/eyes-closed/patient96/T5.txt,44032,45056,35.15287875120656,190.3745588,-0.8210927671063479,False
Healthy/eyes-closed/patient96/T5.txt,45056,46080,26.48709086885514,128.4519534,0.7859922841445315,False
Healthy/eyes-closed/patient96/T5.txt,50176,51200,23.78471173154188,343.726156,0.21156436502138665,False
Healthy/eyes-closed/patient96/T5.txt,86016,87040,8.871620000667145,111.3703457,-0.048125199344316416,False
Healthy/eyes-closed/patient96/T6.txt,43008,44032,39.76523901782622,230.73722500000002,0.036552377235058775,False
Healthy/eyes-closed/patient96/T6.txt,44032,45056,56.490411947646514,344.44865200000004,-0.6714593232332033,False
Healthy/eyes-closed/patient96/T6.txt,49152,50176,22.992672158908654,143.99940909999998,-0.08665407892769535,False
Healthy/eyes-closed/patient96/T6.txt,50176,51200,35.598674526254065,497.04414299999996,0.08967528917236312,False
Healthy/eyes-closed/patient97/C3.txt,20480,21504,4.862870508139752,66.2803227,-0.042541873208886735,False
Healthy/eyes-closed/patient97/C4.txt,20480,21504,4.86574628141813,66.8516791,0.04822835602302736,False
Healthy/eyes-closed/patient97/F3.txt,3072,4096,13.735140814304794,99.49107079999999,-0.05036366723671874,False
Healthy/eyes-closed/patient97/F3.txt,9216,10240,9.746312303789331,96.43379669999999,-0.019490143180566438,False
Healthy/eyes-closed/patient97/F3.txt,10240,11264,12.028577459418555,105.5705528,-0.051304200273046885,False
Healthy/eyes-closed/patient97/F3.txt,20480,21504,15.720563055295404,115.63386360000001,-0.04580575409776356,False
Healthy/eyes-closed/patient97/F3.txt,30720,31744,15.355400681665813,115.85955419999999,0.028106046165039075,False
Healthy/eyes-closed/patient97/F3.txt,43008,44032,16.441375224152818,108.1989077,-0.08592594728837898,False
Healthy/eyes-closed/patient97/F3.txt,44032,45056,11.694241945582037,98.55989,0.061242070093457,False
Healthy/eyes-closed/patient97/F3.txt,55296,56320,14.20231982693845,96.33533360000001,0.008970789291035099,False
Healthy/eyes-closed/patient97/F3.txt,56320,57344,12.874671366760305,107.9580096,-0.014010423550820161,False
Healthy/eyes-closed/patient97/F3.txt,61440,62464,11.294567285493892,129.5458263,-0.03957298409629615,False
Healthy/eyes-closed/patient97/F3.txt,62464,63488,12.193863443124354,100.47872670000001,-0.02071932855419914,False
Healthy/eyes-closed/patient97/F3.txt,71680,72704,14.054657287357395,119.4180342,-0.07761580120000004,False
Healthy/eyes-closed/patient97/F3.txt,82944,83968,10.638918925138208,97.383534,0.00360201360520504,False
Healthy/eyes-closed/patient97/F3.txt,83968,84992,13.673512523043971,116.0773592,0.0018525037148828388,False
Healthy/eyes-closed/patient97/F3.txt,91136,92160,14.942436682248246,131.2043328,0.02184157711201165,False
Healthy/eyes-closed/patient97/F3.txt,92160,93184,10.950109097478535,101.3256442,0.032257411644248044,False
Healthy/eyes-closed/patient97/F3.txt,109568,110592,14.076247363995094,98.30747210000001,-0.04498487710226555,False
Healthy/eyes-closed/patient97/F3.txt,113664,114688,15.55099861740301,129.8858045,0.11211863931128899,False
Healthy/eyes-closed/patient97/F3.txt,120832,121856,7.8366047440298425,98.78584219999999,-0.019166122160253908,False
Healthy/eyes-closed/patient97/F4.txt,20480,21504,11.187599211629546,149.5978605,-0.06453858352668947,False
Healthy/eyes-closed/patient97/F7.txt,20480,21504,13.735684636246258,193.37427659999997,0.02638339140946288,False
Healthy/eyes-closed/patient97/F7.txt,129024,130048,10.693406652022846,130.87510120000002,0.02642515251777336,False
Healthy/eyes-closed/patient97/F7.txt,135168,136192,13.987513176343656,204.78062269999998,0.11638548584364253,False
Healthy/eyes-closed/patient97/F8.txt,0,1024,8.425121300809547,136.5604574,-0.042675756989222824,False
Healthy/eyes-closed/patient97/F8.txt,20480,21504,12.818246418602206,189.48220279999998,-0.06936850912001956,False
Healthy/eyes-closed/patient97/F8.txt,129024,130048,17.593597669777978,270.52573900000004,-0.14268770620937501,False
Healthy/eyes-closed/patient97/F8.txt,134144,135168,12.459379435452544,229.529221,-0.1285279793333887,False
Healthy/eyes-closed/patient97/F8.txt,135168,136192,21.50531612492765,293.267505,0.27958628131962876,False
Healthy/eyes-closed/patient97/Fp1.txt,2048,3072,16.10002251118162,204.5459291,-0.10063705492402342,False
Healthy/eyes-closed/patient97/Fp1.txt,3072,4096,34.98280150698638,235.40834,-0.14515751131063487,False
Healthy/eyes-closed/patient97/Fp1.txt,4096,5120,21.03844412433364,218.3297375,0.20017691790273434,False
Healthy/eyes-closed/patient97/Fp1.txt,9216,10240,24.87222920791653,220.626882,-0.1575440734105664,False
Healthy/eyes-closed/patient97/Fp1.txt,10240,11264,32.8822667207703,299.028007,-0.007973207554296757,False
Healthy/eyes-closed/patient97/Fp1.txt,19456,20480,14.73872466039445,235.644662,0.15858466992355463,False
Healthy/eyes-closed/patient97/Fp1.txt,20480,21504,40.36422088517777,259.551733,-0.3114639980495121,False
Healthy/eyes-closed/patient97/Fp1.txt,21504,22528,25.025711319349103,192.2964682,0.2470246719795897,False
Healthy/eyes-closed/patient97/Fp1.txt,22528,23552,11.932945475586504,229.96440239999998,-0.13978372687783203,False
Healthy/eyes-closed/patient97/Fp1.txt,30720,31744,41.382687418746784,349.96476,-0.02461179140195302,False
Healthy/eyes-closed/patient97/Fp1.txt,31744,32768,20.7236249814702,166.5462067,-0.027014235180273488,False
Healthy/eyes-closed/patient97/Fp1.txt,43008,44032,41.779230834690665,309.77258800000004,0.026804959030273384,False
Healthy/eyes-closed/patient97/Fp1.txt,44032,45056,28.811877285268594,216.2748531,-0.07525801105956474,False
Healthy/eyes-closed/patient97/Fp1.txt,45056,46080,11.845096595993555,160.7258137,-0.03756612988779301,False
Healthy/eyes-closed/patient97/Fp1.txt,54272,55296,11.437676585847358,231.449439,0.05372939756129885,False
Healthy/eyes-closed/patient97/Fp1.txt,55296,56320,36.533819548462404,282.41507,-0.08127516689199202,False
Healthy/eyes-closed/patient97/Fp1.txt,56320,57344,34.65069593995214,257.509071,0.08872117342919941,False
Healthy/eyes-closed/patient97/Fp1.txt,57344,58368,21.763208628154946,195.42443500000002,0.00040741247050794793,False
Healthy/eyes-closed/patient97/Fp1.txt,61440,62464,27.3448163155946,249.703563,0.043034864431045164,False
Healthy/eyes-closed/patient97/Fp1.txt,62464,63488,31.79700515335981,300.511959,0.023269237345898336,False
Healthy/eyes-closed/patient97/Fp1.txt,71680,72704,36.58468328958292,338.303689,-0.02534847824726541,False
Healthy/eyes-closed/patient97/Fp1.txt,72704,73728,28.81208095425202,169.735274,0.07509008052363277,False
Healthy/eyes-closed/patient97/Fp1.txt,73728,74752,21.148795638909984,163.2011119,0.038643709652343705,False
Healthy/eyes-closed/patient97/Fp1.txt,82944,83968,25.52973913580299,248.467317,0.07014918452972632,False
Healthy/eyes-closed/patient97/Fp1.txt,83968,84992,37.53246454917507,259.458148,-0.21351461062832006,False
Healthy/eyes-closed/patient97/Fp1.txt,91136,92160,38.89682730802357,293.699006,0.28594133498730456,False
Healthy/eyes-closed/patient97/Fp1.txt,92160,93184,28.949376366606582,229.82933500000001,-0.2648832480150391,False
Healthy/eyes-closed/patient97/Fp1.txt,101376,102400,33.02062070868514,246.99275699999998,0.006094318815292765,False
Healthy/eyes-closed/patient97/Fp1.txt,102400,103424,26.337168748691564,200.95875669999998,-0.0007754587814256669,False
Healthy/eyes-closed/patient97/Fp1.txt,108544,109568,19.327241119405816,206.823752,0.11941135129641411,False
Healthy/eyes-closed/patient97/Fp1.txt,109568,110592,37.25965936746646,249.114481,-0.05101631762724626,False
Healthy/eyes-closed/patient97/Fp1.txt,110592,111616,18.512341304243286,155.04923960000002,-0.0853518028086033,False
Healthy/eyes-closed/patient97/Fp1.txt,113664,114688,40.7710417821892,297.040948,0.0792434313910158,False
Healthy/eyes-closed/patient97/Fp1.txt,114688,115712,25.06811733606943,256.032609,-0.11404108749418956,False
Healthy/eyes-closed/patient97/Fp1.txt,120832,121856,20.037336955566637,271.948357,0.04034151692744141,False
Healthy/eyes-closed/patient97/Fp1.txt,121856,122880,22.316699602174523,202.48048749999998,0.10211286070761733,False
Healthy/eyes-closed/patient97/Fp1.txt,135168,136192,10.668906216650758,210.1212345,-0.08521706472607424,False
Healthy/eyes-closed/patient97/Fp1.txt,169984,171008,27.41323010827949,242.086566,-0.05252299326113295,False
Healthy/eyes-closed/patient97/Fp1.txt,171008,172032,36.37267884217715,248.768425,0.09888790517060533,False
Healthy/eyes-closed/patient97/Fp2.txt,20480,21504,17.798985906109657,167.8335855,-0.19666085067170894,False
Healthy/eyes-closed/patient97/Fp2.txt,44032,45056,16.253180216160075,182.039681,-0.128789570217412,False
Healthy/eyes-closed/patient97/Fp2.txt,61440,62464,14.694522605068887,156.4271979,0.09478365002805661,False
Healthy/eyes-closed/patient97/Fp2.txt,82944,83968,13.931790982822854,152.5106813,0.19967662927294916,False
Healthy/eyes-closed/patient97/Fp2.txt,120832,121856,12.253491655273963,151.0271201,0.10357751437501958,False
Healthy/eyes-closed/patient97/Fp2.txt,121856,122880,13.193017755407574,164.9490208,0.037357192964160124,False
Healthy/eyes-closed/patient97/T6.txt,0,1024,19.92725347793589,371.062999,-0.037877096237757944,False
Healthy/eyes-closed/patient98/C3.txt,146432,147456,7.601908834979234,75.137986,-0.0020374406349609672,False
Healthy/eyes-closed/patient98/C4.txt,146432,147456,7.620951958748643,73.9959561,0.00653793112381839,False
Healthy/eyes-closed/patient98/Cz.txt,146432,147456,6.326318839564891,67.1973653,-0.008329418177275371,False
Healthy/eyes-closed/patient98/F3.txt,145408,146432,10.388930567740779,138.5375266,-0.029201638605498056,False
Healthy/eyes-closed/patient98/F3.txt,146432,147456,16.28111076349939,232.944222,-0.02429658876735362,False
Healthy/eyes-closed/patient98/F3.txt,147456,148480,14.920987927346964,158.5434674,0.03133116542839834,False
Healthy/eyes-closed/patient98/F3.txt,165888,166912,13.642394380665145,207.72955000000002,0.00988506650171872,False
Healthy/eyes-closed/patient98/F7.txt,146432,147456,28.13284723380774,335.044015,0.01365236034525371,False
Healthy/eyes-closed/patient98/F7.txt,147456,148480,15.58182494046575,157.71781320000002,-0.048137838346787164,False
Healthy/eyes-closed/patient98/F8.txt,146432,147456,19.184639818610354,264.512885,0.10620238180278317,False
Healthy/eyes-closed/patient98/F8.txt,147456,148480,14.553994368159957,149.6568169,-0.08276943524100575,False
Healthy/eyes-closed/patient98/F8.txt,165888,166912,11.323549062864082,153.308584,-0.023119493025273434,False
Healthy/eyes-closed/patient98/Fp1.txt,28672,29696,23.536495290624877,200.171307,-0.42735315440386723,False
Healthy/eyes-closed/patient98/Fp1.txt,43008,44032,17.967481117251896,143.6559402,-0.16952860729052732,False
Healthy/eyes-closed/patient98/Fp1.txt,105472,106496,31.434130273145012,188.0611294,-0.0006781928227538869,False
Healthy/eyes-closed/patient98/Fp1.txt,147456,148480,17.955862732568388,172.994354,0.1829946375778027,False
Healthy/eyes-closed/patient98/Fp1.txt,148480,149504,27.109593960438733,154.2624192,-0.06736054136382819,False
Healthy/eyes-closed/patient98/Fp2.txt,3072,4096,23.195952013115598,162.6898407,-0.0216348458866209,False
Healthy/eyes-closed/patient98/Fp2.txt,13312,14336,29.59477162768499,184.7429107,-0.09964077724712911,False
Healthy/eyes-closed/patient98/Fp2.txt,28672,29696,25.44005953101565,207.1172707,-0.4233802778919922,False
Healthy/eyes-closed/patient98/Fp2.txt,53248,54272,22.233740941410183,170.53977220000002,0.38768756582753916,False
Healthy/eyes-closed/patient98/Fp2.txt,54272,55296,26.70876043666832,149.9764095,-0.3088902617680662,False
Healthy/eyes-closed/patient98/Fp2.txt,80896,81920,31.60677940725983,194.5998681,-0.5160234739743164,False
Healthy/eyes-closed/patient98/Fp2.txt,91136,92160,23.963164610180954,156.6851061,0.06330648379482395,False
Healthy/eyes-closed/patient98/Fp2.txt,97280,98304,27.486188323185623,164.7178954,-0.2385579135998145,False
Healthy/eyes-closed/patient98/Fp2.txt,105472,106496,38.004701779643185,235.239589,0.11426786211689482,False
Healthy/eyes-closed/patient98/Fp2.txt,116736,117760,27.45006524002388,152.65272829999998,0.06697641291289069,False
Healthy/eyes-closed/patient98/Fp2.txt,147456,148480,21.79728057965232,191.7074482,0.06994953122343746,False
Healthy/eyes-closed/patient98/Fp2.txt,148480,149504,38.044320678690156,218.013889,-0.16468067164921912,False
Healthy/eyes-closed/patient98/O1.txt,148480,149504,11.190503766395505,224.64337440000003,-0.012432932139502001,False
Healthy/eyes-closed/patient98/O2.txt,0,1024,27.34389037512313,457.691909,0.03186409326908528,False
Healthy/eyes-closed/patient98/O2.txt,148480,149504,21.07512950654287,532.460241,-0.04010384475393565,False
Healthy/eyes-closed/patient98/P3.txt,148480,149504,8.295604192379193,144.9095177,0.014509558959765648,False
Healthy/eyes-closed/patient98/P4.txt,0,1024,13.008080166508535,210.84022900000002,0.05326479360703461,False
Healthy/eyes-closed/patient98/P4.txt,148480,149504,12.018336159233582,307.783483,0.014344818827675687,False
Healthy/eyes-closed/patient98/Pz.txt,146432,147456,6.609025191570139,72.3918699,-0.019512370541513648,False
Healthy/eyes-closed/patient98/T3.txt,146432,147456,16.648433328468784,175.76733480000001,-0.023290655710537,False
Healthy/eyes-closed/patient98/T4.txt,146432,147456,14.117781781195426,161.3314629,0.05260164522664061,False
Healthy/eyes-closed/patient99/F3.txt,153600,154624,31.717199128591332,205.0221681,0.08667944794033235,False
Healthy/eyes-closed/patient99/F7.txt,2048,3072,22.665434129467435,475.490901,-0.24241080594521486,False
Healthy/eyes-closed/patient99/F7.txt,11264,12288,28.875099253449044,808.8725420000001,0.014396050117187642,False
Healthy/eyes-closed/patient99/F7.txt,153600,154624,35.97069909234615,304.6199667,-0.07171180275205107,False
Healthy/eyes-closed/patient99/F8.txt,27648,28672,17.460995715367243,230.354101,-0.03427973760874997,False
Healthy/eyes-closed/patient99/F8.txt,73728,74752,15.094422048858743,246.9672907,0.035461718326230546,False
Healthy/eyes-closed/patient99/F8.txt,74752,75776,20.278647454246858,327.951776,-0.0008179946697264018,False
Healthy/eyes-closed/patient99/F8.txt,138240,139264,20.196020351969548,241.0288502,-0.09153506930810543,False
Healthy/eyes-closed/patient99/Fp1.txt,21504,22528,39.85019267185546,310.982131,0.2492596549329883,False
Healthy/eyes-closed/patient99/P3.txt,11264,12288,9.495191212383423,163.5935467,-0.028413747436826273,False
Healthy/eyes-closed/patient99/T3.txt,11264,12288,14.903609560584828,230.72666429999998,-0.0356538553384668,False
Healthy/eyes-closed/patient99/T4.txt,27648,28672,16.11947220128726,228.967883,-0.0621969926120704,False
Healthy/eyes-closed/patient99/T4.txt,73728,74752,15.299884875595323,223.93289719999999,0.0513999273886914,False
Healthy/eyes-closed/patient99/T4.txt,74752,75776,19.6372757422289,274.235526,-0.04470498786456051,False
Healthy/eyes-closed/patient100/C3.txt,0,1024,16.710414406457996,132.9127857,0.10555032861047856,False
Healthy/eyes-closed/patient100/C3.txt,141312,142336,6.856001254212479,76.0645433,-0.034026749385234395,False
Healthy/eyes-closed/patient100/C4.txt,0,1024,18.488866385497147,145.5716098,-0.1154456958588867,False
Healthy/eyes-closed/patient100/C4.txt,141312,142336,6.872069207611791,77.4381137,0.034621776319140624,False
Healthy/eyes-closed/patient100/Cz.txt,0,1024,13.302379524844584,142.4363118,0.10285558743507807,False
Healthy/eyes-closed/patient100/F3.txt,0,1024,8.05182546923684,101.9692575,0.0007344144458886967,False
Healthy/eyes-closed/patient100/F3.txt,141312,142336,14.792100776767688,192.41485970000002,-0.1670491983311524,False
Healthy/eyes-closed/patient100/F4.txt,0,1024,9.954424281174932,115.5705482,-0.012606493304345781,False
Healthy/eyes-closed/patient100/F4.txt,141312,142336,13.997176121361406,177.9512208,-0.03673441399957031,False
Healthy/eyes-closed/patient100/F7.txt,0,1024,19.48310704848126,215.97233169999998,-0.0909612006333886,False
Healthy/eyes-closed/patient100/F7.txt,68608,69632,12.008025376190472,171.2657776,-0.19285340731738282,False
Healthy/eyes-closed/patient100/F7.txt,141312,142336,26.597337690550088,335.14315799999997,0.09012597036910136,False
Healthy/eyes-closed/patient100/F8.txt,68608,69632,10.857447248033395,146.8416258,0.10848080966332033,False
Healthy/eyes-closed/patient100/F8.txt,141312,142336,20.46936022436865,243.693564,0.19568226773906272,False
Healthy/eyes-closed/patient100/Fp1.txt,0,1024,39.46786010984813,314.987197,0.30791216314404285,False
Healthy/eyes-closed/patient100/Fp2.txt,0,1024,26.22057156873614,218.714234,0.2897286415959963,False
Healthy/eyes-closed/patient100/Fp2.txt,141312,142336,26.03428066038458,221.71689220000002,0.02528038373525393,False
Healthy/eyes-closed/patient100/Fp2.txt,143360,144384,19.810126478002182,212.1099802,0.042785102528613124,False
Healthy/eyes-closed/patient100/Fp2.txt,144384,145408,24.568808492330586,193.2872997,-0.1479568988618652,False
Healthy/eyes-closed/patient100/Fz.txt,0,1024,28.214331533309004,230.304332,0.21642013419531275,False
Healthy/eyes-closed/patient100/O1.txt,0,1024,11.73416855621065,146.83508210000002,0.02265334424111337,False
Healthy/eyes-closed/patient100/O2.txt,0,1024,37.217844987831576,446.016398,0.21840689730439453,False
Healthy/eyes-closed/patient100/P3.txt,0,1024,26.549091340960402,226.647534,0.1735620191667971,False
Healthy/eyes-closed/patient100/P4.txt,0,1024,27.827247000205947,285.139768,0.20033297526924806,False
Healthy/eyes-closed/patient100/P4.txt,141312,142336,7.122901322589311,100.4383954,-0.024977023397265576,False
Healthy/eyes-closed/patient100/Pz.txt,0,1024,92.37788533039505,1527.275094,0.3468709527220313,False
Healthy/eyes-closed/patient100/T3.txt,0,1024,36.381606648449726,357.31409299999996,0.2449942253589973,False
Healthy/eyes-closed/patient100/T3.txt,69632,70656,35.16894437043081,309.743005,0.025248578803710717,False
Healthy/eyes-closed/patient100/T3.txt,141312,142336,26.04659193370588,227.44803000000002,0.07354292885402358,False
Healthy/eyes-closed/patient100/T3.txt,144384,145408,21.16229651387857,280.629283,0.013000177324521536,False
Healthy/eyes-closed/patient100/T4.txt,0,1024,14.74083612241456,168.3269335,0.07054370709892585,False
Healthy/eyes-closed/patient100/T4.txt,141312,142336,18.92375870351986,156.6521354,-0.04557809767412099,False
Healthy/eyes-closed/patient100/T5.txt,0,1024,30.85702422414274,262.313999,0.18682685168505864,False
Healthy/eyes-closed/patient100/T5.txt,140288,141312,28.656479717786485,212.579631,-0.21256066214017555,False
Healthy/eyes-closed/patient100/T5.txt,141312,142336,54.558335508315224,288.62798699999996,-0.7918870109154301,False
Healthy/eyes-closed/patient100/T5.txt,142336,143360,48.37918388706559,215.835926,1.7713198461621094,False
Healthy/eyes-closed/patient100/T6.txt,141312,142336,39.35669991379522,268.307949,1.0711388675232423,False
Healthy/eyes-closed/patient100/T6.txt,142336,143360,46.06893916422671,239.555656,-1.4701347286796878,False
Healthy/eyes-closed/patient101/F4.txt,49152,50176,19.148627658807555,166.2205151,-0.15724617830619134,False
Healthy/eyes-closed/patient101/F4.txt,54272,55296,14.485201084818259,150.1868569,0.09907609226430664,False
Healthy/eyes-closed/patient101/Fp1.txt,146432,147456,19.736698564196722,200.9676056,0.30200820474980483,False
Healthy/eyes-closed/patient101/Fp2.txt,49152,50176,40.998668072779054,300.139176,-0.8165959441123047,False
Healthy/eyes-closed/patient101/Fp2.txt,54272,55296,25.834588559387182,272.796926,-0.019889644474208934,False
Healthy/eyes-closed/patient101/Fp2.txt,62464,63488,27.320629962097296,274.099291,-0.3442817364172851,False
Healthy/eyes-closed/patient101/Fp2.txt,146432,147456,37.249243159254725,386.002874,0.2105955059888477,False
Healthy/eyes-closed/patient101/T5.txt,124928,125952,13.192056143562594,211.1720178,0.049731740716601594,False
Healthy/eyes-closed/patient101/T6.txt,49152,50176,56.61017123253091,279.741001,-1.0613249319220508,False
Healthy/eyes-closed/patient102/C3.txt,0,1024,19.274910082706405,152.6925909,0.12874416741708986,False
Healthy/eyes-closed/patient102/C3.txt,141312,142336,4.418073266849197,45.8747044,0.008615967588684591,False
Healthy/eyes-closed/patient102/C4.txt,0,1024,19.34560413081173,152.882327,-0.13481425448632833,False
Healthy/eyes-closed/patient102/C4.txt,141312,142336,4.505842997577032,45.14971,-0.0057982616871679205,False
Healthy/eyes-closed/patient102/Cz.txt,0,1024,14.781554035228128,112.47783989999999,0.06231824359794902,False
Healthy/eyes-closed/patient102/F3.txt,0,1024,10.162676827581477,75.1786967,0.04830779802350588,False
Healthy/eyes-closed/patient102/F3.txt,137216,138240,4.614899570333579,87.7905347,0.012318853380761698,False
Healthy/eyes-closed/patient102/F3.txt,141312,142336,8.721326599992514,95.625849,-0.0006749547175878192,False
Healthy/eyes-closed/patient102/F7.txt,0,1024,35.36005334102264,269.2622,0.1859006076626954,False
Healthy/eyes-closed/patient102/F7.txt,137216,138240,9.933872179233331,145.6401549,-0.009924288768359421,False
Healthy/eyes-closed/patient102/F7.txt,141312,142336,20.76672678896009,268.884252,-0.0033733486149413044,False
Healthy/eyes-closed/patient102/F7.txt,142336,143360,13.075218502273092,132.2846346,0.04230785569492189,False
Healthy/eyes-closed/patient102/F7.txt,172032,173056,14.522543619192945,139.7867623,0.058487930629882855,False
Healthy/eyes-closed/patient102/F8.txt,141312,142336,11.75995716384836,123.26394730000001,-0.0067495628375975475,False
Healthy/eyes-closed/patient102/F8.txt,169984,171008,17.361249473794956,178.50570019999998,-0.0012148566733592714,False
Healthy/eyes-closed/patient102/F8.txt,172032,173056,17.294494913482264,132.0340754,0.09332549315214839,False
Healthy/eyes-closed/patient102/Fp1.txt,137216,138240,8.868018708075175,198.0669032,0.0008969903878320445,False
Healthy/eyes-closed/patient102/Fp1.txt,141312,142336,15.09475954391218,163.2027999,-0.0067741866888670205,False
Healthy/eyes-closed/patient102/O2.txt,0,1024,22.37642155348547,173.3710517,0.14916259604257825,False
Healthy/eyes-closed/patient102/P3.txt,0,1024,13.729837789002202,108.7730972,0.10006082964079095,False
Healthy/eyes-closed/patient102/Pz.txt,0,1024,9.12525000282407,68.2480931,0.053212724116826135,False
Healthy/eyes-closed/patient103/C3.txt,0,1024,12.081486243420553,137.4407908,0.019818247226562502,False
Healthy/eyes-closed/patient103/C3.txt,76800,77824,5.752477962467773,65.0209329,0.0771783640253906,False
Healthy/eyes-closed/patient103/C3.txt,95232,96256,16.358924126365626,212.29584469999998,0.3184071135586817,False
Healthy/eyes-closed/patient103/C3.txt,107520,108544,8.26933515707303,138.0425109,0.01690948316729489,False
Healthy/eyes-closed/patient103/C4.txt,0,1024,12.58962010182758,144.1540006,-0.02252417286312694,False
Healthy/eyes-closed/patient103/C4.txt,76800,77824,5.82321859255981,65.7060156,-0.07679278159035155,False
Healthy/eyes-closed/patient103/C4.txt,95232,96256,16.74907541031995,214.8159933,-0.32847556931427724,False
Healthy/eyes-closed/patient103/C4.txt,107520,108544,8.36802052155997,140.77370760000002,-0.015559539605156221,False
Healthy/eyes-closed/patient103/Cz.txt,0,1024,18.026374243938093,198.5757301,-0.07754045176075185,False
Healthy/eyes-closed/patient103/Cz.txt,95232,96256,17.739736315658106,251.97796,-0.2829974859098927,False
Healthy/eyes-closed/patient103/Cz.txt,107520,108544,8.451518493192593,131.8308578,-0.08689999579796874,False
Healthy/eyes-closed/patient103/F3.txt,0,1024,31.089775677353693,322.65825900000004,-0.14654449351054677,False
Healthy/eyes-closed/patient103/F3.txt,95232,96256,30.75712439321564,519.86607,-0.1508071350944336,False
Healthy/eyes-closed/patient103/F3.txt,107520,108544,11.787402611898484,174.2739716,-0.14917338166886718,False
Healthy/eyes-closed/patient103/F4.txt,95232,96256,15.219562306776028,173.3642857,-0.24354534263893562,False
Healthy/eyes-closed/patient103/F4.txt,107520,108544,7.209654160291149,94.9152794,-0.06579499809167969,False
Healthy/eyes-closed/patient103/F7.txt,0,1024,43.182913478798966,546.6530769999999,-0.10165122537128901,False
Healthy/eyes-closed/patient103/F7.txt,23552,24576,43.30927477410019,308.562369,-1.6986848331839743,False
Healthy/eyes-closed/patient103/F7.txt,95232,96256,68.82653956029546,1115.196125,-0.177809045895508,False
Healthy/eyes-closed/patient103/F7.txt,107520,108544,36.34401283657574,276.987153,0.4515725680205078,False
Healthy/eyes-closed/patient103/F8.txt,0,1024,56.50475038260654,503.114056,-0.26516401244658194,False
Healthy/eyes-closed/patient103/F8.txt,95232,96256,24.584396088549745,375.989511,-0.34752345034423826,False
Healthy/eyes-closed/patient103/F8.txt,107520,108544,14.140122066965784,164.12743749999998,0.07922780575117191,False
Healthy/eyes-closed/patient103/Fp1.txt,0,1024,14.6318201380784,168.2431864,-0.06217794219924802,False
Healthy/eyes-closed/patient103/Fp1.txt,95232,96256,17.557447498358147,275.081635,-0.14335291767041014,False
Healthy/eyes-closed/patient103/Fp1.txt,107520,108544,13.64402169116019,179.328223,-0.2933392479450194,False
Healthy/eyes-closed/patient103/Fp2.txt,0,1024,35.062354461539236,294.964873,-0.20285383963092796,False
Healthy/eyes-closed/patient103/Fp2.txt,95232,96256,16.407868967027543,202.9559033,-0.21663451136835926,False
Healthy/eyes-closed/patient103/Fp2.txt,107520,108544,10.211876766958119,133.7125646,-0.20466112151931637,False
Healthy/eyes-closed/patient103/Fz.txt,0,1024,16.007156610398493,194.19950219999998,-0.12392882049561937,False
Healthy/eyes-closed/patient103/Fz.txt,95232,96256,20.80859313648594,271.717364,-0.3275182561060741,False
Healthy/eyes-closed/patient103/Fz.txt,107520,108544,12.412624669481003,172.0378462,-0.2579783075746094,False
Healthy/eyes-closed/patient103/O1.txt,0,1024,21.222901877126528,262.023369,-0.00023635622884765617,False
Healthy/eyes-closed/patient103/O1.txt,95232,96256,23.42252820570109,323.87129300000004,-0.1719370036819824,False
Healthy/eyes-closed/patient103/O1.txt,107520,108544,18.541800771691786,356.797531,0.039782849157578126,False
Healthy/eyes-closed/patient103/O2.txt,0,1024,52.27924401890466,697.4777320000001,-0.16423554281028313,False
Healthy/eyes-closed/patient103/O2.txt,95232,96256,37.19156086440687,576.372783,-0.2903774700340819,False
Healthy/eyes-closed/patient103/O2.txt,107520,108544,33.790610539164106,610.163225,0.15868653648984368,False
Healthy/eyes-closed/patient103/P3.txt,0,1024,20.82119657544227,278.105837,-0.020906174319228518,False
Healthy/eyes-closed/patient103/P3.txt,76800,77824,22.3190904955719,279.967258,-0.4310909709290429,False
Healthy/eyes-closed/patient103/P3.txt,77824,78848,23.165389976656066,133.6350559,0.6063521772119143,False
Healthy/eyes-closed/patient103/P3.txt,84992,86016,23.209674118320432,203.97860400000002,0.12687899902841784,False
Healthy/eyes-closed/patient103/P3.txt,95232,96256,22.67100344874399,315.90672800000004,-0.18779770273291027,False
Healthy/eyes-closed/patient103/P3.txt,107520,108544,21.823037115601494,357.521115,-0.19354938424482435,False
Healthy/eyes-closed/patient103/P3.txt,124928,125952,19.0936310093124,166.9023391,0.16298861974058482,False
Healthy/eyes-closed/patient103/P4.txt,0,1024,115.4475965805617,958.23722,-0.5262449930265626,False
Healthy/eyes-closed/patient103/P4.txt,1024,2048,26.997450916015033,125.3662502,0.6597662646513673,False
Healthy/eyes-closed/patient103/P4.txt,95232,96256,16.493875611401062,238.14525709999998,-0.10445144991934785,False
Healthy/eyes-closed/patient103/P4.txt,107520,108544,28.227767615844257,436.29524200000003,0.2520114185557617,False
Healthy/eyes-closed/patient103/P4.txt,108544,109568,19.23738318274735,113.6461968,-0.06111286683541983,False
Healthy/eyes-closed/patient103/Pz.txt,0,1024,20.20073033598011,236.734761,-0.0421174531574218,False
Healthy/eyes-closed/patient103/Pz.txt,95232,96256,17.951563019111813,271.429487,-0.25755155330049817,False
Healthy/eyes-closed/patient103/Pz.txt,107520,108544,10.386178860016006,173.1816354,-0.01982178485290048,False
Healthy/eyes-closed/patient103/T3.txt,95232,96256,91.08718374318757,1586.072626,-0.0302996340488281,False
Healthy/eyes-closed/patient103/T3.txt,107520,108544,14.067141518300483,180.3257292,-0.08027065330709957,False
Healthy/eyes-closed/patient103/T4.txt,0,1024,20.03831362165699,215.0108892,-0.020723660401660127,False
Healthy/eyes-closed/patient103/T4.txt,95232,96256,18.990590807623317,218.39776719999998,-0.32723590775780276,False
Healthy/eyes-closed/patient103/T5.txt,95232,96256,22.00672282801916,305.817176,-0.2079875853117089,False
Healthy/eyes-closed/patient103/T5.txt,107520,108544,15.615474082563646,212.71162909999998,0.14514171030307613,False
Healthy/eyes-closed/patient103/T6.txt,0,1024,21.51273861398483,261.272928,0.10637268663574201,False
Healthy/eyes-closed/patient103/T6.txt,95232,96256,24.153076348761868,351.687882,-0.1869640318696289,False
Healthy/eyes-closed/patient103/T6.txt,107520,108544,21.729075317999666,344.606514,0.11154612282729892,False
Healthy/eyes-closed/patient104/C3.txt,0,1024,8.88558546251928,105.7559527,-0.00794765902851561,False
Healthy/eyes-closed/patient104/C4.txt,0,1024,9.019716311871363,109.4810478,0.010869490343505879,False
Healthy/eyes-closed/patient104/Cz.txt,0,1024,23.237726117089203,324.80006000000003,0.022794334288486512,False
Healthy/eyes-closed/patient104/F3.txt,0,1024,15.824286715156978,208.02106600000002,-0.08189991820218745,False
Healthy/eyes-closed/patient104/F4.txt,0,1024,19.06311211524764,227.089357,-0.040657327556249886,False
Healthy/eyes-closed/patient104/F7.txt,0,1024,25.8036362974058,295.101096,0.10068674834492172,False
Healthy/eyes-closed/patient104/F7.txt,82944,83968,13.971109771960979,142.47556,-0.08403822697724612,False
Healthy/eyes-closed/patient104/F8.txt,0,1024,46.99678887485532,596.9267580000001,-0.15789191715654294,False
Healthy/eyes-closed/patient104/Fp1.txt,0,1024,36.57764553378778,498.46538899999996,0.13329436656416022,False
Healthy/eyes-closed/patient104/Fp2.txt,0,1024,23.978614089692872,291.07548699999995,-0.01590371744287112,False
Healthy/eyes-closed/patient104/Fp2.txt,92160,93184,13.258484873041315,245.64577350000002,-0.13250127817060542,False
Healthy/eyes-closed/patient104/Fz.txt,0,1024,12.774097400734567,152.6094008,-0.02296907379709956,False
Healthy/eyes-closed/patient104/Fz.txt,61440,62464,15.453705310493184,102.1083263,0.008474977881796852,False
Healthy/eyes-closed/patient104/O1.txt,0,1024,40.53796538110749,512.113894,0.02211638638330054,False
Healthy/eyes-closed/patient104/O2.txt,0,1024,44.240489440755965,542.317644,0.10461109575371064,False
Healthy/eyes-closed/patient104/P3.txt,0,1024,14.006547975824377,175.1463311,0.06450817797961923,False
Healthy/eyes-closed/patient104/P4.txt,0,1024,27.383508574024173,340.195667,0.04287513081095705,False
Healthy/eyes-closed/patient104/Pz.txt,0,1024,39.85671755738887,557.1555599999999,0.04034003281415982,False
Healthy/eyes-closed/patient104/T3.txt,0,1024,16.537057256606612,171.4410076,-0.12796724124277356,False
Healthy/eyes-closed/patient104/T4.txt,0,1024,32.36477241234636,369.575833,-0.061136808937793,False
Healthy/eyes-closed/patient104/T5.txt,0,1024,23.48292448340972,294.213998,-0.10728553448516609,False
Healthy/eyes-closed/patient104/T6.txt,0,1024,27.30328888580845,315.778283,-0.14811752390009747,False
Healthy/eyes-closed/patient105/Cz.txt,0,1024,10.394720718236588,99.2975431,-0.08494587857666011,False
Healthy/eyes-closed/patient105/F4.txt,131072,132096,8.135381402633133,139.44477320000001,0.000662712001718798,False
Healthy/eyes-closed/patient105/F8.txt,116736,117760,17.414077402707687,285.139501,-0.11317802077968757,False
Healthy/eyes-closed/patient105/Fp1.txt,109568,110592,26.688406538203804,217.081695,0.3057430447691114,False
Healthy/eyes-closed/patient105/Fp2.txt,0,1024,20.29435864749502,195.86125470000002,0.12500132482099605,False
Healthy/eyes-closed/patient105/Fz.txt,0,1024,14.914938768334721,143.1509695,0.20158132765224618,False
Healthy/eyes-closed/patient105/Fz.txt,142336,143360,13.793938007632446,149.3922471,-0.11252027727028328,False
Healthy/eyes-closed/patient105/Pz.txt,0,1024,12.414656717531765,122.20771189999999,-0.12505513894921885,False
Healthy/eyes-closed/patient106/C3.txt,1024,2048,18.196151763884867,292.244659,0.024412768671240218,False
Healthy/eyes-closed/patient106/C3.txt,2048,3072,18.482867385339787,264.843027,-0.012653457157714987,False
Healthy/eyes-closed/patient106/C3.txt,7168,8192,6.240598836826268,117.1437147,-0.017077600195488273,False
Healthy/eyes-closed/patient106/C3.txt,10240,11264,16.293288514011515,191.72463199999999,0.0507854332287793,False
Healthy/eyes-closed/patient106/C3.txt,11264,12288,17.20217485500924,219.8696443,-0.00036555707275395116,False
Healthy/eyes-closed/patient106/C3.txt,21504,22528,11.533282271083163,112.6620342,-0.06378509295688463,False
Healthy/eyes-closed/patient106/C3.txt,23552,24576,14.694004625356596,121.40704930000001,0.007540452027050906,False
Healthy/eyes-closed/patient106/C3.txt,26624,27648,12.515946717206184,109.26363860000001,0.0529202462404297,False
Healthy/eyes-closed/patient106/C3.txt,135168,136192,14.723291119231359,109.0074544,0.053691113739550794,False
Healthy/eyes-closed/patient106/C4.txt,1024,2048,18.144188572843213,294.286623,-0.01588326262910164,False
Healthy/eyes-closed/patient106/C4.txt,2048,3072,18.435247307710462,264.341437,0.029792617722753767,False
Healthy/eyes-closed/patient106/C4.txt,7168,8192,6.292123575901684,122.0087747,0.013392168710937517,False
Healthy/eyes-closed/patient106/C4.txt,10240,11264,16.235490978292628,194.3610728,-0.0522800731488476,False
Healthy/eyes-closed/patient106/C4.txt,11264,12288,17.193223669252443,217.0739701,0.004352257944140715,False
Healthy/eyes-closed/patient106/C4.txt,21504,22528,11.503658843882754,111.8375163,0.06683999620130861,False
Healthy/eyes-closed/patient106/C4.txt,22528,23552,15.822362972545607,110.6316441,-0.06128036767853512,False
Healthy/eyes-closed/patient106/C4.txt,23552,24576,14.779484334566854,122.59536070000001,-0.006257490569335833,False
Healthy/eyes-closed/patient106/Cz.txt,0,1024,10.22933414029333,120.123486,0.030365423680302053,False
Healthy/eyes-closed/patient106/Cz.txt,1024,2048,17.132116513438838,237.45650999999998,-0.10006551269404292,False
Healthy/eyes-closed/patient106/Cz.txt,2048,3072,15.411690090280809,117.5931862,-0.04000549284803706,False
Healthy/eyes-closed/patient106/Cz.txt,5120,6144,9.92030851565149,100.6444511,-0.037358567209462915,False
Healthy/eyes-closed/patient106/Cz.txt,10240,11264,11.617763977332364,134.9074112,-0.09670283307207023,False
Healthy/eyes-closed/patient106/Cz.txt,11264,12288,11.102731426466672,114.69925559999999,0.05653229457340825,False
Healthy/eyes-closed/patient106/Cz.txt,21504,22528,8.514368051430862,82.8237656,0.15692300671279283,False
Healthy/eyes-closed/patient106/Cz.txt,22528,23552,15.12712619073766,106.6514236,-0.1536959667317383,False
Healthy/eyes-closed/patient106/Cz.txt,23552,24576,10.889787217440011,84.389533,0.03419348343048824,False
Healthy/eyes-closed/patient106/Cz.txt,26624,27648,11.955682553412776,95.010282,-0.1028257148136631,False
Healthy/eyes-closed/patient106/Cz.txt,135168,136192,12.95133894932569,90.4074016,-0.06466029617050789,False
Healthy/eyes-closed/patient106/F3.txt,124928,125952,60.998697565555304,457.35210500000005,0.087150290990234,False
Healthy/eyes-closed/patient106/F3.txt,137216,138240,54.82159352837673,425.844055,-0.06052400376718742,False
Healthy/eyes-closed/patient106/F7.txt,1024,2048,42.695197272104295,842.215645,-0.17414860959218745,False
Healthy/eyes-closed/patient106/F7.txt,2048,3072,37.49957497839985,364.956602,-0.1797076706794922,False
Healthy/eyes-closed/patient106/F7.txt,10240,11264,31.538446349805092,350.073645,-0.04389985221124017,False
Healthy/eyes-closed/patient106/F7.txt,23552,24576,39.230317012286804,345.011026,0.02730178959306631,False
Healthy/eyes-closed/patient106/F8.txt,1024,2048,40.49041953094056,778.790996,-0.4038685304534182,False
Healthy/eyes-closed/patient106/F8.txt,2048,3072,33.535086032270705,372.916778,0.17150043360930672,False
Healthy/eyes-closed/patient106/F8.txt,10240,11264,39.91829421799517,509.611772,-0.20791428857988267,False
Healthy/eyes-closed/patient106/F8.txt,11264,12288,42.46343863551588,484.40853599999997,-0.07068812868261717,False
Healthy/eyes-closed/patient106/Fp1.txt,129024,130048,75.15164712782699,637.036599,-0.0200328023500973,False
Healthy/eyes-closed/patient106/Fp2.txt,126976,128000,89.23351555777103,715.7671869999999,-0.2497444826048829,False
Healthy/eyes-closed/patient106/Fp2.txt,129024,130048,85.26879145885016,703.686978,0.1298062058193361,False
Healthy/eyes-closed/patient106/Fz.txt,0,1024,15.246751126618369,148.0094793,-0.15982589731598695,False
Healthy/eyes-closed/patient106/Fz.txt,1024,2048,30.09954180560618,252.750589,0.23628063429478524,False
Healthy/eyes-closed/patient106/Fz.txt,2048,3072,23.11917974972434,173.7772337,-0.2674634477208985,False
Healthy/eyes-closed/patient106/Fz.txt,10240,11264,22.80992479254536,167.8868475,-0.4608847912964843,False
Healthy/eyes-closed/patient106/Fz.txt,11264,12288,18.196640102605787,158.0699334,0.38388338747724604,False
Healthy/eyes-closed/patient106/Fz.txt,22528,23552,32.68793339929768,374.414935,-0.17187361673014662,False
Healthy/eyes-closed/patient106/Fz.txt,119808,120832,11.34139109942083,223.5098693,0.08527820176581052,False
Healthy/eyes-closed/patient106/Fz.txt,129024,130048,17.571717879322847,190.45252499999998,-0.09124194019222663,False
Healthy/eyes-closed/patient106/Fz.txt,132096,133120,17.867185268015355,313.651891,0.19980632985146482,False
Healthy/eyes-closed/patient106/Fz.txt,135168,136192,32.30102490772679,266.01235399999996,0.2284899306315431,False
Healthy/eyes-closed/patient106/Fz.txt,136192,137216,24.427276387634738,201.62753179999999,-0.36361336231289076,False
Healthy/eyes-closed/patient106/Fz.txt,146432,147456,11.249057648823923,190.4852683,0.017534541605947335,False
Healthy/eyes-closed/patient106/Fz.txt,151552,152576,8.934994266009573,150.2999567,0.052981702731738314,False
Healthy/eyes-closed/patient106/O1.txt,0,1024,52.43008722231239,704.90627,-0.4338416277738968,False
Healthy/eyes-closed/patient106/O2.txt,0,1024,38.5320810940331,519.2135000000001,0.09615625960304619,False
Healthy/eyes-closed/patient106/P3.txt,1024,2048,20.190304840387117,209.7576747,-0.19937876587636713,False
Healthy/eyes-closed/patient106/P3.txt,2048,3072,17.377164245805094,169.5585849,0.1611269387311523,False
Healthy/eyes-closed/patient106/P3.txt,10240,11264,15.018175846063615,184.3559849,0.014807158570712853,False
Healthy/eyes-closed/patient106/P3.txt,11264,12288,16.579044010037048,212.7041451,-0.015827722403613194,False
Healthy/eyes-closed/patient106/P4.txt,0,1024,14.42924143756886,180.0078942,-0.04753435254249094,False
Healthy/eyes-closed/patient106/P4.txt,1024,2048,17.54636537523132,204.58828069999998,-0.02630026721436532,False
Healthy/eyes-closed/patient106/P4.txt,2048,3072,16.299326128876242,179.5868357,-0.003129942416542991,False
Healthy/eyes-closed/patient106/Pz.txt,0,1024,183.06114815669463,2872.72158,-0.5574016325129598,False
Healthy/eyes-closed/patient106/T3.txt,1024,2048,29.72655433700652,323.271519,-0.07418783522783194,False
Healthy/eyes-closed/patient106/T3.txt,2048,3072,34.74383744427842,320.904275,-0.18407198068925784,False
Healthy/eyes-closed/patient106/T3.txt,11264,12288,25.795934582147133,317.854507,-0.03276260032226572,False
Healthy/eyes-closed/patient106/T3.txt,21504,22528,25.11977504878101,280.3605745,0.1793202114947266,False
Healthy/eyes-closed/patient106/T4.txt,1024,2048,41.18324732547436,665.962462,-0.4033402038791014,False
Healthy/eyes-closed/patient106/T4.txt,2048,3072,37.59907830941369,476.350866,0.01667769782474582,False
Healthy/eyes-closed/patient106/T4.txt,10240,11264,38.437984792382544,475.802903,0.1720048460111326,False
Healthy/eyes-closed/patient106/T4.txt,11264,12288,46.44950792868629,572.820884,-0.3711499027338867,False
Healthy/eyes-closed/patient106/T6.txt,0,1024,44.84896467119053,568.4718009999999,-0.14787081569108504,False
Healthy/eyes-closed/patient107/C3.txt,0,1024,9.093225389929518,94.46212220000001,-0.16016223063840823,False
Healthy/eyes-closed/patient107/C4.txt,0,1024,10.235399821887649,88.1610069,0.005241084119218739,False
Healthy/eyes-closed/patient107/F4.txt,0,1024,13.467160393451575,173.8480267,-0.28684098126005864,False
Healthy/eyes-closed/patient107/F7.txt,0,1024,10.681549548285522,141.0621012,-0.18634912404965814,False
Healthy/eyes-closed/patient107/F8.txt,0,1024,13.048789026816744,151.8196405,-0.256264865775,False
Healthy/eyes-closed/patient107/F8.txt,167936,168960,23.30348830872147,140.7602624,0.01222596185009786,False
Healthy/eyes-closed/patient107/Fp2.txt,0,1024,10.389754203712549,103.4693451,-0.15740668077578127,False
Healthy/eyes-closed/patient107/O1.txt,0,1024,14.767704517233836,258.32215199999996,-0.22144488576933596,False
Healthy/eyes-closed/patient107/O2.txt,0,1024,37.142675625958745,603.9108719999999,-0.6126406280108402,False
Healthy/eyes-closed/patient107/P3.txt,0,1024,14.067201583029117,200.2094472,-0.3178652458794921,False
Healthy/eyes-closed/patient107/P3.txt,7168,8192,11.677796014213671,121.52785159999999,-0.10377852448817385,False
Healthy/eyes-closed/patient107/P3.txt,39936,40960,8.42576505886155,118.43927450000001,-0.22417914259208988,False
Healthy/eyes-closed/patient107/P4.txt,0,1024,26.638433275308085,514.097592,-0.3184667234780274,False
Healthy/eyes-closed/patient107/Pz.txt,0,1024,50.17812155516233,1058.005552,-0.19021070909091786,False
Healthy/eyes-closed/patient107/T3.txt,0,1024,26.31616922286879,502.803006,-0.32697284563886697,False
Healthy/eyes-closed/patient107/T4.txt,0,1024,18.384685438373506,236.856934,-0.36492742491249996,False
Healthy/eyes-closed/patient107/T4.txt,167936,168960,13.840270487705151,157.21856960000002,0.10365184936162114,False
Healthy/eyes-closed/patient107/T6.txt,0,1024,17.51189036027373,226.323626,-0.33713695854501957,False
Healthy/eyes-closed/patient108/C3.txt,0,1024,23.064637852477222,187.9262087,-0.24161717786347658,False
Healthy/eyes-closed/patient108/C3.txt,19456,20480,6.2816358922554745,85.6500068,-0.128955738802209,False
Healthy/eyes-closed/patient108/C3.txt,95232,96256,6.571673532819349,84.1445612,-0.04797761894130858,False
Healthy/eyes-closed/patient108/C4.txt,0,1024,24.191552888100308,197.257807,0.2503679411823244,False
Healthy/eyes-closed/patient108/C4.txt,19456,20480,6.657232429706965,89.4837105,0.1374997497922461,False
Healthy/eyes-closed/patient108/C4.txt,95232,96256,6.612990344959892,85.9777531,0.047366971089834,False
Healthy/eyes-closed/patient108/Cz.txt,0,1024,15.737312962034578,146.0534667,-0.13683308226422852,False
Healthy/eyes-closed/patient108/F3.txt,0,1024,12.784229488746593,107.8687744,0.10088704482226568,False
Healthy/eyes-closed/patient108/F7.txt,19456,20480,18.137527480159505,151.15887329999998,-0.28064323718974593,False
Healthy/eyes-closed/patient108/F7.txt,24576,25600,9.88775600297295,154.994954,-0.06589538377605178,False
Healthy/eyes-closed/patient108/F7.txt,54272,55296,14.81244198967834,222.21574600000002,0.12409083914648436,False
Healthy/eyes-closed/patient108/F7.txt,95232,96256,15.045309169272262,188.0782929,-0.17475062308573236,False
Healthy/eyes-closed/patient108/F8.txt,0,1024,73.50887684547833,589.4029479999999,-0.7624436521827149,False
Healthy/eyes-closed/patient108/F8.txt,54272,55296,13.915686525112713,213.7951794,0.15170558275744145,False
Healthy/eyes-closed/patient108/F8.txt,74752,75776,27.40407188412631,242.65087799999998,-0.18628557094443327,False
Healthy/eyes-closed/patient108/F8.txt,95232,96256,19.991480927903638,273.717224,-0.11576100058806638,False
Healthy/eyes-closed/patient108/F8.txt,140288,141312,18.69944058802062,358.935557,-0.022930583607314564,False
Healthy/eyes-closed/patient108/F8.txt,155648,156672,18.685515510329616,212.719345,0.0770185742226856,False
Healthy/eyes-closed/patient108/Fp2.txt,0,1024,26.672192432036027,239.11087600000002,0.22741759439902337,False
Healthy/eyes-closed/patient108/Fp2.txt,19456,20480,11.845978755491666,204.3773003,0.33522170184192374,False
Healthy/eyes-closed/patient108/Fp2.txt,95232,96256,33.56084612773268,154.3688224,-0.3280205471992187,False
Healthy/eyes-closed/patient108/O1.txt,0,1024,13.318463015657743,152.7272939,0.08602678258486338,False
Healthy/eyes-closed/patient108/O2.txt,0,1024,36.517692930915885,432.697184,0.31072557377128907,False
Healthy/eyes-closed/patient108/O2.txt,19456,20480,108.38756730835836,949.643304,0.06365215256748014,False
Healthy/eyes-closed/patient108/O2.txt,20480,21504,92.03733627261204,370.83621100000005,1.4181465486973632,False
Healthy/eyes-closed/patient108/O2.txt,21504,22528,45.593281797480145,208.390408,-1.0067300722734376,False
Healthy/eyes-closed/patient108/P3.txt,19456,20480,8.15481179649069,118.79017289999999,0.07554578215002927,False
Healthy/eyes-closed/patient108/P4.txt,0,1024,23.07083083811759,232.924578,0.2407441882628713,False
Healthy/eyes-closed/patient108/P4.txt,19456,20480,11.22929137418468,195.1593749,0.09880168883876948,False
Healthy/eyes-closed/patient108/P4.txt,20480,21504,11.103118723934413,119.2367131,-0.2512734824336915,False
Healthy/eyes-closed/patient108/Pz.txt,0,1024,177.4644030603579,2354.20499,0.4737559907795894,False
Healthy/eyes-closed/patient108/Pz.txt,19456,20480,120.5580460411261,1967.8773820000001,-0.23360741197714754,False
Healthy/eyes-closed/patient108/Pz.txt,20480,21504,145.0976933531952,3216.6094700000003,0.5664012283994134,False
Healthy/eyes-closed/patient108/Pz.txt,23552,24576,57.986099395884146,631.674728,0.2869329402327151,False
Healthy/eyes-closed/patient108/Pz.txt,50176,51200,81.87343149308751,771.136004,0.014147494933105402,False
Healthy/eyes-closed/patient108/Pz.txt,51200,52224,171.2303187196599,854.338737,-0.5203631828867183,False
Healthy/eyes-closed/patient108/Pz.txt,52224,53248,146.42074478341775,870.52831,-0.6063374246669919,False
Healthy/eyes-closed/patient108/Pz.txt,54272,55296,132.5213342806725,702.910068,-0.046534975429686876,False
Healthy/eyes-closed/patient108/Pz.txt,74752,75776,116.77632416362032,862.026805,-0.7959956356699214,False
Healthy/eyes-closed/patient108/Pz.txt,76800,77824,73.08785458929896,607.2832209999999,-0.3641464497865234,False
Healthy/eyes-closed/patient108/Pz.txt,77824,78848,119.90779152233988,596.462215,-0.23251489617382726,False
Healthy/eyes-closed/patient108/T3.txt,23552,24576,13.313235166226601,145.0930391,0.1389835559036621,False
Healthy/eyes-closed/patient108/T3.txt,54272,55296,15.093180378000103,218.81304699999998,0.1801711423829395,False
Healthy/eyes-closed/patient108/T3.txt,95232,96256,13.25101807423379,213.50587000000002,-0.16902737441255844,False
Healthy/eyes-closed/patient108/T3.txt,140288,141312,13.041024724865185,216.9686208,-0.24666395431923832,False
Healthy/eyes-closed/patient108/T4.txt,0,1024,41.95246900612903,333.184528,0.4360349691368165,False
Healthy/eyes-closed/patient108/T4.txt,54272,55296,14.859087436723485,206.0117111,0.2547130376424707,False
Healthy/eyes-closed/patient108/T4.txt,95232,96256,19.53602650152574,255.555616,-0.015357317695740696,False
Healthy/eyes-closed/patient108/T4.txt,140288,141312,19.439945174113017,348.42107,-0.24443066583589834,False
Healthy/eyes-closed/patient108/T4.txt,155648,156672,19.049488861818368,241.16059,0.015255484416748219,False
Healthy/eyes-closed/patient108/T6.txt,0,1024,28.621942644049643,246.94409000000002,0.2585295484560544,False
Healthy/eyes-closed/patient108/T6.txt,23552,24576,16.30069874235114,206.6752928,0.16370736579326148,False
Healthy/eyes-closed/patient108/T6.txt,95232,96256,15.373322181483932,173.580665,-0.05219162822617175,False
Healthy/eyes-closed/patient108/T6.txt,140288,141312,12.794570710217188,218.540996,-0.12503784218391598,False
Healthy/eyes-closed/patient109/C3.txt,0,1024,7.780912775628101,85.5390417,-0.01856724690849608,False
Healthy/eyes-closed/patient109/C3.txt,3072,4096,5.839528825586253,68.9248557,0.059225518461523435,False
Healthy/eyes-closed/patient109/C3.txt,51200,52224,6.036803060758581,46.182347,0.1283566542451269,False
Healthy/eyes-closed/patient109/C3.txt,52224,53248,7.596207665830582,47.0450188,-0.08428631393416694,False
Healthy/eyes-closed/patient109/C3.txt,122880,123904,3.6975657146032805,47.6008374,0.004276186782187483,False
Healthy/eyes-closed/patient109/C3.txt,144384,145408,3.194332885620802,65.7973218,0.023899599980159177,False
Healthy/eyes-closed/patient109/C4.txt,0,1024,7.932521376262373,88.4569894,0.017172887508574194,False
Healthy/eyes-closed/patient109/C4.txt,3072,4096,6.036944029345462,72.164323,-0.059951653285800766,False
Healthy/eyes-closed/patient109/C4.txt,51200,52224,5.9768882077388366,47.7218821,-0.13352190351318355,False
Healthy/eyes-closed/patient109/C4.txt,52224,53248,7.700166078355215,48.0312588,0.0848214761629395,False
Healthy/eyes-closed/patient109/C4.txt,122880,123904,3.7176596094983863,46.9777555,-0.0041452813929296894,False
Healthy/eyes-closed/patient109/C4.txt,144384,145408,3.222073948738296,65.5231592,-0.01971981209183592,False
Healthy/eyes-closed/patient109/Cz.txt,0,1024,18.734258151613286,196.1279035,0.37825675650443363,False
Healthy/eyes-closed/patient109/Cz.txt,3072,4096,14.499015091494769,133.8544819,-0.27561048647600195,False
Healthy/eyes-closed/patient109/Cz.txt,6144,7168,12.636260365706507,95.2866191,-0.12504074063719728,False
Healthy/eyes-closed/patient109/Cz.txt,52224,53248,16.349045551138396,101.8161586,0.323216106433496,False
Healthy/eyes-closed/patient109/Cz.txt,53248,54272,17.53250727257186,93.87631959999999,-0.09184538925917982,False
Healthy/eyes-closed/patient109/F3.txt,51200,52224,16.699821581333474,137.1285508,-0.08840198462195309,False
Healthy/eyes-closed/patient109/F3.txt,52224,53248,20.25866342944661,118.38538890000001,0.2840474988511719,False
Healthy/eyes-closed/patient109/F3.txt,53248,54272,21.55881626061724,116.456529,-0.08531791032460923,False
Healthy/eyes-closed/patient109/F3.txt,66560,67584,14.09411738324898,114.334488,-0.18073272689614273,False
Healthy/eyes-closed/patient109/F3.txt,108544,109568,5.49587208773545,110.4765675,-0.0399874678613379,False
Healthy/eyes-closed/patient109/F3.txt,122880,123904,13.900625311489245,230.1979709,0.05695951305713856,False
Healthy/eyes-closed/patient109/F3.txt,144384,145408,11.719511985211149,130.9948453,0.04592826152539064,False
Healthy/eyes-closed/patient109/F4.txt,0,1024,11.168049057779985,122.50288850000001,-0.09637234648046873,False
Healthy/eyes-closed/patient109/F4.txt,3072,4096,8.567733250055111,78.4157978,-0.0471456984495606,False
Healthy/eyes-closed/patient109/F4.txt,51200,52224,12.560054006377529,144.1491439,-0.02121822617757814,False
Healthy/eyes-closed/patient109/F4.txt,144384,145408,9.251634527046576,261.62972,0.013126714540215842,False
Healthy/eyes-closed/patient109/F7.txt,3072,4096,10.076611893742083,132.8113324,-0.05671585845575196,False
Healthy/eyes-closed/patient109/F7.txt,39936,40960,9.956713567309142,196.9618535,-0.008184784492324217,False
Healthy/eyes-closed/patient109/F7.txt,122880,123904,17.019184132189036,215.02847029999998,-0.05873941080976573,False
Healthy/eyes-closed/patient109/F7.txt,144384,145408,10.23328741793533,145.965541,0.034442402989462884,False
Healthy/eyes-closed/patient109/F8.txt,0,1024,26.91581697996175,296.669743,0.025920750885058574,False
Healthy/eyes-closed/patient109/F8.txt,3072,4096,17.70143516611431,223.884939,-0.08574403915914047,False
Healthy/eyes-closed/patient109/F8.txt,144384,145408,11.215485969012061,221.5912251,-0.05606146895197266,False
Healthy/eyes-closed/patient109/Fp1.txt,0,1024,43.49597076658891,396.342102,1.1922621178646482,False
Healthy/eyes-closed/patient109/Fp1.txt,6144,7168,37.246354735812595,292.13345300000003,-0.25560257252998064,False
Healthy/eyes-closed/patient109/Fp1.txt,26624,27648,37.78318287081897,270.276139,0.1272425046041996,False
Healthy/eyes-closed/patient109/Fp1.txt,44032,45056,32.47273573283144,261.26416900000004,-0.5609632054280274,False
Healthy/eyes-closed/patient109/Fp1.txt,51200,52224,49.94259406481659,337.06298000000004,-0.03487715291494159,False
Healthy/eyes-closed/patient109/Fp1.txt,52224,53248,80.4151138118108,449.627525,-0.0448018566416013,False
Healthy/eyes-closed/patient109/Fp1.txt,53248,54272,73.60253030131031,387.985117,0.35385706772207093,False
Healthy/eyes-closed/patient109/Fp1.txt,56320,57344,44.50150318244237,279.01200700000004,0.6277676432538085,False
Healthy/eyes-closed/patient109/Fp1.txt,57344,58368,50.36853608627808,270.786122,-0.43361392866533266,False
Healthy/eyes-closed/patient109/Fp1.txt,68608,69632,47.25032327510649,264.183914,-0.025421656913866997,False
Healthy/eyes-closed/patient109/Fp2.txt,0,1024,25.496424187983614,237.80219010000002,0.5433447225656249,False
Healthy/eyes-closed/patient109/Fp2.txt,6144,7168,30.608021313305837,213.300107,-0.245711650277451,False
Healthy/eyes-closed/patient109/Fp2.txt,20480,21504,28.789453989626704,193.6276421,0.4298454738359373,False
Healthy/eyes-closed/patient109/Fp2.txt,51200,52224,25.820614169680155,200.7605319,-0.6244678078583497,False
Healthy/eyes-closed/patient109/Fp2.txt,52224,53248,45.40202034397657,272.371705,0.8887806995598533,False
Healthy/eyes-closed/patient109/Fp2.txt,53248,54272,35.691476703297965,201.3301078,0.06261722306650402,False
Healthy/eyes-closed/patient109/Fp2.txt,144384,145408,17.91076313548053,257.000366,0.04955852902822261,False
Healthy/eyes-closed/patient109/Fz.txt,0,1024,25.47753605102602,236.95794949999998,0.6306466901000011,False
Healthy/eyes-closed/patient109/Fz.txt,3072,4096,22.47191282938833,162.0594141,-0.4545996205487109,False
Healthy/eyes-closed/patient109/Fz.txt,6144,7168,27.99307281245322,202.9588744,-0.2702990794566406,False
Healthy/eyes-closed/patient109/Fz.txt,13312,14336,22.392632800517596,186.16128229999998,0.15651389992796869,False
Healthy/eyes-closed/patient109/Fz.txt,20480,21504,24.81672999626351,173.27982980000002,0.25155352134199205,False
Healthy/eyes-closed/patient109/Fz.txt,26624,27648,26.21659741639634,187.16051579999998,0.2716468504289845,False
Healthy/eyes-closed/patient109/Fz.txt,44032,45056,21.232749955517466,183.0238215,-0.2767820932749707,False
Healthy/eyes-closed/patient109/Fz.txt,52224,53248,33.88401568516444,192.3275923,0.7649164100758691,False
Healthy/eyes-closed/patient109/Fz.txt,53248,54272,38.55859922032218,199.62676729999998,-0.10180790392265598,False
Healthy/eyes-closed/patient109/O1.txt,0,1024,15.214198237288802,149.6150466,0.05659115769673828,False
Healthy/eyes-closed/patient109/O1.txt,3072,4096,13.407755950905564,133.7875122,-0.05307728085234373,False
Healthy/eyes-closed/patient109/O2.txt,0,1024,23.926150497153053,285.18107299999997,-0.0437565185242382,False
Healthy/eyes-closed/patient109/O2.txt,3072,4096,19.757845943031064,270.640524,-0.018274916403515473,False
Healthy/eyes-closed/patient109/P3.txt,0,1024,14.847294258001368,172.4072876,-0.1884683771677735,False
Healthy/eyes-closed/patient109/P3.txt,3072,4096,8.417408233151843,84.0999652,0.14801284560700198,False
Healthy/eyes-closed/patient109/P3.txt,144384,145408,3.853642380757556,69.60069010000001,0.020989859072363296,False
Healthy/eyes-closed/patient109/P4.txt,0,1024,17.744705771414704,185.51628069999998,0.07328529022753913,False
Healthy/eyes-closed/patient109/P4.txt,3072,4096,12.191283652016017,144.66045509999998,-0.050986060602373096,False
Healthy/eyes-closed/patient109/P4.txt,51200,52224,9.081307971943605,77.8606528,0.1648428009612696,False
Healthy/eyes-closed/patient109/P4.txt,52224,53248,12.49424190183334,87.19550129999999,-0.14559737756064445,False
Healthy/eyes-closed/patient109/Pz.txt,0,1024,90.51611804081266,1464.980931,0.3961070511849406,False
Healthy/eyes-closed/patient109/Pz.txt,3072,4096,95.29461970132995,1779.917154,0.34273738713512747,False
Healthy/eyes-closed/patient109/Pz.txt,4096,5120,19.569954202464896,101.7665829,-0.45053734707031245,False
Healthy/eyes-closed/patient109/T3.txt,0,1024,50.86803854676622,567.7899130000001,0.08681782448232367,False
Healthy/eyes-closed/patient109/T3.txt,3072,4096,39.460775613509576,534.6144979999999,-0.09200151528183553,False
Healthy/eyes-closed/patient109/T5.txt,0,1024,21.335730118052087,200.1932436,-0.07270154936923834,False
Healthy/eyes-closed/patient109/T6.txt,0,1024,25.473819949951213,261.286541,-0.06031384082500002,False
Healthy/eyes-closed/patient109/T6.txt,3072,4096,18.84023966996296,203.79766360000002,0.14195417705078117,False
Healthy/eyes-closed/patient109/T6.txt,22528,23552,41.63273082737964,347.58405,-0.36578813545809574,False
Healthy/eyes-closed/patient110/C3.txt,3072,4096,8.180604929527986,123.1207637,0.08677235370867184,False
Healthy/eyes-closed/patient110/C4.txt,3072,4096,8.264408273326955,126.6542723,-0.08922217453080075,False
Healthy/eyes-closed/patient110/F3.txt,3072,4096,11.151640552024464,227.9246053,0.020882023535363142,False
Healthy/eyes-closed/patient110/F7.txt,129024,130048,11.16087622332901,181.2994236,-0.1320328730271484,False
Healthy/eyes-closed/patient110/F8.txt,3072,4096,33.893393223484985,283.743026,0.31436861392822246,False
Healthy/eyes-closed/patient110/Fp1.txt,3072,4096,36.33712053333551,849.533556,-0.03870708345117163,False
Healthy/eyes-closed/patient110/Fp1.txt,7168,8192,23.365424574993693,177.11731780000002,-0.3008531500740234,False
Healthy/eyes-closed/patient110/Fp2.txt,7168,8192,60.644519422536476,837.7810360000001,-0.18132303639677727,False
Healthy/eyes-closed/patient110/O1.txt,3072,4096,12.719245661887548,136.5271161,-0.13877120242982416,False
Healthy/eyes-closed/patient110/O1.txt,7168,8192,12.00661466987103,153.4968921,-0.04614695501728508,False
Healthy/eyes-closed/patient110/O2.txt,0,1024,13.3932239573846,207.1076932,-0.01036002763345958,False
Healthy/eyes-closed/patient110/O2.txt,3072,4096,21.285698334910776,259.37915899999996,0.10739402870868159,False
Healthy/eyes-closed/patient110/O2.txt,7168,8192,17.843575861876015,379.409232,0.18345144710146477,False
Healthy/eyes-closed/patient110/P3.txt,3072,4096,14.406132092433655,162.2274071,-0.08535132644902349,False
Healthy/eyes-closed/patient110/P3.txt,7168,8192,13.312826265163126,188.8740814,-0.14393090126752917,False
Healthy/eyes-closed/patient110/P4.txt,3072,4096,14.770304920198422,186.52821369999998,-0.1640754900534667,False
Healthy/eyes-closed/patient110/P4.txt,7168,8192,12.91539742277691,211.935546,0.061432656444140615,False
Healthy/eyes-closed/patient110/Pz.txt,0,1024,103.9029051643335,1909.972407,0.01818978162269269,False
Healthy/eyes-closed/patient110/Pz.txt,3072,4096,124.09556562538741,2296.30363,0.5547038317187489,False
Healthy/eyes-closed/patient110/Pz.txt,7168,8192,123.02109549093142,2115.82008,0.4271766536282229,False
Healthy/eyes-closed/patient110/T3.txt,7168,8192,12.627282505603343,181.9816055,-0.2020134886679687,False
Healthy/eyes-closed/patient110/T6.txt,129024,130048,55.69229318533784,281.736494,-0.9694598308169249,False
Healthy/eyes-closed/patient111/C3.txt,24576,25600,7.099490293294988,147.4359825,0.03750474958798823,False
Healthy/eyes-closed/patient111/C3.txt,46080,47104,7.370533240102478,107.27456240000001,-0.004031094678408231,False
Healthy/eyes-closed/patient111/C3.txt,72704,73728,15.40758028672866,174.0821674,-0.014804292481445276,False
Healthy/eyes-closed/patient111/C3.txt,84992,86016,7.4189971638174494,100.7806967,-0.0404229925453027,False
Healthy/eyes-closed/patient111/C3.txt,94208,95232,18.543567950260478,200.2031797,0.059001416373534954,False
Healthy/eyes-closed/patient111/C3.txt,102400,103424,7.081756449383928,98.4163988,-0.1036726311281699,False
Healthy/eyes-closed/patient111/C3.txt,105472,106496,10.689828498362871,141.8313539,0.010210864237499905,False
Healthy/eyes-closed/patient111/C3.txt,117760,118784,15.615248309178964,201.740729,-0.002302784966894511,False
Healthy/eyes-closed/patient111/C3.txt,118784,119808,12.017158377173494,161.9393871,-0.01671173140341798,False
Healthy/eyes-closed/patient111/C3.txt,130048,131072,17.405167794397833,239.790613,-0.04191819969951176,False
Healthy/eyes-closed/patient111/C3.txt,148480,149504,14.565809415781455,157.0656308,-0.11125462902802745,False
Healthy/eyes-closed/patient111/C3.txt,153600,154624,17.917741748668824,153.02312189999998,0.05426843024701175,False
Healthy/eyes-closed/patient111/C3.txt,157696,158720,17.655462120037615,184.3673164,-0.093069734231543,False
Healthy/eyes-closed/patient111/C3.txt,162816,163840,10.211791466722751,99.34391149999999,-0.04030328153639649,False
Healthy/eyes-closed/patient111/C3.txt,168960,169984,16.10797165440876,155.6556252,-0.0029473087178712443,False
Healthy/eyes-closed/patient111/C3.txt,173056,174080,10.487314620497376,127.2260782,-0.0375366157306182,False
Healthy/eyes-closed/patient111/C3.txt,174080,175104,9.296812622635507,107.1531651,0.02639653522958979,False
Healthy/eyes-closed/patient111/C3.txt,187392,188416,18.168040787685282,198.19744200000002,0.02482244033081346,False
Healthy/eyes-closed/patient111/C3.txt,249856,250880,10.939759705159299,104.7264137,0.09304447948355457,False
Healthy/eyes-closed/patient111/C3.txt,263168,264192,25.733315702529634,293.357462,0.05581527859863296,False
Healthy/eyes-closed/patient111/C3.txt,277504,278528,16.55859576235594,194.3657174,0.00841171538908192,False
Healthy/eyes-closed/patient111/C3.txt,299008,300032,22.333356990320244,197.7698744,-0.03648606444994143,False
Healthy/eyes-closed/patient111/C4.txt,24576,25600,7.123016495976847,150.7646201,-0.034221165229101555,False
Healthy/eyes-closed/patient111/C4.txt,46080,47104,7.397751837886071,108.7717435,-0.0001358061427568502,False
Healthy/eyes-closed/patient111/C4.txt,72704,73728,15.447129693356938,172.1452579,0.02015765180061522,False
Healthy/eyes-closed/patient111/C4.txt,84992,86016,7.389154859889367,101.1788827,0.03734248567586918,False
Healthy/eyes-closed/patient111/C4.txt,94208,95232,18.621304141285908,201.6646651,-0.05564901801073243,False
Healthy/eyes-closed/patient111/C4.txt,102400,103424,7.102546908926553,97.616793,0.09949836354142579,False
Healthy/eyes-closed/patient111/C4.txt,105472,106496,10.748278918533579,144.0952363,-0.0037052085322265595,False
Healthy/eyes-closed/patient111/C4.txt,117760,118784,15.692898268763292,203.6331928,0.0117936874663086,False
Healthy/eyes-closed/patient111/C4.txt,118784,119808,12.068612017615568,163.7453571,0.012269527576054734,False
Healthy/eyes-closed/patient111/C4.txt,130048,131072,17.48942699777938,242.186733,0.03096329954602537,False
Healthy/eyes-closed/patient111/C4.txt,148480,149504,14.581863095556637,157.0692077,0.11156388647365226,False
Healthy/eyes-closed/patient111/C4.txt,153600,154624,17.757649364139066,151.7707379,-0.04851775553583987,False
Healthy/eyes-closed/patient111/C4.txt,157696,158720,17.67155538242972,185.34328299999999,0.08928475317950091,False
Healthy/eyes-closed/patient111/C4.txt,162816,163840,10.226788745019848,99.2186127,0.03839735137080076,False
Healthy/eyes-closed/patient111/C4.txt,168960,169984,16.096722612036444,155.2270489,0.010351964377441368,False
Healthy/eyes-closed/patient111/C4.txt,173056,174080,10.542194034343007,127.1573736,0.03656500173408203,False
Healthy/eyes-closed/patient111/C4.txt,174080,175104,9.293612572407397,108.9962193,-0.022681420104130885,False
Healthy/eyes-closed/patient111/C4.txt,187392,188416,18.214705363879833,198.6485443,-0.025498925274668016,False
Healthy/eyes-closed/patient111/C4.txt,249856,250880,10.926896500140954,104.4661116,-0.09409482337106442,False
Healthy/eyes-closed/patient111/C4.txt,263168,264192,25.568187234033353,288.981322,-0.056187333734560446,False
Healthy/eyes-closed/patient111/C4.txt,277504,278528,16.620949224832252,194.64850460000002,-0.0075032320930664975,False
Healthy/eyes-closed/patient111/C4.txt,299008,300032,22.381922187432966,199.8013606,0.03710307766494149,False
Healthy/eyes-closed/patient111/Cz.txt,24576,25600,5.985499390061159,100.2577968,-0.015340916657098955,False
Healthy/eyes-closed/patient111/Cz.txt,72704,73728,10.613222162051592,104.7627764,0.021183212408847713,False
Healthy/eyes-closed/patient111/Cz.txt,94208,95232,13.079280107471089,128.73866700000002,-0.029342160891503887,False
Healthy/eyes-closed/patient111/Cz.txt,117760,118784,11.506721098727823,130.6133559,0.015686802107099555,False
Healthy/eyes-closed/patient111/Cz.txt,118784,119808,8.809864489723308,98.15062520000001,0.03220766103500002,False
Healthy/eyes-closed/patient111/Cz.txt,130048,131072,11.909951904241375,126.82603040000001,0.03839053232832029,False
Healthy/eyes-closed/patient111/Cz.txt,148480,149504,11.147502158841448,112.5954074,0.05661400388500011,False
Healthy/eyes-closed/patient111/Cz.txt,153600,154624,12.345790515194729,109.16927390000001,-0.028516758080956946,False
Healthy/eyes-closed/patient111/Cz.txt,157696,158720,13.026644514318761,127.5145871,-0.02491326243037116,False
Healthy/eyes-closed/patient111/Cz.txt,162816,163840,9.6646147716284,106.2688095,0.08971197549736329,False
Healthy/eyes-closed/patient111/Cz.txt,168960,169984,12.605058872882026,131.9496677,0.031069443941621054,False
Healthy/eyes-closed/patient111/Cz.txt,173056,174080,8.41676613796944,101.8058412,0.04196444812878908,False
Healthy/eyes-closed/patient111/Cz.txt,187392,188416,12.907959980900184,153.2684184,-0.06724176613551754,False
Healthy/eyes-closed/patient111/Cz.txt,263168,264192,16.550055758804785,158.82796309999998,0.036827596867773565,False
Healthy/eyes-closed/patient111/Cz.txt,277504,278528,11.954039241034353,106.27232599999999,-0.00906590730299612,False
Healthy/eyes-closed/patient111/Cz.txt,299008,300032,14.831045145315358,123.576911,0.030898257361523435,False
Healthy/eyes-closed/patient111/F3.txt,24576,25600,9.536103379677618,193.6414931,0.02904439221485789,False
Healthy/eyes-closed/patient111/F3.txt,30720,31744,9.512269506505225,136.7613968,-0.003531018503808575,False
Healthy/eyes-closed/patient111/F3.txt,46080,47104,10.294443042566284,162.1654637,0.051669898515009735,False
Healthy/eyes-closed/patient111/F3.txt,72704,73728,19.10138857138538,208.4172097,0.03679082443486324,False
Healthy/eyes-closed/patient111/F3.txt,94208,95232,23.40369516653427,232.16002509999998,0.06377441594921868,False
Healthy/eyes-closed/patient111/F3.txt,102400,103424,11.575114721502553,127.7241346,-0.06499158421968756,False
Healthy/eyes-closed/patient111/F3.txt,103424,104448,12.942202173711465,128.7835692,0.025128608410849546,False
Healthy/eyes-closed/patient111/F3.txt,105472,106496,16.11472934141938,137.1190876,0.07574462415051766,False
Healthy/eyes-closed/patient111/F3.txt,117760,118784,16.841581149590237,220.03724849999998,-0.021091103942187637,False
Healthy/eyes-closed/patient111/F3.txt,118784,119808,15.85467947903706,172.1314017,0.01006073906087887,False
Healthy/eyes-closed/patient111/F3.txt,130048,131072,20.184250100492235,247.36541599999998,0.05576145291740234,False
Healthy/eyes-closed/patient111/F3.txt,134144,135168,13.694300050032108,125.38175140000001,-0.04104732924743176,False
Healthy/eyes-closed/patient111/F3.txt,148480,149504,18.452459154468517,172.0809081,-0.028649709335410237,False
Healthy/eyes-closed/patient111/F3.txt,153600,154624,20.99739880484469,189.7183949,0.0004008968303711516,False
Healthy/eyes-closed/patient111/F3.txt,157696,158720,20.75224018530519,226.521781,-0.21235733208300778,False
Healthy/eyes-closed/patient111/F3.txt,162816,163840,12.308070536803502,147.122222,-0.07628625110234381,False
Healthy/eyes-closed/patient111/F3.txt,168960,169984,21.5002135783812,219.5693996,0.030528628922119216,False
Healthy/eyes-closed/patient111/F3.txt,173056,174080,11.685840869330061,155.31704109999998,0.0031059865771483758,False
Healthy/eyes-closed/patient111/F3.txt,174080,175104,12.32259071679895,122.54926689999999,-0.024637213869589898,False
Healthy/eyes-closed/patient111/F3.txt,187392,188416,25.053656435788653,246.9310561,-0.010190647875000042,False
Healthy/eyes-closed/patient111/F3.txt,249856,250880,20.681850851704677,167.4270608,-0.01717628947705091,False
Healthy/eyes-closed/patient111/F3.txt,250880,251904,16.11441250472324,144.9091984,0.026534854355761764,False
Healthy/eyes-closed/patient111/F3.txt,263168,264192,37.84285187767272,358.01086899999996,0.161858075996407,False
Healthy/eyes-closed/patient111/F3.txt,277504,278528,23.32767381646216,263.113459,-0.0017743684461915543,False
Healthy/eyes-closed/patient111/F3.txt,299008,300032,31.250678178150935,276.641663,-0.038576275334374854,False
Healthy/eyes-closed/patient111/F4.txt,72704,73728,16.16847220858799,161.4657796,-0.01847118275007803,False
Healthy/eyes-closed/patient111/F4.txt,94208,95232,19.13925013391343,197.1356782,-0.04643517017001945,False
Healthy/eyes-closed/patient111/F4.txt,105472,106496,22.299101676260925,163.3419991,0.5731835850544434,False
Healthy/eyes-closed/patient111/F4.txt,113664,114688,36.856225916016825,304.457047,0.3070316896852051,False
Healthy/eyes-closed/patient111/F4.txt,117760,118784,17.342277309229683,198.88240000000002,0.06528479523291,False
Healthy/eyes-closed/patient111/F4.txt,118784,119808,29.28112059682796,324.79404,0.1884316385157424,False
Healthy/eyes-closed/patient111/F4.txt,119808,120832,27.717564448949187,202.914598,0.4359584945152345,False
Healthy/eyes-closed/patient111/F4.txt,130048,131072,18.3624075454082,242.23866299999997,0.037218007670322226,False
Healthy/eyes-closed/patient111/F4.txt,134144,135168,26.540248350351327,466.789897,0.2355930633752539,False
Healthy/eyes-closed/patient111/F4.txt,139264,140288,35.145052024982206,462.27743000000004,-0.7809750822567384,False
Healthy/eyes-closed/patient111/F4.txt,140288,141312,61.01967292942772,371.646034,0.24625730533984402,False
Healthy/eyes-closed/patient111/F4.txt,144384,145408,40.77961067475268,366.770453,0.1471591649538081,False
Healthy/eyes-closed/patient111/F4.txt,148480,149504,35.2729663128396,328.17330300000003,-0.014900490488867407,False
Healthy/eyes-closed/patient111/F4.txt,152576,153600,19.235542911854804,203.75207970000002,-0.4051046096157519,False
Healthy/eyes-closed/patient111/F4.txt,153600,154624,40.47952248611519,288.359824,0.10655855301699202,False
Healthy/eyes-closed/patient111/F4.txt,157696,158720,36.86076021210451,485.719938,-0.5362306389937892,False
Healthy/eyes-closed/patient111/F4.txt,158720,159744,22.59950950410421,168.2960772,0.2544922858053418,False
Healthy/eyes-closed/patient111/F4.txt,162816,163840,37.00340879873994,299.625919,0.335332708531465,False
Healthy/eyes-closed/patient111/F4.txt,168960,169984,39.07592989562412,244.658464,0.15280800802978523,False
Healthy/eyes-closed/patient111/F4.txt,169984,171008,46.2905095578686,309.99579200000005,0.24880281983359342,False
Healthy/eyes-closed/patient111/F4.txt,173056,174080,33.148894651020306,329.08394999999996,0.28032253086643566,False
Healthy/eyes-closed/patient111/F4.txt,174080,175104,21.459911326671925,165.330758,-0.6234239712488283,False
Healthy/eyes-closed/patient111/F4.txt,178176,179200,30.821355046010787,209.62846480000002,0.10571162329980455,False
Healthy/eyes-closed/patient111/F4.txt,179200,180224,34.83609281083246,285.536227,0.047725892369531286,False
Healthy/eyes-closed/patient111/F4.txt,187392,188416,18.974193687617422,191.0233404,-0.09208880043603518,False
Healthy/eyes-closed/patient111/F4.txt,202752,203776,37.27578372496129,294.129333,0.030076565301562497,False
Healthy/eyes-closed/patient111/F4.txt,207872,208896,22.830518987729885,182.9476424,-0.21715864214854502,False
Healthy/eyes-closed/patient111/F4.txt,221184,222208,19.741499043340735,358.797662,-0.14648779526650388,False
Healthy/eyes-closed/patient111/F4.txt,253952,254976,21.89714530977841,176.8898801,0.4875746920557324,False
Healthy/eyes-closed/patient111/F4.txt,256000,257024,21.86469775662921,184.68644210000002,0.2996283009501953,False
Healthy/eyes-closed/patient111/F4.txt,262144,263168,21.945635077387628,179.09153909999998,0.08354256870859378,False
Healthy/eyes-closed/patient111/F4.txt,263168,264192,37.245222271731585,310.981785,0.09190459831962877,False
Healthy/eyes-closed/patient111/F4.txt,265216,266240,37.08094882895611,276.44463299999995,0.3672673463564451,False
Healthy/eyes-closed/patient111/F4.txt,266240,267264,30.097690407708534,169.7183104,-0.296434565995703,False
Healthy/eyes-closed/patient111/F4.txt,277504,278528,18.25873055967781,178.99930949999998,-0.11561775092607422,False
Healthy/eyes-closed/patient111/F4.txt,278528,279552,25.88505776823649,207.877746,-0.18986736342353516,False
Healthy/eyes-closed/patient111/F4.txt,284672,285696,12.443599178297356,247.135847,0.11111152938361325,False
Healthy/eyes-closed/patient111/F4.txt,285696,286720,32.10446289831245,205.926669,-0.3172179450029297,False
Healthy/eyes-closed/patient111/F4.txt,296960,297984,24.887318866249434,299.121807,-0.1417580999192382,False
Healthy/eyes-closed/patient111/F4.txt,299008,300032,30.812574905525302,260.77786100000003,-0.2887249806118162,False
Healthy/eyes-closed/patient111/F4.txt,302080,303104,23.357392844944513,211.70078610000002,0.27009196728476564,False
Healthy/eyes-closed/patient111/F4.txt,306176,307200,31.930985353259455,311.727883,0.020768909493164164,False
Healthy/eyes-closed/patient111/F4.txt,310272,311296,20.547532980243865,221.937365,0.6554538859460449,False
Healthy/eyes-closed/patient111/F7.txt,24576,25600,14.699512248680415,244.747615,0.09318344453427743,False
Healthy/eyes-closed/patient111/F7.txt,46080,47104,15.36283248909639,197.0362283,0.1788061973506934,False
Healthy/eyes-closed/patient111/F7.txt,49152,50176,21.120726091978696,320.024866,-0.014058881221894581,False
Healthy/eyes-closed/patient111/F7.txt,72704,73728,31.219543339009444,333.600958,0.009339448115917831,False
Healthy/eyes-closed/patient111/F7.txt,84992,86016,14.304201377656671,197.1969466,-0.12125910614393556,False
Healthy/eyes-closed/patient111/F7.txt,94208,95232,41.316250265505545,493.422912,0.09676829860000005,False
Healthy/eyes-closed/patient111/F7.txt,105472,106496,21.159158114560437,243.2954009,-0.08125215108994129,False
Healthy/eyes-closed/patient111/F7.txt,117760,118784,32.7724535795628,406.991496,0.114593655279297,False
Healthy/eyes-closed/patient111/F7.txt,118784,119808,26.960118328131056,406.245486,-0.09547903481923821,False
Healthy/eyes-closed/patient111/F7.txt,130048,131072,36.022018947095816,494.164936,0.03045233572558631,False
Healthy/eyes-closed/patient111/F7.txt,148480,149504,30.87797021806833,340.930343,-0.07863625429687504,False
Healthy/eyes-closed/patient111/F7.txt,153600,154624,37.02065088713282,400.07409199999995,0.04222675495498057,False
Healthy/eyes-closed/patient111/F7.txt,157696,158720,38.4250316537679,394.146792,-0.34747372636445306,False
Healthy/eyes-closed/patient111/F7.txt,162816,163840,19.945055507775923,219.354862,-0.06698267373724603,False
Healthy/eyes-closed/patient111/F7.txt,168960,169984,33.846833686180055,365.48094000000003,-0.07443639325517598,False
Healthy/eyes-closed/patient111/F7.txt,173056,174080,19.789381917236653,272.901106,-0.07233483617441405,False
Healthy/eyes-closed/patient111/F7.txt,174080,175104,18.20771827941179,215.842793,-0.08777639459258796,False
Healthy/eyes-closed/patient111/F7.txt,187392,188416,41.043562037590526,460.005143,-0.087168639046484,False
Healthy/eyes-closed/patient111/F7.txt,249856,250880,25.38021419890615,243.5370341,0.008805092447861235,False
Healthy/eyes-closed/patient111/F7.txt,263168,264192,62.07664945101276,562.56771,0.04552537386718765,False
Healthy/eyes-closed/patient111/F7.txt,277504,278528,37.893506265407716,357.13709900000003,0.030988000371826085,False
Healthy/eyes-closed/patient111/F7.txt,299008,300032,49.99673058979332,428.305078,-0.15815865704541043,False
Healthy/eyes-closed/patient111/F8.txt,24576,25600,15.153695635044889,214.93295139999998,0.01916036224994136,False
Healthy/eyes-closed/patient111/F8.txt,72704,73728,26.572210722528272,221.479714,-0.12216663005648432,False
Healthy/eyes-closed/patient111/F8.txt,94208,95232,32.41136122175444,332.01783,0.11258363836093763,False
Healthy/eyes-closed/patient111/F8.txt,105472,106496,20.742529767207955,230.3303939,-0.019028484217089754,False
Healthy/eyes-closed/patient111/F8.txt,117760,118784,30.513630870051166,379.968517,0.051703535882109505,False
Healthy/eyes-closed/patient111/F8.txt,118784,119808,21.618277717900117,230.98302999999999,-0.026529088942352612,False
Healthy/eyes-closed/patient111/F8.txt,130048,131072,28.597604610576347,313.71476800000005,-0.04875206994875991,False
Healthy/eyes-closed/patient111/F8.txt,148480,149504,28.81405050145982,314.632303,-0.07544765863591765,False
Healthy/eyes-closed/patient111/F8.txt,153600,154624,29.450613899059327,303.82638899999995,-0.023811069391307588,False
Healthy/eyes-closed/patient111/F8.txt,157696,158720,33.72978694216003,381.079602,-0.1960131684856446,False
Healthy/eyes-closed/patient111/F8.txt,162816,163840,23.37254570630623,291.41149,0.10846674695224598,False
Healthy/eyes-closed/patient111/F8.txt,168960,169984,29.731061633642803,332.115291,-0.12304368390820308,False
Healthy/eyes-closed/patient111/F8.txt,173056,174080,20.7799413052953,220.74318829999999,0.04693210976208978,False
Healthy/eyes-closed/patient111/F8.txt,187392,188416,33.71254094975036,362.29406900000004,0.03911314875537092,False
Healthy/eyes-closed/patient111/F8.txt,263168,264192,46.47988290873986,435.95055,-0.3171789946884763,False
Healthy/eyes-closed/patient111/F8.txt,277504,278528,34.67427209908617,319.42414299999996,0.24540824313755877,False
Healthy/eyes-closed/patient111/F8.txt,299008,300032,36.97465259640522,347.090953,0.07221327342089848,False
Healthy/eyes-closed/patient111/Fp1.txt,94208,95232,22.95098204729414,238.444922,0.11481081247246086,False
Healthy/eyes-closed/patient111/Fp1.txt,117760,118784,19.281285628748186,259.23182099999997,-0.0330133600826171,False
Healthy/eyes-closed/patient111/Fp1.txt,118784,119808,16.606999483018157,219.7183309,0.030914938570537065,False
Healthy/eyes-closed/patient111/Fp1.txt,130048,131072,19.96328650774373,187.461805,0.13081838749844713,False
Healthy/eyes-closed/patient111/Fp1.txt,148480,149504,20.274199182442473,197.9177884,-0.17312495165820296,False
Healthy/eyes-closed/patient111/Fp1.txt,153600,154624,23.073819826586647,244.245275,-0.19972172656848633,False
Healthy/eyes-closed/patient111/Fp1.txt,157696,158720,23.953360938360078,256.480984,0.06287959093857409,False
Healthy/eyes-closed/patient111/Fp1.txt,168960,169984,22.38170090844301,191.41790229999998,0.09520753678353142,False
Healthy/eyes-closed/patient111/Fp1.txt,263168,264192,54.12413905595742,424.112365,-0.15889433706933587,False
Healthy/eyes-closed/patient111/Fp1.txt,265216,266240,102.40071879337638,686.152253,0.7905714405992188,False
Healthy/eyes-closed/patient111/Fp1.txt,266240,267264,98.36264999970237,467.17911300000003,0.38660322174023515,False
Healthy/eyes-closed/patient111/Fp1.txt,276480,277504,24.505168093335815,195.11092539999999,-0.4564658948795897,False
Healthy/eyes-closed/patient111/Fp1.txt,277504,278528,30.123543113120846,231.66718400000002,0.5172318370060938,False
Healthy/eyes-closed/patient111/Fp1.txt,299008,300032,30.002828639762374,236.95271300000002,-0.15445497068710945,False
Healthy/eyes-closed/patient111/Fp2.txt,24576,25600,11.883585496003292,181.1783729,-0.12660701135060556,False
Healthy/eyes-closed/patient111/Fp2.txt,94208,95232,22.544047182543757,239.994902,0.0704350146630861,False
Healthy/eyes-closed/patient111/Fp2.txt,117760,118784,19.999803900754507,219.833243,0.015514298671289103,False
Healthy/eyes-closed/patient111/Fp2.txt,118784,119808,14.827150933674439,184.8011182,0.0355655532879883,False
Healthy/eyes-closed/patient111/Fp2.txt,130048,131072,20.93302250510879,268.177128,-0.02905348228203119,False
Healthy/eyes-closed/patient111/Fp2.txt,153600,154624,22.026296330687934,223.473158,-0.14340351920839856,False
Healthy/eyes-closed/patient111/Fp2.txt,157696,158720,22.764881894395053,236.892932,0.13329861389116224,False
Healthy/eyes-closed/patient111/Fp2.txt,168960,169984,21.94666149267735,208.3980552,0.16524207550278325,False
Healthy/eyes-closed/patient111/Fp2.txt,187392,188416,22.776150036182962,256.701136,-0.2171123341274413,False
Healthy/eyes-closed/patient111/Fp2.txt,263168,264192,32.56457397725439,325.51563699999997,0.28181784253300746,False
Healthy/eyes-closed/patient111/Fp2.txt,265216,266240,46.41527509552294,400.475858,0.44499264783535164,False
Healthy/eyes-closed/patient111/Fp2.txt,276480,277504,15.417884858657164,237.644966,-0.11065252479267587,False
Healthy/eyes-closed/patient111/Fp2.txt,277504,278528,21.749313423759887,226.157666,0.2102547122195312,False
Healthy/eyes-closed/patient111/Fp2.txt,299008,300032,28.201624721782366,244.099242,0.035308162556836026,False
Healthy/eyes-closed/patient111/Fz.txt,72704,73728,14.015123474855754,128.68106369999998,0.005955036598125126,False
Healthy/eyes-closed/patient111/Fz.txt,94208,95232,16.012109596302974,166.720923,-0.10397676068290998,False
Healthy/eyes-closed/patient111/Fz.txt,117760,118784,14.73093354933031,159.1912222,0.025342022581191496,False
Healthy/eyes-closed/patient111/Fz.txt,118784,119808,11.096549432011455,136.5542227,0.036619582682773454,False
Healthy/eyes-closed/patient111/Fz.txt,130048,131072,15.100580226808788,171.0331766,0.042704593525322285,False
Healthy/eyes-closed/patient111/Fz.txt,148480,149504,13.461152966035847,142.99887619999998,0.0733915316903418,False
Healthy/eyes-closed/patient111/Fz.txt,153600,154624,16.597619312221344,165.9323974,-0.12427917276230474,False
Healthy/eyes-closed/patient111/Fz.txt,157696,158720,15.894343466338398,158.5247203,-0.042869271018505795,False
Healthy/eyes-closed/patient111/Fz.txt,162816,163840,13.602274248948664,127.66647809999999,0.03334550663256847,False
Healthy/eyes-closed/patient111/Fz.txt,168960,169984,18.072019307239938,163.4798963,0.17532726862230463,False
Healthy/eyes-closed/patient111/Fz.txt,173056,174080,10.185851018223318,131.23489030000002,0.025578551763642626,False
Healthy/eyes-closed/patient111/Fz.txt,187392,188416,15.477497905344451,167.1700141,-0.11862756413453121,False
Healthy/eyes-closed/patient111/Fz.txt,263168,264192,20.989793145202434,219.5570169,0.15335273479414044,False
Healthy/eyes-closed/patient111/Fz.txt,277504,278528,15.144057258350603,139.335984,0.09245163824900389,False
Healthy/eyes-closed/patient111/Fz.txt,299008,300032,20.127683742041455,154.45564439999998,0.0014128452018651039,False
Healthy/eyes-closed/patient111/O1.txt,94208,95232,16.302727226966216,170.2876743,0.06429698219326188,False
Healthy/eyes-closed/patient111/O1.txt,117760,118784,13.404137413086131,159.9583868,0.04407868556481448,False
Healthy/eyes-closed/patient111/O1.txt,168960,169984,16.70685335875719,171.4578925,-0.09371994292421894,False
Healthy/eyes-closed/patient111/O1.txt,187392,188416,16.85100082278182,191.4224677,0.06104983135092767,False
Healthy/eyes-closed/patient111/O1.txt,263168,264192,23.795964886809497,226.217176,-0.054953726750917864,False
Healthy/eyes-closed/patient111/O1.txt,299008,300032,23.183961620151525,166.8898433,-0.018976002371484474,False
Healthy/eyes-closed/patient111/O2.txt,24576,25600,13.02682736925507,169.92498080000001,0.03849679933088368,False
Healthy/eyes-closed/patient111/O2.txt,72704,73728,15.431523617446299,172.015974,0.07050283145771477,False
Healthy/eyes-closed/patient111/O2.txt,94208,95232,19.218145460467383,192.0851348,0.05600066632236342,False
Healthy/eyes-closed/patient111/O2.txt,117760,118784,16.45132675055986,213.45165839999999,0.019252098955663936,False
Healthy/eyes-closed/patient111/O2.txt,118784,119808,14.888347928713149,141.9993652,0.005077366318662187,False
Healthy/eyes-closed/patient111/O2.txt,130048,131072,17.80748120590964,238.444429,-0.02408001978037097,False
Healthy/eyes-closed/patient111/O2.txt,148480,149504,14.833532581557067,149.1939686,-0.13995695958470702,False
Healthy/eyes-closed/patient111/O2.txt,153600,154624,19.480058424995544,142.62223340000003,0.11725330495297853,False
Healthy/eyes-closed/patient111/O2.txt,157696,158720,17.9589947989837,180.3117751,0.08030331565898433,False
Healthy/eyes-closed/patient111/O2.txt,168960,169984,17.880825546883,166.24581949999998,-0.1096057500320312,False
Healthy/eyes-closed/patient111/O2.txt,187392,188416,18.979865185266892,242.48819759999998,0.0919680618257813,False
Healthy/eyes-closed/patient111/O2.txt,263168,264192,26.20807957711393,295.329171,-0.11695332278989151,False
Healthy/eyes-closed/patient111/O2.txt,277504,278528,16.879782034293456,155.0462756,-0.011529478782128802,False
Healthy/eyes-closed/patient111/O2.txt,299008,300032,25.29220788192999,211.7447795,0.03821068458769539,False
Healthy/eyes-closed/patient111/P4.txt,24576,25600,8.400560239635158,162.8109869,0.013217316036816418,False
Healthy/eyes-closed/patient111/P4.txt,72704,73728,14.654852983039206,166.3347887,0.02662919015070312,False
Healthy/eyes-closed/patient111/P4.txt,94208,95232,18.242691273052312,190.6878106,0.0028449018880273014,False
Healthy/eyes-closed/patient111/P4.txt,105472,106496,10.700440382639856,122.69002889999999,0.021926295114355437,False
Healthy/eyes-closed/patient111/P4.txt,117760,118784,15.13847812722962,202.4303329,0.014465315917695194,False
Healthy/eyes-closed/patient111/P4.txt,118784,119808,12.48593484285544,144.2577365,0.006644513443199267,False
Healthy/eyes-closed/patient111/P4.txt,130048,131072,17.18950361049907,236.46098899999998,0.021723594908593866,False
Healthy/eyes-closed/patient111/P4.txt,148480,149504,14.009497561189322,149.8217649,-0.011728065023203033,False
Healthy/eyes-closed/patient111/P4.txt,153600,154624,17.714766212983537,143.3501467,0.08854199851875977,False
Healthy/eyes-closed/patient111/P4.txt,157696,158720,17.177189521820434,177.056273,0.10551820850018548,False
Healthy/eyes-closed/patient111/P4.txt,168960,169984,15.568174284583653,159.7419838,-0.05140048735595696,False
Healthy/eyes-closed/patient111/P4.txt,173056,174080,9.507411150273217,112.7471391,0.1068057790066406,False
Healthy/eyes-closed/patient111/P4.txt,187392,188416,18.085152275220132,226.27268899999999,0.030523362978222623,False
Healthy/eyes-closed/patient111/P4.txt,263168,264192,25.13750516208097,290.38236700000004,0.0024834065937500427,False
Healthy/eyes-closed/patient111/P4.txt,277504,278528,15.83539387881484,167.2629501,-0.010153533430468611,False
Healthy/eyes-closed/patient111/P4.txt,299008,300032,22.11782405045759,208.1186955,0.0376333806647462,False
Healthy/eyes-closed/patient111/Pz.txt,0,1024,15.682410399619473,280.954258,-0.0613134320697168,False
Healthy/eyes-closed/patient111/Pz.txt,4096,5120,21.7771327731606,200.7177498,-0.09345441381182604,False
Healthy/eyes-closed/patient111/Pz.txt,5120,6144,31.56425160325721,220.55716,0.12377297044160152,False
Healthy/eyes-closed/patient111/Pz.txt,28672,29696,30.312472054387623,454.39284,-0.19133842258935552,False
Healthy/eyes-closed/patient111/Pz.txt,29696,30720,54.972756671617844,515.2331899999999,-0.3854272354599604,False
Healthy/eyes-closed/patient111/Pz.txt,32768,33792,32.03423936969992,267.72727399999997,0.024995360145116968,False
Healthy/eyes-closed/patient111/Pz.txt,35840,36864,25.82918214638078,272.42641199999997,0.4521253203712501,False
Healthy/eyes-closed/patient111/Pz.txt,36864,37888,47.62607343718418,338.75819,-0.7650982306328125,False
Healthy/eyes-closed/patient111/Pz.txt,49152,50176,98.74403102972292,1770.64905,0.4911948710698545,False
Healthy/eyes-closed/patient111/Pz.txt,89088,90112,32.532293168453606,245.431148,-0.4609675587231083,False
Healthy/eyes-closed/patient111/Pz.txt,90112,91136,31.54287589392029,196.8169589,0.322600065132959,False
Healthy/eyes-closed/patient111/Pz.txt,98304,99328,25.847370664582733,197.2528598,0.2950063288826172,False
Healthy/eyes-closed/patient111/Pz.txt,102400,103424,24.831014546601736,266.19739200000004,-0.5105430328269142,False
Healthy/eyes-closed/patient111/Pz.txt,103424,104448,17.936156842231707,267.34015999999997,0.4870339843594433,False
Healthy/eyes-closed/patient111/Pz.txt,113664,114688,14.295483732684193,160.4085208,-0.02085506805898435,False
Healthy/eyes-closed/patient111/Pz.txt,125952,126976,13.010737435435296,172.73296090000002,0.11089150896038086,False
Healthy/eyes-closed/patient111/Pz.txt,130048,131072,22.490504442621827,158.4359104,-0.40824838512333983,False
Healthy/eyes-closed/patient111/Pz.txt,139264,140288,34.14179624532915,212.5452032,0.3423365073085938,False
Healthy/eyes-closed/patient111/Pz.txt,143360,144384,23.674037859707273,184.5785361,0.193775580658877,False
Healthy/eyes-closed/patient111/Pz.txt,148480,149504,45.54426740212773,286.59107700000004,0.297821717630664,False
Healthy/eyes-closed/patient111/Pz.txt,152576,153600,86.64269961222274,706.6883680000001,-1.2416591165759767,False
Healthy/eyes-closed/patient111/Pz.txt,153600,154624,33.637871107467134,208.1110388,0.2711649842988282,False
Healthy/eyes-closed/patient111/Pz.txt,157696,158720,86.02933377826513,527.0474839999999,-0.8338990151689452,False
Healthy/eyes-closed/patient111/Pz.txt,162816,163840,26.88846478345214,233.582698,-0.25235989104931633,False
Healthy/eyes-closed/patient111/Pz.txt,165888,166912,26.302337737158528,199.6652428,-0.36177424711425776,False
Healthy/eyes-closed/patient111/Pz.txt,177152,178176,65.04089679856355,550.283846,0.5364564497067387,False
Healthy/eyes-closed/patient111/Pz.txt,178176,179200,17.35174322744303,163.02431610000002,-0.5224700334734373,False
Healthy/eyes-closed/patient111/Pz.txt,186368,187392,33.223203333134386,328.29743099999996,0.9945358368886719,False
Healthy/eyes-closed/patient111/Pz.txt,187392,188416,37.58013372074511,285.466412,-0.49275336452761687,False
Healthy/eyes-closed/patient111/Pz.txt,200704,201728,23.149286960914907,203.80241999999998,0.37846637546318357,False
Healthy/eyes-closed/patient111/Pz.txt,201728,202752,37.83055387512905,335.76880100000005,0.6611304564752931,False
Healthy/eyes-closed/patient111/Pz.txt,202752,203776,23.396952940307287,169.87308560000002,-1.1416094176968747,False
Healthy/eyes-closed/patient111/Pz.txt,209920,210944,38.847855408887305,312.722796,-0.21720183589775377,False
Healthy/eyes-closed/patient111/Pz.txt,212992,214016,36.919888656309645,290.298821,-0.25567135347314446,False
Healthy/eyes-closed/patient111/Pz.txt,249856,250880,27.51665717234834,189.46668169999998,-0.2914873529557618,False
Healthy/eyes-closed/patient111/Pz.txt,263168,264192,82.2723255270718,966.3420040000001,0.7074996975583985,False
Healthy/eyes-closed/patient111/Pz.txt,264192,265216,80.55248931429571,391.717503,-0.1773681534287117,False
Healthy/eyes-closed/patient111/Pz.txt,265216,266240,30.043378709578118,188.0742298,-0.7015597613441403,False
Healthy/eyes-closed/patient111/Pz.txt,267264,268288,44.28737925030925,568.764805,-2.124494392951621,False
Healthy/eyes-closed/patient111/Pz.txt,268288,269312,61.93142004602109,519.458162,1.596649431923926,False
Healthy/eyes-closed/patient111/Pz.txt,272384,273408,29.150146266424258,205.2528532,0.26700570314843786,False
Healthy/eyes-closed/patient111/Pz.txt,284672,285696,26.888253021696123,188.1437928,0.16968200144687512,False
Healthy/eyes-closed/patient111/T3.txt,24576,25600,12.854208669936884,228.782718,0.0627065406124023,False
Healthy/eyes-closed/patient111/T3.txt,46080,47104,13.611590901406869,205.7238447,-0.07344538773613285,False
Healthy/eyes-closed/patient111/T3.txt,72704,73728,24.578214263866233,314.176732,-0.03812685357460939,False
Healthy/eyes-closed/patient111/T3.txt,94208,95232,30.533550832957403,329.990837,0.15942503843205064,False
Healthy/eyes-closed/patient111/T3.txt,102400,103424,13.17316330771606,176.0602538,-0.040833307645195334,False
Healthy/eyes-closed/patient111/T3.txt,105472,106496,18.155397430861726,222.9364496,0.061907757428613236,False
Healthy/eyes-closed/patient111/T3.txt,117760,118784,26.24098310977325,338.280209,0.041795772633496014,False
Healthy/eyes-closed/patient111/T3.txt,118784,119808,20.622920393506188,261.279627,-0.08096482464275404,False
Healthy/eyes-closed/patient111/T3.txt,130048,131072,27.919481880824094,318.503323,-0.009957334576552512,False
Healthy/eyes-closed/patient111/T3.txt,148480,149504,25.725864212536102,296.803665,-0.23371919571605476,False
Healthy/eyes-closed/patient111/T3.txt,153600,154624,30.00768457376733,331.997387,0.07284427408574218,False
Healthy/eyes-closed/patient111/T3.txt,157696,158720,32.50141415862494,367.753235,-0.16784471322236308,False
Healthy/eyes-closed/patient111/T3.txt,162816,163840,18.056065322828154,179.7767568,-0.20951520294609374,False
Healthy/eyes-closed/patient111/T3.txt,168960,169984,26.531715758802555,252.342598,-0.11440765366032714,False
Healthy/eyes-closed/patient111/T3.txt,173056,174080,19.153992054479623,238.854022,-0.20665132976564454,False
Healthy/eyes-closed/patient111/T3.txt,174080,175104,15.72555278143087,171.4858122,0.07828309702265628,False
Healthy/eyes-closed/patient111/T3.txt,187392,188416,28.878156156794162,258.91400999999996,-0.008051233107353492,False
Healthy/eyes-closed/patient111/T3.txt,263168,264192,40.366666438068314,369.55559400000004,0.06626382673164079,False
Healthy/eyes-closed/patient111/T3.txt,277504,278528,28.284614774496063,264.56584100000003,-0.061154330500488296,False
Healthy/eyes-closed/patient111/T3.txt,299008,300032,36.776203268272056,296.653919,-0.11507428866865241,False
Healthy/eyes-closed/patient111/T4.txt,24576,25600,14.403770036800228,201.1866619,0.09692643689970706,False
Healthy/eyes-closed/patient111/T4.txt,72704,73728,25.177262638083388,245.681825,-0.05553764298056632,False
Healthy/eyes-closed/patient111/T4.txt,94208,95232,28.477859091277704,318.111754,0.16910986286148447,False
Healthy/eyes-closed/patient111/T4.txt,105472,106496,18.726864876906085,224.1657836,0.04944254622545896,False
Healthy/eyes-closed/patient111/T4.txt,117760,118784,24.605291265483878,268.1295,0.08623370213652351,False
Healthy/eyes-closed/patient111/T4.txt,118784,119808,18.79392730291471,223.43085100000002,-0.13542802771074214,False
Healthy/eyes-closed/patient111/T4.txt,130048,131072,26.66583838796832,316.32212400000003,-0.13089157996044914,False
Healthy/eyes-closed/patient111/T4.txt,139264,140288,37.776481240781784,279.77045999999996,-0.4522166458574217,False
Healthy/eyes-closed/patient111/T4.txt,148480,149504,25.254582517692743,261.02982,-0.15506823817343765,False
Healthy/eyes-closed/patient111/T4.txt,153600,154624,37.76122607117067,413.882362,-0.10197893684188497,False
Healthy/eyes-closed/patient111/T4.txt,157696,158720,28.920096440084414,311.181281,-0.06117111455621192,False
Healthy/eyes-closed/patient111/T4.txt,162816,163840,25.88874403532028,303.756241,-0.11560626158098916,False
Healthy/eyes-closed/patient111/T4.txt,168960,169984,29.817353648571103,297.727823,-0.10734862628701165,False
Healthy/eyes-closed/patient111/T4.txt,173056,174080,20.7339499675478,230.66331300000002,-0.5099554317216796,False
Healthy/eyes-closed/patient111/T4.txt,174080,175104,23.88944409309682,206.78371399999997,0.40594023525957046,False
Healthy/eyes-closed/patient111/T4.txt,187392,188416,31.311774301288924,327.085464,-0.04771582740947253,False
Healthy/eyes-closed/patient111/T4.txt,263168,264192,45.50970319963719,368.53788599999996,-0.07140569246353501,False
Healthy/eyes-closed/patient111/T4.txt,277504,278528,27.125770370184817,272.182712,0.03591298685467759,False
Healthy/eyes-closed/patient111/T4.txt,299008,300032,34.63113932366986,290.388827,0.1891863514929687,False
Healthy/eyes-closed/patient111/T5.txt,72704,73728,16.06711599269585,181.3655905,-0.054747897893203126,False
Healthy/eyes-closed/patient111/T5.txt,94208,95232,19.381295168338326,190.06077829999998,0.06230664693176764,False
Healthy/eyes-closed/patient111/T5.txt,117760,118784,15.487088787215592,177.2138702,0.10200963771176759,False
Healthy/eyes-closed/patient111/T5.txt,118784,119808,13.74347966906635,180.266762,-0.1586147785724023,False
Healthy/eyes-closed/patient111/T5.txt,130048,131072,16.036518130570848,165.3215616,-0.04445406772138688,False
Healthy/eyes-closed/patient111/T5.txt,148480,149504,16.87888574019643,171.7436377,-0.32716374344149524,False
Healthy/eyes-closed/patient111/T5.txt,153600,154624,19.632634093996465,181.2229169,0.17490831336362295,False
Healthy/eyes-closed/patient111/T5.txt,157696,158720,19.200769908416504,171.98115710000002,-0.11670433643105474,False
Healthy/eyes-closed/patient111/T5.txt,168960,169984,19.587318640150677,198.1534862,-0.16645530247621393,False
Healthy/eyes-closed/patient111/T5.txt,173056,174080,16.039747397639562,171.81386980000002,-0.21901253120200187,False
Healthy/eyes-closed/patient111/T5.txt,187392,188416,19.884822536376447,210.12097490000002,0.16808640981728507,False
Healthy/eyes-closed/patient111/T5.txt,263168,264192,27.393255419844394,216.10639500000002,-0.07954660430253914,False
Healthy/eyes-closed/patient111/T5.txt,277504,278528,19.60892638658354,184.9834222,-0.05069999167324207,False
Healthy/eyes-closed/patient111/T5.txt,299008,300032,24.34394859722784,189.5027388,-0.10894633150107397,False
Healthy/eyes-closed/patient111/T6.txt,49152,50176,15.608364282074398,223.873699,-0.017293710621093833,False
Healthy/eyes-closed/patient111/T6.txt,72704,73728,20.308106141218484,222.27247699999998,-0.03826718585957025,False
Healthy/eyes-closed/patient111/T6.txt,94208,95232,24.599229947048215,232.397024,0.02145136194956071,False
Healthy/eyes-closed/patient111/T6.txt,117760,118784,21.61907706303957,289.116335,0.17867437249150378,False
Healthy/eyes-closed/patient111/T6.txt,130048,131072,23.621062731384306,310.957764,-0.06256557303086918,False
Healthy/eyes-closed/patient111/T6.txt,134144,135168,76.99473413492925,374.472937,0.6560217409131832,False
Healthy/eyes-closed/patient111/T6.txt,139264,140288,42.907131577998264,277.626285,1.0184832167821285,False
Healthy/eyes-closed/patient111/T6.txt,153600,154624,44.68213534333137,268.2754,1.1405030579248343,False
Healthy/eyes-closed/patient111/T6.txt,157696,158720,27.271642019003984,228.5268137,-0.13140597308134758,False
Healthy/eyes-closed/patient111/T6.txt,168960,169984,27.388475171929755,235.59054099999997,-0.42143283334921866,False
Healthy/eyes-closed/patient111/T6.txt,187392,188416,27.37344200073935,289.673695,0.33958940984404307,False
Healthy/eyes-closed/patient111/T6.txt,263168,264192,51.87901503026532,361.715184,0.0952993262687501,False
Healthy/eyes-closed/patient111/T6.txt,264192,265216,44.070022330664784,269.174265,0.2879347614829104,False
Healthy/eyes-closed/patient111/T6.txt,299008,300032,29.859035657240337,276.059074,0.12360004025957017,False
Healthy/eyes-closed/patient112/Fp1.txt,23552,24576,28.262950986337312,179.8840924,0.6825495718089158,False
Healthy/eyes-closed/patient113/C3.txt,0,1024,10.36883507674597,76.924143,-0.05339805223513681,False
Healthy/eyes-closed/patient113/C4.txt,0,1024,11.319897919969806,85.55265589999999,0.051905770110644574,False
Healthy/eyes-closed/patient113/F3.txt,0,1024,17.968702110830936,135.6036378,-0.08990105866333997,False
Healthy/eyes-closed/patient113/F3.txt,27648,28672,22.91318126963014,126.9438116,-0.2817320001449512,False
Healthy/eyes-closed/patient113/F7.txt,0,1024,9.914749730112595,136.5982276,-0.023398405012182683,False
Healthy/eyes-closed/patient113/F7.txt,108544,109568,8.224850628356084,108.2281027,-0.09783758338006843,False
Healthy/eyes-closed/patient113/F8.txt,0,1024,11.328647209248883,184.6209074,-0.08284346916295897,False
Healthy/eyes-closed/patient113/F8.txt,108544,109568,9.598548701842283,116.65957070000002,-0.09143164584899412,False
Healthy/eyes-closed/patient113/Fz.txt,0,1024,13.370688549776348,113.8311626,0.03491982372255857,False
Healthy/eyes-closed/patient113/O1.txt,0,1024,33.29197922005063,377.104056,0.05450463008603523,False
Healthy/eyes-closed/patient113/O2.txt,0,1024,18.035373374763164,170.0002838,0.050253284739130766,False
Healthy/eyes-closed/patient113/O2.txt,5120,6144,20.178437336142263,153.9380322,-0.18730240899150377,False
Healthy/eyes-closed/patient113/O2.txt,14336,15360,13.10716220008732,121.2715724,-0.1419351724631288,False
Healthy/eyes-closed/patient113/O2.txt,15360,16384,19.509018233048952,154.090596,0.5308537638604296,False
Healthy/eyes-closed/patient113/O2.txt,108544,109568,8.592342402532546,122.32331909999999,-0.15863602709008795,False
Healthy/eyes-closed/patient113/O2.txt,125952,126976,13.954106969341154,115.2080851,0.09463603524758796,False
Healthy/eyes-closed/patient113/O2.txt,128000,129024,13.419575141345739,108.8188711,-0.113775234958928,False
Healthy/eyes-closed/patient113/P3.txt,0,1024,10.144429170280809,109.0983271,-0.004087546182167973,False
Healthy/eyes-closed/patient113/P4.txt,0,1024,20.731139426585706,208.6882802,-0.06935018041230488,False
Healthy/eyes-closed/patient113/T3.txt,0,1024,19.532622404222874,157.97755139999998,-0.033015625852724634,False
Healthy/eyes-closed/patient113/T5.txt,0,1024,22.56521521013463,176.4469527,0.0759076424034866,False
Healthy/eyes-closed/patient113/T5.txt,108544,109568,18.421307494398214,164.0759819,0.5681701528768652,False
Healthy/eyes-closed/patient113/T6.txt,100352,101376,17.416299953240433,137.01361730000002,-0.013028708006249966,False
Healthy/eyes-closed/patient113/T6.txt,101376,102400,57.52738701578565,246.428279,0.5171456981821285,False
Healthy/eyes-closed/patient114/F3.txt,112640,113664,15.83012387791963,199.4225319,0.061839926068652414,False
Healthy/eyes-closed/patient114/F7.txt,66560,67584,16.802098480089924,246.43102600000003,-5.3913548827916324e-05,False
Healthy/eyes-closed/patient114/F7.txt,112640,113664,23.020586283771213,263.375592,-0.02252493678945322,False
Healthy/eyes-closed/patient114/Fp2.txt,10240,11264,49.807476066630755,367.478747,2.1015862492631836,False
Healthy/eyes-closed/patient114/Fp2.txt,11264,12288,75.94604559380141,340.870592,-1.6201856751875,False
Healthy/eyes-closed/patient114/O1.txt,0,1024,15.324550262882848,225.3286991,-0.04044521565679511,False
Healthy/eyes-closed/patient114/O1.txt,148480,149504,25.68394381646484,483.115864,-0.13992810853286108,False
Healthy/eyes-closed/patient114/O2.txt,0,1024,11.85463238025888,173.9931571,-0.029426083206181924,False
Healthy/eyes-closed/patient114/O2.txt,148480,149504,11.155680276690893,190.2570197,-0.04944890829375008,False
Healthy/eyes-closed/patient114/T4.txt,148480,149504,14.732588723038505,258.44382609999997,-0.15906928926689462,False
Healthy/eyes-closed/patient114/T6.txt,0,1024,65.97227540813722,1001.91185,-0.16267835712558432,False
Healthy/eyes-closed/patient114/T6.txt,148480,149504,69.73860537370315,1255.36215,-0.3380273310660156,False
Healthy/eyes-closed/patient115/C3.txt,0,1024,11.936587407142687,92.65964009999999,0.07760803142861328,False
Healthy/eyes-closed/patient115/C4.txt,0,1024,13.502113637605758,106.488348,-0.09811102280712886,False
Healthy/eyes-closed/patient115/Cz.txt,0,1024,19.237450782184546,179.9586644,-0.1614433989194337,False
Healthy/eyes-closed/patient115/F3.txt,0,1024,14.17681495100184,177.4217109,-0.1223094611676756,False
Healthy/eyes-closed/patient115/F4.txt,0,1024,13.069199809802729,166.3032229,-0.016477235116992145,False
Healthy/eyes-closed/patient115/F7.txt,0,1024,16.47163301913554,194.2582141,-0.14266406259335945,False
Healthy/eyes-closed/patient115/F8.txt,0,1024,43.79536261271821,404.13381000000004,0.4016193704117188,False
Healthy/eyes-closed/patient115/Fp1.txt,0,1024,60.22750771156907,736.435493,0.137402805919765,False
Healthy/eyes-closed/patient115/Fp2.txt,0,1024,19.88977330437326,227.084292,0.10842943675857439,False
Healthy/eyes-closed/patient115/Fz.txt,0,1024,19.928660727112124,238.830523,0.04026809168518568,False
Healthy/eyes-closed/patient115/O1.txt,0,1024,50.396778825118034,688.587658,-0.18585275198378898,False
Healthy/eyes-closed/patient115/O2.txt,0,1024,18.62778877332905,186.1592971,0.11737703487382806,False
Healthy/eyes-closed/patient115/P4.txt,0,1024,25.622719193254934,227.9380362,-0.24142194694003904,False
Healthy/eyes-closed/patient115/Pz.txt,0,1024,108.78890550828507,1762.852367,0.23776665032226574,False
Healthy/eyes-closed/patient115/T3.txt,0,1024,17.90055272392772,188.7261728,0.09020406938466793,False
Healthy/eyes-closed/patient115/T5.txt,0,1024,19.76808190063246,168.4336969,0.1365469337529295,False
Healthy/eyes-closed/patient115/T6.txt,0,1024,82.86346191560727,753.816302,0.7791798704443363,False
Healthy/eyes-closed/patient116/F8.txt,0,1024,33.585095200400964,405.764139,0.25505035921933583,False
